ID,ProductID,UnitPrice,Quantity,Amount,SalesID,CreatedBy,CreatedOn,isActive
1,1,100,8,800,1,1,2019:06:10 19:11:00,1
2,2,120,12,1440,1,1,2019:08:03 16:36:00,1
3,1,100,17,1700,2,1,2020:10:12 19:34:00,1
4,2,120,23,2760,2,1,2020:10:22 18:34:00,1
5,1,100,17,1700,3,1,2022:08:02 18:25:00,1
6,2,120,44,5280,3,1,2021:11:07 13:49:00,1
7,1,100,28,2800,4,1,2022:10:19 10:59:00,1
8,2,120,48,5760,4,1,2022:08:19 19:25:00,1
9,1,100,49,4900,5,1,2023:04:29 13:51:00,1
10,2,120,25,3000,5,1,2020:10:31 16:06:00,1
11,1,100,41,4100,6,1,2019:04:02 10:05:00,1
12,2,120,40,4800,6,1,2023:11:03 10:53:00,1
13,1,100,30,3000,7,1,2023:01:29 12:39:00,1
14,2,120,14,1680,7,1,2019:01:14 16:22:00,1
15,1,100,25,2500,8,1,2021:02:28 18:12:00,1
16,2,120,4,480,8,1,2020:07:12 12:35:00,1
17,1,100,5,500,9,1,2022:10:17 15:25:00,1
18,2,120,46,5520,9,1,2021:05:06 17:54:00,1
19,1,100,17,1700,10,1,2022:11:02 15:30:00,1
20,2,120,38,4560,10,1,2021:04:07 14:48:00,1
21,1,100,36,3600,11,1,2019:03:07 12:25:00,1
22,2,120,1,120,11,1,2021:02:11 18:24:00,1
23,1,100,44,4400,12,1,2020:10:08 19:15:00,1
24,2,120,18,2160,12,1,2019:04:08 10:39:00,1
25,1,100,43,4300,13,1,2022:04:17 15:47:00,1
26,2,120,36,4320,13,1,2019:12:17 19:45:00,1
27,1,100,32,3200,14,1,2021:12:26 15:03:00,1
28,2,120,36,4320,14,1,2022:03:18 12:28:00,1
29,1,100,49,4900,15,1,2022:11:20 13:03:00,1
30,2,120,21,2520,15,1,2022:09:01 19:31:00,1
31,1,100,2,200,16,1,2022:07:31 12:35:00,1
32,2,120,43,5160,16,1,2023:12:10 13:35:00,1
33,1,100,38,3800,17,1,2020:04:05 13:17:00,1
34,2,120,8,960,17,1,2019:03:10 15:33:00,1
35,1,100,32,3200,18,1,2022:06:17 19:16:00,1
36,2,120,43,5160,18,1,2022:09:11 10:46:00,1
37,1,100,25,2500,19,1,2021:01:03 12:23:00,1
38,2,120,21,2520,19,1,2021:11:11 13:32:00,1
39,1,100,26,2600,20,1,2021:06:21 11:09:00,1
40,2,120,15,1800,20,1,2019:11:14 10:20:00,1
41,1,100,5,500,21,1,2021:12:13 11:00:00,1
42,2,120,50,6000,21,1,2023:04:17 17:36:00,1
43,1,100,13,1300,22,1,2023:06:09 10:33:00,1
44,2,120,43,5160,22,1,2022:05:11 12:07:00,1
45,1,100,10,1000,23,1,2021:01:18 18:16:00,1
46,2,120,27,3240,23,1,2020:12:09 13:13:00,1
47,1,100,7,700,24,1,2020:08:16 15:14:00,1
48,2,120,43,5160,24,1,2020:03:04 12:37:00,1
49,1,100,13,1300,25,1,2020:06:22 18:59:00,1
50,2,120,47,5640,25,1,2023:09:25 11:54:00,1
51,1,100,7,700,26,1,2020:12:17 16:20:00,1
52,2,120,28,3360,26,1,2022:04:30 18:08:00,1
53,1,100,47,4700,27,1,2019:12:21 19:08:00,1
54,2,120,34,4080,27,1,2023:03:31 14:43:00,1
55,1,100,6,600,28,1,2020:04:10 10:43:00,1
56,2,120,10,1200,28,1,2019:06:11 16:05:00,1
57,1,100,1,100,29,1,2019:06:01 18:18:00,1
58,2,120,39,4680,29,1,2021:09:16 14:15:00,1
59,1,100,32,3200,30,1,2023:02:01 19:43:00,1
60,2,120,43,5160,30,1,2023:11:18 14:49:00,1
61,1,100,44,4400,31,1,2023:11:30 14:24:00,1
62,2,120,40,4800,31,1,2021:03:08 12:33:00,1
63,1,100,47,4700,32,1,2022:11:14 14:13:00,1
64,2,120,38,4560,32,1,2022:07:25 12:31:00,1
65,1,100,30,3000,33,1,2022:03:01 17:48:00,1
66,2,120,39,4680,33,1,2022:06:19 13:38:00,1
67,1,100,5,500,34,1,2023:05:06 11:57:00,1
68,2,120,2,240,34,1,2019:10:08 19:00:00,1
69,1,100,33,3300,35,1,2023:10:28 16:59:00,1
70,2,120,27,3240,35,1,2023:04:07 15:51:00,1
71,1,100,15,1500,36,1,2021:10:15 17:29:00,1
72,2,120,2,240,36,1,2020:12:25 19:46:00,1
73,1,100,34,3400,37,1,2019:09:29 15:13:00,1
74,2,120,31,3720,37,1,2021:09:08 16:40:00,1
75,1,100,46,4600,38,1,2022:06:04 19:14:00,1
76,2,120,5,600,38,1,2020:06:25 13:52:00,1
77,1,100,29,2900,39,1,2021:01:11 19:03:00,1
78,2,120,16,1920,39,1,2023:09:20 19:55:00,1
79,1,100,5,500,40,1,2019:05:04 13:54:00,1
80,2,120,44,5280,40,1,2021:02:28 18:52:00,1
81,1,100,2,200,41,1,2021:07:28 19:51:00,1
82,2,120,37,4440,41,1,2019:01:29 16:58:00,1
83,1,100,33,3300,42,1,2021:09:25 12:30:00,1
84,2,120,11,1320,42,1,2020:06:27 19:35:00,1
85,1,100,47,4700,43,1,2020:06:02 19:07:00,1
86,2,120,30,3600,43,1,2019:05:18 11:58:00,1
87,1,100,41,4100,44,1,2019:10:01 10:01:00,1
88,2,120,44,5280,44,1,2023:11:21 13:12:00,1
89,1,100,46,4600,45,1,2019:05:02 19:04:00,1
90,2,120,9,1080,45,1,2019:02:11 11:02:00,1
91,1,100,5,500,46,1,2023:09:19 18:45:00,1
92,2,120,12,1440,46,1,2023:09:10 16:09:00,1
93,1,100,43,4300,47,1,2022:07:02 18:27:00,1
94,2,120,4,480,47,1,2020:03:18 13:22:00,1
95,1,100,8,800,48,1,2020:03:23 10:39:00,1
96,2,120,32,3840,48,1,2023:02:13 17:19:00,1
97,1,100,34,3400,49,1,2021:06:26 14:49:00,1
98,2,120,17,2040,49,1,2023:01:07 17:49:00,1
99,1,100,3,300,50,1,2019:07:07 13:19:00,1
100,2,120,19,2280,50,1,2022:07:13 14:27:00,1
101,1,100,26,2600,51,1,2023:03:22 13:32:00,1
102,2,120,9,1080,51,1,2019:10:29 15:56:00,1
103,1,100,29,2900,52,1,2019:05:28 14:50:00,1
104,2,120,14,1680,52,1,2020:07:20 16:11:00,1
105,1,100,6,600,53,1,2022:12:17 15:31:00,1
106,2,120,36,4320,53,1,2023:04:09 19:54:00,1
107,1,100,37,3700,54,1,2022:10:10 13:00:00,1
108,2,120,24,2880,54,1,2023:01:25 13:00:00,1
109,1,100,6,600,55,1,2021:03:06 19:50:00,1
110,2,120,29,3480,55,1,2022:08:04 18:02:00,1
111,1,100,22,2200,56,1,2023:07:21 12:57:00,1
112,2,120,33,3960,56,1,2020:10:15 13:52:00,1
113,1,100,48,4800,57,1,2023:08:22 13:00:00,1
114,2,120,11,1320,57,1,2020:02:01 18:03:00,1
115,1,100,19,1900,58,1,2019:12:13 12:36:00,1
116,2,120,11,1320,58,1,2020:03:24 15:04:00,1
117,1,100,29,2900,59,1,2022:02:20 15:11:00,1
118,2,120,10,1200,59,1,2023:06:05 12:48:00,1
119,1,100,44,4400,60,1,2019:01:09 18:51:00,1
120,2,120,36,4320,60,1,2021:08:29 11:57:00,1
121,1,100,18,1800,61,1,2022:10:03 11:27:00,1
122,2,120,48,5760,61,1,2021:11:18 13:44:00,1
123,1,100,25,2500,62,1,2023:03:27 15:56:00,1
124,2,120,33,3960,62,1,2022:11:06 16:32:00,1
125,1,100,23,2300,63,1,2022:06:21 17:08:00,1
126,2,120,37,4440,63,1,2020:08:23 13:32:00,1
127,1,100,15,1500,64,1,2019:03:10 18:24:00,1
128,2,120,40,4800,64,1,2021:09:06 18:17:00,1
129,1,100,47,4700,65,1,2021:08:09 11:13:00,1
130,2,120,3,360,65,1,2023:12:06 15:37:00,1
131,1,100,48,4800,66,1,2019:10:13 17:35:00,1
132,2,120,3,360,66,1,2019:04:26 14:46:00,1
133,1,100,41,4100,67,1,2023:04:23 13:29:00,1
134,2,120,40,4800,67,1,2020:09:21 16:30:00,1
135,1,100,25,2500,68,1,2022:07:03 12:47:00,1
136,2,120,31,3720,68,1,2023:06:14 17:16:00,1
137,1,100,40,4000,69,1,2022:06:10 15:26:00,1
138,2,120,34,4080,69,1,2022:11:21 13:32:00,1
139,1,100,6,600,70,1,2021:04:24 11:20:00,1
140,2,120,32,3840,70,1,2022:04:10 16:11:00,1
141,1,100,50,5000,71,1,2019:09:30 17:35:00,1
142,2,120,32,3840,71,1,2022:05:20 12:26:00,1
143,1,100,40,4000,72,1,2023:02:10 19:20:00,1
144,2,120,14,1680,72,1,2021:10:23 10:47:00,1
145,1,100,23,2300,73,1,2021:10:19 16:03:00,1
146,2,120,46,5520,73,1,2019:05:24 18:22:00,1
147,1,100,9,900,74,1,2019:10:31 19:37:00,1
148,2,120,36,4320,74,1,2023:09:25 18:11:00,1
149,1,100,23,2300,75,1,2021:07:26 12:22:00,1
150,2,120,49,5880,75,1,2021:08:29 13:35:00,1
151,1,100,8,800,76,1,2021:05:08 17:32:00,1
152,2,120,30,3600,76,1,2019:05:31 19:21:00,1
153,1,100,6,600,77,1,2022:05:14 17:19:00,1
154,2,120,44,5280,77,1,2020:06:01 12:12:00,1
155,1,100,38,3800,78,1,2022:10:23 19:04:00,1
156,2,120,46,5520,78,1,2023:04:10 12:22:00,1
157,1,100,11,1100,79,1,2023:12:31 16:36:00,1
158,2,120,50,6000,79,1,2021:04:07 17:06:00,1
159,1,100,43,4300,80,1,2020:08:14 17:55:00,1
160,2,120,31,3720,80,1,2021:04:20 15:46:00,1
161,1,100,1,100,81,1,2022:12:30 14:29:00,1
162,2,120,35,4200,81,1,2021:03:13 11:44:00,1
163,1,100,10,1000,82,1,2021:01:16 14:37:00,1
164,2,120,4,480,82,1,2023:08:09 11:46:00,1
165,1,100,27,2700,83,1,2020:03:15 12:51:00,1
166,2,120,49,5880,83,1,2020:02:17 14:56:00,1
167,1,100,4,400,84,1,2021:11:29 13:20:00,1
168,2,120,38,4560,84,1,2021:08:24 18:58:00,1
169,1,100,4,400,85,1,2023:06:03 11:51:00,1
170,2,120,28,3360,85,1,2021:06:25 14:18:00,1
171,1,100,28,2800,86,1,2020:08:26 13:17:00,1
172,2,120,33,3960,86,1,2020:02:16 14:48:00,1
173,1,100,20,2000,87,1,2020:12:02 13:14:00,1
174,2,120,2,240,87,1,2023:12:08 16:18:00,1
175,1,100,49,4900,88,1,2020:10:27 11:42:00,1
176,2,120,23,2760,88,1,2021:10:02 14:31:00,1
177,1,100,6,600,89,1,2019:12:31 18:41:00,1
178,2,120,21,2520,89,1,2022:01:24 14:50:00,1
179,1,100,39,3900,90,1,2019:02:25 10:07:00,1
180,2,120,9,1080,90,1,2019:10:11 15:31:00,1
181,1,100,37,3700,91,1,2019:04:22 12:54:00,1
182,2,120,26,3120,91,1,2022:06:18 13:39:00,1
183,1,100,3,300,92,1,2020:11:09 18:43:00,1
184,2,120,35,4200,92,1,2022:04:19 16:31:00,1
185,1,100,29,2900,93,1,2022:11:11 13:50:00,1
186,2,120,3,360,93,1,2020:12:04 16:34:00,1
187,1,100,40,4000,94,1,2019:06:07 11:14:00,1
188,2,120,13,1560,94,1,2023:05:28 13:29:00,1
189,1,100,30,3000,95,1,2019:02:08 10:53:00,1
190,2,120,26,3120,95,1,2021:08:15 14:00:00,1
191,1,100,8,800,96,1,2021:07:02 17:15:00,1
192,2,120,30,3600,96,1,2021:05:21 13:55:00,1
193,1,100,21,2100,97,1,2022:05:29 13:27:00,1
194,2,120,27,3240,97,1,2019:12:22 10:27:00,1
195,1,100,10,1000,98,1,2023:05:23 11:21:00,1
196,2,120,19,2280,98,1,2022:02:20 17:19:00,1
197,1,100,8,800,99,1,2023:03:24 11:58:00,1
198,2,120,37,4440,99,1,2019:04:01 15:53:00,1
199,1,100,18,1800,100,1,2019:03:04 17:03:00,1
200,2,120,12,1440,100,1,2023:12:30 11:34:00,1
201,1,100,25,2500,101,1,2020:11:05 18:24:00,1
202,2,120,37,4440,101,1,2022:03:16 12:56:00,1
203,1,100,13,1300,102,1,2019:10:31 18:22:00,1
204,2,120,27,3240,102,1,2019:04:25 12:54:00,1
205,1,100,21,2100,103,1,2021:11:19 11:59:00,1
206,2,120,43,5160,103,1,2023:10:31 19:44:00,1
207,1,100,39,3900,104,1,2022:12:20 10:01:00,1
208,2,120,47,5640,104,1,2021:10:30 11:26:00,1
209,1,100,22,2200,105,1,2023:08:09 15:13:00,1
210,2,120,21,2520,105,1,2022:12:30 16:35:00,1
211,1,100,30,3000,106,1,2019:08:07 13:46:00,1
212,2,120,50,6000,106,1,2022:10:10 10:12:00,1
213,1,100,40,4000,107,1,2022:03:23 15:36:00,1
214,2,120,26,3120,107,1,2022:09:18 14:18:00,1
215,1,100,8,800,108,1,2023:01:09 19:30:00,1
216,2,120,9,1080,108,1,2020:12:17 14:45:00,1
217,1,100,40,4000,109,1,2021:12:25 18:57:00,1
218,2,120,7,840,109,1,2023:12:03 15:56:00,1
219,1,100,30,3000,110,1,2019:03:18 16:50:00,1
220,2,120,6,720,110,1,2021:01:12 10:31:00,1
221,1,100,26,2600,111,1,2020:09:28 19:17:00,1
222,2,120,44,5280,111,1,2022:06:07 11:41:00,1
223,1,100,41,4100,112,1,2023:05:17 12:19:00,1
224,2,120,13,1560,112,1,2020:12:05 17:31:00,1
225,1,100,3,300,113,1,2021:11:07 15:06:00,1
226,2,120,20,2400,113,1,2020:07:22 11:49:00,1
227,1,100,34,3400,114,1,2022:08:08 11:45:00,1
228,2,120,2,240,114,1,2019:06:14 13:02:00,1
229,1,100,29,2900,115,1,2023:03:04 14:41:00,1
230,2,120,38,4560,115,1,2022:08:26 19:29:00,1
231,1,100,37,3700,116,1,2019:01:30 18:18:00,1
232,2,120,20,2400,116,1,2023:12:23 15:12:00,1
233,1,100,42,4200,117,1,2022:01:13 12:10:00,1
234,2,120,4,480,117,1,2021:04:21 10:57:00,1
235,1,100,18,1800,118,1,2021:12:02 10:31:00,1
236,2,120,48,5760,118,1,2019:03:19 17:51:00,1
237,1,100,39,3900,119,1,2019:04:19 15:14:00,1
238,2,120,39,4680,119,1,2022:07:09 16:08:00,1
239,1,100,47,4700,120,1,2019:03:01 18:58:00,1
240,2,120,40,4800,120,1,2023:04:14 17:59:00,1
241,1,100,2,200,121,1,2019:04:23 10:17:00,1
242,2,120,20,2400,121,1,2023:05:22 19:09:00,1
243,1,100,23,2300,122,1,2020:10:09 10:15:00,1
244,2,120,38,4560,122,1,2020:07:23 19:38:00,1
245,1,100,4,400,123,1,2022:02:23 16:08:00,1
246,2,120,38,4560,123,1,2021:05:14 18:11:00,1
247,1,100,19,1900,124,1,2021:10:12 17:01:00,1
248,2,120,4,480,124,1,2023:05:15 16:49:00,1
249,1,100,22,2200,125,1,2021:12:31 10:09:00,1
250,2,120,29,3480,125,1,2023:02:06 14:14:00,1
251,1,100,28,2800,126,1,2020:04:16 11:45:00,1
252,2,120,23,2760,126,1,2023:09:21 18:24:00,1
253,1,100,4,400,127,1,2023:04:21 11:46:00,1
254,2,120,41,4920,127,1,2023:01:25 12:48:00,1
255,1,100,50,5000,128,1,2022:01:18 12:09:00,1
256,2,120,44,5280,128,1,2023:04:14 17:15:00,1
257,1,100,46,4600,129,1,2020:04:09 19:56:00,1
258,2,120,5,600,129,1,2023:09:12 12:31:00,1
259,1,100,13,1300,130,1,2022:07:13 12:59:00,1
260,2,120,48,5760,130,1,2021:12:27 18:24:00,1
261,1,100,41,4100,131,1,2022:11:10 13:59:00,1
262,2,120,1,120,131,1,2022:06:08 10:15:00,1
263,1,100,45,4500,132,1,2023:01:19 17:05:00,1
264,2,120,12,1440,132,1,2023:09:16 13:07:00,1
265,1,100,49,4900,133,1,2021:10:15 17:04:00,1
266,2,120,42,5040,133,1,2019:09:18 14:32:00,1
267,1,100,19,1900,134,1,2019:04:08 16:30:00,1
268,2,120,25,3000,134,1,2021:07:16 16:04:00,1
269,1,100,23,2300,135,1,2019:06:02 15:46:00,1
270,2,120,9,1080,135,1,2023:03:28 18:01:00,1
271,1,100,32,3200,136,1,2020:10:10 11:51:00,1
272,2,120,24,2880,136,1,2020:11:04 13:47:00,1
273,1,100,21,2100,137,1,2019:04:22 18:17:00,1
274,2,120,40,4800,137,1,2019:06:24 19:35:00,1
275,1,100,26,2600,138,1,2021:09:04 19:34:00,1
276,2,120,4,480,138,1,2020:10:01 16:10:00,1
277,1,100,25,2500,139,1,2021:10:11 17:32:00,1
278,2,120,10,1200,139,1,2020:11:09 10:34:00,1
279,1,100,9,900,140,1,2020:05:28 18:07:00,1
280,2,120,21,2520,140,1,2019:08:28 14:14:00,1
281,1,100,25,2500,141,1,2021:11:11 14:21:00,1
282,2,120,45,5400,141,1,2023:01:01 12:54:00,1
283,1,100,23,2300,142,1,2022:03:27 11:57:00,1
284,2,120,26,3120,142,1,2021:11:07 18:29:00,1
285,1,100,31,3100,143,1,2020:06:21 14:16:00,1
286,2,120,19,2280,143,1,2022:01:15 11:25:00,1
287,1,100,32,3200,144,1,2019:11:18 14:48:00,1
288,2,120,39,4680,144,1,2021:12:10 19:17:00,1
289,1,100,14,1400,145,1,2019:03:27 15:00:00,1
290,2,120,45,5400,145,1,2022:07:12 19:48:00,1
291,1,100,12,1200,146,1,2023:04:12 16:27:00,1
292,2,120,31,3720,146,1,2020:12:07 13:25:00,1
293,1,100,10,1000,147,1,2020:07:04 12:15:00,1
294,2,120,4,480,147,1,2023:01:20 11:30:00,1
295,1,100,25,2500,148,1,2021:08:28 11:22:00,1
296,2,120,14,1680,148,1,2021:04:25 10:58:00,1
297,1,100,7,700,149,1,2019:05:17 16:31:00,1
298,2,120,20,2400,149,1,2022:03:15 13:57:00,1
299,1,100,3,300,150,1,2020:12:26 18:20:00,1
300,2,120,45,5400,150,1,2019:10:23 12:31:00,1
301,1,100,17,1700,151,1,2022:11:19 10:45:00,1
302,2,120,42,5040,151,1,2022:12:28 19:48:00,1
303,1,100,25,2500,152,1,2019:10:26 19:45:00,1
304,2,120,37,4440,152,1,2021:01:24 16:44:00,1
305,1,100,17,1700,153,1,2019:04:15 10:48:00,1
306,2,120,33,3960,153,1,2020:03:03 18:33:00,1
307,1,100,19,1900,154,1,2020:11:30 11:59:00,1
308,2,120,49,5880,154,1,2020:08:20 13:09:00,1
309,1,100,7,700,155,1,2019:01:27 10:54:00,1
310,2,120,10,1200,155,1,2023:01:29 11:32:00,1
311,1,100,10,1000,156,1,2023:05:13 19:22:00,1
312,2,120,18,2160,156,1,2022:07:17 13:09:00,1
313,1,100,44,4400,157,1,2020:10:26 15:28:00,1
314,2,120,19,2280,157,1,2023:01:13 18:49:00,1
315,1,100,45,4500,158,1,2022:02:07 10:44:00,1
316,2,120,6,720,158,1,2019:08:06 13:11:00,1
317,1,100,41,4100,159,1,2022:07:04 16:51:00,1
318,2,120,39,4680,159,1,2023:08:29 18:58:00,1
319,1,100,3,300,160,1,2022:08:01 17:00:00,1
320,2,120,11,1320,160,1,2021:12:22 10:56:00,1
321,1,100,42,4200,161,1,2023:08:09 13:26:00,1
322,2,120,49,5880,161,1,2021:11:10 14:25:00,1
323,1,100,40,4000,162,1,2019:01:04 18:27:00,1
324,2,120,17,2040,162,1,2022:10:28 14:56:00,1
325,1,100,31,3100,163,1,2021:10:30 10:52:00,1
326,2,120,41,4920,163,1,2023:05:17 11:26:00,1
327,1,100,13,1300,164,1,2023:10:17 17:46:00,1
328,2,120,26,3120,164,1,2019:05:02 16:09:00,1
329,1,100,31,3100,165,1,2021:09:11 11:35:00,1
330,2,120,9,1080,165,1,2021:06:22 14:35:00,1
331,1,100,5,500,166,1,2023:01:02 18:13:00,1
332,2,120,42,5040,166,1,2021:04:10 12:36:00,1
333,1,100,26,2600,167,1,2022:11:15 13:07:00,1
334,2,120,40,4800,167,1,2020:01:06 12:36:00,1
335,1,100,5,500,168,1,2023:11:25 18:45:00,1
336,2,120,10,1200,168,1,2023:06:15 11:00:00,1
337,1,100,31,3100,169,1,2023:08:27 14:11:00,1
338,2,120,11,1320,169,1,2023:03:31 13:58:00,1
339,1,100,35,3500,170,1,2023:09:04 12:34:00,1
340,2,120,24,2880,170,1,2021:05:31 12:13:00,1
341,1,100,2,200,171,1,2023:02:18 11:58:00,1
342,2,120,46,5520,171,1,2022:03:27 15:15:00,1
343,1,100,31,3100,172,1,2023:05:15 17:09:00,1
344,2,120,44,5280,172,1,2021:10:13 14:50:00,1
345,1,100,13,1300,173,1,2021:01:24 10:38:00,1
346,2,120,6,720,173,1,2022:10:05 19:27:00,1
347,1,100,38,3800,174,1,2022:03:11 11:52:00,1
348,2,120,36,4320,174,1,2020:03:13 16:05:00,1
349,1,100,31,3100,175,1,2019:09:24 15:05:00,1
350,2,120,26,3120,175,1,2020:06:08 16:54:00,1
351,1,100,9,900,176,1,2023:04:14 10:21:00,1
352,2,120,6,720,176,1,2021:05:03 10:44:00,1
353,1,100,17,1700,177,1,2019:10:10 11:30:00,1
354,2,120,19,2280,177,1,2022:03:30 11:32:00,1
355,1,100,5,500,178,1,2021:07:14 11:19:00,1
356,2,120,44,5280,178,1,2019:05:17 19:09:00,1
357,1,100,40,4000,179,1,2020:04:25 15:21:00,1
358,2,120,7,840,179,1,2022:05:24 18:10:00,1
359,1,100,31,3100,180,1,2019:06:07 18:52:00,1
360,2,120,19,2280,180,1,2022:11:18 18:30:00,1
361,1,100,38,3800,181,1,2023:11:29 18:40:00,1
362,2,120,46,5520,181,1,2020:03:02 11:10:00,1
363,1,100,33,3300,182,1,2019:10:13 10:14:00,1
364,2,120,45,5400,182,1,2022:10:26 18:27:00,1
365,1,100,35,3500,183,1,2020:09:10 10:55:00,1
366,2,120,8,960,183,1,2020:03:14 17:45:00,1
367,1,100,3,300,184,1,2020:06:18 16:10:00,1
368,2,120,27,3240,184,1,2021:08:27 14:07:00,1
369,1,100,6,600,185,1,2021:08:16 14:36:00,1
370,2,120,24,2880,185,1,2023:12:28 11:16:00,1
371,1,100,15,1500,186,1,2019:04:26 19:17:00,1
372,2,120,31,3720,186,1,2019:10:26 12:07:00,1
373,1,100,8,800,187,1,2019:12:26 12:31:00,1
374,2,120,38,4560,187,1,2019:08:18 17:57:00,1
375,1,100,19,1900,188,1,2019:06:02 10:18:00,1
376,2,120,24,2880,188,1,2022:11:02 19:06:00,1
377,1,100,9,900,189,1,2019:03:31 18:24:00,1
378,2,120,5,600,189,1,2021:04:19 19:22:00,1
379,1,100,29,2900,190,1,2022:03:20 17:55:00,1
380,2,120,49,5880,190,1,2019:07:03 14:15:00,1
381,1,100,32,3200,191,1,2019:11:20 11:02:00,1
382,2,120,46,5520,191,1,2023:12:20 11:55:00,1
383,1,100,4,400,192,1,2020:06:10 13:51:00,1
384,2,120,39,4680,192,1,2021:01:08 18:39:00,1
385,1,100,32,3200,193,1,2021:04:29 16:53:00,1
386,2,120,16,1920,193,1,2022:05:19 14:12:00,1
387,1,100,10,1000,194,1,2020:08:13 14:51:00,1
388,2,120,32,3840,194,1,2022:05:25 16:40:00,1
389,1,100,20,2000,195,1,2019:01:19 13:59:00,1
390,2,120,30,3600,195,1,2023:08:19 17:09:00,1
391,1,100,36,3600,196,1,2022:07:06 17:42:00,1
392,2,120,23,2760,196,1,2020:05:15 18:12:00,1
393,1,100,44,4400,197,1,2023:06:02 16:17:00,1
394,2,120,40,4800,197,1,2019:03:31 13:03:00,1
395,1,100,17,1700,198,1,2020:11:30 17:37:00,1
396,2,120,50,6000,198,1,2023:11:09 18:29:00,1
397,1,100,48,4800,199,1,2022:03:07 12:57:00,1
398,2,120,11,1320,199,1,2022:12:11 12:58:00,1
399,1,100,40,4000,200,1,2021:07:12 11:35:00,1
400,2,120,18,2160,200,1,2021:08:09 16:15:00,1
401,1,100,25,2500,201,1,2021:09:10 16:24:00,1
402,2,120,19,2280,201,1,2020:01:09 14:30:00,1
403,1,100,15,1500,202,1,2019:11:11 15:44:00,1
404,2,120,30,3600,202,1,2020:04:04 10:41:00,1
405,1,100,36,3600,203,1,2021:07:25 14:16:00,1
406,2,120,15,1800,203,1,2023:12:28 17:20:00,1
407,1,100,49,4900,204,1,2022:06:06 18:04:00,1
408,2,120,28,3360,204,1,2019:01:10 14:13:00,1
409,1,100,43,4300,205,1,2022:05:31 10:15:00,1
410,2,120,1,120,205,1,2020:05:23 12:39:00,1
411,1,100,3,300,206,1,2020:04:03 14:15:00,1
412,2,120,17,2040,206,1,2020:03:22 17:30:00,1
413,1,100,27,2700,207,1,2019:09:10 19:45:00,1
414,2,120,9,1080,207,1,2023:12:03 17:01:00,1
415,1,100,43,4300,208,1,2020:08:10 15:06:00,1
416,2,120,40,4800,208,1,2020:08:09 12:07:00,1
417,1,100,37,3700,209,1,2020:11:15 14:07:00,1
418,2,120,9,1080,209,1,2022:08:08 17:06:00,1
419,1,100,16,1600,210,1,2021:02:27 19:02:00,1
420,2,120,32,3840,210,1,2020:11:20 19:06:00,1
421,1,100,32,3200,211,1,2020:01:27 12:43:00,1
422,2,120,43,5160,211,1,2020:10:02 10:40:00,1
423,1,100,41,4100,212,1,2021:11:08 13:40:00,1
424,2,120,39,4680,212,1,2022:08:07 17:07:00,1
425,1,100,50,5000,213,1,2023:05:20 13:18:00,1
426,2,120,15,1800,213,1,2021:02:25 16:12:00,1
427,1,100,45,4500,214,1,2021:05:04 11:44:00,1
428,2,120,23,2760,214,1,2023:06:01 13:02:00,1
429,1,100,9,900,215,1,2021:08:01 17:20:00,1
430,2,120,15,1800,215,1,2020:04:04 13:43:00,1
431,1,100,2,200,216,1,2023:08:01 13:44:00,1
432,2,120,38,4560,216,1,2019:01:17 12:43:00,1
433,1,100,48,4800,217,1,2021:11:19 11:34:00,1
434,2,120,15,1800,217,1,2021:03:03 14:38:00,1
435,1,100,30,3000,218,1,2023:08:13 15:40:00,1
436,2,120,21,2520,218,1,2020:08:05 13:47:00,1
437,1,100,33,3300,219,1,2020:05:23 15:03:00,1
438,2,120,7,840,219,1,2021:11:14 16:45:00,1
439,1,100,29,2900,220,1,2019:11:16 12:07:00,1
440,2,120,26,3120,220,1,2020:08:31 16:45:00,1
441,1,100,14,1400,221,1,2019:04:15 16:54:00,1
442,2,120,26,3120,221,1,2023:06:19 19:08:00,1
443,1,100,48,4800,222,1,2019:04:02 15:41:00,1
444,2,120,9,1080,222,1,2021:07:20 17:20:00,1
445,1,100,42,4200,223,1,2021:02:06 16:51:00,1
446,2,120,8,960,223,1,2022:03:16 10:47:00,1
447,1,100,12,1200,224,1,2019:10:20 12:25:00,1
448,2,120,16,1920,224,1,2021:01:24 12:36:00,1
449,1,100,35,3500,225,1,2019:03:13 17:51:00,1
450,2,120,15,1800,225,1,2019:06:11 14:32:00,1
451,1,100,43,4300,226,1,2021:06:23 15:52:00,1
452,2,120,9,1080,226,1,2023:11:29 10:20:00,1
453,1,100,12,1200,227,1,2023:12:29 18:17:00,1
454,2,120,6,720,227,1,2020:01:07 14:22:00,1
455,1,100,20,2000,228,1,2020:02:15 16:21:00,1
456,2,120,15,1800,228,1,2023:10:15 18:34:00,1
457,1,100,37,3700,229,1,2023:02:26 16:01:00,1
458,2,120,9,1080,229,1,2021:05:17 10:40:00,1
459,1,100,49,4900,230,1,2019:09:07 10:19:00,1
460,2,120,10,1200,230,1,2021:06:15 16:49:00,1
461,1,100,19,1900,231,1,2023:11:29 15:36:00,1
462,2,120,28,3360,231,1,2023:06:16 19:16:00,1
463,1,100,50,5000,232,1,2019:10:14 19:01:00,1
464,2,120,44,5280,232,1,2020:07:17 13:34:00,1
465,1,100,42,4200,233,1,2023:07:24 11:51:00,1
466,2,120,38,4560,233,1,2023:01:31 11:42:00,1
467,1,100,16,1600,234,1,2019:06:18 16:07:00,1
468,2,120,15,1800,234,1,2021:11:16 16:34:00,1
469,1,100,11,1100,235,1,2019:10:20 14:43:00,1
470,2,120,28,3360,235,1,2020:08:13 18:40:00,1
471,1,100,11,1100,236,1,2023:11:19 12:50:00,1
472,2,120,39,4680,236,1,2023:04:07 12:29:00,1
473,1,100,31,3100,237,1,2019:04:20 13:21:00,1
474,2,120,14,1680,237,1,2023:07:17 12:18:00,1
475,1,100,44,4400,238,1,2019:10:27 10:19:00,1
476,2,120,5,600,238,1,2020:08:02 16:49:00,1
477,1,100,8,800,239,1,2022:02:17 10:43:00,1
478,2,120,42,5040,239,1,2023:10:14 12:30:00,1
479,1,100,31,3100,240,1,2019:10:06 16:39:00,1
480,2,120,24,2880,240,1,2020:03:19 15:43:00,1
481,1,100,22,2200,241,1,2023:01:31 13:09:00,1
482,2,120,18,2160,241,1,2022:01:18 18:00:00,1
483,1,100,17,1700,242,1,2019:12:05 15:08:00,1
484,2,120,26,3120,242,1,2021:09:17 17:01:00,1
485,1,100,38,3800,243,1,2020:08:05 11:58:00,1
486,2,120,23,2760,243,1,2019:02:21 16:32:00,1
487,1,100,13,1300,244,1,2019:08:02 17:25:00,1
488,2,120,35,4200,244,1,2021:03:05 14:39:00,1
489,1,100,46,4600,245,1,2023:08:02 14:22:00,1
490,2,120,12,1440,245,1,2022:03:16 18:48:00,1
491,1,100,33,3300,246,1,2022:12:19 15:01:00,1
492,2,120,28,3360,246,1,2019:09:11 18:55:00,1
493,1,100,19,1900,247,1,2019:03:06 11:11:00,1
494,2,120,40,4800,247,1,2022:12:25 14:12:00,1
495,1,100,18,1800,248,1,2023:03:15 18:15:00,1
496,2,120,40,4800,248,1,2019:02:20 19:36:00,1
497,1,100,9,900,249,1,2021:02:16 12:56:00,1
498,2,120,48,5760,249,1,2021:02:17 10:24:00,1
499,1,100,39,3900,250,1,2019:01:27 17:09:00,1
500,2,120,31,3720,250,1,2022:01:17 10:28:00,1
501,1,100,16,1600,251,1,2022:01:10 13:01:00,1
502,2,120,14,1680,251,1,2020:12:24 19:11:00,1
503,1,100,44,4400,252,1,2023:08:08 19:09:00,1
504,2,120,3,360,252,1,2022:09:22 15:46:00,1
505,1,100,25,2500,253,1,2021:12:12 18:03:00,1
506,2,120,3,360,253,1,2023:04:11 10:28:00,1
507,1,100,46,4600,254,1,2021:04:29 15:43:00,1
508,2,120,24,2880,254,1,2021:10:19 19:08:00,1
509,1,100,26,2600,255,1,2022:12:27 10:30:00,1
510,2,120,12,1440,255,1,2022:02:12 17:27:00,1
511,1,100,12,1200,256,1,2020:06:15 14:05:00,1
512,2,120,26,3120,256,1,2019:07:29 10:28:00,1
513,1,100,20,2000,257,1,2021:01:07 19:30:00,1
514,2,120,12,1440,257,1,2023:04:30 18:12:00,1
515,1,100,41,4100,258,1,2019:01:07 12:17:00,1
516,2,120,6,720,258,1,2019:03:14 14:31:00,1
517,1,100,50,5000,259,1,2023:07:20 13:14:00,1
518,2,120,22,2640,259,1,2023:12:07 17:38:00,1
519,1,100,31,3100,260,1,2022:08:17 16:14:00,1
520,2,120,29,3480,260,1,2023:11:19 10:39:00,1
521,1,100,49,4900,261,1,2021:02:08 13:49:00,1
522,2,120,11,1320,261,1,2020:03:09 19:34:00,1
523,1,100,24,2400,262,1,2023:02:24 12:26:00,1
524,2,120,3,360,262,1,2022:03:30 12:47:00,1
525,1,100,5,500,263,1,2019:04:13 11:08:00,1
526,2,120,41,4920,263,1,2021:06:26 19:19:00,1
527,1,100,23,2300,264,1,2019:01:31 12:23:00,1
528,2,120,4,480,264,1,2021:03:28 18:26:00,1
529,1,100,39,3900,265,1,2019:01:01 11:13:00,1
530,2,120,7,840,265,1,2023:05:15 14:52:00,1
531,1,100,34,3400,266,1,2020:05:18 18:19:00,1
532,2,120,25,3000,266,1,2021:12:24 11:39:00,1
533,1,100,31,3100,267,1,2023:11:25 15:22:00,1
534,2,120,6,720,267,1,2020:10:22 17:29:00,1
535,1,100,16,1600,268,1,2019:03:27 17:45:00,1
536,2,120,37,4440,268,1,2019:06:04 18:53:00,1
537,1,100,5,500,269,1,2022:09:25 12:01:00,1
538,2,120,13,1560,269,1,2022:08:17 17:00:00,1
539,1,100,7,700,270,1,2019:02:22 12:30:00,1
540,2,120,9,1080,270,1,2023:10:31 10:15:00,1
541,1,100,6,600,271,1,2020:05:22 17:36:00,1
542,2,120,35,4200,271,1,2019:10:15 13:22:00,1
543,1,100,5,500,272,1,2020:09:06 13:31:00,1
544,2,120,40,4800,272,1,2022:03:04 16:30:00,1
545,1,100,27,2700,273,1,2021:09:07 10:57:00,1
546,2,120,8,960,273,1,2022:03:30 18:39:00,1
547,1,100,8,800,274,1,2020:10:06 15:16:00,1
548,2,120,5,600,274,1,2019:01:04 11:50:00,1
549,1,100,20,2000,275,1,2021:03:11 11:14:00,1
550,2,120,3,360,275,1,2023:02:03 17:10:00,1
551,1,100,24,2400,276,1,2023:11:29 10:48:00,1
552,2,120,32,3840,276,1,2022:01:06 10:46:00,1
553,1,100,40,4000,277,1,2019:08:05 17:00:00,1
554,2,120,28,3360,277,1,2019:06:29 12:10:00,1
555,1,100,7,700,278,1,2023:11:19 10:28:00,1
556,2,120,20,2400,278,1,2020:04:07 16:04:00,1
557,1,100,33,3300,279,1,2019:07:31 14:46:00,1
558,2,120,14,1680,279,1,2022:08:24 11:11:00,1
559,1,100,9,900,280,1,2023:07:17 16:55:00,1
560,2,120,40,4800,280,1,2019:05:21 10:38:00,1
561,1,100,41,4100,281,1,2021:07:31 19:42:00,1
562,2,120,26,3120,281,1,2022:06:17 10:30:00,1
563,1,100,14,1400,282,1,2020:08:15 18:30:00,1
564,2,120,15,1800,282,1,2023:09:01 16:22:00,1
565,1,100,33,3300,283,1,2022:08:16 11:44:00,1
566,2,120,33,3960,283,1,2022:05:21 19:05:00,1
567,1,100,12,1200,284,1,2019:07:14 16:43:00,1
568,2,120,42,5040,284,1,2023:12:31 18:11:00,1
569,1,100,7,700,285,1,2022:11:22 17:14:00,1
570,2,120,37,4440,285,1,2020:01:30 12:05:00,1
571,1,100,48,4800,286,1,2021:10:26 17:51:00,1
572,2,120,19,2280,286,1,2022:09:10 18:49:00,1
573,1,100,2,200,287,1,2022:03:02 11:39:00,1
574,2,120,22,2640,287,1,2019:11:13 15:21:00,1
575,1,100,3,300,288,1,2020:12:29 12:34:00,1
576,2,120,9,1080,288,1,2023:09:12 11:59:00,1
577,1,100,25,2500,289,1,2021:10:31 11:24:00,1
578,2,120,2,240,289,1,2021:12:27 17:27:00,1
579,1,100,21,2100,290,1,2019:06:07 13:26:00,1
580,2,120,48,5760,290,1,2020:08:01 15:16:00,1
581,1,100,34,3400,291,1,2020:05:25 18:24:00,1
582,2,120,29,3480,291,1,2022:11:11 12:53:00,1
583,1,100,30,3000,292,1,2021:04:08 12:23:00,1
584,2,120,6,720,292,1,2021:06:03 13:29:00,1
585,1,100,13,1300,293,1,2020:12:10 14:53:00,1
586,2,120,7,840,293,1,2021:01:25 19:54:00,1
587,1,100,9,900,294,1,2020:11:05 18:41:00,1
588,2,120,16,1920,294,1,2023:03:02 19:09:00,1
589,1,100,49,4900,295,1,2023:07:24 11:32:00,1
590,2,120,17,2040,295,1,2021:11:25 12:29:00,1
591,1,100,49,4900,296,1,2020:05:10 16:40:00,1
592,2,120,36,4320,296,1,2023:03:09 11:36:00,1
593,1,100,45,4500,297,1,2019:01:05 19:40:00,1
594,2,120,6,720,297,1,2020:09:08 11:50:00,1
595,1,100,44,4400,298,1,2019:02:28 14:10:00,1
596,2,120,19,2280,298,1,2020:05:09 18:58:00,1
597,1,100,33,3300,299,1,2022:06:10 10:22:00,1
598,2,120,13,1560,299,1,2021:11:08 11:36:00,1
599,1,100,2,200,300,1,2020:04:09 11:20:00,1
600,2,120,31,3720,300,1,2019:01:04 12:49:00,1
601,1,100,17,1700,301,1,2023:05:17 15:29:00,1
602,2,120,35,4200,301,1,2021:02:09 14:05:00,1
603,1,100,3,300,302,1,2023:09:12 17:31:00,1
604,2,120,16,1920,302,1,2019:05:17 12:31:00,1
605,1,100,38,3800,303,1,2019:07:18 16:42:00,1
606,2,120,16,1920,303,1,2021:07:20 12:46:00,1
607,1,100,48,4800,304,1,2019:02:17 12:52:00,1
608,2,120,25,3000,304,1,2023:11:13 13:04:00,1
609,1,100,6,600,305,1,2023:11:01 13:40:00,1
610,2,120,22,2640,305,1,2021:08:08 12:38:00,1
611,1,100,18,1800,306,1,2021:05:26 19:55:00,1
612,2,120,33,3960,306,1,2022:05:07 10:39:00,1
613,1,100,44,4400,307,1,2023:03:21 13:34:00,1
614,2,120,11,1320,307,1,2019:08:14 12:33:00,1
615,1,100,12,1200,308,1,2023:11:30 19:17:00,1
616,2,120,5,600,308,1,2023:08:26 17:19:00,1
617,1,100,39,3900,309,1,2020:07:26 14:57:00,1
618,2,120,22,2640,309,1,2022:12:03 13:23:00,1
619,1,100,26,2600,310,1,2023:06:26 17:00:00,1
620,2,120,36,4320,310,1,2022:05:15 16:50:00,1
621,1,100,41,4100,311,1,2022:06:17 10:55:00,1
622,2,120,14,1680,311,1,2023:09:24 11:27:00,1
623,1,100,12,1200,312,1,2020:11:23 18:41:00,1
624,2,120,3,360,312,1,2020:11:21 14:36:00,1
625,1,100,1,100,313,1,2019:04:05 18:37:00,1
626,2,120,15,1800,313,1,2020:06:27 13:20:00,1
627,1,100,16,1600,314,1,2022:05:05 16:20:00,1
628,2,120,5,600,314,1,2022:07:18 10:06:00,1
629,1,100,25,2500,315,1,2020:07:31 19:16:00,1
630,2,120,47,5640,315,1,2023:12:12 12:14:00,1
631,1,100,42,4200,316,1,2021:04:15 10:17:00,1
632,2,120,39,4680,316,1,2021:10:20 12:35:00,1
633,1,100,42,4200,317,1,2021:11:20 16:45:00,1
634,2,120,10,1200,317,1,2019:02:06 10:34:00,1
635,1,100,49,4900,318,1,2020:04:19 19:34:00,1
636,2,120,39,4680,318,1,2022:02:16 18:26:00,1
637,1,100,47,4700,319,1,2021:12:15 17:24:00,1
638,2,120,11,1320,319,1,2020:01:30 12:12:00,1
639,1,100,33,3300,320,1,2022:09:07 11:39:00,1
640,2,120,8,960,320,1,2023:02:01 12:39:00,1
641,1,100,19,1900,321,1,2023:10:09 17:13:00,1
642,2,120,48,5760,321,1,2020:04:13 18:50:00,1
643,1,100,19,1900,322,1,2022:05:05 10:47:00,1
644,2,120,32,3840,322,1,2019:10:18 17:37:00,1
645,1,100,14,1400,323,1,2022:08:14 10:52:00,1
646,2,120,19,2280,323,1,2019:06:11 18:54:00,1
647,1,100,25,2500,324,1,2022:06:21 13:44:00,1
648,2,120,50,6000,324,1,2023:01:15 12:08:00,1
649,1,100,43,4300,325,1,2021:09:19 15:44:00,1
650,2,120,17,2040,325,1,2023:03:05 16:31:00,1
651,1,100,46,4600,326,1,2019:05:07 12:16:00,1
652,2,120,50,6000,326,1,2019:03:14 11:35:00,1
653,1,100,17,1700,327,1,2019:07:12 16:32:00,1
654,2,120,24,2880,327,1,2019:02:18 10:19:00,1
655,1,100,28,2800,328,1,2022:12:12 17:14:00,1
656,2,120,12,1440,328,1,2023:11:18 10:00:00,1
657,1,100,43,4300,329,1,2020:01:17 10:43:00,1
658,2,120,39,4680,329,1,2021:02:15 13:57:00,1
659,1,100,25,2500,330,1,2022:07:12 15:44:00,1
660,2,120,47,5640,330,1,2019:10:21 16:20:00,1
661,1,100,45,4500,331,1,2023:06:21 14:40:00,1
662,2,120,26,3120,331,1,2022:07:29 15:35:00,1
663,1,100,37,3700,332,1,2023:04:28 13:44:00,1
664,2,120,3,360,332,1,2019:09:03 18:56:00,1
665,1,100,19,1900,333,1,2023:08:20 18:01:00,1
666,2,120,20,2400,333,1,2023:01:31 13:56:00,1
667,1,100,26,2600,334,1,2020:03:20 16:39:00,1
668,2,120,37,4440,334,1,2020:08:22 19:46:00,1
669,1,100,44,4400,335,1,2022:01:17 19:20:00,1
670,2,120,39,4680,335,1,2021:03:21 12:49:00,1
671,1,100,2,200,336,1,2020:10:01 12:41:00,1
672,2,120,34,4080,336,1,2021:01:24 18:31:00,1
673,1,100,2,200,337,1,2020:08:16 17:04:00,1
674,2,120,24,2880,337,1,2019:06:02 15:38:00,1
675,1,100,14,1400,338,1,2019:08:29 15:25:00,1
676,2,120,11,1320,338,1,2022:12:23 11:10:00,1
677,1,100,19,1900,339,1,2022:06:24 15:36:00,1
678,2,120,30,3600,339,1,2019:09:03 14:50:00,1
679,1,100,11,1100,340,1,2023:03:02 11:53:00,1
680,2,120,36,4320,340,1,2023:02:06 17:06:00,1
681,1,100,5,500,341,1,2019:02:12 10:54:00,1
682,2,120,6,720,341,1,2021:12:14 11:33:00,1
683,1,100,36,3600,342,1,2019:11:13 16:38:00,1
684,2,120,9,1080,342,1,2019:07:03 11:28:00,1
685,1,100,7,700,343,1,2019:11:27 11:13:00,1
686,2,120,34,4080,343,1,2022:08:23 12:11:00,1
687,1,100,24,2400,344,1,2023:10:26 18:46:00,1
688,2,120,23,2760,344,1,2023:03:06 17:30:00,1
689,1,100,10,1000,345,1,2020:01:12 12:55:00,1
690,2,120,28,3360,345,1,2019:02:05 15:15:00,1
691,1,100,6,600,346,1,2023:10:09 11:33:00,1
692,2,120,50,6000,346,1,2019:08:04 12:15:00,1
693,1,100,2,200,347,1,2022:08:29 14:34:00,1
694,2,120,22,2640,347,1,2021:01:12 13:31:00,1
695,1,100,11,1100,348,1,2023:01:08 10:30:00,1
696,2,120,44,5280,348,1,2019:01:25 15:36:00,1
697,1,100,29,2900,349,1,2021:04:23 14:55:00,1
698,2,120,26,3120,349,1,2021:08:01 16:48:00,1
699,1,100,26,2600,350,1,2023:11:12 16:16:00,1
700,2,120,33,3960,350,1,2020:12:27 17:16:00,1
701,1,100,2,200,351,1,2021:07:26 16:31:00,1
702,2,120,5,600,351,1,2021:12:14 16:51:00,1
703,1,100,21,2100,352,1,2021:10:17 14:58:00,1
704,2,120,35,4200,352,1,2022:11:02 19:45:00,1
705,1,100,12,1200,353,1,2019:08:23 13:52:00,1
706,2,120,3,360,353,1,2023:09:16 10:54:00,1
707,1,100,13,1300,354,1,2022:12:11 11:47:00,1
708,2,120,21,2520,354,1,2019:01:28 18:47:00,1
709,1,100,39,3900,355,1,2022:11:20 13:13:00,1
710,2,120,30,3600,355,1,2020:03:30 15:35:00,1
711,1,100,17,1700,356,1,2021:09:30 11:38:00,1
712,2,120,6,720,356,1,2021:04:02 19:49:00,1
713,1,100,21,2100,357,1,2021:08:03 16:45:00,1
714,2,120,40,4800,357,1,2022:09:28 19:50:00,1
715,1,100,10,1000,358,1,2019:12:02 18:36:00,1
716,2,120,7,840,358,1,2020:08:05 13:26:00,1
717,1,100,26,2600,359,1,2019:07:31 14:45:00,1
718,2,120,47,5640,359,1,2019:10:14 15:29:00,1
719,1,100,37,3700,360,1,2019:11:24 19:08:00,1
720,2,120,10,1200,360,1,2023:06:13 10:56:00,1
721,1,100,5,500,361,1,2023:11:05 12:45:00,1
722,2,120,12,1440,361,1,2022:07:28 16:55:00,1
723,1,100,47,4700,362,1,2021:11:25 15:37:00,1
724,2,120,21,2520,362,1,2019:02:22 10:50:00,1
725,1,100,41,4100,363,1,2023:04:07 13:44:00,1
726,2,120,17,2040,363,1,2021:11:08 16:41:00,1
727,1,100,18,1800,364,1,2022:03:20 13:13:00,1
728,2,120,13,1560,364,1,2019:09:09 19:19:00,1
729,1,100,35,3500,365,1,2020:11:22 14:19:00,1
730,2,120,28,3360,365,1,2020:02:08 18:56:00,1
731,1,100,24,2400,366,1,2020:07:12 15:31:00,1
732,2,120,37,4440,366,1,2020:06:28 10:50:00,1
733,1,100,14,1400,367,1,2020:02:15 12:04:00,1
734,2,120,15,1800,367,1,2023:02:09 15:28:00,1
735,1,100,48,4800,368,1,2021:10:18 14:58:00,1
736,2,120,4,480,368,1,2023:04:16 19:57:00,1
737,1,100,45,4500,369,1,2020:07:08 17:52:00,1
738,2,120,42,5040,369,1,2019:05:23 14:07:00,1
739,1,100,27,2700,370,1,2022:02:25 11:27:00,1
740,2,120,6,720,370,1,2022:11:18 16:42:00,1
741,1,100,1,100,371,1,2022:08:22 15:11:00,1
742,2,120,7,840,371,1,2020:11:01 10:45:00,1
743,1,100,13,1300,372,1,2021:03:23 13:02:00,1
744,2,120,33,3960,372,1,2019:10:20 14:59:00,1
745,1,100,16,1600,373,1,2023:11:04 13:38:00,1
746,2,120,22,2640,373,1,2023:11:03 13:22:00,1
747,1,100,30,3000,374,1,2023:03:16 18:45:00,1
748,2,120,4,480,374,1,2020:07:07 14:18:00,1
749,1,100,13,1300,375,1,2020:07:18 12:37:00,1
750,2,120,39,4680,375,1,2023:12:05 16:25:00,1
751,1,100,46,4600,376,1,2022:10:21 16:36:00,1
752,2,120,2,240,376,1,2021:03:09 14:22:00,1
753,1,100,25,2500,377,1,2023:06:03 19:13:00,1
754,2,120,20,2400,377,1,2019:01:29 11:09:00,1
755,1,100,41,4100,378,1,2021:09:12 19:19:00,1
756,2,120,31,3720,378,1,2023:02:25 13:56:00,1
757,1,100,36,3600,379,1,2022:03:06 10:36:00,1
758,2,120,23,2760,379,1,2020:10:26 18:26:00,1
759,1,100,9,900,380,1,2021:12:03 12:20:00,1
760,2,120,50,6000,380,1,2020:12:17 17:53:00,1
761,1,100,17,1700,381,1,2020:04:14 18:43:00,1
762,2,120,24,2880,381,1,2021:03:29 11:55:00,1
763,1,100,41,4100,382,1,2022:10:04 14:50:00,1
764,2,120,3,360,382,1,2019:01:20 17:20:00,1
765,1,100,36,3600,383,1,2020:09:07 17:57:00,1
766,2,120,36,4320,383,1,2019:06:25 14:53:00,1
767,1,100,49,4900,384,1,2020:05:21 17:50:00,1
768,2,120,48,5760,384,1,2019:12:26 11:44:00,1
769,1,100,21,2100,385,1,2021:08:11 19:54:00,1
770,2,120,13,1560,385,1,2020:01:09 18:18:00,1
771,1,100,39,3900,386,1,2019:11:11 19:12:00,1
772,2,120,46,5520,386,1,2020:12:20 17:09:00,1
773,1,100,40,4000,387,1,2021:02:03 13:27:00,1
774,2,120,5,600,387,1,2022:06:20 16:45:00,1
775,1,100,34,3400,388,1,2023:05:06 10:12:00,1
776,2,120,50,6000,388,1,2022:03:02 10:03:00,1
777,1,100,32,3200,389,1,2023:09:30 15:31:00,1
778,2,120,24,2880,389,1,2020:04:12 19:07:00,1
779,1,100,34,3400,390,1,2023:11:30 19:33:00,1
780,2,120,47,5640,390,1,2021:02:13 17:03:00,1
781,1,100,9,900,391,1,2019:04:23 19:28:00,1
782,2,120,2,240,391,1,2019:01:05 18:19:00,1
783,1,100,16,1600,392,1,2021:11:30 15:00:00,1
784,2,120,47,5640,392,1,2023:12:31 13:12:00,1
785,1,100,36,3600,393,1,2023:07:10 16:54:00,1
786,2,120,34,4080,393,1,2019:08:29 16:41:00,1
787,1,100,3,300,394,1,2022:10:01 15:21:00,1
788,2,120,32,3840,394,1,2022:04:14 15:54:00,1
789,1,100,2,200,395,1,2020:02:05 15:40:00,1
790,2,120,14,1680,395,1,2020:04:25 10:44:00,1
791,1,100,31,3100,396,1,2019:06:27 12:00:00,1
792,2,120,29,3480,396,1,2022:08:08 19:38:00,1
793,1,100,43,4300,397,1,2022:06:30 14:39:00,1
794,2,120,15,1800,397,1,2022:11:08 13:57:00,1
795,1,100,38,3800,398,1,2022:01:20 14:01:00,1
796,2,120,10,1200,398,1,2020:12:25 10:29:00,1
797,1,100,24,2400,399,1,2023:08:17 16:21:00,1
798,2,120,15,1800,399,1,2023:10:16 13:45:00,1
799,1,100,20,2000,400,1,2020:05:16 14:17:00,1
800,2,120,41,4920,400,1,2019:03:09 11:17:00,1
801,1,100,46,4600,401,1,2022:10:14 10:50:00,1
802,2,120,46,5520,401,1,2022:09:14 16:44:00,1
803,1,100,15,1500,402,1,2020:08:31 12:13:00,1
804,2,120,4,480,402,1,2020:09:21 15:19:00,1
805,1,100,20,2000,403,1,2022:12:15 16:50:00,1
806,2,120,43,5160,403,1,2020:07:20 13:35:00,1
807,1,100,41,4100,404,1,2023:10:08 14:47:00,1
808,2,120,18,2160,404,1,2020:07:22 19:39:00,1
809,1,100,31,3100,405,1,2019:04:22 17:46:00,1
810,2,120,38,4560,405,1,2020:07:10 17:21:00,1
811,1,100,34,3400,406,1,2022:11:22 19:14:00,1
812,2,120,19,2280,406,1,2022:06:25 14:25:00,1
813,1,100,49,4900,407,1,2020:08:07 13:44:00,1
814,2,120,22,2640,407,1,2023:10:23 14:08:00,1
815,1,100,35,3500,408,1,2022:02:11 14:00:00,1
816,2,120,48,5760,408,1,2022:12:05 15:11:00,1
817,1,100,43,4300,409,1,2021:05:14 10:12:00,1
818,2,120,25,3000,409,1,2020:03:01 19:35:00,1
819,1,100,45,4500,410,1,2023:06:12 14:05:00,1
820,2,120,38,4560,410,1,2022:09:10 12:00:00,1
821,1,100,49,4900,411,1,2020:10:24 11:23:00,1
822,2,120,22,2640,411,1,2021:09:13 13:50:00,1
823,1,100,31,3100,412,1,2021:01:05 17:04:00,1
824,2,120,44,5280,412,1,2021:12:03 14:41:00,1
825,1,100,45,4500,413,1,2021:07:18 15:31:00,1
826,2,120,19,2280,413,1,2021:06:19 13:57:00,1
827,1,100,18,1800,414,1,2019:02:17 11:21:00,1
828,2,120,9,1080,414,1,2020:04:01 11:14:00,1
829,1,100,5,500,415,1,2020:07:08 19:23:00,1
830,2,120,30,3600,415,1,2023:04:23 13:41:00,1
831,1,100,17,1700,416,1,2021:03:08 19:55:00,1
832,2,120,41,4920,416,1,2022:01:06 14:37:00,1
833,1,100,31,3100,417,1,2021:02:17 14:27:00,1
834,2,120,25,3000,417,1,2023:06:16 16:11:00,1
835,1,100,38,3800,418,1,2019:08:12 12:54:00,1
836,2,120,15,1800,418,1,2022:10:09 18:46:00,1
837,1,100,7,700,419,1,2022:03:10 13:42:00,1
838,2,120,7,840,419,1,2022:02:06 12:57:00,1
839,1,100,35,3500,420,1,2023:11:11 11:31:00,1
840,2,120,10,1200,420,1,2023:07:04 12:47:00,1
841,1,100,7,700,421,1,2019:06:25 10:13:00,1
842,2,120,26,3120,421,1,2022:05:16 18:04:00,1
843,1,100,7,700,422,1,2020:03:23 18:15:00,1
844,2,120,26,3120,422,1,2021:12:19 11:05:00,1
845,1,100,37,3700,423,1,2019:09:11 11:24:00,1
846,2,120,32,3840,423,1,2023:07:20 18:24:00,1
847,1,100,21,2100,424,1,2020:05:18 19:10:00,1
848,2,120,30,3600,424,1,2022:07:06 18:24:00,1
849,1,100,15,1500,425,1,2022:12:16 18:57:00,1
850,2,120,16,1920,425,1,2019:05:30 16:39:00,1
851,1,100,32,3200,426,1,2023:12:27 12:42:00,1
852,2,120,33,3960,426,1,2021:04:07 12:52:00,1
853,1,100,48,4800,427,1,2020:07:17 16:55:00,1
854,2,120,33,3960,427,1,2022:04:27 15:53:00,1
855,1,100,1,100,428,1,2021:10:16 13:13:00,1
856,2,120,5,600,428,1,2022:04:23 13:06:00,1
857,1,100,39,3900,429,1,2020:11:25 16:17:00,1
858,2,120,27,3240,429,1,2021:05:23 17:05:00,1
859,1,100,17,1700,430,1,2020:11:18 16:07:00,1
860,2,120,11,1320,430,1,2023:08:31 10:57:00,1
861,1,100,21,2100,431,1,2021:05:22 19:57:00,1
862,2,120,2,240,431,1,2023:01:30 13:11:00,1
863,1,100,1,100,432,1,2020:08:23 10:38:00,1
864,2,120,11,1320,432,1,2023:11:19 11:29:00,1
865,1,100,16,1600,433,1,2022:10:08 17:35:00,1
866,2,120,50,6000,433,1,2023:04:01 12:20:00,1
867,1,100,29,2900,434,1,2020:07:02 13:26:00,1
868,2,120,28,3360,434,1,2023:08:23 15:20:00,1
869,1,100,12,1200,435,1,2022:08:15 16:10:00,1
870,2,120,23,2760,435,1,2021:06:28 13:11:00,1
871,1,100,39,3900,436,1,2022:09:06 10:13:00,1
872,2,120,3,360,436,1,2019:12:04 10:05:00,1
873,1,100,27,2700,437,1,2023:03:01 15:33:00,1
874,2,120,31,3720,437,1,2019:07:06 10:11:00,1
875,1,100,35,3500,438,1,2021:07:02 19:20:00,1
876,2,120,43,5160,438,1,2019:07:01 11:56:00,1
877,1,100,17,1700,439,1,2019:01:26 15:57:00,1
878,2,120,8,960,439,1,2023:09:12 12:11:00,1
879,1,100,36,3600,440,1,2023:05:10 10:11:00,1
880,2,120,33,3960,440,1,2023:10:31 10:07:00,1
881,1,100,47,4700,441,1,2020:04:07 19:31:00,1
882,2,120,27,3240,441,1,2022:11:25 14:57:00,1
883,1,100,17,1700,442,1,2021:01:01 11:06:00,1
884,2,120,36,4320,442,1,2020:04:17 15:06:00,1
885,1,100,25,2500,443,1,2022:11:05 18:27:00,1
886,2,120,2,240,443,1,2021:11:26 12:53:00,1
887,1,100,38,3800,444,1,2020:04:08 13:33:00,1
888,2,120,3,360,444,1,2021:09:04 19:49:00,1
889,1,100,34,3400,445,1,2020:04:30 15:07:00,1
890,2,120,10,1200,445,1,2021:06:22 17:10:00,1
891,1,100,41,4100,446,1,2021:12:28 13:39:00,1
892,2,120,34,4080,446,1,2022:12:04 14:03:00,1
893,1,100,22,2200,447,1,2020:06:13 12:38:00,1
894,2,120,14,1680,447,1,2022:04:03 16:26:00,1
895,1,100,8,800,448,1,2023:06:18 19:10:00,1
896,2,120,41,4920,448,1,2020:04:12 11:17:00,1
897,1,100,8,800,449,1,2020:01:24 16:40:00,1
898,2,120,43,5160,449,1,2022:05:31 15:10:00,1
899,1,100,20,2000,450,1,2019:12:02 14:23:00,1
900,2,120,32,3840,450,1,2023:02:18 11:31:00,1
901,1,100,19,1900,451,1,2023:05:20 19:07:00,1
902,2,120,24,2880,451,1,2020:09:07 16:47:00,1
903,1,100,45,4500,452,1,2019:06:12 16:12:00,1
904,2,120,24,2880,452,1,2021:08:25 13:44:00,1
905,1,100,32,3200,453,1,2019:01:14 13:04:00,1
906,2,120,36,4320,453,1,2019:11:22 14:46:00,1
907,1,100,3,300,454,1,2023:08:14 11:14:00,1
908,2,120,36,4320,454,1,2023:01:14 19:49:00,1
909,1,100,37,3700,455,1,2023:10:21 10:19:00,1
910,2,120,5,600,455,1,2020:05:14 14:06:00,1
911,1,100,46,4600,456,1,2021:12:02 18:03:00,1
912,2,120,19,2280,456,1,2022:11:20 18:55:00,1
913,1,100,7,700,457,1,2021:11:30 13:32:00,1
914,2,120,38,4560,457,1,2022:03:24 10:40:00,1
915,1,100,17,1700,458,1,2022:05:21 12:35:00,1
916,2,120,40,4800,458,1,2019:05:22 12:56:00,1
917,1,100,19,1900,459,1,2023:04:28 17:52:00,1
918,2,120,18,2160,459,1,2019:05:30 19:59:00,1
919,1,100,39,3900,460,1,2020:05:05 16:29:00,1
920,2,120,33,3960,460,1,2023:04:14 14:36:00,1
921,1,100,18,1800,461,1,2019:03:05 12:05:00,1
922,2,120,18,2160,461,1,2020:04:23 16:40:00,1
923,1,100,50,5000,462,1,2023:02:28 15:07:00,1
924,2,120,40,4800,462,1,2023:01:17 12:06:00,1
925,1,100,21,2100,463,1,2022:08:18 15:36:00,1
926,2,120,17,2040,463,1,2019:09:10 15:16:00,1
927,1,100,15,1500,464,1,2023:01:07 12:37:00,1
928,2,120,8,960,464,1,2022:08:07 11:04:00,1
929,1,100,18,1800,465,1,2022:05:25 18:37:00,1
930,2,120,13,1560,465,1,2023:11:12 16:46:00,1
931,1,100,12,1200,466,1,2021:08:01 10:28:00,1
932,2,120,24,2880,466,1,2021:12:05 17:47:00,1
933,1,100,48,4800,467,1,2020:10:05 15:03:00,1
934,2,120,24,2880,467,1,2022:11:18 13:04:00,1
935,1,100,41,4100,468,1,2022:07:10 13:00:00,1
936,2,120,28,3360,468,1,2021:07:27 16:14:00,1
937,1,100,28,2800,469,1,2020:09:12 12:42:00,1
938,2,120,42,5040,469,1,2019:05:29 12:11:00,1
939,1,100,35,3500,470,1,2023:05:14 16:59:00,1
940,2,120,18,2160,470,1,2022:04:22 18:41:00,1
941,1,100,30,3000,471,1,2022:08:21 10:29:00,1
942,2,120,24,2880,471,1,2019:11:11 17:32:00,1
943,1,100,6,600,472,1,2020:10:25 18:48:00,1
944,2,120,10,1200,472,1,2022:01:22 16:30:00,1
945,1,100,15,1500,473,1,2019:10:04 11:01:00,1
946,2,120,19,2280,473,1,2020:05:08 13:51:00,1
947,1,100,21,2100,474,1,2019:10:26 18:12:00,1
948,2,120,15,1800,474,1,2019:09:23 10:33:00,1
949,1,100,28,2800,475,1,2019:04:04 13:24:00,1
950,2,120,42,5040,475,1,2019:01:16 17:01:00,1
951,1,100,12,1200,476,1,2022:11:08 17:04:00,1
952,2,120,3,360,476,1,2021:09:04 18:42:00,1
953,1,100,18,1800,477,1,2022:10:14 10:53:00,1
954,2,120,28,3360,477,1,2019:06:09 19:33:00,1
955,1,100,10,1000,478,1,2022:09:29 12:35:00,1
956,2,120,4,480,478,1,2020:01:03 13:17:00,1
957,1,100,13,1300,479,1,2023:05:01 18:01:00,1
958,2,120,35,4200,479,1,2023:07:18 18:14:00,1
959,1,100,16,1600,480,1,2020:10:08 14:06:00,1
960,2,120,10,1200,480,1,2022:09:09 14:57:00,1
961,1,100,24,2400,481,1,2020:05:03 12:34:00,1
962,2,120,25,3000,481,1,2020:04:11 14:10:00,1
963,1,100,1,100,482,1,2019:10:31 15:48:00,1
964,2,120,1,120,482,1,2019:11:09 19:23:00,1
965,1,100,9,900,483,1,2022:11:10 16:03:00,1
966,2,120,1,120,483,1,2021:07:28 16:46:00,1
967,1,100,15,1500,484,1,2021:07:09 13:10:00,1
968,2,120,40,4800,484,1,2020:01:04 14:57:00,1
969,1,100,11,1100,485,1,2020:07:26 15:25:00,1
970,2,120,46,5520,485,1,2022:11:29 14:13:00,1
971,1,100,19,1900,486,1,2023:07:21 12:26:00,1
972,2,120,1,120,486,1,2019:10:03 18:45:00,1
973,1,100,36,3600,487,1,2021:10:13 18:29:00,1
974,2,120,21,2520,487,1,2020:09:05 15:17:00,1
975,1,100,4,400,488,1,2022:12:07 17:15:00,1
976,2,120,4,480,488,1,2020:07:02 11:47:00,1
977,1,100,30,3000,489,1,2022:02:10 15:35:00,1
978,2,120,14,1680,489,1,2022:03:06 16:38:00,1
979,1,100,1,100,490,1,2023:02:25 13:56:00,1
980,2,120,37,4440,490,1,2019:01:08 17:23:00,1
981,1,100,27,2700,491,1,2021:02:20 13:06:00,1
982,2,120,45,5400,491,1,2020:12:20 16:05:00,1
983,1,100,1,100,492,1,2023:09:21 18:29:00,1
984,2,120,1,120,492,1,2019:02:10 18:53:00,1
985,1,100,16,1600,493,1,2022:11:22 12:02:00,1
986,2,120,36,4320,493,1,2019:11:29 13:32:00,1
987,1,100,8,800,494,1,2021:07:09 15:46:00,1
988,2,120,45,5400,494,1,2023:08:15 18:29:00,1
989,1,100,33,3300,495,1,2019:09:30 14:44:00,1
990,2,120,50,6000,495,1,2019:07:27 15:19:00,1
991,1,100,21,2100,496,1,2021:09:07 15:29:00,1
992,2,120,35,4200,496,1,2023:05:27 17:24:00,1
993,1,100,23,2300,497,1,2021:12:06 13:39:00,1
994,2,120,17,2040,497,1,2023:09:23 16:25:00,1
995,1,100,6,600,498,1,2023:06:13 16:10:00,1
996,2,120,14,1680,498,1,2021:10:22 15:31:00,1
997,1,100,43,4300,499,1,2019:06:05 16:25:00,1
998,2,120,43,5160,499,1,2022:10:28 19:59:00,1
999,1,100,33,3300,500,1,2022:04:19 14:29:00,1
1000,2,120,5,600,500,1,2020:05:30 15:35:00,1
1001,1,100,25,2500,501,1,2020:07:21 13:51:00,1
1002,2,120,44,5280,501,1,2021:11:03 13:00:00,1
1003,1,100,18,1800,502,1,2019:05:12 18:40:00,1
1004,2,120,47,5640,502,1,2022:03:29 19:30:00,1
1005,1,100,28,2800,503,1,2022:10:06 15:33:00,1
1006,2,120,16,1920,503,1,2021:09:02 14:50:00,1
1007,1,100,20,2000,504,1,2019:08:24 15:50:00,1
1008,2,120,22,2640,504,1,2019:12:05 19:31:00,1
1009,1,100,4,400,505,1,2023:05:31 16:43:00,1
1010,2,120,45,5400,505,1,2023:03:05 18:01:00,1
1011,1,100,17,1700,506,1,2019:03:27 19:47:00,1
1012,2,120,39,4680,506,1,2019:06:29 10:21:00,1
1013,1,100,32,3200,507,1,2019:04:09 12:27:00,1
1014,2,120,33,3960,507,1,2019:07:29 12:38:00,1
1015,1,100,46,4600,508,1,2020:10:16 16:06:00,1
1016,2,120,25,3000,508,1,2020:09:30 16:14:00,1
1017,1,100,36,3600,509,1,2021:01:13 18:28:00,1
1018,2,120,30,3600,509,1,2021:04:27 15:54:00,1
1019,1,100,11,1100,510,1,2019:01:17 11:20:00,1
1020,2,120,45,5400,510,1,2019:08:10 14:47:00,1
1021,1,100,49,4900,511,1,2021:01:01 10:46:00,1
1022,2,120,14,1680,511,1,2023:02:06 10:38:00,1
1023,1,100,6,600,512,1,2023:10:05 12:20:00,1
1024,2,120,28,3360,512,1,2020:07:09 14:13:00,1
1025,1,100,15,1500,513,1,2019:10:22 18:06:00,1
1026,2,120,29,3480,513,1,2020:07:13 10:01:00,1
1027,1,100,17,1700,514,1,2023:01:25 17:41:00,1
1028,2,120,49,5880,514,1,2021:03:06 19:12:00,1
1029,1,100,46,4600,515,1,2021:08:19 19:39:00,1
1030,2,120,26,3120,515,1,2021:09:27 16:29:00,1
1031,1,100,14,1400,516,1,2020:09:09 13:32:00,1
1032,2,120,12,1440,516,1,2019:02:19 10:38:00,1
1033,1,100,20,2000,517,1,2022:02:22 11:05:00,1
1034,2,120,4,480,517,1,2023:03:06 11:12:00,1
1035,1,100,20,2000,518,1,2021:01:20 18:20:00,1
1036,2,120,41,4920,518,1,2019:09:09 11:48:00,1
1037,1,100,9,900,519,1,2021:07:31 17:34:00,1
1038,2,120,42,5040,519,1,2022:08:24 19:43:00,1
1039,1,100,39,3900,520,1,2019:01:25 17:59:00,1
1040,2,120,6,720,520,1,2021:04:05 14:25:00,1
1041,1,100,44,4400,521,1,2023:02:03 10:34:00,1
1042,2,120,20,2400,521,1,2022:08:08 17:42:00,1
1043,1,100,48,4800,522,1,2019:11:03 14:10:00,1
1044,2,120,32,3840,522,1,2022:01:04 16:18:00,1
1045,1,100,8,800,523,1,2021:12:15 17:30:00,1
1046,2,120,43,5160,523,1,2022:04:24 16:00:00,1
1047,1,100,10,1000,524,1,2020:09:11 11:50:00,1
1048,2,120,44,5280,524,1,2021:10:28 16:28:00,1
1049,1,100,35,3500,525,1,2020:01:23 15:46:00,1
1050,2,120,28,3360,525,1,2022:05:31 16:53:00,1
1051,1,100,38,3800,526,1,2021:02:19 19:12:00,1
1052,2,120,45,5400,526,1,2021:03:14 19:47:00,1
1053,1,100,49,4900,527,1,2020:08:29 19:49:00,1
1054,2,120,11,1320,527,1,2021:10:09 18:10:00,1
1055,1,100,5,500,528,1,2022:08:04 18:29:00,1
1056,2,120,11,1320,528,1,2022:02:09 15:20:00,1
1057,1,100,44,4400,529,1,2023:11:25 12:29:00,1
1058,2,120,10,1200,529,1,2019:09:20 18:40:00,1
1059,1,100,11,1100,530,1,2023:01:04 13:25:00,1
1060,2,120,29,3480,530,1,2022:07:17 17:04:00,1
1061,1,100,41,4100,531,1,2019:06:19 19:07:00,1
1062,2,120,29,3480,531,1,2022:02:01 16:04:00,1
1063,1,100,48,4800,532,1,2021:01:06 10:44:00,1
1064,2,120,14,1680,532,1,2021:01:02 10:58:00,1
1065,1,100,11,1100,533,1,2022:09:09 12:07:00,1
1066,2,120,40,4800,533,1,2019:01:09 16:37:00,1
1067,1,100,40,4000,534,1,2023:11:09 10:08:00,1
1068,2,120,3,360,534,1,2021:07:15 11:45:00,1
1069,1,100,23,2300,535,1,2023:07:21 11:06:00,1
1070,2,120,9,1080,535,1,2022:11:11 11:06:00,1
1071,1,100,16,1600,536,1,2020:10:09 14:50:00,1
1072,2,120,45,5400,536,1,2021:12:03 11:18:00,1
1073,1,100,40,4000,537,1,2019:09:02 18:51:00,1
1074,2,120,32,3840,537,1,2022:10:24 11:06:00,1
1075,1,100,15,1500,538,1,2019:10:26 16:04:00,1
1076,2,120,33,3960,538,1,2023:11:16 16:49:00,1
1077,1,100,12,1200,539,1,2021:09:29 15:25:00,1
1078,2,120,44,5280,539,1,2021:04:06 13:39:00,1
1079,1,100,49,4900,540,1,2020:04:26 11:58:00,1
1080,2,120,41,4920,540,1,2019:04:28 12:21:00,1
1081,1,100,46,4600,541,1,2022:03:24 10:34:00,1
1082,2,120,9,1080,541,1,2023:03:09 15:29:00,1
1083,1,100,11,1100,542,1,2019:06:04 13:09:00,1
1084,2,120,9,1080,542,1,2023:09:05 12:21:00,1
1085,1,100,21,2100,543,1,2020:12:04 10:32:00,1
1086,2,120,31,3720,543,1,2022:08:15 14:23:00,1
1087,1,100,17,1700,544,1,2019:10:10 13:45:00,1
1088,2,120,28,3360,544,1,2023:07:22 14:46:00,1
1089,1,100,38,3800,545,1,2019:11:08 17:51:00,1
1090,2,120,1,120,545,1,2022:10:25 10:06:00,1
1091,1,100,22,2200,546,1,2022:06:08 18:19:00,1
1092,2,120,14,1680,546,1,2020:08:27 13:51:00,1
1093,1,100,17,1700,547,1,2023:06:30 15:59:00,1
1094,2,120,26,3120,547,1,2022:05:03 17:32:00,1
1095,1,100,15,1500,548,1,2020:04:11 18:49:00,1
1096,2,120,41,4920,548,1,2021:08:14 13:16:00,1
1097,1,100,35,3500,549,1,2020:07:14 17:17:00,1
1098,2,120,10,1200,549,1,2020:04:11 14:28:00,1
1099,1,100,26,2600,550,1,2023:09:07 12:32:00,1
1100,2,120,37,4440,550,1,2022:11:06 14:04:00,1
1101,1,100,41,4100,551,1,2019:03:26 16:41:00,1
1102,2,120,10,1200,551,1,2021:09:11 16:16:00,1
1103,1,100,16,1600,552,1,2020:10:08 14:24:00,1
1104,2,120,44,5280,552,1,2020:07:30 13:36:00,1
1105,1,100,35,3500,553,1,2023:02:13 10:26:00,1
1106,2,120,11,1320,553,1,2022:07:04 18:55:00,1
1107,1,100,35,3500,554,1,2019:04:28 14:34:00,1
1108,2,120,33,3960,554,1,2020:01:17 17:50:00,1
1109,1,100,36,3600,555,1,2021:07:10 15:38:00,1
1110,2,120,4,480,555,1,2019:12:21 11:08:00,1
1111,1,100,18,1800,556,1,2022:12:04 19:53:00,1
1112,2,120,3,360,556,1,2022:04:14 19:37:00,1
1113,1,100,5,500,557,1,2023:04:10 11:22:00,1
1114,2,120,21,2520,557,1,2022:02:22 18:43:00,1
1115,1,100,37,3700,558,1,2023:11:23 15:41:00,1
1116,2,120,10,1200,558,1,2021:10:24 17:44:00,1
1117,1,100,40,4000,559,1,2019:09:07 12:25:00,1
1118,2,120,15,1800,559,1,2020:06:30 17:13:00,1
1119,1,100,25,2500,560,1,2019:07:28 18:26:00,1
1120,2,120,7,840,560,1,2023:04:07 13:13:00,1
1121,1,100,45,4500,561,1,2019:03:26 12:48:00,1
1122,2,120,38,4560,561,1,2020:03:20 19:08:00,1
1123,1,100,43,4300,562,1,2021:04:17 13:48:00,1
1124,2,120,24,2880,562,1,2021:01:28 16:49:00,1
1125,1,100,49,4900,563,1,2023:01:30 14:07:00,1
1126,2,120,5,600,563,1,2019:12:17 12:50:00,1
1127,1,100,38,3800,564,1,2020:04:09 17:36:00,1
1128,2,120,43,5160,564,1,2023:02:11 13:51:00,1
1129,1,100,20,2000,565,1,2019:10:21 13:45:00,1
1130,2,120,26,3120,565,1,2019:08:05 12:20:00,1
1131,1,100,34,3400,566,1,2020:01:25 10:14:00,1
1132,2,120,32,3840,566,1,2019:08:21 11:01:00,1
1133,1,100,22,2200,567,1,2022:08:29 16:22:00,1
1134,2,120,37,4440,567,1,2022:03:12 11:27:00,1
1135,1,100,48,4800,568,1,2021:10:24 16:53:00,1
1136,2,120,40,4800,568,1,2021:10:09 12:37:00,1
1137,1,100,41,4100,569,1,2020:03:29 10:43:00,1
1138,2,120,38,4560,569,1,2022:12:27 16:13:00,1
1139,1,100,33,3300,570,1,2019:10:20 18:44:00,1
1140,2,120,34,4080,570,1,2019:05:15 18:53:00,1
1141,1,100,36,3600,571,1,2019:01:02 18:39:00,1
1142,2,120,49,5880,571,1,2019:08:05 15:24:00,1
1143,1,100,45,4500,572,1,2019:02:05 13:08:00,1
1144,2,120,25,3000,572,1,2019:08:04 13:13:00,1
1145,1,100,19,1900,573,1,2020:12:03 10:39:00,1
1146,2,120,24,2880,573,1,2019:10:04 18:38:00,1
1147,1,100,46,4600,574,1,2020:05:24 11:29:00,1
1148,2,120,16,1920,574,1,2023:11:02 15:32:00,1
1149,1,100,14,1400,575,1,2019:08:25 11:54:00,1
1150,2,120,48,5760,575,1,2019:08:13 13:01:00,1
1151,1,100,10,1000,576,1,2019:08:06 12:34:00,1
1152,2,120,18,2160,576,1,2023:09:09 16:22:00,1
1153,1,100,12,1200,577,1,2023:08:26 13:37:00,1
1154,2,120,38,4560,577,1,2021:12:29 13:04:00,1
1155,1,100,24,2400,578,1,2023:12:31 12:35:00,1
1156,2,120,16,1920,578,1,2023:01:02 13:07:00,1
1157,1,100,21,2100,579,1,2019:07:03 16:57:00,1
1158,2,120,4,480,579,1,2023:07:07 10:05:00,1
1159,1,100,17,1700,580,1,2021:06:25 11:33:00,1
1160,2,120,4,480,580,1,2022:04:03 13:00:00,1
1161,1,100,41,4100,581,1,2019:09:12 18:20:00,1
1162,2,120,43,5160,581,1,2022:06:17 19:21:00,1
1163,1,100,29,2900,582,1,2023:03:23 14:35:00,1
1164,2,120,37,4440,582,1,2021:06:21 19:34:00,1
1165,1,100,26,2600,583,1,2021:02:27 16:43:00,1
1166,2,120,13,1560,583,1,2023:04:27 16:50:00,1
1167,1,100,27,2700,584,1,2019:03:05 15:47:00,1
1168,2,120,35,4200,584,1,2021:06:16 17:34:00,1
1169,1,100,10,1000,585,1,2019:01:02 14:16:00,1
1170,2,120,47,5640,585,1,2020:05:06 17:03:00,1
1171,1,100,37,3700,586,1,2021:10:20 15:42:00,1
1172,2,120,22,2640,586,1,2022:01:28 19:56:00,1
1173,1,100,4,400,587,1,2021:04:20 15:07:00,1
1174,2,120,22,2640,587,1,2022:04:10 14:22:00,1
1175,1,100,50,5000,588,1,2021:03:29 10:22:00,1
1176,2,120,35,4200,588,1,2023:04:14 17:09:00,1
1177,1,100,4,400,589,1,2020:01:19 12:42:00,1
1178,2,120,31,3720,589,1,2023:05:31 18:16:00,1
1179,1,100,21,2100,590,1,2023:01:13 14:09:00,1
1180,2,120,46,5520,590,1,2019:08:21 14:46:00,1
1181,1,100,21,2100,591,1,2019:10:02 18:41:00,1
1182,2,120,28,3360,591,1,2021:12:31 16:33:00,1
1183,1,100,13,1300,592,1,2023:08:13 14:32:00,1
1184,2,120,29,3480,592,1,2020:05:18 11:25:00,1
1185,1,100,34,3400,593,1,2023:08:04 16:59:00,1
1186,2,120,9,1080,593,1,2023:06:17 12:41:00,1
1187,1,100,24,2400,594,1,2023:01:21 18:34:00,1
1188,2,120,13,1560,594,1,2019:11:19 15:59:00,1
1189,1,100,27,2700,595,1,2021:08:30 16:33:00,1
1190,2,120,14,1680,595,1,2019:10:05 11:21:00,1
1191,1,100,24,2400,596,1,2021:12:20 12:24:00,1
1192,2,120,27,3240,596,1,2019:07:28 15:18:00,1
1193,1,100,36,3600,597,1,2021:09:16 18:07:00,1
1194,2,120,48,5760,597,1,2019:12:29 14:55:00,1
1195,1,100,32,3200,598,1,2020:05:12 12:42:00,1
1196,2,120,19,2280,598,1,2022:08:10 13:35:00,1
1197,1,100,19,1900,599,1,2020:01:20 15:47:00,1
1198,2,120,48,5760,599,1,2022:06:16 19:25:00,1
1199,1,100,13,1300,600,1,2023:06:26 19:38:00,1
1200,2,120,1,120,600,1,2019:09:18 18:10:00,1
1201,1,100,13,1300,601,1,2022:01:23 16:08:00,1
1202,2,120,7,840,601,1,2020:03:27 15:36:00,1
1203,1,100,30,3000,602,1,2020:04:30 11:02:00,1
1204,2,120,42,5040,602,1,2022:05:19 15:57:00,1
1205,1,100,21,2100,603,1,2023:11:12 16:03:00,1
1206,2,120,19,2280,603,1,2021:03:17 14:58:00,1
1207,1,100,50,5000,604,1,2019:01:25 18:59:00,1
1208,2,120,9,1080,604,1,2019:09:05 15:28:00,1
1209,1,100,46,4600,605,1,2021:03:26 19:59:00,1
1210,2,120,40,4800,605,1,2020:11:01 13:43:00,1
1211,1,100,49,4900,606,1,2019:03:26 14:14:00,1
1212,2,120,22,2640,606,1,2021:04:22 10:27:00,1
1213,1,100,18,1800,607,1,2023:09:13 13:01:00,1
1214,2,120,19,2280,607,1,2019:06:28 14:19:00,1
1215,1,100,30,3000,608,1,2020:07:07 13:10:00,1
1216,2,120,29,3480,608,1,2020:01:29 14:24:00,1
1217,1,100,39,3900,609,1,2022:12:02 11:06:00,1
1218,2,120,31,3720,609,1,2021:07:10 19:21:00,1
1219,1,100,40,4000,610,1,2021:05:17 13:49:00,1
1220,2,120,5,600,610,1,2022:06:23 10:32:00,1
1221,1,100,17,1700,611,1,2022:09:17 15:28:00,1
1222,2,120,10,1200,611,1,2019:10:16 11:06:00,1
1223,1,100,41,4100,612,1,2020:01:18 11:36:00,1
1224,2,120,41,4920,612,1,2023:11:10 17:11:00,1
1225,1,100,21,2100,613,1,2021:07:28 10:26:00,1
1226,2,120,17,2040,613,1,2019:03:16 12:18:00,1
1227,1,100,3,300,614,1,2019:12:06 19:57:00,1
1228,2,120,18,2160,614,1,2019:02:16 17:38:00,1
1229,1,100,30,3000,615,1,2023:06:03 14:16:00,1
1230,2,120,46,5520,615,1,2019:03:01 13:55:00,1
1231,1,100,8,800,616,1,2019:06:08 10:03:00,1
1232,2,120,2,240,616,1,2019:03:29 11:57:00,1
1233,1,100,27,2700,617,1,2021:10:24 10:41:00,1
1234,2,120,4,480,617,1,2023:03:12 18:38:00,1
1235,1,100,22,2200,618,1,2022:01:30 15:03:00,1
1236,2,120,23,2760,618,1,2022:08:29 14:57:00,1
1237,1,100,6,600,619,1,2021:09:12 18:00:00,1
1238,2,120,32,3840,619,1,2019:02:09 16:15:00,1
1239,1,100,16,1600,620,1,2021:01:15 15:20:00,1
1240,2,120,43,5160,620,1,2019:06:08 15:49:00,1
1241,1,100,38,3800,621,1,2020:12:24 14:18:00,1
1242,2,120,11,1320,621,1,2022:10:24 12:17:00,1
1243,1,100,7,700,622,1,2020:09:11 15:40:00,1
1244,2,120,47,5640,622,1,2019:11:12 17:16:00,1
1245,1,100,46,4600,623,1,2021:06:16 11:02:00,1
1246,2,120,2,240,623,1,2019:07:18 13:33:00,1
1247,1,100,20,2000,624,1,2023:01:07 16:42:00,1
1248,2,120,41,4920,624,1,2023:02:01 11:38:00,1
1249,1,100,21,2100,625,1,2020:10:16 12:11:00,1
1250,2,120,39,4680,625,1,2021:06:07 10:10:00,1
1251,1,100,18,1800,626,1,2022:12:27 12:54:00,1
1252,2,120,8,960,626,1,2021:06:01 18:39:00,1
1253,1,100,12,1200,627,1,2020:12:26 16:09:00,1
1254,2,120,9,1080,627,1,2023:01:06 15:13:00,1
1255,1,100,11,1100,628,1,2023:06:13 14:42:00,1
1256,2,120,31,3720,628,1,2023:01:11 11:12:00,1
1257,1,100,6,600,629,1,2020:01:08 12:18:00,1
1258,2,120,12,1440,629,1,2019:10:28 19:16:00,1
1259,1,100,43,4300,630,1,2023:12:04 15:57:00,1
1260,2,120,47,5640,630,1,2019:08:28 11:03:00,1
1261,1,100,19,1900,631,1,2019:03:30 18:39:00,1
1262,2,120,37,4440,631,1,2021:01:02 13:31:00,1
1263,1,100,33,3300,632,1,2023:10:20 19:52:00,1
1264,2,120,40,4800,632,1,2022:08:05 18:43:00,1
1265,1,100,30,3000,633,1,2022:12:15 11:34:00,1
1266,2,120,10,1200,633,1,2019:08:14 13:55:00,1
1267,1,100,35,3500,634,1,2022:08:08 16:03:00,1
1268,2,120,43,5160,634,1,2020:01:16 18:10:00,1
1269,1,100,14,1400,635,1,2021:01:16 19:44:00,1
1270,2,120,48,5760,635,1,2021:02:12 16:21:00,1
1271,1,100,45,4500,636,1,2020:12:14 11:17:00,1
1272,2,120,15,1800,636,1,2022:07:02 19:10:00,1
1273,1,100,46,4600,637,1,2023:01:03 18:34:00,1
1274,2,120,14,1680,637,1,2020:01:05 18:19:00,1
1275,1,100,50,5000,638,1,2023:07:25 10:51:00,1
1276,2,120,24,2880,638,1,2021:04:04 10:03:00,1
1277,1,100,2,200,639,1,2020:02:03 10:17:00,1
1278,2,120,2,240,639,1,2020:12:27 18:40:00,1
1279,1,100,25,2500,640,1,2019:06:12 12:39:00,1
1280,2,120,18,2160,640,1,2023:07:26 13:19:00,1
1281,1,100,19,1900,641,1,2019:11:08 15:15:00,1
1282,2,120,35,4200,641,1,2019:08:18 16:12:00,1
1283,1,100,8,800,642,1,2019:10:28 18:44:00,1
1284,2,120,23,2760,642,1,2023:05:07 14:42:00,1
1285,1,100,36,3600,643,1,2020:05:21 14:31:00,1
1286,2,120,48,5760,643,1,2020:02:24 19:11:00,1
1287,1,100,1,100,644,1,2021:09:27 18:11:00,1
1288,2,120,24,2880,644,1,2022:03:13 11:49:00,1
1289,1,100,31,3100,645,1,2021:01:05 12:04:00,1
1290,2,120,46,5520,645,1,2019:09:08 13:04:00,1
1291,1,100,20,2000,646,1,2023:10:03 15:11:00,1
1292,2,120,6,720,646,1,2019:12:20 16:04:00,1
1293,1,100,43,4300,647,1,2020:01:17 18:18:00,1
1294,2,120,10,1200,647,1,2021:10:01 19:40:00,1
1295,1,100,19,1900,648,1,2020:02:27 10:01:00,1
1296,2,120,20,2400,648,1,2021:05:16 16:29:00,1
1297,1,100,8,800,649,1,2023:05:30 18:24:00,1
1298,2,120,39,4680,649,1,2020:02:18 13:09:00,1
1299,1,100,35,3500,650,1,2023:07:03 10:19:00,1
1300,2,120,26,3120,650,1,2021:01:05 15:00:00,1
1301,1,100,34,3400,651,1,2020:09:01 12:52:00,1
1302,2,120,50,6000,651,1,2022:05:15 18:11:00,1
1303,1,100,40,4000,652,1,2022:09:20 17:15:00,1
1304,2,120,25,3000,652,1,2019:07:26 16:04:00,1
1305,1,100,41,4100,653,1,2023:10:29 13:46:00,1
1306,2,120,40,4800,653,1,2022:12:17 12:47:00,1
1307,1,100,28,2800,654,1,2023:02:28 18:18:00,1
1308,2,120,13,1560,654,1,2022:09:16 10:00:00,1
1309,1,100,15,1500,655,1,2020:01:30 14:45:00,1
1310,2,120,38,4560,655,1,2021:07:12 11:09:00,1
1311,1,100,7,700,656,1,2021:07:13 13:04:00,1
1312,2,120,15,1800,656,1,2022:03:07 14:34:00,1
1313,1,100,9,900,657,1,2022:10:15 13:33:00,1
1314,2,120,36,4320,657,1,2023:09:17 18:01:00,1
1315,1,100,6,600,658,1,2023:08:22 13:32:00,1
1316,2,120,22,2640,658,1,2020:02:02 17:17:00,1
1317,1,100,36,3600,659,1,2019:01:10 17:44:00,1
1318,2,120,8,960,659,1,2019:09:04 16:58:00,1
1319,1,100,4,400,660,1,2023:03:19 13:14:00,1
1320,2,120,14,1680,660,1,2023:03:27 17:50:00,1
1321,1,100,15,1500,661,1,2021:03:28 16:01:00,1
1322,2,120,29,3480,661,1,2023:10:22 18:46:00,1
1323,1,100,10,1000,662,1,2021:09:04 18:40:00,1
1324,2,120,2,240,662,1,2022:06:24 15:50:00,1
1325,1,100,7,700,663,1,2019:07:22 10:00:00,1
1326,2,120,45,5400,663,1,2019:04:22 15:27:00,1
1327,1,100,26,2600,664,1,2020:01:16 10:49:00,1
1328,2,120,17,2040,664,1,2022:10:20 17:11:00,1
1329,1,100,11,1100,665,1,2020:10:11 16:59:00,1
1330,2,120,50,6000,665,1,2022:07:30 10:38:00,1
1331,1,100,2,200,666,1,2022:12:08 17:00:00,1
1332,2,120,31,3720,666,1,2022:10:18 10:56:00,1
1333,1,100,5,500,667,1,2022:11:18 18:34:00,1
1334,2,120,12,1440,667,1,2022:04:26 12:08:00,1
1335,1,100,38,3800,668,1,2023:11:17 19:36:00,1
1336,2,120,24,2880,668,1,2020:01:11 11:44:00,1
1337,1,100,38,3800,669,1,2022:06:16 10:33:00,1
1338,2,120,38,4560,669,1,2019:09:09 19:35:00,1
1339,1,100,28,2800,670,1,2021:08:05 13:57:00,1
1340,2,120,14,1680,670,1,2019:02:14 13:51:00,1
1341,1,100,6,600,671,1,2020:11:14 19:27:00,1
1342,2,120,36,4320,671,1,2020:05:24 11:53:00,1
1343,1,100,40,4000,672,1,2021:06:27 14:50:00,1
1344,2,120,30,3600,672,1,2020:04:05 15:29:00,1
1345,1,100,45,4500,673,1,2022:07:18 10:17:00,1
1346,2,120,49,5880,673,1,2023:05:27 14:04:00,1
1347,1,100,20,2000,674,1,2023:11:25 17:34:00,1
1348,2,120,3,360,674,1,2019:06:26 10:34:00,1
1349,1,100,10,1000,675,1,2019:06:12 19:40:00,1
1350,2,120,35,4200,675,1,2021:01:25 11:26:00,1
1351,1,100,39,3900,676,1,2022:10:27 19:21:00,1
1352,2,120,30,3600,676,1,2019:07:13 14:17:00,1
1353,1,100,36,3600,677,1,2022:12:03 12:10:00,1
1354,2,120,11,1320,677,1,2019:07:10 15:45:00,1
1355,1,100,26,2600,678,1,2023:07:18 15:30:00,1
1356,2,120,47,5640,678,1,2023:12:22 11:37:00,1
1357,1,100,40,4000,679,1,2022:07:22 15:08:00,1
1358,2,120,23,2760,679,1,2022:06:02 19:10:00,1
1359,1,100,34,3400,680,1,2023:03:02 19:02:00,1
1360,2,120,4,480,680,1,2022:02:06 14:14:00,1
1361,1,100,43,4300,681,1,2022:04:14 14:37:00,1
1362,2,120,16,1920,681,1,2021:11:25 17:57:00,1
1363,1,100,26,2600,682,1,2019:09:11 19:43:00,1
1364,2,120,13,1560,682,1,2019:05:30 19:06:00,1
1365,1,100,18,1800,683,1,2019:11:13 18:24:00,1
1366,2,120,38,4560,683,1,2019:01:04 19:37:00,1
1367,1,100,48,4800,684,1,2023:03:18 12:42:00,1
1368,2,120,4,480,684,1,2019:08:24 10:17:00,1
1369,1,100,31,3100,685,1,2023:06:23 19:54:00,1
1370,2,120,33,3960,685,1,2020:03:23 12:22:00,1
1371,1,100,6,600,686,1,2021:04:23 19:57:00,1
1372,2,120,16,1920,686,1,2020:08:21 11:20:00,1
1373,1,100,20,2000,687,1,2023:08:26 18:12:00,1
1374,2,120,33,3960,687,1,2019:02:23 15:34:00,1
1375,1,100,23,2300,688,1,2022:08:04 12:06:00,1
1376,2,120,44,5280,688,1,2021:04:25 15:02:00,1
1377,1,100,32,3200,689,1,2023:03:09 11:22:00,1
1378,2,120,7,840,689,1,2019:07:21 10:28:00,1
1379,1,100,19,1900,690,1,2023:08:02 12:43:00,1
1380,2,120,1,120,690,1,2021:07:04 10:36:00,1
1381,1,100,21,2100,691,1,2023:09:07 15:13:00,1
1382,2,120,27,3240,691,1,2019:06:24 13:25:00,1
1383,1,100,15,1500,692,1,2021:11:22 17:52:00,1
1384,2,120,47,5640,692,1,2019:08:24 15:43:00,1
1385,1,100,50,5000,693,1,2020:01:09 11:56:00,1
1386,2,120,27,3240,693,1,2019:11:13 18:49:00,1
1387,1,100,6,600,694,1,2020:10:16 17:30:00,1
1388,2,120,40,4800,694,1,2019:03:05 10:28:00,1
1389,1,100,41,4100,695,1,2019:02:02 13:45:00,1
1390,2,120,14,1680,695,1,2019:03:16 13:31:00,1
1391,1,100,5,500,696,1,2023:04:06 16:57:00,1
1392,2,120,50,6000,696,1,2020:11:21 19:47:00,1
1393,1,100,15,1500,697,1,2020:02:05 13:55:00,1
1394,2,120,23,2760,697,1,2019:03:11 16:33:00,1
1395,1,100,14,1400,698,1,2023:06:28 19:10:00,1
1396,2,120,26,3120,698,1,2023:11:12 17:43:00,1
1397,1,100,34,3400,699,1,2021:01:20 19:33:00,1
1398,2,120,42,5040,699,1,2020:08:08 11:37:00,1
1399,1,100,36,3600,700,1,2021:12:10 15:49:00,1
1400,2,120,19,2280,700,1,2022:07:27 15:41:00,1
1401,1,100,35,3500,701,1,2022:09:02 18:06:00,1
1402,2,120,3,360,701,1,2023:11:10 16:51:00,1
1403,1,100,47,4700,702,1,2021:03:07 13:18:00,1
1404,2,120,8,960,702,1,2019:03:10 11:29:00,1
1405,1,100,2,200,703,1,2023:02:19 19:46:00,1
1406,2,120,32,3840,703,1,2020:04:15 12:43:00,1
1407,1,100,24,2400,704,1,2020:01:22 17:21:00,1
1408,2,120,49,5880,704,1,2022:03:15 14:18:00,1
1409,1,100,47,4700,705,1,2020:10:20 16:10:00,1
1410,2,120,13,1560,705,1,2023:07:17 16:06:00,1
1411,1,100,13,1300,706,1,2020:11:05 11:57:00,1
1412,2,120,18,2160,706,1,2022:05:15 18:12:00,1
1413,1,100,17,1700,707,1,2021:01:05 17:35:00,1
1414,2,120,9,1080,707,1,2021:12:16 19:31:00,1
1415,1,100,47,4700,708,1,2022:01:21 15:53:00,1
1416,2,120,40,4800,708,1,2022:01:10 16:58:00,1
1417,1,100,17,1700,709,1,2023:08:24 16:33:00,1
1418,2,120,25,3000,709,1,2023:07:18 13:19:00,1
1419,1,100,22,2200,710,1,2021:07:14 18:14:00,1
1420,2,120,3,360,710,1,2022:05:24 15:02:00,1
1421,1,100,11,1100,711,1,2022:08:28 10:11:00,1
1422,2,120,21,2520,711,1,2021:10:25 17:35:00,1
1423,1,100,17,1700,712,1,2023:10:13 19:01:00,1
1424,2,120,42,5040,712,1,2019:09:18 13:55:00,1
1425,1,100,25,2500,713,1,2023:09:15 11:40:00,1
1426,2,120,14,1680,713,1,2022:07:27 18:56:00,1
1427,1,100,32,3200,714,1,2019:02:10 16:41:00,1
1428,2,120,15,1800,714,1,2022:01:26 14:39:00,1
1429,1,100,29,2900,715,1,2021:11:26 11:36:00,1
1430,2,120,44,5280,715,1,2019:09:03 19:57:00,1
1431,1,100,10,1000,716,1,2020:07:05 14:45:00,1
1432,2,120,5,600,716,1,2023:04:21 17:54:00,1
1433,1,100,41,4100,717,1,2022:03:14 10:35:00,1
1434,2,120,25,3000,717,1,2023:05:12 12:04:00,1
1435,1,100,7,700,718,1,2019:08:10 13:21:00,1
1436,2,120,23,2760,718,1,2020:10:05 11:36:00,1
1437,1,100,44,4400,719,1,2022:06:28 15:42:00,1
1438,2,120,26,3120,719,1,2021:10:23 12:50:00,1
1439,1,100,8,800,720,1,2019:03:19 12:13:00,1
1440,2,120,38,4560,720,1,2019:03:25 16:43:00,1
1441,1,100,39,3900,721,1,2023:08:21 16:48:00,1
1442,2,120,46,5520,721,1,2021:03:01 13:30:00,1
1443,1,100,4,400,722,1,2021:12:09 17:38:00,1
1444,2,120,45,5400,722,1,2020:02:05 14:09:00,1
1445,1,100,11,1100,723,1,2023:09:18 10:02:00,1
1446,2,120,32,3840,723,1,2019:03:01 11:14:00,1
1447,1,100,50,5000,724,1,2022:06:05 15:19:00,1
1448,2,120,29,3480,724,1,2020:07:02 16:19:00,1
1449,1,100,21,2100,725,1,2023:03:25 17:06:00,1
1450,2,120,19,2280,725,1,2021:06:16 12:01:00,1
1451,1,100,12,1200,726,1,2023:04:06 12:09:00,1
1452,2,120,25,3000,726,1,2020:12:02 12:36:00,1
1453,1,100,37,3700,727,1,2020:11:26 14:07:00,1
1454,2,120,46,5520,727,1,2019:12:12 16:41:00,1
1455,1,100,44,4400,728,1,2020:12:21 12:36:00,1
1456,2,120,22,2640,728,1,2019:02:24 12:36:00,1
1457,1,100,33,3300,729,1,2019:02:10 16:17:00,1
1458,2,120,39,4680,729,1,2020:11:07 16:39:00,1
1459,1,100,9,900,730,1,2019:10:18 14:11:00,1
1460,2,120,47,5640,730,1,2021:08:29 14:23:00,1
1461,1,100,1,100,731,1,2020:12:24 17:59:00,1
1462,2,120,44,5280,731,1,2021:04:02 13:04:00,1
1463,1,100,15,1500,732,1,2022:10:14 12:31:00,1
1464,2,120,44,5280,732,1,2023:07:07 16:17:00,1
1465,1,100,17,1700,733,1,2021:10:31 19:53:00,1
1466,2,120,20,2400,733,1,2021:06:04 19:19:00,1
1467,1,100,25,2500,734,1,2023:11:04 18:28:00,1
1468,2,120,36,4320,734,1,2021:04:15 19:37:00,1
1469,1,100,4,400,735,1,2023:09:17 12:53:00,1
1470,2,120,20,2400,735,1,2021:10:10 18:46:00,1
1471,1,100,38,3800,736,1,2020:04:07 17:35:00,1
1472,2,120,50,6000,736,1,2023:10:03 10:46:00,1
1473,1,100,12,1200,737,1,2020:07:13 18:57:00,1
1474,2,120,24,2880,737,1,2021:05:15 19:25:00,1
1475,1,100,50,5000,738,1,2022:03:17 11:33:00,1
1476,2,120,8,960,738,1,2019:02:02 15:49:00,1
1477,1,100,45,4500,739,1,2019:06:01 17:34:00,1
1478,2,120,11,1320,739,1,2021:07:06 10:18:00,1
1479,1,100,29,2900,740,1,2021:08:21 19:49:00,1
1480,2,120,24,2880,740,1,2023:04:24 18:13:00,1
1481,1,100,36,3600,741,1,2019:12:28 12:04:00,1
1482,2,120,3,360,741,1,2019:10:15 10:14:00,1
1483,1,100,42,4200,742,1,2019:06:05 19:16:00,1
1484,2,120,32,3840,742,1,2022:06:09 17:14:00,1
1485,1,100,50,5000,743,1,2023:07:28 16:04:00,1
1486,2,120,10,1200,743,1,2019:01:18 14:44:00,1
1487,1,100,20,2000,744,1,2020:01:22 10:33:00,1
1488,2,120,30,3600,744,1,2023:12:28 12:13:00,1
1489,1,100,26,2600,745,1,2019:11:18 14:38:00,1
1490,2,120,44,5280,745,1,2021:09:07 16:25:00,1
1491,1,100,10,1000,746,1,2020:05:02 19:58:00,1
1492,2,120,4,480,746,1,2022:03:06 10:37:00,1
1493,1,100,38,3800,747,1,2023:09:19 14:52:00,1
1494,2,120,46,5520,747,1,2021:11:28 16:52:00,1
1495,1,100,42,4200,748,1,2022:01:10 13:54:00,1
1496,2,120,30,3600,748,1,2022:02:05 11:16:00,1
1497,1,100,23,2300,749,1,2023:01:22 18:34:00,1
1498,2,120,40,4800,749,1,2023:10:20 10:11:00,1
1499,1,100,22,2200,750,1,2020:12:29 12:21:00,1
1500,2,120,25,3000,750,1,2023:06:18 11:40:00,1
1501,1,100,16,1600,751,1,2019:07:18 16:25:00,1
1502,2,120,5,600,751,1,2019:07:07 18:15:00,1
1503,1,100,39,3900,752,1,2023:01:15 18:33:00,1
1504,2,120,12,1440,752,1,2019:06:01 14:53:00,1
1505,1,100,4,400,753,1,2019:04:10 10:58:00,1
1506,2,120,20,2400,753,1,2023:07:23 12:52:00,1
1507,1,100,50,5000,754,1,2019:12:07 15:45:00,1
1508,2,120,44,5280,754,1,2021:03:28 10:56:00,1
1509,1,100,9,900,755,1,2019:10:05 14:50:00,1
1510,2,120,16,1920,755,1,2019:04:05 13:59:00,1
1511,1,100,49,4900,756,1,2020:12:03 10:33:00,1
1512,2,120,10,1200,756,1,2023:01:23 11:18:00,1
1513,1,100,44,4400,757,1,2023:01:31 14:00:00,1
1514,2,120,9,1080,757,1,2021:07:10 19:07:00,1
1515,1,100,42,4200,758,1,2021:11:10 10:25:00,1
1516,2,120,40,4800,758,1,2021:07:09 17:15:00,1
1517,1,100,37,3700,759,1,2023:03:30 17:49:00,1
1518,2,120,10,1200,759,1,2023:01:18 16:01:00,1
1519,1,100,39,3900,760,1,2021:06:19 14:21:00,1
1520,2,120,12,1440,760,1,2023:01:19 19:21:00,1
1521,1,100,25,2500,761,1,2020:07:25 19:13:00,1
1522,2,120,20,2400,761,1,2020:03:18 18:35:00,1
1523,1,100,4,400,762,1,2022:02:07 10:11:00,1
1524,2,120,19,2280,762,1,2023:06:12 15:31:00,1
1525,1,100,1,100,763,1,2020:07:24 17:08:00,1
1526,2,120,36,4320,763,1,2023:06:11 19:35:00,1
1527,1,100,26,2600,764,1,2020:05:14 19:07:00,1
1528,2,120,45,5400,764,1,2023:04:06 19:21:00,1
1529,1,100,37,3700,765,1,2023:02:04 15:41:00,1
1530,2,120,42,5040,765,1,2022:06:01 10:27:00,1
1531,1,100,13,1300,766,1,2022:10:14 18:10:00,1
1532,2,120,27,3240,766,1,2020:11:23 13:04:00,1
1533,1,100,29,2900,767,1,2019:01:08 15:02:00,1
1534,2,120,3,360,767,1,2019:05:12 14:10:00,1
1535,1,100,20,2000,768,1,2019:11:08 10:12:00,1
1536,2,120,15,1800,768,1,2021:11:20 16:56:00,1
1537,1,100,7,700,769,1,2022:03:19 18:12:00,1
1538,2,120,10,1200,769,1,2021:07:20 16:05:00,1
1539,1,100,16,1600,770,1,2020:07:26 18:07:00,1
1540,2,120,34,4080,770,1,2020:12:17 16:46:00,1
1541,1,100,37,3700,771,1,2023:05:09 10:58:00,1
1542,2,120,10,1200,771,1,2020:06:11 14:06:00,1
1543,1,100,17,1700,772,1,2020:03:10 12:17:00,1
1544,2,120,30,3600,772,1,2022:11:01 14:58:00,1
1545,1,100,16,1600,773,1,2023:12:15 18:25:00,1
1546,2,120,37,4440,773,1,2022:10:11 10:08:00,1
1547,1,100,26,2600,774,1,2023:03:03 17:22:00,1
1548,2,120,39,4680,774,1,2023:12:17 18:20:00,1
1549,1,100,27,2700,775,1,2019:05:02 13:45:00,1
1550,2,120,10,1200,775,1,2019:01:21 10:59:00,1
1551,1,100,42,4200,776,1,2022:10:12 10:46:00,1
1552,2,120,8,960,776,1,2021:11:16 10:19:00,1
1553,1,100,47,4700,777,1,2023:11:24 14:17:00,1
1554,2,120,6,720,777,1,2023:12:19 19:36:00,1
1555,1,100,23,2300,778,1,2020:02:09 15:34:00,1
1556,2,120,5,600,778,1,2020:05:19 10:52:00,1
1557,1,100,26,2600,779,1,2022:12:03 18:09:00,1
1558,2,120,14,1680,779,1,2020:12:20 11:54:00,1
1559,1,100,13,1300,780,1,2019:08:13 19:53:00,1
1560,2,120,11,1320,780,1,2023:10:25 15:56:00,1
1561,1,100,1,100,781,1,2023:05:30 14:11:00,1
1562,2,120,41,4920,781,1,2021:04:19 17:50:00,1
1563,1,100,22,2200,782,1,2019:04:15 13:44:00,1
1564,2,120,22,2640,782,1,2019:08:20 12:08:00,1
1565,1,100,16,1600,783,1,2023:11:29 17:20:00,1
1566,2,120,9,1080,783,1,2022:11:15 14:31:00,1
1567,1,100,18,1800,784,1,2022:04:14 17:08:00,1
1568,2,120,28,3360,784,1,2022:09:09 13:18:00,1
1569,1,100,39,3900,785,1,2021:09:13 17:50:00,1
1570,2,120,29,3480,785,1,2020:05:24 11:29:00,1
1571,1,100,23,2300,786,1,2020:12:01 18:12:00,1
1572,2,120,16,1920,786,1,2021:01:12 12:25:00,1
1573,1,100,10,1000,787,1,2021:04:14 19:57:00,1
1574,2,120,8,960,787,1,2022:09:02 19:14:00,1
1575,1,100,34,3400,788,1,2020:08:25 11:19:00,1
1576,2,120,38,4560,788,1,2022:09:25 15:06:00,1
1577,1,100,14,1400,789,1,2023:08:05 15:33:00,1
1578,2,120,46,5520,789,1,2021:10:05 12:07:00,1
1579,1,100,11,1100,790,1,2023:07:24 12:20:00,1
1580,2,120,45,5400,790,1,2023:05:27 17:35:00,1
1581,1,100,27,2700,791,1,2022:05:06 13:36:00,1
1582,2,120,28,3360,791,1,2021:01:11 15:56:00,1
1583,1,100,35,3500,792,1,2020:04:06 12:48:00,1
1584,2,120,42,5040,792,1,2019:05:08 13:07:00,1
1585,1,100,3,300,793,1,2020:11:11 19:13:00,1
1586,2,120,6,720,793,1,2019:06:05 17:41:00,1
1587,1,100,30,3000,794,1,2020:06:17 14:57:00,1
1588,2,120,31,3720,794,1,2023:07:12 11:55:00,1
1589,1,100,21,2100,795,1,2019:05:31 18:02:00,1
1590,2,120,2,240,795,1,2023:06:19 13:15:00,1
1591,1,100,37,3700,796,1,2023:08:17 14:29:00,1
1592,2,120,19,2280,796,1,2022:09:15 14:06:00,1
1593,1,100,23,2300,797,1,2022:11:16 15:24:00,1
1594,2,120,28,3360,797,1,2022:08:03 17:43:00,1
1595,1,100,32,3200,798,1,2021:09:19 15:31:00,1
1596,2,120,5,600,798,1,2022:02:17 19:35:00,1
1597,1,100,24,2400,799,1,2022:03:15 16:46:00,1
1598,2,120,5,600,799,1,2023:07:09 17:13:00,1
1599,1,100,23,2300,800,1,2022:06:26 12:47:00,1
1600,2,120,16,1920,800,1,2022:07:19 17:37:00,1
1601,1,100,21,2100,801,1,2023:10:19 10:43:00,1
1602,2,120,5,600,801,1,2020:03:13 17:03:00,1
1603,1,100,13,1300,802,1,2019:12:17 18:53:00,1
1604,2,120,25,3000,802,1,2020:04:07 19:02:00,1
1605,1,100,43,4300,803,1,2019:09:06 10:15:00,1
1606,2,120,17,2040,803,1,2022:10:09 11:38:00,1
1607,1,100,26,2600,804,1,2021:10:09 10:45:00,1
1608,2,120,6,720,804,1,2020:07:22 18:09:00,1
1609,1,100,32,3200,805,1,2022:06:18 10:42:00,1
1610,2,120,40,4800,805,1,2023:03:03 16:03:00,1
1611,1,100,38,3800,806,1,2021:02:20 12:08:00,1
1612,2,120,13,1560,806,1,2022:02:04 15:15:00,1
1613,1,100,1,100,807,1,2022:05:30 12:47:00,1
1614,2,120,24,2880,807,1,2020:03:11 18:11:00,1
1615,1,100,41,4100,808,1,2020:05:25 11:47:00,1
1616,2,120,45,5400,808,1,2019:07:15 12:15:00,1
1617,1,100,17,1700,809,1,2021:05:18 18:41:00,1
1618,2,120,8,960,809,1,2019:10:29 11:22:00,1
1619,1,100,23,2300,810,1,2022:08:23 13:00:00,1
1620,2,120,23,2760,810,1,2021:09:13 11:57:00,1
1621,1,100,5,500,811,1,2019:01:12 12:38:00,1
1622,2,120,20,2400,811,1,2020:06:30 14:45:00,1
1623,1,100,23,2300,812,1,2019:12:24 19:08:00,1
1624,2,120,16,1920,812,1,2022:05:02 16:58:00,1
1625,1,100,37,3700,813,1,2022:07:18 14:58:00,1
1626,2,120,44,5280,813,1,2022:04:04 11:02:00,1
1627,1,100,43,4300,814,1,2021:02:23 18:13:00,1
1628,2,120,31,3720,814,1,2023:09:11 13:49:00,1
1629,1,100,37,3700,815,1,2023:02:17 16:56:00,1
1630,2,120,29,3480,815,1,2021:08:06 18:09:00,1
1631,1,100,10,1000,816,1,2023:09:19 14:40:00,1
1632,2,120,36,4320,816,1,2021:05:30 17:44:00,1
1633,1,100,28,2800,817,1,2020:08:24 16:17:00,1
1634,2,120,32,3840,817,1,2022:11:27 12:48:00,1
1635,1,100,6,600,818,1,2023:06:07 13:52:00,1
1636,2,120,33,3960,818,1,2022:10:18 17:38:00,1
1637,1,100,27,2700,819,1,2023:09:02 19:33:00,1
1638,2,120,42,5040,819,1,2021:04:20 12:45:00,1
1639,1,100,47,4700,820,1,2020:12:31 16:01:00,1
1640,2,120,43,5160,820,1,2019:09:22 16:39:00,1
1641,1,100,42,4200,821,1,2020:06:16 13:46:00,1
1642,2,120,48,5760,821,1,2020:07:27 11:40:00,1
1643,1,100,26,2600,822,1,2023:04:15 14:52:00,1
1644,2,120,27,3240,822,1,2023:11:29 15:11:00,1
1645,1,100,26,2600,823,1,2022:01:01 18:13:00,1
1646,2,120,34,4080,823,1,2022:04:04 18:28:00,1
1647,1,100,22,2200,824,1,2022:10:12 18:56:00,1
1648,2,120,27,3240,824,1,2020:11:02 10:41:00,1
1649,1,100,34,3400,825,1,2019:06:23 10:39:00,1
1650,2,120,16,1920,825,1,2019:04:14 19:18:00,1
1651,1,100,34,3400,826,1,2020:08:24 17:37:00,1
1652,2,120,39,4680,826,1,2023:09:27 11:48:00,1
1653,1,100,46,4600,827,1,2020:02:13 13:43:00,1
1654,2,120,37,4440,827,1,2020:08:11 16:40:00,1
1655,1,100,33,3300,828,1,2020:08:25 11:34:00,1
1656,2,120,10,1200,828,1,2023:09:08 12:40:00,1
1657,1,100,11,1100,829,1,2023:05:17 17:14:00,1
1658,2,120,42,5040,829,1,2019:01:09 15:29:00,1
1659,1,100,30,3000,830,1,2022:08:05 19:46:00,1
1660,2,120,42,5040,830,1,2022:09:24 12:15:00,1
1661,1,100,38,3800,831,1,2020:06:03 12:26:00,1
1662,2,120,6,720,831,1,2023:04:16 15:04:00,1
1663,1,100,21,2100,832,1,2023:05:23 12:05:00,1
1664,2,120,28,3360,832,1,2020:01:31 10:04:00,1
1665,1,100,9,900,833,1,2023:01:26 14:54:00,1
1666,2,120,48,5760,833,1,2021:03:23 15:05:00,1
1667,1,100,10,1000,834,1,2019:12:31 11:24:00,1
1668,2,120,19,2280,834,1,2023:04:27 14:05:00,1
1669,1,100,39,3900,835,1,2021:10:06 10:19:00,1
1670,2,120,19,2280,835,1,2020:01:13 19:46:00,1
1671,1,100,26,2600,836,1,2020:03:06 12:36:00,1
1672,2,120,18,2160,836,1,2019:07:23 16:23:00,1
1673,1,100,24,2400,837,1,2021:07:18 17:06:00,1
1674,2,120,11,1320,837,1,2023:05:20 18:54:00,1
1675,1,100,18,1800,838,1,2022:06:23 12:54:00,1
1676,2,120,18,2160,838,1,2020:05:05 10:10:00,1
1677,1,100,35,3500,839,1,2021:10:02 16:58:00,1
1678,2,120,28,3360,839,1,2022:02:21 19:11:00,1
1679,1,100,37,3700,840,1,2019:06:25 11:33:00,1
1680,2,120,12,1440,840,1,2023:08:01 16:45:00,1
1681,1,100,5,500,841,1,2022:10:17 16:40:00,1
1682,2,120,19,2280,841,1,2019:09:24 17:30:00,1
1683,1,100,30,3000,842,1,2021:12:02 18:24:00,1
1684,2,120,46,5520,842,1,2020:04:13 15:53:00,1
1685,1,100,38,3800,843,1,2020:12:02 18:26:00,1
1686,2,120,1,120,843,1,2022:08:06 10:12:00,1
1687,1,100,41,4100,844,1,2023:01:22 10:02:00,1
1688,2,120,47,5640,844,1,2022:12:16 12:48:00,1
1689,1,100,11,1100,845,1,2022:11:22 15:08:00,1
1690,2,120,13,1560,845,1,2023:02:13 12:24:00,1
1691,1,100,17,1700,846,1,2020:09:26 17:59:00,1
1692,2,120,44,5280,846,1,2019:07:27 10:36:00,1
1693,1,100,5,500,847,1,2019:10:17 16:31:00,1
1694,2,120,7,840,847,1,2020:07:23 16:22:00,1
1695,1,100,39,3900,848,1,2020:01:03 10:39:00,1
1696,2,120,32,3840,848,1,2019:01:20 13:49:00,1
1697,1,100,29,2900,849,1,2022:03:17 10:51:00,1
1698,2,120,39,4680,849,1,2020:02:09 11:54:00,1
1699,1,100,42,4200,850,1,2022:10:06 18:31:00,1
1700,2,120,37,4440,850,1,2023:11:29 15:40:00,1
1701,1,100,26,2600,851,1,2022:12:24 15:39:00,1
1702,2,120,31,3720,851,1,2019:06:30 12:22:00,1
1703,1,100,19,1900,852,1,2022:01:07 14:05:00,1
1704,2,120,23,2760,852,1,2022:05:05 11:57:00,1
1705,1,100,46,4600,853,1,2019:03:19 11:17:00,1
1706,2,120,34,4080,853,1,2021:07:19 13:26:00,1
1707,1,100,6,600,854,1,2023:01:09 10:58:00,1
1708,2,120,11,1320,854,1,2021:05:02 10:31:00,1
1709,1,100,14,1400,855,1,2019:10:20 11:15:00,1
1710,2,120,23,2760,855,1,2019:04:03 19:32:00,1
1711,1,100,37,3700,856,1,2019:12:19 17:45:00,1
1712,2,120,4,480,856,1,2019:09:08 13:30:00,1
1713,1,100,32,3200,857,1,2023:02:21 17:31:00,1
1714,2,120,17,2040,857,1,2020:04:11 18:31:00,1
1715,1,100,6,600,858,1,2023:02:03 15:42:00,1
1716,2,120,1,120,858,1,2023:11:28 15:38:00,1
1717,1,100,43,4300,859,1,2023:04:05 19:33:00,1
1718,2,120,42,5040,859,1,2019:12:21 10:43:00,1
1719,1,100,28,2800,860,1,2020:04:22 18:55:00,1
1720,2,120,48,5760,860,1,2020:01:31 16:35:00,1
1721,1,100,41,4100,861,1,2023:07:25 11:18:00,1
1722,2,120,13,1560,861,1,2019:07:31 12:36:00,1
1723,1,100,46,4600,862,1,2019:01:13 10:14:00,1
1724,2,120,11,1320,862,1,2019:11:27 12:08:00,1
1725,1,100,32,3200,863,1,2023:06:18 18:04:00,1
1726,2,120,43,5160,863,1,2021:06:07 11:01:00,1
1727,1,100,5,500,864,1,2021:12:08 14:02:00,1
1728,2,120,10,1200,864,1,2022:10:08 12:24:00,1
1729,1,100,34,3400,865,1,2021:05:30 18:54:00,1
1730,2,120,26,3120,865,1,2021:03:30 16:00:00,1
1731,1,100,10,1000,866,1,2020:02:03 11:15:00,1
1732,2,120,50,6000,866,1,2021:08:08 17:34:00,1
1733,1,100,42,4200,867,1,2021:10:12 13:30:00,1
1734,2,120,8,960,867,1,2022:02:27 13:41:00,1
1735,1,100,2,200,868,1,2022:05:05 12:55:00,1
1736,2,120,16,1920,868,1,2021:04:30 11:13:00,1
1737,1,100,36,3600,869,1,2019:03:27 10:25:00,1
1738,2,120,29,3480,869,1,2022:07:15 12:45:00,1
1739,1,100,45,4500,870,1,2020:11:03 19:42:00,1
1740,2,120,3,360,870,1,2022:02:10 19:47:00,1
1741,1,100,23,2300,871,1,2019:06:30 12:52:00,1
1742,2,120,40,4800,871,1,2023:02:22 15:12:00,1
1743,1,100,18,1800,872,1,2019:04:19 19:20:00,1
1744,2,120,50,6000,872,1,2020:05:11 15:59:00,1
1745,1,100,23,2300,873,1,2020:06:30 14:24:00,1
1746,2,120,24,2880,873,1,2023:10:26 17:31:00,1
1747,1,100,18,1800,874,1,2023:10:04 10:53:00,1
1748,2,120,38,4560,874,1,2019:11:10 10:55:00,1
1749,1,100,46,4600,875,1,2019:12:01 19:02:00,1
1750,2,120,31,3720,875,1,2020:11:22 17:36:00,1
1751,1,100,15,1500,876,1,2019:12:13 15:03:00,1
1752,2,120,34,4080,876,1,2020:01:02 16:27:00,1
1753,1,100,10,1000,877,1,2022:03:02 16:48:00,1
1754,2,120,40,4800,877,1,2022:05:18 17:26:00,1
1755,1,100,43,4300,878,1,2019:02:09 18:56:00,1
1756,2,120,47,5640,878,1,2022:11:18 16:30:00,1
1757,1,100,7,700,879,1,2019:12:18 19:26:00,1
1758,2,120,34,4080,879,1,2020:03:15 16:34:00,1
1759,1,100,4,400,880,1,2019:08:21 19:28:00,1
1760,2,120,35,4200,880,1,2019:12:22 16:45:00,1
1761,1,100,29,2900,881,1,2021:12:10 14:02:00,1
1762,2,120,16,1920,881,1,2021:07:10 13:01:00,1
1763,1,100,45,4500,882,1,2019:11:30 18:21:00,1
1764,2,120,21,2520,882,1,2023:03:16 19:26:00,1
1765,1,100,14,1400,883,1,2019:12:21 14:52:00,1
1766,2,120,3,360,883,1,2020:10:16 14:41:00,1
1767,1,100,45,4500,884,1,2019:06:23 12:29:00,1
1768,2,120,5,600,884,1,2022:02:13 18:46:00,1
1769,1,100,11,1100,885,1,2022:02:28 14:15:00,1
1770,2,120,37,4440,885,1,2023:04:22 10:22:00,1
1771,1,100,22,2200,886,1,2022:08:31 17:06:00,1
1772,2,120,39,4680,886,1,2022:08:26 16:57:00,1
1773,1,100,29,2900,887,1,2019:10:18 13:16:00,1
1774,2,120,32,3840,887,1,2023:09:04 16:13:00,1
1775,1,100,34,3400,888,1,2022:10:31 16:21:00,1
1776,2,120,42,5040,888,1,2019:03:01 15:19:00,1
1777,1,100,25,2500,889,1,2022:07:16 12:03:00,1
1778,2,120,22,2640,889,1,2023:08:11 16:16:00,1
1779,1,100,26,2600,890,1,2020:02:03 11:04:00,1
1780,2,120,39,4680,890,1,2021:01:19 15:21:00,1
1781,1,100,24,2400,891,1,2022:10:27 11:44:00,1
1782,2,120,27,3240,891,1,2020:05:16 19:14:00,1
1783,1,100,32,3200,892,1,2023:04:21 14:57:00,1
1784,2,120,31,3720,892,1,2020:11:27 19:05:00,1
1785,1,100,10,1000,893,1,2023:02:27 12:03:00,1
1786,2,120,24,2880,893,1,2021:11:19 15:10:00,1
1787,1,100,28,2800,894,1,2021:07:31 12:02:00,1
1788,2,120,39,4680,894,1,2020:01:29 15:52:00,1
1789,1,100,32,3200,895,1,2023:08:11 15:48:00,1
1790,2,120,21,2520,895,1,2023:09:04 12:26:00,1
1791,1,100,21,2100,896,1,2020:10:04 18:21:00,1
1792,2,120,14,1680,896,1,2022:02:11 10:45:00,1
1793,1,100,46,4600,897,1,2019:05:18 12:00:00,1
1794,2,120,39,4680,897,1,2022:02:20 16:02:00,1
1795,1,100,50,5000,898,1,2021:07:08 18:44:00,1
1796,2,120,36,4320,898,1,2020:09:12 11:17:00,1
1797,1,100,25,2500,899,1,2019:09:03 18:00:00,1
1798,2,120,49,5880,899,1,2020:08:27 19:36:00,1
1799,1,100,18,1800,900,1,2022:02:07 16:33:00,1
1800,2,120,17,2040,900,1,2019:02:01 13:34:00,1
1801,1,100,45,4500,901,1,2021:06:07 14:22:00,1
1802,2,120,42,5040,901,1,2020:02:18 11:29:00,1
1803,1,100,23,2300,902,1,2021:01:20 16:32:00,1
1804,2,120,42,5040,902,1,2021:02:10 15:12:00,1
1805,1,100,2,200,903,1,2023:11:10 12:35:00,1
1806,2,120,32,3840,903,1,2023:04:26 10:14:00,1
1807,1,100,41,4100,904,1,2022:10:06 12:47:00,1
1808,2,120,33,3960,904,1,2020:06:30 17:29:00,1
1809,1,100,15,1500,905,1,2019:02:16 18:54:00,1
1810,2,120,14,1680,905,1,2022:08:23 15:00:00,1
1811,1,100,17,1700,906,1,2020:12:27 19:38:00,1
1812,2,120,42,5040,906,1,2021:07:02 15:34:00,1
1813,1,100,22,2200,907,1,2019:08:25 14:13:00,1
1814,2,120,13,1560,907,1,2023:12:05 17:31:00,1
1815,1,100,39,3900,908,1,2021:01:13 15:20:00,1
1816,2,120,44,5280,908,1,2023:07:02 13:48:00,1
1817,1,100,6,600,909,1,2019:06:05 19:42:00,1
1818,2,120,45,5400,909,1,2021:04:04 18:04:00,1
1819,1,100,28,2800,910,1,2022:08:13 16:35:00,1
1820,2,120,3,360,910,1,2020:06:15 15:06:00,1
1821,1,100,2,200,911,1,2021:02:26 12:39:00,1
1822,2,120,48,5760,911,1,2019:10:11 15:58:00,1
1823,1,100,27,2700,912,1,2019:03:11 15:01:00,1
1824,2,120,14,1680,912,1,2021:12:27 15:50:00,1
1825,1,100,39,3900,913,1,2020:11:09 10:03:00,1
1826,2,120,21,2520,913,1,2022:11:23 15:45:00,1
1827,1,100,16,1600,914,1,2023:12:25 14:44:00,1
1828,2,120,8,960,914,1,2023:07:14 18:37:00,1
1829,1,100,36,3600,915,1,2023:02:14 10:19:00,1
1830,2,120,12,1440,915,1,2021:02:10 14:05:00,1
1831,1,100,28,2800,916,1,2019:08:24 15:46:00,1
1832,2,120,1,120,916,1,2021:09:07 14:44:00,1
1833,1,100,22,2200,917,1,2019:07:11 11:30:00,1
1834,2,120,43,5160,917,1,2022:07:01 15:59:00,1
1835,1,100,31,3100,918,1,2020:03:18 16:08:00,1
1836,2,120,18,2160,918,1,2020:07:08 10:40:00,1
1837,1,100,25,2500,919,1,2021:03:27 19:03:00,1
1838,2,120,11,1320,919,1,2019:09:17 14:52:00,1
1839,1,100,33,3300,920,1,2021:07:21 17:27:00,1
1840,2,120,3,360,920,1,2020:05:05 10:57:00,1
1841,1,100,44,4400,921,1,2022:01:16 12:08:00,1
1842,2,120,28,3360,921,1,2022:08:07 12:21:00,1
1843,1,100,38,3800,922,1,2020:09:20 16:12:00,1
1844,2,120,5,600,922,1,2019:08:08 19:17:00,1
1845,1,100,41,4100,923,1,2020:12:22 14:08:00,1
1846,2,120,16,1920,923,1,2019:06:07 14:15:00,1
1847,1,100,5,500,924,1,2022:11:24 14:57:00,1
1848,2,120,46,5520,924,1,2022:07:09 10:13:00,1
1849,1,100,36,3600,925,1,2023:09:29 10:12:00,1
1850,2,120,30,3600,925,1,2023:06:14 11:26:00,1
1851,1,100,19,1900,926,1,2020:11:03 19:57:00,1
1852,2,120,34,4080,926,1,2022:02:14 18:35:00,1
1853,1,100,48,4800,927,1,2021:11:19 14:53:00,1
1854,2,120,18,2160,927,1,2023:08:02 12:40:00,1
1855,1,100,38,3800,928,1,2023:11:15 15:51:00,1
1856,2,120,22,2640,928,1,2020:12:22 16:01:00,1
1857,1,100,16,1600,929,1,2020:03:18 16:53:00,1
1858,2,120,16,1920,929,1,2022:04:28 12:56:00,1
1859,1,100,41,4100,930,1,2022:10:01 11:39:00,1
1860,2,120,17,2040,930,1,2023:06:10 10:49:00,1
1861,1,100,30,3000,931,1,2019:06:16 18:00:00,1
1862,2,120,35,4200,931,1,2020:04:19 19:03:00,1
1863,1,100,35,3500,932,1,2020:02:05 14:15:00,1
1864,2,120,46,5520,932,1,2019:01:17 17:26:00,1
1865,1,100,16,1600,933,1,2021:06:30 10:13:00,1
1866,2,120,23,2760,933,1,2020:04:05 17:16:00,1
1867,1,100,8,800,934,1,2019:05:26 15:03:00,1
1868,2,120,9,1080,934,1,2019:08:26 12:37:00,1
1869,1,100,36,3600,935,1,2021:06:21 19:43:00,1
1870,2,120,1,120,935,1,2019:08:10 18:15:00,1
1871,1,100,5,500,936,1,2022:02:22 15:23:00,1
1872,2,120,15,1800,936,1,2021:04:18 11:22:00,1
1873,1,100,50,5000,937,1,2019:06:25 17:05:00,1
1874,2,120,23,2760,937,1,2023:06:04 19:39:00,1
1875,1,100,30,3000,938,1,2020:04:15 16:42:00,1
1876,2,120,5,600,938,1,2021:10:19 10:19:00,1
1877,1,100,1,100,939,1,2020:10:24 11:00:00,1
1878,2,120,3,360,939,1,2019:11:25 15:52:00,1
1879,1,100,9,900,940,1,2019:01:17 10:11:00,1
1880,2,120,9,1080,940,1,2022:05:04 17:22:00,1
1881,1,100,2,200,941,1,2019:06:28 18:28:00,1
1882,2,120,7,840,941,1,2023:12:25 10:45:00,1
1883,1,100,29,2900,942,1,2023:12:06 12:01:00,1
1884,2,120,41,4920,942,1,2019:02:12 11:51:00,1
1885,1,100,39,3900,943,1,2021:04:16 16:08:00,1
1886,2,120,40,4800,943,1,2023:06:13 15:21:00,1
1887,1,100,3,300,944,1,2020:02:03 17:29:00,1
1888,2,120,10,1200,944,1,2022:04:15 17:17:00,1
1889,1,100,29,2900,945,1,2019:03:08 19:29:00,1
1890,2,120,45,5400,945,1,2023:02:08 15:05:00,1
1891,1,100,13,1300,946,1,2023:01:18 11:56:00,1
1892,2,120,30,3600,946,1,2019:10:20 10:06:00,1
1893,1,100,6,600,947,1,2020:02:06 10:46:00,1
1894,2,120,42,5040,947,1,2019:02:26 14:22:00,1
1895,1,100,19,1900,948,1,2019:08:20 18:32:00,1
1896,2,120,23,2760,948,1,2022:06:03 13:32:00,1
1897,1,100,41,4100,949,1,2021:02:17 13:50:00,1
1898,2,120,37,4440,949,1,2019:03:29 17:02:00,1
1899,1,100,45,4500,950,1,2022:09:10 12:23:00,1
1900,2,120,6,720,950,1,2019:01:22 14:30:00,1
1901,1,100,31,3100,951,1,2021:09:16 13:53:00,1
1902,2,120,50,6000,951,1,2021:07:26 11:25:00,1
1903,1,100,45,4500,952,1,2023:01:22 13:27:00,1
1904,2,120,22,2640,952,1,2019:05:25 15:57:00,1
1905,1,100,12,1200,953,1,2023:03:07 13:47:00,1
1906,2,120,13,1560,953,1,2019:12:21 16:52:00,1
1907,1,100,14,1400,954,1,2022:07:18 11:47:00,1
1908,2,120,43,5160,954,1,2019:06:18 12:31:00,1
1909,1,100,19,1900,955,1,2021:08:08 16:51:00,1
1910,2,120,46,5520,955,1,2021:11:09 13:54:00,1
1911,1,100,15,1500,956,1,2021:02:12 18:49:00,1
1912,2,120,33,3960,956,1,2023:07:22 16:04:00,1
1913,1,100,37,3700,957,1,2019:11:08 16:30:00,1
1914,2,120,5,600,957,1,2021:09:06 16:13:00,1
1915,1,100,15,1500,958,1,2022:03:22 17:17:00,1
1916,2,120,39,4680,958,1,2021:07:05 19:47:00,1
1917,1,100,13,1300,959,1,2022:05:19 14:00:00,1
1918,2,120,18,2160,959,1,2021:02:10 18:12:00,1
1919,1,100,8,800,960,1,2021:07:07 11:51:00,1
1920,2,120,27,3240,960,1,2021:09:03 18:44:00,1
1921,1,100,20,2000,961,1,2021:07:26 13:37:00,1
1922,2,120,46,5520,961,1,2019:04:14 13:07:00,1
1923,1,100,3,300,962,1,2023:11:17 19:25:00,1
1924,2,120,17,2040,962,1,2019:12:28 10:17:00,1
1925,1,100,21,2100,963,1,2019:03:19 11:41:00,1
1926,2,120,9,1080,963,1,2023:01:29 19:00:00,1
1927,1,100,26,2600,964,1,2022:08:02 10:06:00,1
1928,2,120,50,6000,964,1,2019:08:27 15:16:00,1
1929,1,100,3,300,965,1,2023:03:06 16:35:00,1
1930,2,120,34,4080,965,1,2020:02:24 12:39:00,1
1931,1,100,45,4500,966,1,2022:05:15 14:37:00,1
1932,2,120,26,3120,966,1,2020:12:07 11:49:00,1
1933,1,100,30,3000,967,1,2019:06:18 13:45:00,1
1934,2,120,14,1680,967,1,2023:02:26 11:10:00,1
1935,1,100,26,2600,968,1,2023:01:07 12:25:00,1
1936,2,120,29,3480,968,1,2020:07:03 13:44:00,1
1937,1,100,48,4800,969,1,2020:11:02 15:27:00,1
1938,2,120,27,3240,969,1,2019:10:18 18:28:00,1
1939,1,100,26,2600,970,1,2023:08:05 10:17:00,1
1940,2,120,39,4680,970,1,2020:03:07 11:15:00,1
1941,1,100,25,2500,971,1,2023:11:24 13:07:00,1
1942,2,120,41,4920,971,1,2019:12:16 15:10:00,1
1943,1,100,14,1400,972,1,2020:02:08 13:03:00,1
1944,2,120,39,4680,972,1,2023:04:14 11:07:00,1
1945,1,100,46,4600,973,1,2022:12:07 18:18:00,1
1946,2,120,10,1200,973,1,2019:02:01 12:10:00,1
1947,1,100,19,1900,974,1,2022:09:11 10:21:00,1
1948,2,120,35,4200,974,1,2023:06:18 17:43:00,1
1949,1,100,22,2200,975,1,2020:07:31 17:53:00,1
1950,2,120,49,5880,975,1,2021:02:19 17:23:00,1
1951,1,100,16,1600,976,1,2022:05:15 18:11:00,1
1952,2,120,28,3360,976,1,2020:07:29 10:12:00,1
1953,1,100,4,400,977,1,2022:03:17 19:28:00,1
1954,2,120,38,4560,977,1,2023:01:17 16:26:00,1
1955,1,100,16,1600,978,1,2019:05:29 10:47:00,1
1956,2,120,19,2280,978,1,2020:04:27 12:03:00,1
1957,1,100,11,1100,979,1,2022:10:06 18:11:00,1
1958,2,120,28,3360,979,1,2022:03:06 14:48:00,1
1959,1,100,9,900,980,1,2021:04:25 12:25:00,1
1960,2,120,2,240,980,1,2022:04:13 17:35:00,1
1961,1,100,14,1400,981,1,2021:02:18 17:58:00,1
1962,2,120,18,2160,981,1,2022:08:23 18:57:00,1
1963,1,100,7,700,982,1,2022:09:21 17:28:00,1
1964,2,120,5,600,982,1,2020:01:20 18:20:00,1
1965,1,100,35,3500,983,1,2023:12:03 11:56:00,1
1966,2,120,46,5520,983,1,2022:02:07 10:01:00,1
1967,1,100,46,4600,984,1,2023:03:18 18:50:00,1
1968,2,120,18,2160,984,1,2022:02:24 15:14:00,1
1969,1,100,40,4000,985,1,2023:06:23 13:04:00,1
1970,2,120,25,3000,985,1,2021:01:03 16:17:00,1
1971,1,100,4,400,986,1,2019:04:16 17:53:00,1
1972,2,120,1,120,986,1,2020:11:16 17:30:00,1
1973,1,100,36,3600,987,1,2021:07:10 13:25:00,1
1974,2,120,12,1440,987,1,2022:11:14 12:07:00,1
1975,1,100,5,500,988,1,2022:10:11 14:35:00,1
1976,2,120,36,4320,988,1,2020:04:04 10:32:00,1
1977,1,100,35,3500,989,1,2019:12:29 16:23:00,1
1978,2,120,8,960,989,1,2021:09:05 18:52:00,1
1979,1,100,22,2200,990,1,2021:01:27 17:01:00,1
1980,2,120,5,600,990,1,2019:09:08 10:57:00,1
1981,1,100,25,2500,991,1,2020:10:20 12:50:00,1
1982,2,120,21,2520,991,1,2022:07:04 14:10:00,1
1983,1,100,15,1500,992,1,2020:04:01 14:15:00,1
1984,2,120,24,2880,992,1,2022:04:30 12:56:00,1
1985,1,100,20,2000,993,1,2022:01:22 14:43:00,1
1986,2,120,15,1800,993,1,2022:05:31 13:23:00,1
1987,1,100,42,4200,994,1,2022:07:14 13:37:00,1
1988,2,120,15,1800,994,1,2020:01:18 16:46:00,1
1989,1,100,44,4400,995,1,2022:02:18 15:32:00,1
1990,2,120,35,4200,995,1,2023:11:08 15:06:00,1
1991,1,100,29,2900,996,1,2023:07:24 16:51:00,1
1992,2,120,33,3960,996,1,2019:06:20 10:10:00,1
1993,1,100,22,2200,997,1,2021:07:15 15:05:00,1
1994,2,120,39,4680,997,1,2022:10:08 18:30:00,1
1995,1,100,10,1000,998,1,2022:11:30 13:21:00,1
1996,2,120,2,240,998,1,2022:01:16 19:46:00,1
1997,1,100,38,3800,999,1,2021:09:14 14:56:00,1
1998,2,120,19,2280,999,1,2020:05:01 15:43:00,1
1999,1,100,38,3800,1000,1,2020:05:11 19:35:00,1
2000,2,120,6,720,1000,1,2023:04:29 11:57:00,1
2001,1,100,5,500,1001,1,2023:10:11 17:30:00,1
2002,2,120,43,5160,1001,1,2023:06:21 12:49:00,1
2003,1,100,32,3200,1002,1,2022:09:26 19:01:00,1
2004,2,120,4,480,1002,1,2022:09:26 10:32:00,1
2005,1,100,11,1100,1003,1,2020:03:06 10:51:00,1
2006,2,120,44,5280,1003,1,2021:06:26 17:11:00,1
2007,1,100,13,1300,1004,1,2023:03:10 12:56:00,1
2008,2,120,25,3000,1004,1,2021:08:13 12:43:00,1
2009,1,100,29,2900,1005,1,2019:02:19 15:50:00,1
2010,2,120,34,4080,1005,1,2022:03:09 10:50:00,1
2011,1,100,28,2800,1006,1,2023:07:18 12:35:00,1
2012,2,120,19,2280,1006,1,2022:08:14 16:57:00,1
2013,1,100,35,3500,1007,1,2020:12:18 14:07:00,1
2014,2,120,14,1680,1007,1,2020:01:03 18:20:00,1
2015,1,100,11,1100,1008,1,2022:07:18 10:35:00,1
2016,2,120,22,2640,1008,1,2021:11:18 17:44:00,1
2017,1,100,50,5000,1009,1,2021:10:25 15:34:00,1
2018,2,120,10,1200,1009,1,2020:06:22 16:09:00,1
2019,1,100,47,4700,1010,1,2019:05:27 14:54:00,1
2020,2,120,10,1200,1010,1,2020:08:08 11:31:00,1
2021,1,100,6,600,1011,1,2020:05:15 18:49:00,1
2022,2,120,48,5760,1011,1,2023:08:27 12:40:00,1
2023,1,100,18,1800,1012,1,2022:11:10 10:31:00,1
2024,2,120,49,5880,1012,1,2020:11:14 16:27:00,1
2025,1,100,22,2200,1013,1,2020:02:29 13:57:00,1
2026,2,120,37,4440,1013,1,2020:05:14 13:03:00,1
2027,1,100,26,2600,1014,1,2021:09:25 16:35:00,1
2028,2,120,34,4080,1014,1,2023:12:24 17:00:00,1
2029,1,100,32,3200,1015,1,2021:04:28 13:26:00,1
2030,2,120,1,120,1015,1,2023:03:10 13:30:00,1
2031,1,100,25,2500,1016,1,2019:01:30 14:47:00,1
2032,2,120,47,5640,1016,1,2019:08:02 19:22:00,1
2033,1,100,50,5000,1017,1,2022:06:17 15:44:00,1
2034,2,120,45,5400,1017,1,2019:11:29 18:49:00,1
2035,1,100,48,4800,1018,1,2021:07:30 12:30:00,1
2036,2,120,30,3600,1018,1,2021:09:14 10:36:00,1
2037,1,100,24,2400,1019,1,2022:07:13 17:06:00,1
2038,2,120,7,840,1019,1,2021:06:01 13:22:00,1
2039,1,100,16,1600,1020,1,2021:04:15 12:39:00,1
2040,2,120,21,2520,1020,1,2019:05:08 12:13:00,1
2041,1,100,24,2400,1021,1,2019:04:05 18:01:00,1
2042,2,120,16,1920,1021,1,2021:12:08 16:02:00,1
2043,1,100,43,4300,1022,1,2021:09:12 13:23:00,1
2044,2,120,44,5280,1022,1,2022:11:01 16:30:00,1
2045,1,100,18,1800,1023,1,2021:09:29 17:12:00,1
2046,2,120,28,3360,1023,1,2020:03:09 13:52:00,1
2047,1,100,23,2300,1024,1,2022:02:21 11:49:00,1
2048,2,120,7,840,1024,1,2023:08:03 14:52:00,1
2049,1,100,38,3800,1025,1,2021:10:05 15:30:00,1
2050,2,120,2,240,1025,1,2022:10:30 19:04:00,1
2051,1,100,31,3100,1026,1,2022:05:29 15:47:00,1
2052,2,120,1,120,1026,1,2023:08:08 14:36:00,1
2053,1,100,28,2800,1027,1,2020:08:06 12:06:00,1
2054,2,120,25,3000,1027,1,2022:03:07 12:46:00,1
2055,1,100,32,3200,1028,1,2022:02:08 15:57:00,1
2056,2,120,50,6000,1028,1,2021:03:17 12:33:00,1
2057,1,100,9,900,1029,1,2019:11:20 17:35:00,1
2058,2,120,21,2520,1029,1,2020:02:24 16:27:00,1
2059,1,100,3,300,1030,1,2019:02:18 15:32:00,1
2060,2,120,23,2760,1030,1,2023:11:05 19:08:00,1
2061,1,100,43,4300,1031,1,2020:10:05 17:06:00,1
2062,2,120,31,3720,1031,1,2019:11:20 16:39:00,1
2063,1,100,44,4400,1032,1,2023:03:04 12:03:00,1
2064,2,120,16,1920,1032,1,2022:10:23 13:55:00,1
2065,1,100,20,2000,1033,1,2021:01:18 13:11:00,1
2066,2,120,23,2760,1033,1,2021:05:04 16:22:00,1
2067,1,100,19,1900,1034,1,2022:09:13 16:25:00,1
2068,2,120,40,4800,1034,1,2019:01:20 12:53:00,1
2069,1,100,19,1900,1035,1,2022:11:24 12:54:00,1
2070,2,120,33,3960,1035,1,2023:12:13 14:37:00,1
2071,1,100,7,700,1036,1,2021:04:05 15:52:00,1
2072,2,120,36,4320,1036,1,2023:12:10 17:06:00,1
2073,1,100,12,1200,1037,1,2022:09:27 19:22:00,1
2074,2,120,12,1440,1037,1,2023:08:10 14:34:00,1
2075,1,100,36,3600,1038,1,2023:05:22 18:36:00,1
2076,2,120,33,3960,1038,1,2023:07:25 19:46:00,1
2077,1,100,19,1900,1039,1,2019:03:27 19:51:00,1
2078,2,120,5,600,1039,1,2023:10:12 17:36:00,1
2079,1,100,49,4900,1040,1,2021:02:15 15:32:00,1
2080,2,120,33,3960,1040,1,2019:01:24 18:43:00,1
2081,1,100,4,400,1041,1,2019:08:02 18:10:00,1
2082,2,120,13,1560,1041,1,2021:07:16 19:52:00,1
2083,1,100,38,3800,1042,1,2020:12:07 16:59:00,1
2084,2,120,46,5520,1042,1,2019:04:28 16:36:00,1
2085,1,100,26,2600,1043,1,2021:08:05 16:57:00,1
2086,2,120,9,1080,1043,1,2022:09:14 14:04:00,1
2087,1,100,42,4200,1044,1,2021:08:30 15:55:00,1
2088,2,120,41,4920,1044,1,2023:03:30 12:49:00,1
2089,1,100,5,500,1045,1,2021:07:02 14:00:00,1
2090,2,120,21,2520,1045,1,2022:02:28 13:38:00,1
2091,1,100,15,1500,1046,1,2023:07:12 10:54:00,1
2092,2,120,21,2520,1046,1,2022:02:06 15:04:00,1
2093,1,100,3,300,1047,1,2019:11:25 18:15:00,1
2094,2,120,37,4440,1047,1,2023:06:01 15:25:00,1
2095,1,100,28,2800,1048,1,2019:02:04 13:19:00,1
2096,2,120,45,5400,1048,1,2020:12:10 14:42:00,1
2097,1,100,3,300,1049,1,2022:11:23 19:08:00,1
2098,2,120,40,4800,1049,1,2020:04:15 11:39:00,1
2099,1,100,45,4500,1050,1,2020:02:18 12:29:00,1
2100,2,120,25,3000,1050,1,2020:08:07 18:29:00,1
2101,1,100,9,900,1051,1,2020:12:20 13:53:00,1
2102,2,120,21,2520,1051,1,2023:07:03 17:09:00,1
2103,1,100,29,2900,1052,1,2020:12:11 11:07:00,1
2104,2,120,5,600,1052,1,2020:11:01 19:53:00,1
2105,1,100,45,4500,1053,1,2020:04:12 18:38:00,1
2106,2,120,29,3480,1053,1,2023:11:25 12:07:00,1
2107,1,100,10,1000,1054,1,2023:09:30 14:30:00,1
2108,2,120,12,1440,1054,1,2023:09:29 17:37:00,1
2109,1,100,20,2000,1055,1,2023:03:19 18:50:00,1
2110,2,120,12,1440,1055,1,2022:03:15 10:16:00,1
2111,1,100,22,2200,1056,1,2022:08:05 11:36:00,1
2112,2,120,22,2640,1056,1,2019:02:07 14:27:00,1
2113,1,100,26,2600,1057,1,2023:09:02 14:24:00,1
2114,2,120,39,4680,1057,1,2019:02:27 18:24:00,1
2115,1,100,23,2300,1058,1,2021:09:14 17:09:00,1
2116,2,120,11,1320,1058,1,2019:07:28 12:33:00,1
2117,1,100,9,900,1059,1,2022:04:28 13:26:00,1
2118,2,120,1,120,1059,1,2019:11:17 11:29:00,1
2119,1,100,43,4300,1060,1,2023:03:05 10:39:00,1
2120,2,120,34,4080,1060,1,2023:11:15 19:17:00,1
2121,1,100,45,4500,1061,1,2022:06:17 11:48:00,1
2122,2,120,10,1200,1061,1,2022:02:18 19:26:00,1
2123,1,100,25,2500,1062,1,2022:12:20 19:55:00,1
2124,2,120,18,2160,1062,1,2021:08:28 14:17:00,1
2125,1,100,25,2500,1063,1,2023:08:14 19:22:00,1
2126,2,120,3,360,1063,1,2023:11:14 16:22:00,1
2127,1,100,45,4500,1064,1,2023:10:08 11:45:00,1
2128,2,120,29,3480,1064,1,2019:09:04 16:12:00,1
2129,1,100,34,3400,1065,1,2022:06:21 11:10:00,1
2130,2,120,29,3480,1065,1,2019:06:18 13:54:00,1
2131,1,100,38,3800,1066,1,2020:08:19 14:20:00,1
2132,2,120,39,4680,1066,1,2022:01:06 16:51:00,1
2133,1,100,35,3500,1067,1,2021:02:06 13:36:00,1
2134,2,120,22,2640,1067,1,2022:08:13 10:42:00,1
2135,1,100,41,4100,1068,1,2019:02:23 17:44:00,1
2136,2,120,25,3000,1068,1,2021:12:21 18:35:00,1
2137,1,100,6,600,1069,1,2021:09:25 11:38:00,1
2138,2,120,9,1080,1069,1,2020:07:21 11:07:00,1
2139,1,100,38,3800,1070,1,2023:06:13 15:10:00,1
2140,2,120,7,840,1070,1,2022:06:23 14:23:00,1
2141,1,100,18,1800,1071,1,2022:12:17 15:23:00,1
2142,2,120,24,2880,1071,1,2022:03:22 17:13:00,1
2143,1,100,15,1500,1072,1,2019:08:23 12:29:00,1
2144,2,120,26,3120,1072,1,2019:05:05 19:02:00,1
2145,1,100,3,300,1073,1,2019:03:11 16:56:00,1
2146,2,120,5,600,1073,1,2022:12:31 12:33:00,1
2147,1,100,31,3100,1074,1,2021:10:01 16:22:00,1
2148,2,120,34,4080,1074,1,2020:11:06 12:52:00,1
2149,1,100,46,4600,1075,1,2023:01:26 17:42:00,1
2150,2,120,10,1200,1075,1,2019:10:22 11:20:00,1
2151,1,100,50,5000,1076,1,2019:05:04 10:04:00,1
2152,2,120,37,4440,1076,1,2020:08:17 11:01:00,1
2153,1,100,8,800,1077,1,2023:08:03 17:49:00,1
2154,2,120,2,240,1077,1,2023:10:22 10:55:00,1
2155,1,100,25,2500,1078,1,2019:05:06 14:30:00,1
2156,2,120,17,2040,1078,1,2019:05:09 17:06:00,1
2157,1,100,21,2100,1079,1,2023:07:27 14:08:00,1
2158,2,120,30,3600,1079,1,2023:02:24 10:07:00,1
2159,1,100,9,900,1080,1,2023:03:07 16:16:00,1
2160,2,120,19,2280,1080,1,2019:11:29 18:32:00,1
2161,1,100,7,700,1081,1,2023:08:06 12:32:00,1
2162,2,120,15,1800,1081,1,2021:02:08 13:19:00,1
2163,1,100,28,2800,1082,1,2020:01:25 13:35:00,1
2164,2,120,20,2400,1082,1,2023:04:13 16:26:00,1
2165,1,100,48,4800,1083,1,2019:10:05 12:33:00,1
2166,2,120,15,1800,1083,1,2023:11:10 18:59:00,1
2167,1,100,38,3800,1084,1,2021:07:15 16:59:00,1
2168,2,120,19,2280,1084,1,2023:12:11 17:47:00,1
2169,1,100,11,1100,1085,1,2019:12:25 16:29:00,1
2170,2,120,12,1440,1085,1,2023:12:30 19:43:00,1
2171,1,100,37,3700,1086,1,2020:02:20 18:05:00,1
2172,2,120,18,2160,1086,1,2021:12:25 19:04:00,1
2173,1,100,46,4600,1087,1,2021:01:13 11:28:00,1
2174,2,120,40,4800,1087,1,2019:09:11 19:18:00,1
2175,1,100,22,2200,1088,1,2021:06:16 12:06:00,1
2176,2,120,16,1920,1088,1,2023:06:26 16:50:00,1
2177,1,100,28,2800,1089,1,2020:12:14 12:18:00,1
2178,2,120,45,5400,1089,1,2021:02:08 18:02:00,1
2179,1,100,3,300,1090,1,2019:01:04 13:41:00,1
2180,2,120,3,360,1090,1,2023:06:05 19:25:00,1
2181,1,100,28,2800,1091,1,2020:03:30 13:16:00,1
2182,2,120,24,2880,1091,1,2020:05:06 16:15:00,1
2183,1,100,39,3900,1092,1,2019:05:10 14:11:00,1
2184,2,120,23,2760,1092,1,2023:10:14 17:44:00,1
2185,1,100,37,3700,1093,1,2021:04:04 10:50:00,1
2186,2,120,30,3600,1093,1,2020:04:13 17:28:00,1
2187,1,100,23,2300,1094,1,2020:10:05 10:28:00,1
2188,2,120,13,1560,1094,1,2019:02:11 14:28:00,1
2189,1,100,16,1600,1095,1,2019:08:25 13:00:00,1
2190,2,120,35,4200,1095,1,2022:12:19 18:48:00,1
2191,1,100,44,4400,1096,1,2019:01:02 13:02:00,1
2192,2,120,43,5160,1096,1,2020:02:01 12:19:00,1
2193,1,100,28,2800,1097,1,2021:11:27 16:27:00,1
2194,2,120,43,5160,1097,1,2023:08:26 16:35:00,1
2195,1,100,17,1700,1098,1,2021:10:30 10:23:00,1
2196,2,120,24,2880,1098,1,2023:02:08 14:54:00,1
2197,1,100,44,4400,1099,1,2022:06:04 15:05:00,1
2198,2,120,34,4080,1099,1,2022:01:20 15:07:00,1
2199,1,100,4,400,1100,1,2022:11:19 12:19:00,1
2200,2,120,50,6000,1100,1,2021:04:28 13:03:00,1
2201,1,100,41,4100,1101,1,2019:04:24 16:50:00,1
2202,2,120,39,4680,1101,1,2020:12:11 11:37:00,1
2203,1,100,46,4600,1102,1,2023:12:26 16:44:00,1
2204,2,120,3,360,1102,1,2023:02:24 18:21:00,1
2205,1,100,8,800,1103,1,2021:01:31 11:40:00,1
2206,2,120,1,120,1103,1,2021:05:01 16:02:00,1
2207,1,100,2,200,1104,1,2019:09:16 17:50:00,1
2208,2,120,40,4800,1104,1,2019:08:30 14:10:00,1
2209,1,100,13,1300,1105,1,2021:08:25 15:53:00,1
2210,2,120,19,2280,1105,1,2019:11:13 10:55:00,1
2211,1,100,14,1400,1106,1,2019:08:25 19:47:00,1
2212,2,120,42,5040,1106,1,2020:01:02 18:44:00,1
2213,1,100,13,1300,1107,1,2022:12:12 10:20:00,1
2214,2,120,19,2280,1107,1,2019:02:15 11:58:00,1
2215,1,100,19,1900,1108,1,2019:12:21 14:56:00,1
2216,2,120,3,360,1108,1,2021:05:05 12:16:00,1
2217,1,100,27,2700,1109,1,2019:10:30 12:47:00,1
2218,2,120,46,5520,1109,1,2020:12:07 15:29:00,1
2219,1,100,7,700,1110,1,2019:04:14 11:22:00,1
2220,2,120,44,5280,1110,1,2021:07:29 15:46:00,1
2221,1,100,47,4700,1111,1,2021:02:15 18:52:00,1
2222,2,120,48,5760,1111,1,2023:07:12 10:16:00,1
2223,1,100,34,3400,1112,1,2022:02:22 19:52:00,1
2224,2,120,22,2640,1112,1,2023:11:18 19:33:00,1
2225,1,100,8,800,1113,1,2022:03:19 17:32:00,1
2226,2,120,19,2280,1113,1,2022:04:13 18:30:00,1
2227,1,100,29,2900,1114,1,2023:03:16 13:06:00,1
2228,2,120,14,1680,1114,1,2020:12:02 14:03:00,1
2229,1,100,18,1800,1115,1,2023:07:20 18:51:00,1
2230,2,120,21,2520,1115,1,2019:03:21 14:57:00,1
2231,1,100,4,400,1116,1,2020:02:12 15:48:00,1
2232,2,120,46,5520,1116,1,2020:07:02 19:18:00,1
2233,1,100,30,3000,1117,1,2021:03:17 19:01:00,1
2234,2,120,5,600,1117,1,2020:09:21 11:09:00,1
2235,1,100,2,200,1118,1,2021:06:09 10:33:00,1
2236,2,120,12,1440,1118,1,2021:09:29 15:43:00,1
2237,1,100,7,700,1119,1,2021:05:31 11:54:00,1
2238,2,120,16,1920,1119,1,2019:05:07 18:42:00,1
2239,1,100,46,4600,1120,1,2021:01:04 17:22:00,1
2240,2,120,1,120,1120,1,2022:12:25 14:15:00,1
2241,1,100,22,2200,1121,1,2021:05:12 14:42:00,1
2242,2,120,15,1800,1121,1,2023:02:21 16:24:00,1
2243,1,100,8,800,1122,1,2023:01:13 14:53:00,1
2244,2,120,21,2520,1122,1,2019:08:16 15:52:00,1
2245,1,100,2,200,1123,1,2019:04:22 10:12:00,1
2246,2,120,28,3360,1123,1,2019:12:18 16:04:00,1
2247,1,100,13,1300,1124,1,2023:05:06 17:29:00,1
2248,2,120,32,3840,1124,1,2020:01:17 16:12:00,1
2249,1,100,13,1300,1125,1,2021:01:19 10:19:00,1
2250,2,120,22,2640,1125,1,2021:01:01 18:07:00,1
2251,1,100,17,1700,1126,1,2021:06:27 15:10:00,1
2252,2,120,45,5400,1126,1,2019:05:07 10:33:00,1
2253,1,100,27,2700,1127,1,2021:02:27 13:37:00,1
2254,2,120,5,600,1127,1,2020:12:09 14:09:00,1
2255,1,100,31,3100,1128,1,2022:06:17 15:50:00,1
2256,2,120,24,2880,1128,1,2023:12:27 19:08:00,1
2257,1,100,16,1600,1129,1,2021:10:17 12:57:00,1
2258,2,120,37,4440,1129,1,2021:03:04 19:52:00,1
2259,1,100,18,1800,1130,1,2022:07:23 12:51:00,1
2260,2,120,8,960,1130,1,2019:03:06 13:45:00,1
2261,1,100,4,400,1131,1,2022:03:18 12:46:00,1
2262,2,120,29,3480,1131,1,2023:02:05 14:06:00,1
2263,1,100,50,5000,1132,1,2019:03:10 12:19:00,1
2264,2,120,3,360,1132,1,2023:05:16 10:20:00,1
2265,1,100,31,3100,1133,1,2020:09:14 15:46:00,1
2266,2,120,37,4440,1133,1,2019:08:22 10:20:00,1
2267,1,100,29,2900,1134,1,2021:07:16 14:08:00,1
2268,2,120,33,3960,1134,1,2019:08:23 18:10:00,1
2269,1,100,39,3900,1135,1,2019:10:27 14:42:00,1
2270,2,120,24,2880,1135,1,2023:10:17 10:43:00,1
2271,1,100,35,3500,1136,1,2021:11:03 11:49:00,1
2272,2,120,32,3840,1136,1,2021:07:28 10:33:00,1
2273,1,100,48,4800,1137,1,2023:11:25 19:25:00,1
2274,2,120,9,1080,1137,1,2021:12:12 18:06:00,1
2275,1,100,14,1400,1138,1,2021:04:15 17:54:00,1
2276,2,120,8,960,1138,1,2020:06:12 17:10:00,1
2277,1,100,6,600,1139,1,2023:10:18 10:29:00,1
2278,2,120,28,3360,1139,1,2021:03:11 12:01:00,1
2279,1,100,38,3800,1140,1,2021:10:12 13:28:00,1
2280,2,120,30,3600,1140,1,2022:06:13 11:50:00,1
2281,1,100,35,3500,1141,1,2019:09:11 15:16:00,1
2282,2,120,31,3720,1141,1,2022:01:17 19:51:00,1
2283,1,100,31,3100,1142,1,2020:12:24 18:57:00,1
2284,2,120,22,2640,1142,1,2020:08:04 13:55:00,1
2285,1,100,14,1400,1143,1,2022:04:26 19:58:00,1
2286,2,120,7,840,1143,1,2019:12:23 12:40:00,1
2287,1,100,43,4300,1144,1,2019:01:23 11:17:00,1
2288,2,120,7,840,1144,1,2022:02:03 18:58:00,1
2289,1,100,11,1100,1145,1,2022:01:23 19:59:00,1
2290,2,120,50,6000,1145,1,2019:05:25 13:24:00,1
2291,1,100,18,1800,1146,1,2021:01:20 13:15:00,1
2292,2,120,16,1920,1146,1,2023:07:30 16:37:00,1
2293,1,100,32,3200,1147,1,2023:03:31 19:13:00,1
2294,2,120,30,3600,1147,1,2021:07:01 18:03:00,1
2295,1,100,29,2900,1148,1,2021:03:03 13:59:00,1
2296,2,120,24,2880,1148,1,2021:06:22 15:53:00,1
2297,1,100,44,4400,1149,1,2019:02:04 19:43:00,1
2298,2,120,32,3840,1149,1,2020:06:24 17:55:00,1
2299,1,100,44,4400,1150,1,2022:02:01 16:25:00,1
2300,2,120,35,4200,1150,1,2019:08:06 14:39:00,1
2301,1,100,8,800,1151,1,2019:01:15 17:47:00,1
2302,2,120,2,240,1151,1,2023:04:20 11:26:00,1
2303,1,100,42,4200,1152,1,2023:07:13 14:02:00,1
2304,2,120,7,840,1152,1,2022:03:30 14:48:00,1
2305,1,100,19,1900,1153,1,2022:06:19 15:28:00,1
2306,2,120,45,5400,1153,1,2023:11:17 11:34:00,1
2307,1,100,30,3000,1154,1,2021:05:18 19:08:00,1
2308,2,120,38,4560,1154,1,2022:02:15 19:24:00,1
2309,1,100,23,2300,1155,1,2021:06:01 16:14:00,1
2310,2,120,16,1920,1155,1,2022:01:14 10:36:00,1
2311,1,100,18,1800,1156,1,2022:01:14 14:52:00,1
2312,2,120,2,240,1156,1,2021:05:10 16:19:00,1
2313,1,100,25,2500,1157,1,2021:04:03 12:20:00,1
2314,2,120,29,3480,1157,1,2023:01:18 11:21:00,1
2315,1,100,16,1600,1158,1,2021:05:12 13:35:00,1
2316,2,120,17,2040,1158,1,2023:11:24 14:17:00,1
2317,1,100,22,2200,1159,1,2023:12:25 13:47:00,1
2318,2,120,35,4200,1159,1,2021:04:29 15:13:00,1
2319,1,100,20,2000,1160,1,2020:05:31 14:00:00,1
2320,2,120,30,3600,1160,1,2019:09:09 11:38:00,1
2321,1,100,9,900,1161,1,2019:01:10 18:42:00,1
2322,2,120,34,4080,1161,1,2019:11:20 18:38:00,1
2323,1,100,18,1800,1162,1,2020:06:27 17:09:00,1
2324,2,120,14,1680,1162,1,2020:05:05 17:47:00,1
2325,1,100,14,1400,1163,1,2023:10:22 15:28:00,1
2326,2,120,33,3960,1163,1,2022:08:21 10:27:00,1
2327,1,100,23,2300,1164,1,2021:01:10 15:25:00,1
2328,2,120,50,6000,1164,1,2023:12:06 13:08:00,1
2329,1,100,29,2900,1165,1,2019:03:08 10:00:00,1
2330,2,120,28,3360,1165,1,2019:03:11 17:55:00,1
2331,1,100,10,1000,1166,1,2023:03:10 19:44:00,1
2332,2,120,42,5040,1166,1,2019:06:17 18:02:00,1
2333,1,100,28,2800,1167,1,2022:01:17 19:46:00,1
2334,2,120,44,5280,1167,1,2020:11:16 18:09:00,1
2335,1,100,14,1400,1168,1,2022:06:30 17:39:00,1
2336,2,120,9,1080,1168,1,2019:06:15 18:33:00,1
2337,1,100,8,800,1169,1,2020:11:10 15:11:00,1
2338,2,120,26,3120,1169,1,2019:08:27 16:42:00,1
2339,1,100,42,4200,1170,1,2022:10:26 12:17:00,1
2340,2,120,26,3120,1170,1,2023:10:09 13:14:00,1
2341,1,100,23,2300,1171,1,2023:08:04 13:09:00,1
2342,2,120,11,1320,1171,1,2020:10:24 18:03:00,1
2343,1,100,40,4000,1172,1,2019:06:17 18:18:00,1
2344,2,120,39,4680,1172,1,2021:06:05 13:03:00,1
2345,1,100,9,900,1173,1,2023:08:23 16:35:00,1
2346,2,120,19,2280,1173,1,2021:09:20 10:46:00,1
2347,1,100,12,1200,1174,1,2021:01:12 13:20:00,1
2348,2,120,29,3480,1174,1,2021:10:06 16:14:00,1
2349,1,100,45,4500,1175,1,2021:03:05 17:07:00,1
2350,2,120,40,4800,1175,1,2020:11:25 14:00:00,1
2351,1,100,4,400,1176,1,2019:11:04 19:02:00,1
2352,2,120,31,3720,1176,1,2022:07:10 14:27:00,1
2353,1,100,15,1500,1177,1,2022:03:23 13:39:00,1
2354,2,120,27,3240,1177,1,2020:03:13 18:01:00,1
2355,1,100,26,2600,1178,1,2019:03:06 11:43:00,1
2356,2,120,16,1920,1178,1,2019:11:06 10:37:00,1
2357,1,100,45,4500,1179,1,2019:05:20 16:57:00,1
2358,2,120,33,3960,1179,1,2023:05:25 10:21:00,1
2359,1,100,43,4300,1180,1,2019:03:29 15:48:00,1
2360,2,120,12,1440,1180,1,2019:06:02 14:31:00,1
2361,1,100,46,4600,1181,1,2019:09:10 12:24:00,1
2362,2,120,37,4440,1181,1,2021:08:09 13:51:00,1
2363,1,100,18,1800,1182,1,2023:11:05 15:39:00,1
2364,2,120,43,5160,1182,1,2022:12:08 14:54:00,1
2365,1,100,37,3700,1183,1,2023:09:11 10:17:00,1
2366,2,120,10,1200,1183,1,2019:07:20 11:32:00,1
2367,1,100,16,1600,1184,1,2019:01:16 17:13:00,1
2368,2,120,9,1080,1184,1,2020:07:28 18:00:00,1
2369,1,100,14,1400,1185,1,2023:04:22 16:48:00,1
2370,2,120,28,3360,1185,1,2021:05:21 14:19:00,1
2371,1,100,48,4800,1186,1,2023:02:13 14:30:00,1
2372,2,120,12,1440,1186,1,2019:05:05 16:32:00,1
2373,1,100,2,200,1187,1,2022:04:21 16:49:00,1
2374,2,120,4,480,1187,1,2022:07:09 16:04:00,1
2375,1,100,26,2600,1188,1,2020:01:19 18:55:00,1
2376,2,120,13,1560,1188,1,2022:03:18 11:45:00,1
2377,1,100,24,2400,1189,1,2023:08:17 16:10:00,1
2378,2,120,14,1680,1189,1,2019:05:03 12:50:00,1
2379,1,100,9,900,1190,1,2020:10:07 13:08:00,1
2380,2,120,7,840,1190,1,2020:12:09 10:21:00,1
2381,1,100,40,4000,1191,1,2023:12:09 19:27:00,1
2382,2,120,24,2880,1191,1,2020:05:08 12:01:00,1
2383,1,100,3,300,1192,1,2023:11:12 17:29:00,1
2384,2,120,16,1920,1192,1,2021:12:29 18:32:00,1
2385,1,100,9,900,1193,1,2023:06:05 13:30:00,1
2386,2,120,32,3840,1193,1,2022:03:02 14:43:00,1
2387,1,100,41,4100,1194,1,2021:03:04 14:41:00,1
2388,2,120,25,3000,1194,1,2023:12:31 13:11:00,1
2389,1,100,50,5000,1195,1,2020:09:14 12:13:00,1
2390,2,120,23,2760,1195,1,2022:05:29 15:05:00,1
2391,1,100,24,2400,1196,1,2023:09:25 16:39:00,1
2392,2,120,5,600,1196,1,2021:07:22 14:04:00,1
2393,1,100,6,600,1197,1,2023:03:22 17:11:00,1
2394,2,120,15,1800,1197,1,2021:02:02 12:41:00,1
2395,1,100,14,1400,1198,1,2021:07:29 12:53:00,1
2396,2,120,34,4080,1198,1,2020:02:16 12:54:00,1
2397,1,100,24,2400,1199,1,2020:12:05 14:16:00,1
2398,2,120,37,4440,1199,1,2019:12:22 11:16:00,1
2399,1,100,41,4100,1200,1,2021:03:06 13:37:00,1
2400,2,120,37,4440,1200,1,2023:01:17 13:37:00,1
2401,1,100,39,3900,1201,1,2019:06:21 19:03:00,1
2402,2,120,19,2280,1201,1,2019:03:22 16:59:00,1
2403,1,100,43,4300,1202,1,2021:12:20 14:22:00,1
2404,2,120,47,5640,1202,1,2020:07:09 10:32:00,1
2405,1,100,33,3300,1203,1,2019:08:12 18:08:00,1
2406,2,120,12,1440,1203,1,2020:01:05 10:22:00,1
2407,1,100,3,300,1204,1,2022:10:18 13:30:00,1
2408,2,120,5,600,1204,1,2020:06:20 12:02:00,1
2409,1,100,37,3700,1205,1,2022:12:10 16:25:00,1
2410,2,120,45,5400,1205,1,2021:02:05 14:53:00,1
2411,1,100,22,2200,1206,1,2019:05:17 18:21:00,1
2412,2,120,44,5280,1206,1,2022:02:07 14:35:00,1
2413,1,100,42,4200,1207,1,2022:07:11 11:10:00,1
2414,2,120,29,3480,1207,1,2022:01:24 10:24:00,1
2415,1,100,50,5000,1208,1,2021:03:09 12:02:00,1
2416,2,120,43,5160,1208,1,2020:11:03 10:29:00,1
2417,1,100,36,3600,1209,1,2021:11:26 12:50:00,1
2418,2,120,42,5040,1209,1,2019:05:27 19:05:00,1
2419,1,100,13,1300,1210,1,2020:04:20 13:10:00,1
2420,2,120,24,2880,1210,1,2019:04:07 16:17:00,1
2421,1,100,44,4400,1211,1,2021:01:04 10:37:00,1
2422,2,120,6,720,1211,1,2021:12:02 15:03:00,1
2423,1,100,12,1200,1212,1,2020:10:08 13:40:00,1
2424,2,120,16,1920,1212,1,2021:03:13 10:31:00,1
2425,1,100,46,4600,1213,1,2021:04:21 18:43:00,1
2426,2,120,11,1320,1213,1,2020:11:19 14:06:00,1
2427,1,100,28,2800,1214,1,2022:10:24 12:45:00,1
2428,2,120,35,4200,1214,1,2022:06:25 11:55:00,1
2429,1,100,46,4600,1215,1,2023:11:07 18:03:00,1
2430,2,120,38,4560,1215,1,2019:01:11 12:51:00,1
2431,1,100,30,3000,1216,1,2022:10:17 11:24:00,1
2432,2,120,31,3720,1216,1,2019:11:08 12:12:00,1
2433,1,100,45,4500,1217,1,2019:09:01 18:02:00,1
2434,2,120,44,5280,1217,1,2023:06:12 17:22:00,1
2435,1,100,12,1200,1218,1,2019:02:16 17:28:00,1
2436,2,120,16,1920,1218,1,2019:04:21 19:15:00,1
2437,1,100,31,3100,1219,1,2021:10:03 18:23:00,1
2438,2,120,13,1560,1219,1,2022:08:05 10:32:00,1
2439,1,100,8,800,1220,1,2020:06:17 14:30:00,1
2440,2,120,37,4440,1220,1,2020:02:17 16:11:00,1
2441,1,100,49,4900,1221,1,2021:06:04 17:55:00,1
2442,2,120,40,4800,1221,1,2019:05:07 10:03:00,1
2443,1,100,4,400,1222,1,2023:08:30 17:30:00,1
2444,2,120,19,2280,1222,1,2019:09:17 11:14:00,1
2445,1,100,10,1000,1223,1,2022:11:26 12:58:00,1
2446,2,120,14,1680,1223,1,2020:03:26 11:15:00,1
2447,1,100,33,3300,1224,1,2019:06:23 11:42:00,1
2448,2,120,12,1440,1224,1,2021:06:22 12:08:00,1
2449,1,100,23,2300,1225,1,2021:04:27 10:46:00,1
2450,2,120,16,1920,1225,1,2021:12:08 13:06:00,1
2451,1,100,23,2300,1226,1,2023:07:22 15:01:00,1
2452,2,120,20,2400,1226,1,2020:08:29 19:29:00,1
2453,1,100,22,2200,1227,1,2019:10:15 19:30:00,1
2454,2,120,44,5280,1227,1,2019:04:24 17:58:00,1
2455,1,100,31,3100,1228,1,2020:11:26 14:41:00,1
2456,2,120,23,2760,1228,1,2020:06:04 12:40:00,1
2457,1,100,19,1900,1229,1,2021:10:01 18:35:00,1
2458,2,120,15,1800,1229,1,2021:11:02 10:58:00,1
2459,1,100,7,700,1230,1,2023:02:27 12:32:00,1
2460,2,120,16,1920,1230,1,2022:11:14 16:53:00,1
2461,1,100,22,2200,1231,1,2021:07:01 12:37:00,1
2462,2,120,23,2760,1231,1,2019:11:11 12:08:00,1
2463,1,100,11,1100,1232,1,2019:09:01 19:01:00,1
2464,2,120,49,5880,1232,1,2020:10:12 19:50:00,1
2465,1,100,19,1900,1233,1,2020:09:28 18:42:00,1
2466,2,120,5,600,1233,1,2023:01:14 17:53:00,1
2467,1,100,32,3200,1234,1,2020:02:29 15:58:00,1
2468,2,120,20,2400,1234,1,2019:09:01 11:07:00,1
2469,1,100,44,4400,1235,1,2020:02:08 17:29:00,1
2470,2,120,28,3360,1235,1,2020:11:17 18:34:00,1
2471,1,100,7,700,1236,1,2019:05:26 19:51:00,1
2472,2,120,29,3480,1236,1,2020:03:02 13:13:00,1
2473,1,100,17,1700,1237,1,2019:09:05 13:32:00,1
2474,2,120,30,3600,1237,1,2023:09:20 17:05:00,1
2475,1,100,24,2400,1238,1,2019:04:27 13:00:00,1
2476,2,120,45,5400,1238,1,2019:04:11 12:36:00,1
2477,1,100,22,2200,1239,1,2023:03:11 13:29:00,1
2478,2,120,28,3360,1239,1,2019:05:07 12:55:00,1
2479,1,100,48,4800,1240,1,2023:07:29 15:16:00,1
2480,2,120,38,4560,1240,1,2022:08:15 15:02:00,1
2481,1,100,44,4400,1241,1,2021:05:17 19:16:00,1
2482,2,120,6,720,1241,1,2021:06:25 11:21:00,1
2483,1,100,24,2400,1242,1,2020:06:17 16:57:00,1
2484,2,120,31,3720,1242,1,2021:03:20 10:31:00,1
2485,1,100,22,2200,1243,1,2019:01:08 11:08:00,1
2486,2,120,8,960,1243,1,2023:01:18 15:04:00,1
2487,1,100,41,4100,1244,1,2022:03:28 11:41:00,1
2488,2,120,25,3000,1244,1,2022:11:16 16:46:00,1
2489,1,100,25,2500,1245,1,2020:02:04 12:14:00,1
2490,2,120,8,960,1245,1,2019:09:12 14:57:00,1
2491,1,100,21,2100,1246,1,2019:04:06 14:26:00,1
2492,2,120,43,5160,1246,1,2022:12:02 17:46:00,1
2493,1,100,11,1100,1247,1,2021:07:21 11:02:00,1
2494,2,120,32,3840,1247,1,2022:03:17 16:47:00,1
2495,1,100,1,100,1248,1,2020:08:03 19:28:00,1
2496,2,120,33,3960,1248,1,2022:07:09 12:53:00,1
2497,1,100,26,2600,1249,1,2019:04:07 12:36:00,1
2498,2,120,42,5040,1249,1,2022:06:16 11:37:00,1
2499,1,100,48,4800,1250,1,2022:09:04 10:27:00,1
2500,2,120,43,5160,1250,1,2019:03:16 19:34:00,1
2501,1,100,23,2300,1251,1,2023:05:28 13:37:00,1
2502,2,120,34,4080,1251,1,2021:09:07 10:11:00,1
2503,1,100,5,500,1252,1,2020:01:15 17:36:00,1
2504,2,120,11,1320,1252,1,2020:02:09 13:44:00,1
2505,1,100,29,2900,1253,1,2021:05:12 14:18:00,1
2506,2,120,31,3720,1253,1,2022:03:06 13:09:00,1
2507,1,100,42,4200,1254,1,2023:05:02 15:44:00,1
2508,2,120,36,4320,1254,1,2021:08:08 15:16:00,1
2509,1,100,13,1300,1255,1,2020:07:08 11:36:00,1
2510,2,120,47,5640,1255,1,2020:12:09 15:17:00,1
2511,1,100,4,400,1256,1,2021:06:21 10:20:00,1
2512,2,120,37,4440,1256,1,2020:01:13 12:27:00,1
2513,1,100,26,2600,1257,1,2020:01:16 16:15:00,1
2514,2,120,20,2400,1257,1,2019:06:06 11:32:00,1
2515,1,100,46,4600,1258,1,2022:06:19 14:27:00,1
2516,2,120,27,3240,1258,1,2023:04:14 18:26:00,1
2517,1,100,5,500,1259,1,2020:04:09 10:53:00,1
2518,2,120,39,4680,1259,1,2019:07:26 13:39:00,1
2519,1,100,36,3600,1260,1,2023:01:30 10:58:00,1
2520,2,120,44,5280,1260,1,2019:08:12 19:30:00,1
2521,1,100,50,5000,1261,1,2021:02:08 15:35:00,1
2522,2,120,9,1080,1261,1,2020:04:23 10:44:00,1
2523,1,100,1,100,1262,1,2023:07:06 18:48:00,1
2524,2,120,29,3480,1262,1,2022:04:04 13:12:00,1
2525,1,100,8,800,1263,1,2021:03:24 14:36:00,1
2526,2,120,13,1560,1263,1,2019:09:14 16:23:00,1
2527,1,100,19,1900,1264,1,2019:05:30 12:57:00,1
2528,2,120,17,2040,1264,1,2021:10:23 19:05:00,1
2529,1,100,44,4400,1265,1,2020:11:27 10:34:00,1
2530,2,120,3,360,1265,1,2021:06:23 19:47:00,1
2531,1,100,8,800,1266,1,2020:06:17 13:05:00,1
2532,2,120,11,1320,1266,1,2020:06:02 14:16:00,1
2533,1,100,14,1400,1267,1,2019:09:01 10:12:00,1
2534,2,120,15,1800,1267,1,2020:07:05 11:16:00,1
2535,1,100,4,400,1268,1,2019:04:11 15:12:00,1
2536,2,120,49,5880,1268,1,2020:06:14 19:16:00,1
2537,1,100,4,400,1269,1,2022:10:17 11:16:00,1
2538,2,120,49,5880,1269,1,2021:06:18 14:38:00,1
2539,1,100,48,4800,1270,1,2022:01:10 14:33:00,1
2540,2,120,38,4560,1270,1,2019:10:14 19:05:00,1
2541,1,100,48,4800,1271,1,2022:02:20 10:51:00,1
2542,2,120,24,2880,1271,1,2019:06:20 19:39:00,1
2543,1,100,27,2700,1272,1,2021:08:05 10:43:00,1
2544,2,120,28,3360,1272,1,2023:06:12 19:40:00,1
2545,1,100,45,4500,1273,1,2019:07:08 17:33:00,1
2546,2,120,21,2520,1273,1,2020:07:29 17:37:00,1
2547,1,100,38,3800,1274,1,2019:07:20 18:47:00,1
2548,2,120,5,600,1274,1,2023:05:22 19:26:00,1
2549,1,100,8,800,1275,1,2023:05:13 11:28:00,1
2550,2,120,27,3240,1275,1,2023:01:03 11:31:00,1
2551,1,100,23,2300,1276,1,2021:02:04 18:04:00,1
2552,2,120,14,1680,1276,1,2019:05:10 10:57:00,1
2553,1,100,1,100,1277,1,2019:10:07 19:37:00,1
2554,2,120,46,5520,1277,1,2022:10:23 12:54:00,1
2555,1,100,19,1900,1278,1,2019:07:24 16:04:00,1
2556,2,120,13,1560,1278,1,2019:10:22 17:23:00,1
2557,1,100,3,300,1279,1,2020:08:05 10:57:00,1
2558,2,120,49,5880,1279,1,2023:06:25 13:32:00,1
2559,1,100,25,2500,1280,1,2022:12:13 16:36:00,1
2560,2,120,30,3600,1280,1,2022:10:03 12:55:00,1
2561,1,100,15,1500,1281,1,2021:01:09 15:39:00,1
2562,2,120,7,840,1281,1,2020:12:03 14:50:00,1
2563,1,100,40,4000,1282,1,2019:07:13 19:17:00,1
2564,2,120,25,3000,1282,1,2019:11:10 10:31:00,1
2565,1,100,36,3600,1283,1,2020:01:10 10:41:00,1
2566,2,120,35,4200,1283,1,2019:09:26 10:33:00,1
2567,1,100,25,2500,1284,1,2019:12:23 15:56:00,1
2568,2,120,44,5280,1284,1,2022:05:20 15:24:00,1
2569,1,100,8,800,1285,1,2023:10:12 13:30:00,1
2570,2,120,32,3840,1285,1,2023:11:18 13:41:00,1
2571,1,100,8,800,1286,1,2021:11:09 18:52:00,1
2572,2,120,5,600,1286,1,2022:05:16 10:01:00,1
2573,1,100,1,100,1287,1,2019:05:24 11:59:00,1
2574,2,120,38,4560,1287,1,2019:01:24 19:26:00,1
2575,1,100,16,1600,1288,1,2023:05:20 19:09:00,1
2576,2,120,15,1800,1288,1,2022:10:24 11:46:00,1
2577,1,100,46,4600,1289,1,2023:10:14 16:42:00,1
2578,2,120,4,480,1289,1,2019:10:27 11:35:00,1
2579,1,100,10,1000,1290,1,2020:07:11 16:57:00,1
2580,2,120,17,2040,1290,1,2022:02:03 19:13:00,1
2581,1,100,12,1200,1291,1,2020:01:28 12:59:00,1
2582,2,120,21,2520,1291,1,2023:03:08 12:15:00,1
2583,1,100,27,2700,1292,1,2022:04:27 16:37:00,1
2584,2,120,37,4440,1292,1,2023:04:16 15:18:00,1
2585,1,100,26,2600,1293,1,2022:11:16 10:58:00,1
2586,2,120,16,1920,1293,1,2019:12:11 10:46:00,1
2587,1,100,2,200,1294,1,2020:02:08 13:00:00,1
2588,2,120,29,3480,1294,1,2023:10:21 12:50:00,1
2589,1,100,37,3700,1295,1,2023:09:14 14:48:00,1
2590,2,120,38,4560,1295,1,2019:09:15 11:12:00,1
2591,1,100,9,900,1296,1,2021:04:02 16:58:00,1
2592,2,120,44,5280,1296,1,2020:08:31 12:17:00,1
2593,1,100,40,4000,1297,1,2023:06:11 17:37:00,1
2594,2,120,31,3720,1297,1,2021:12:29 12:37:00,1
2595,1,100,10,1000,1298,1,2023:12:18 14:24:00,1
2596,2,120,7,840,1298,1,2020:03:27 16:42:00,1
2597,1,100,34,3400,1299,1,2023:02:26 19:56:00,1
2598,2,120,30,3600,1299,1,2023:03:06 14:18:00,1
2599,1,100,7,700,1300,1,2023:04:04 12:38:00,1
2600,2,120,48,5760,1300,1,2021:01:14 14:05:00,1
2601,1,100,31,3100,1301,1,2022:07:19 10:27:00,1
2602,2,120,2,240,1301,1,2020:07:26 12:54:00,1
2603,1,100,24,2400,1302,1,2020:01:16 16:51:00,1
2604,2,120,45,5400,1302,1,2023:02:10 12:40:00,1
2605,1,100,12,1200,1303,1,2019:08:13 13:35:00,1
2606,2,120,18,2160,1303,1,2023:05:19 18:48:00,1
2607,1,100,11,1100,1304,1,2022:01:09 15:18:00,1
2608,2,120,17,2040,1304,1,2021:12:06 14:35:00,1
2609,1,100,22,2200,1305,1,2022:07:18 16:16:00,1
2610,2,120,38,4560,1305,1,2021:09:09 16:55:00,1
2611,1,100,8,800,1306,1,2023:05:06 14:23:00,1
2612,2,120,47,5640,1306,1,2020:06:14 11:55:00,1
2613,1,100,5,500,1307,1,2022:08:05 12:02:00,1
2614,2,120,31,3720,1307,1,2023:03:23 10:26:00,1
2615,1,100,13,1300,1308,1,2022:02:02 17:22:00,1
2616,2,120,22,2640,1308,1,2023:03:11 11:31:00,1
2617,1,100,42,4200,1309,1,2020:12:18 13:58:00,1
2618,2,120,32,3840,1309,1,2021:06:04 16:26:00,1
2619,1,100,43,4300,1310,1,2021:07:21 19:55:00,1
2620,2,120,3,360,1310,1,2022:04:02 12:54:00,1
2621,1,100,21,2100,1311,1,2019:01:02 15:45:00,1
2622,2,120,3,360,1311,1,2021:06:29 13:33:00,1
2623,1,100,13,1300,1312,1,2019:02:14 10:57:00,1
2624,2,120,15,1800,1312,1,2021:09:28 12:43:00,1
2625,1,100,35,3500,1313,1,2021:12:05 17:15:00,1
2626,2,120,49,5880,1313,1,2023:11:06 14:26:00,1
2627,1,100,38,3800,1314,1,2023:12:04 19:13:00,1
2628,2,120,19,2280,1314,1,2020:10:01 15:53:00,1
2629,1,100,15,1500,1315,1,2019:01:26 15:08:00,1
2630,2,120,19,2280,1315,1,2022:05:10 17:23:00,1
2631,1,100,36,3600,1316,1,2022:02:26 14:09:00,1
2632,2,120,40,4800,1316,1,2019:05:16 14:50:00,1
2633,1,100,24,2400,1317,1,2019:04:11 10:35:00,1
2634,2,120,18,2160,1317,1,2019:09:04 15:03:00,1
2635,1,100,44,4400,1318,1,2019:06:08 12:26:00,1
2636,2,120,12,1440,1318,1,2022:01:24 10:57:00,1
2637,1,100,11,1100,1319,1,2020:07:16 13:02:00,1
2638,2,120,22,2640,1319,1,2021:01:12 12:41:00,1
2639,1,100,37,3700,1320,1,2020:04:20 19:45:00,1
2640,2,120,29,3480,1320,1,2021:06:10 14:26:00,1
2641,1,100,25,2500,1321,1,2021:03:14 15:49:00,1
2642,2,120,19,2280,1321,1,2019:02:23 11:56:00,1
2643,1,100,25,2500,1322,1,2020:02:27 15:35:00,1
2644,2,120,49,5880,1322,1,2021:11:25 12:48:00,1
2645,1,100,37,3700,1323,1,2020:10:14 11:31:00,1
2646,2,120,12,1440,1323,1,2023:07:04 19:05:00,1
2647,1,100,21,2100,1324,1,2019:02:08 16:34:00,1
2648,2,120,27,3240,1324,1,2021:06:27 18:01:00,1
2649,1,100,9,900,1325,1,2023:12:03 16:33:00,1
2650,2,120,43,5160,1325,1,2023:08:04 12:37:00,1
2651,1,100,12,1200,1326,1,2022:05:24 11:39:00,1
2652,2,120,18,2160,1326,1,2023:07:10 11:11:00,1
2653,1,100,37,3700,1327,1,2019:01:07 11:41:00,1
2654,2,120,24,2880,1327,1,2022:07:23 10:22:00,1
2655,1,100,39,3900,1328,1,2020:11:16 17:27:00,1
2656,2,120,27,3240,1328,1,2019:07:09 18:11:00,1
2657,1,100,5,500,1329,1,2020:10:05 13:16:00,1
2658,2,120,32,3840,1329,1,2021:03:12 10:43:00,1
2659,1,100,19,1900,1330,1,2021:08:11 14:56:00,1
2660,2,120,49,5880,1330,1,2019:05:08 13:56:00,1
2661,1,100,47,4700,1331,1,2019:08:21 19:45:00,1
2662,2,120,12,1440,1331,1,2023:11:10 13:20:00,1
2663,1,100,32,3200,1332,1,2021:12:13 13:07:00,1
2664,2,120,6,720,1332,1,2021:04:01 14:30:00,1
2665,1,100,27,2700,1333,1,2021:05:25 11:45:00,1
2666,2,120,21,2520,1333,1,2021:07:03 11:16:00,1
2667,1,100,48,4800,1334,1,2019:08:31 12:08:00,1
2668,2,120,32,3840,1334,1,2021:02:11 14:21:00,1
2669,1,100,2,200,1335,1,2020:04:17 14:12:00,1
2670,2,120,40,4800,1335,1,2019:04:26 12:48:00,1
2671,1,100,23,2300,1336,1,2023:08:26 18:58:00,1
2672,2,120,41,4920,1336,1,2020:03:26 15:10:00,1
2673,1,100,38,3800,1337,1,2020:01:09 11:04:00,1
2674,2,120,12,1440,1337,1,2019:05:06 18:41:00,1
2675,1,100,15,1500,1338,1,2021:03:25 13:48:00,1
2676,2,120,24,2880,1338,1,2019:01:30 17:27:00,1
2677,1,100,41,4100,1339,1,2022:01:09 16:41:00,1
2678,2,120,32,3840,1339,1,2022:03:13 15:55:00,1
2679,1,100,36,3600,1340,1,2020:04:19 11:49:00,1
2680,2,120,27,3240,1340,1,2020:10:20 14:08:00,1
2681,1,100,6,600,1341,1,2023:06:12 16:19:00,1
2682,2,120,24,2880,1341,1,2023:09:12 18:43:00,1
2683,1,100,50,5000,1342,1,2019:08:28 13:53:00,1
2684,2,120,50,6000,1342,1,2023:07:21 13:45:00,1
2685,1,100,35,3500,1343,1,2021:05:27 12:08:00,1
2686,2,120,22,2640,1343,1,2022:02:10 13:14:00,1
2687,1,100,1,100,1344,1,2021:06:20 13:43:00,1
2688,2,120,28,3360,1344,1,2019:11:26 12:41:00,1
2689,1,100,36,3600,1345,1,2019:10:23 18:36:00,1
2690,2,120,14,1680,1345,1,2019:05:18 13:18:00,1
2691,1,100,35,3500,1346,1,2020:08:24 14:44:00,1
2692,2,120,17,2040,1346,1,2021:02:04 10:09:00,1
2693,1,100,8,800,1347,1,2020:09:04 15:41:00,1
2694,2,120,3,360,1347,1,2022:03:30 17:57:00,1
2695,1,100,45,4500,1348,1,2020:09:14 12:26:00,1
2696,2,120,39,4680,1348,1,2020:04:06 17:26:00,1
2697,1,100,11,1100,1349,1,2021:04:17 13:45:00,1
2698,2,120,12,1440,1349,1,2022:11:09 10:47:00,1
2699,1,100,11,1100,1350,1,2021:05:14 13:51:00,1
2700,2,120,49,5880,1350,1,2023:08:28 10:08:00,1
2701,1,100,24,2400,1351,1,2019:06:25 12:51:00,1
2702,2,120,16,1920,1351,1,2022:11:26 18:09:00,1
2703,1,100,18,1800,1352,1,2021:01:02 13:21:00,1
2704,2,120,42,5040,1352,1,2023:01:31 17:16:00,1
2705,1,100,45,4500,1353,1,2019:02:21 18:10:00,1
2706,2,120,42,5040,1353,1,2023:05:09 12:14:00,1
2707,1,100,3,300,1354,1,2022:07:02 17:57:00,1
2708,2,120,13,1560,1354,1,2023:08:06 19:26:00,1
2709,1,100,29,2900,1355,1,2020:05:30 14:57:00,1
2710,2,120,48,5760,1355,1,2019:06:23 16:52:00,1
2711,1,100,10,1000,1356,1,2023:09:04 13:23:00,1
2712,2,120,35,4200,1356,1,2021:09:07 18:02:00,1
2713,1,100,7,700,1357,1,2022:07:23 11:41:00,1
2714,2,120,19,2280,1357,1,2020:02:01 14:56:00,1
2715,1,100,39,3900,1358,1,2022:10:31 16:57:00,1
2716,2,120,39,4680,1358,1,2022:01:01 16:46:00,1
2717,1,100,7,700,1359,1,2022:03:10 16:28:00,1
2718,2,120,35,4200,1359,1,2019:04:12 18:53:00,1
2719,1,100,8,800,1360,1,2021:12:27 19:47:00,1
2720,2,120,4,480,1360,1,2019:07:07 15:18:00,1
2721,1,100,16,1600,1361,1,2022:03:09 19:01:00,1
2722,2,120,27,3240,1361,1,2019:11:02 16:24:00,1
2723,1,100,8,800,1362,1,2021:11:10 14:29:00,1
2724,2,120,34,4080,1362,1,2019:02:05 19:19:00,1
2725,1,100,19,1900,1363,1,2023:11:13 13:27:00,1
2726,2,120,27,3240,1363,1,2022:04:26 11:57:00,1
2727,1,100,33,3300,1364,1,2019:06:17 18:29:00,1
2728,2,120,7,840,1364,1,2021:02:18 16:22:00,1
2729,1,100,18,1800,1365,1,2020:01:09 18:03:00,1
2730,2,120,2,240,1365,1,2022:03:22 18:11:00,1
2731,1,100,30,3000,1366,1,2021:10:02 11:06:00,1
2732,2,120,20,2400,1366,1,2022:08:15 17:43:00,1
2733,1,100,7,700,1367,1,2020:04:15 13:09:00,1
2734,2,120,7,840,1367,1,2022:03:05 14:23:00,1
2735,1,100,46,4600,1368,1,2020:01:21 19:50:00,1
2736,2,120,1,120,1368,1,2022:07:26 13:12:00,1
2737,1,100,30,3000,1369,1,2019:09:29 10:06:00,1
2738,2,120,8,960,1369,1,2022:03:20 17:31:00,1
2739,1,100,24,2400,1370,1,2021:07:17 12:26:00,1
2740,2,120,3,360,1370,1,2021:03:18 17:17:00,1
2741,1,100,42,4200,1371,1,2019:04:29 17:13:00,1
2742,2,120,50,6000,1371,1,2019:11:09 13:29:00,1
2743,1,100,40,4000,1372,1,2023:03:30 18:42:00,1
2744,2,120,23,2760,1372,1,2019:09:17 18:07:00,1
2745,1,100,41,4100,1373,1,2022:08:22 17:43:00,1
2746,2,120,30,3600,1373,1,2019:06:23 17:02:00,1
2747,1,100,7,700,1374,1,2021:02:25 16:54:00,1
2748,2,120,22,2640,1374,1,2022:02:15 17:11:00,1
2749,1,100,24,2400,1375,1,2019:10:22 19:06:00,1
2750,2,120,21,2520,1375,1,2021:04:19 13:27:00,1
2751,1,100,8,800,1376,1,2021:04:08 14:30:00,1
2752,2,120,24,2880,1376,1,2020:06:12 15:38:00,1
2753,1,100,16,1600,1377,1,2023:04:06 19:16:00,1
2754,2,120,41,4920,1377,1,2019:11:22 18:00:00,1
2755,1,100,46,4600,1378,1,2021:03:14 10:20:00,1
2756,2,120,29,3480,1378,1,2023:10:20 13:17:00,1
2757,1,100,45,4500,1379,1,2021:04:07 11:46:00,1
2758,2,120,9,1080,1379,1,2023:07:27 18:39:00,1
2759,1,100,44,4400,1380,1,2022:07:18 15:19:00,1
2760,2,120,34,4080,1380,1,2019:10:09 17:03:00,1
2761,1,100,45,4500,1381,1,2023:10:04 11:08:00,1
2762,2,120,4,480,1381,1,2021:10:12 17:03:00,1
2763,1,100,42,4200,1382,1,2022:05:22 11:12:00,1
2764,2,120,25,3000,1382,1,2022:10:28 17:43:00,1
2765,1,100,38,3800,1383,1,2022:01:19 19:38:00,1
2766,2,120,34,4080,1383,1,2021:06:03 18:57:00,1
2767,1,100,20,2000,1384,1,2019:05:09 16:38:00,1
2768,2,120,48,5760,1384,1,2019:04:04 14:17:00,1
2769,1,100,27,2700,1385,1,2022:09:05 15:43:00,1
2770,2,120,44,5280,1385,1,2021:01:21 16:27:00,1
2771,1,100,27,2700,1386,1,2020:02:05 10:06:00,1
2772,2,120,16,1920,1386,1,2019:08:12 15:07:00,1
2773,1,100,3,300,1387,1,2022:05:22 17:29:00,1
2774,2,120,13,1560,1387,1,2023:09:10 11:24:00,1
2775,1,100,6,600,1388,1,2021:02:06 13:31:00,1
2776,2,120,15,1800,1388,1,2021:04:20 18:08:00,1
2777,1,100,27,2700,1389,1,2022:02:10 15:39:00,1
2778,2,120,9,1080,1389,1,2019:04:07 13:01:00,1
2779,1,100,50,5000,1390,1,2022:02:16 14:17:00,1
2780,2,120,4,480,1390,1,2019:04:23 13:12:00,1
2781,1,100,9,900,1391,1,2020:01:16 17:09:00,1
2782,2,120,26,3120,1391,1,2022:01:21 17:36:00,1
2783,1,100,49,4900,1392,1,2019:07:17 17:51:00,1
2784,2,120,24,2880,1392,1,2022:10:05 15:32:00,1
2785,1,100,12,1200,1393,1,2021:04:29 14:42:00,1
2786,2,120,4,480,1393,1,2019:07:19 18:37:00,1
2787,1,100,2,200,1394,1,2022:05:03 10:45:00,1
2788,2,120,25,3000,1394,1,2019:03:22 17:13:00,1
2789,1,100,10,1000,1395,1,2020:02:19 19:43:00,1
2790,2,120,28,3360,1395,1,2021:08:30 10:27:00,1
2791,1,100,14,1400,1396,1,2022:12:02 10:26:00,1
2792,2,120,49,5880,1396,1,2019:11:22 14:22:00,1
2793,1,100,9,900,1397,1,2023:06:04 15:08:00,1
2794,2,120,20,2400,1397,1,2019:05:12 10:21:00,1
2795,1,100,6,600,1398,1,2023:05:06 15:58:00,1
2796,2,120,5,600,1398,1,2022:11:28 18:20:00,1
2797,1,100,49,4900,1399,1,2020:11:09 19:12:00,1
2798,2,120,19,2280,1399,1,2023:07:18 13:25:00,1
2799,1,100,19,1900,1400,1,2021:01:18 12:36:00,1
2800,2,120,37,4440,1400,1,2019:05:07 11:24:00,1
2801,1,100,10,1000,1401,1,2020:01:31 16:25:00,1
2802,2,120,16,1920,1401,1,2023:09:26 10:59:00,1
2803,1,100,17,1700,1402,1,2021:02:12 17:13:00,1
2804,2,120,34,4080,1402,1,2020:04:26 12:51:00,1
2805,1,100,6,600,1403,1,2020:05:03 14:55:00,1
2806,2,120,18,2160,1403,1,2019:01:10 14:54:00,1
2807,1,100,39,3900,1404,1,2021:02:01 17:13:00,1
2808,2,120,35,4200,1404,1,2021:04:02 11:24:00,1
2809,1,100,32,3200,1405,1,2021:08:15 17:52:00,1
2810,2,120,9,1080,1405,1,2019:07:01 16:51:00,1
2811,1,100,20,2000,1406,1,2020:05:14 15:30:00,1
2812,2,120,45,5400,1406,1,2020:05:12 17:22:00,1
2813,1,100,5,500,1407,1,2020:04:11 16:37:00,1
2814,2,120,34,4080,1407,1,2022:03:22 18:22:00,1
2815,1,100,20,2000,1408,1,2019:09:02 10:23:00,1
2816,2,120,6,720,1408,1,2023:04:15 12:52:00,1
2817,1,100,44,4400,1409,1,2022:08:25 19:07:00,1
2818,2,120,33,3960,1409,1,2021:01:19 19:08:00,1
2819,1,100,50,5000,1410,1,2023:01:11 16:56:00,1
2820,2,120,3,360,1410,1,2021:10:24 16:13:00,1
2821,1,100,36,3600,1411,1,2021:05:21 11:21:00,1
2822,2,120,15,1800,1411,1,2023:10:02 18:36:00,1
2823,1,100,34,3400,1412,1,2022:09:27 17:05:00,1
2824,2,120,22,2640,1412,1,2022:09:22 16:04:00,1
2825,1,100,37,3700,1413,1,2020:04:11 16:50:00,1
2826,2,120,30,3600,1413,1,2023:04:17 16:29:00,1
2827,1,100,47,4700,1414,1,2019:11:03 16:03:00,1
2828,2,120,1,120,1414,1,2021:08:27 11:12:00,1
2829,1,100,37,3700,1415,1,2022:07:27 18:27:00,1
2830,2,120,21,2520,1415,1,2019:03:13 17:43:00,1
2831,1,100,13,1300,1416,1,2021:01:02 14:32:00,1
2832,2,120,34,4080,1416,1,2020:08:06 15:53:00,1
2833,1,100,10,1000,1417,1,2023:05:17 15:27:00,1
2834,2,120,28,3360,1417,1,2023:03:10 18:51:00,1
2835,1,100,33,3300,1418,1,2021:08:21 14:18:00,1
2836,2,120,22,2640,1418,1,2022:12:20 14:41:00,1
2837,1,100,39,3900,1419,1,2023:12:05 17:17:00,1
2838,2,120,38,4560,1419,1,2022:02:27 10:56:00,1
2839,1,100,15,1500,1420,1,2021:10:25 14:25:00,1
2840,2,120,19,2280,1420,1,2019:07:21 18:38:00,1
2841,1,100,44,4400,1421,1,2019:12:13 13:56:00,1
2842,2,120,19,2280,1421,1,2022:10:16 15:00:00,1
2843,1,100,34,3400,1422,1,2019:01:28 11:46:00,1
2844,2,120,2,240,1422,1,2022:03:10 11:30:00,1
2845,1,100,7,700,1423,1,2021:07:05 15:12:00,1
2846,2,120,43,5160,1423,1,2023:08:23 13:09:00,1
2847,1,100,27,2700,1424,1,2022:04:26 16:30:00,1
2848,2,120,8,960,1424,1,2019:01:21 15:26:00,1
2849,1,100,47,4700,1425,1,2019:03:24 18:10:00,1
2850,2,120,48,5760,1425,1,2019:05:14 14:17:00,1
2851,1,100,28,2800,1426,1,2019:02:18 10:42:00,1
2852,2,120,14,1680,1426,1,2023:02:16 15:54:00,1
2853,1,100,33,3300,1427,1,2021:07:14 11:13:00,1
2854,2,120,6,720,1427,1,2023:03:27 16:30:00,1
2855,1,100,47,4700,1428,1,2023:04:01 18:49:00,1
2856,2,120,50,6000,1428,1,2019:12:10 18:54:00,1
2857,1,100,19,1900,1429,1,2020:04:05 12:44:00,1
2858,2,120,46,5520,1429,1,2020:07:08 13:23:00,1
2859,1,100,5,500,1430,1,2022:10:19 19:45:00,1
2860,2,120,18,2160,1430,1,2020:09:26 12:35:00,1
2861,1,100,27,2700,1431,1,2019:08:01 11:49:00,1
2862,2,120,27,3240,1431,1,2020:03:26 18:45:00,1
2863,1,100,2,200,1432,1,2021:07:21 12:30:00,1
2864,2,120,13,1560,1432,1,2020:01:28 15:19:00,1
2865,1,100,21,2100,1433,1,2021:04:25 18:01:00,1
2866,2,120,3,360,1433,1,2020:07:18 15:41:00,1
2867,1,100,31,3100,1434,1,2022:04:14 10:07:00,1
2868,2,120,24,2880,1434,1,2021:09:09 19:28:00,1
2869,1,100,44,4400,1435,1,2019:03:05 12:11:00,1
2870,2,120,30,3600,1435,1,2022:01:03 18:15:00,1
2871,1,100,48,4800,1436,1,2022:08:02 19:05:00,1
2872,2,120,15,1800,1436,1,2020:09:28 17:43:00,1
2873,1,100,36,3600,1437,1,2019:05:10 19:49:00,1
2874,2,120,25,3000,1437,1,2020:11:24 15:24:00,1
2875,1,100,33,3300,1438,1,2019:02:20 12:52:00,1
2876,2,120,11,1320,1438,1,2019:11:02 17:54:00,1
2877,1,100,36,3600,1439,1,2020:02:21 15:50:00,1
2878,2,120,15,1800,1439,1,2023:05:04 15:02:00,1
2879,1,100,5,500,1440,1,2022:07:29 12:55:00,1
2880,2,120,9,1080,1440,1,2022:06:21 12:53:00,1
2881,1,100,44,4400,1441,1,2022:01:03 16:09:00,1
2882,2,120,2,240,1441,1,2023:11:28 12:07:00,1
2883,1,100,41,4100,1442,1,2020:03:03 12:34:00,1
2884,2,120,25,3000,1442,1,2022:04:13 11:42:00,1
2885,1,100,4,400,1443,1,2021:03:09 13:58:00,1
2886,2,120,6,720,1443,1,2023:02:11 11:31:00,1
2887,1,100,31,3100,1444,1,2019:10:16 13:37:00,1
2888,2,120,33,3960,1444,1,2023:05:11 15:35:00,1
2889,1,100,13,1300,1445,1,2021:03:20 18:59:00,1
2890,2,120,45,5400,1445,1,2022:10:27 10:35:00,1
2891,1,100,41,4100,1446,1,2019:07:19 16:00:00,1
2892,2,120,23,2760,1446,1,2023:12:13 13:30:00,1
2893,1,100,35,3500,1447,1,2021:05:11 10:15:00,1
2894,2,120,38,4560,1447,1,2021:02:01 11:22:00,1
2895,1,100,27,2700,1448,1,2022:06:13 11:12:00,1
2896,2,120,1,120,1448,1,2023:09:26 15:32:00,1
2897,1,100,27,2700,1449,1,2020:11:21 14:27:00,1
2898,2,120,20,2400,1449,1,2019:06:18 11:15:00,1
2899,1,100,13,1300,1450,1,2023:11:01 17:22:00,1
2900,2,120,16,1920,1450,1,2020:03:08 10:50:00,1
2901,1,100,26,2600,1451,1,2020:07:23 14:28:00,1
2902,2,120,44,5280,1451,1,2020:07:30 13:08:00,1
2903,1,100,8,800,1452,1,2022:12:17 13:18:00,1
2904,2,120,42,5040,1452,1,2022:01:04 14:10:00,1
2905,1,100,22,2200,1453,1,2023:07:07 11:13:00,1
2906,2,120,14,1680,1453,1,2019:04:12 11:55:00,1
2907,1,100,18,1800,1454,1,2023:05:09 10:55:00,1
2908,2,120,50,6000,1454,1,2023:12:13 12:42:00,1
2909,1,100,48,4800,1455,1,2019:08:23 16:51:00,1
2910,2,120,18,2160,1455,1,2023:02:04 13:38:00,1
2911,1,100,40,4000,1456,1,2023:08:18 17:49:00,1
2912,2,120,34,4080,1456,1,2020:07:30 17:28:00,1
2913,1,100,1,100,1457,1,2023:01:16 18:12:00,1
2914,2,120,17,2040,1457,1,2020:05:30 17:42:00,1
2915,1,100,41,4100,1458,1,2020:12:26 15:45:00,1
2916,2,120,29,3480,1458,1,2020:07:18 17:29:00,1
2917,1,100,46,4600,1459,1,2019:03:23 13:18:00,1
2918,2,120,21,2520,1459,1,2022:09:27 19:14:00,1
2919,1,100,29,2900,1460,1,2021:12:18 14:25:00,1
2920,2,120,12,1440,1460,1,2022:12:18 16:40:00,1
2921,1,100,27,2700,1461,1,2021:02:14 18:43:00,1
2922,2,120,8,960,1461,1,2023:02:11 13:18:00,1
2923,1,100,31,3100,1462,1,2022:06:18 16:45:00,1
2924,2,120,49,5880,1462,1,2021:05:01 18:35:00,1
2925,1,100,49,4900,1463,1,2023:01:23 12:41:00,1
2926,2,120,21,2520,1463,1,2021:05:25 16:37:00,1
2927,1,100,33,3300,1464,1,2021:01:25 17:11:00,1
2928,2,120,11,1320,1464,1,2021:05:14 12:31:00,1
2929,1,100,23,2300,1465,1,2019:04:29 11:36:00,1
2930,2,120,14,1680,1465,1,2019:12:12 17:23:00,1
2931,1,100,23,2300,1466,1,2022:05:20 14:30:00,1
2932,2,120,31,3720,1466,1,2020:06:26 11:46:00,1
2933,1,100,15,1500,1467,1,2022:11:04 19:56:00,1
2934,2,120,22,2640,1467,1,2021:07:21 12:55:00,1
2935,1,100,26,2600,1468,1,2021:10:09 19:02:00,1
2936,2,120,30,3600,1468,1,2021:05:15 13:13:00,1
2937,1,100,11,1100,1469,1,2020:06:23 17:40:00,1
2938,2,120,25,3000,1469,1,2021:04:15 12:16:00,1
2939,1,100,5,500,1470,1,2019:05:28 16:14:00,1
2940,2,120,35,4200,1470,1,2022:03:26 16:53:00,1
2941,1,100,30,3000,1471,1,2022:09:29 15:08:00,1
2942,2,120,20,2400,1471,1,2023:04:03 19:46:00,1
2943,1,100,45,4500,1472,1,2019:04:15 18:51:00,1
2944,2,120,28,3360,1472,1,2019:05:09 15:46:00,1
2945,1,100,40,4000,1473,1,2022:01:13 14:37:00,1
2946,2,120,27,3240,1473,1,2021:10:22 12:40:00,1
2947,1,100,40,4000,1474,1,2021:09:03 19:09:00,1
2948,2,120,26,3120,1474,1,2021:08:22 18:28:00,1
2949,1,100,44,4400,1475,1,2021:03:15 10:30:00,1
2950,2,120,10,1200,1475,1,2020:05:05 11:51:00,1
2951,1,100,35,3500,1476,1,2021:01:14 11:31:00,1
2952,2,120,41,4920,1476,1,2022:09:28 11:50:00,1
2953,1,100,38,3800,1477,1,2019:01:03 15:28:00,1
2954,2,120,30,3600,1477,1,2023:03:29 15:53:00,1
2955,1,100,24,2400,1478,1,2023:06:14 12:53:00,1
2956,2,120,23,2760,1478,1,2021:04:22 10:42:00,1
2957,1,100,14,1400,1479,1,2023:09:30 14:30:00,1
2958,2,120,24,2880,1479,1,2022:08:21 17:09:00,1
2959,1,100,47,4700,1480,1,2023:01:15 10:08:00,1
2960,2,120,36,4320,1480,1,2020:04:29 15:34:00,1
2961,1,100,2,200,1481,1,2023:11:02 18:11:00,1
2962,2,120,9,1080,1481,1,2021:07:20 14:27:00,1
2963,1,100,18,1800,1482,1,2021:02:27 16:19:00,1
2964,2,120,42,5040,1482,1,2019:11:07 14:30:00,1
2965,1,100,14,1400,1483,1,2020:07:08 16:09:00,1
2966,2,120,37,4440,1483,1,2020:07:04 13:12:00,1
2967,1,100,28,2800,1484,1,2020:07:01 12:56:00,1
2968,2,120,17,2040,1484,1,2021:01:03 18:52:00,1
2969,1,100,16,1600,1485,1,2022:12:26 11:48:00,1
2970,2,120,43,5160,1485,1,2019:01:31 10:45:00,1
2971,1,100,28,2800,1486,1,2019:12:10 19:06:00,1
2972,2,120,37,4440,1486,1,2022:10:24 18:36:00,1
2973,1,100,11,1100,1487,1,2021:07:28 18:47:00,1
2974,2,120,48,5760,1487,1,2022:03:28 10:39:00,1
2975,1,100,47,4700,1488,1,2022:02:20 18:52:00,1
2976,2,120,4,480,1488,1,2019:11:29 14:30:00,1
2977,1,100,11,1100,1489,1,2020:01:29 16:59:00,1
2978,2,120,43,5160,1489,1,2019:11:22 16:35:00,1
2979,1,100,5,500,1490,1,2019:02:07 14:29:00,1
2980,2,120,31,3720,1490,1,2022:05:26 18:20:00,1
2981,1,100,44,4400,1491,1,2022:11:14 16:31:00,1
2982,2,120,1,120,1491,1,2020:10:16 19:08:00,1
2983,1,100,9,900,1492,1,2020:05:22 15:23:00,1
2984,2,120,35,4200,1492,1,2022:07:07 19:56:00,1
2985,1,100,8,800,1493,1,2023:04:11 17:44:00,1
2986,2,120,3,360,1493,1,2023:01:26 19:32:00,1
2987,1,100,41,4100,1494,1,2023:12:18 13:52:00,1
2988,2,120,5,600,1494,1,2021:08:23 18:18:00,1
2989,1,100,14,1400,1495,1,2021:09:06 13:31:00,1
2990,2,120,31,3720,1495,1,2022:06:24 15:38:00,1
2991,1,100,7,700,1496,1,2021:04:16 15:35:00,1
2992,2,120,29,3480,1496,1,2022:11:17 14:07:00,1
2993,1,100,38,3800,1497,1,2020:10:05 10:37:00,1
2994,2,120,32,3840,1497,1,2022:02:27 17:45:00,1
2995,1,100,31,3100,1498,1,2021:10:10 19:33:00,1
2996,2,120,4,480,1498,1,2020:05:21 14:20:00,1
2997,1,100,22,2200,1499,1,2023:11:05 11:59:00,1
2998,2,120,40,4800,1499,1,2020:11:23 16:47:00,1
2999,1,100,24,2400,1500,1,2020:01:27 10:49:00,1
3000,2,120,16,1920,1500,1,2023:05:31 16:07:00,1
3001,1,100,43,4300,1501,1,2023:01:23 19:01:00,1
3002,2,120,41,4920,1501,1,2023:01:06 19:33:00,1
3003,1,100,7,700,1502,1,2019:01:24 12:59:00,1
3004,2,120,20,2400,1502,1,2020:03:15 16:50:00,1
3005,1,100,11,1100,1503,1,2021:03:06 14:37:00,1
3006,2,120,24,2880,1503,1,2020:03:26 19:45:00,1
3007,1,100,17,1700,1504,1,2021:10:18 16:49:00,1
3008,2,120,48,5760,1504,1,2020:12:19 11:30:00,1
3009,1,100,11,1100,1505,1,2020:01:17 18:47:00,1
3010,2,120,30,3600,1505,1,2021:03:11 11:17:00,1
3011,1,100,4,400,1506,1,2023:11:30 17:16:00,1
3012,2,120,1,120,1506,1,2019:09:15 17:48:00,1
3013,1,100,22,2200,1507,1,2019:11:01 15:46:00,1
3014,2,120,46,5520,1507,1,2022:04:23 17:25:00,1
3015,1,100,4,400,1508,1,2019:05:24 10:45:00,1
3016,2,120,26,3120,1508,1,2022:04:15 17:45:00,1
3017,1,100,30,3000,1509,1,2019:07:17 17:03:00,1
3018,2,120,35,4200,1509,1,2020:08:13 15:43:00,1
3019,1,100,36,3600,1510,1,2023:04:24 18:31:00,1
3020,2,120,10,1200,1510,1,2023:04:04 13:18:00,1
3021,1,100,46,4600,1511,1,2021:02:18 17:51:00,1
3022,2,120,16,1920,1511,1,2021:03:30 17:38:00,1
3023,1,100,4,400,1512,1,2020:03:21 18:50:00,1
3024,2,120,3,360,1512,1,2021:08:10 12:35:00,1
3025,1,100,42,4200,1513,1,2020:06:19 10:52:00,1
3026,2,120,38,4560,1513,1,2019:10:01 14:24:00,1
3027,1,100,30,3000,1514,1,2021:02:17 13:52:00,1
3028,2,120,11,1320,1514,1,2022:03:09 13:52:00,1
3029,1,100,38,3800,1515,1,2020:03:28 15:40:00,1
3030,2,120,39,4680,1515,1,2023:09:02 11:26:00,1
3031,1,100,42,4200,1516,1,2021:01:16 13:06:00,1
3032,2,120,25,3000,1516,1,2022:09:04 13:10:00,1
3033,1,100,6,600,1517,1,2020:04:11 15:49:00,1
3034,2,120,35,4200,1517,1,2020:09:22 13:29:00,1
3035,1,100,16,1600,1518,1,2023:05:01 12:37:00,1
3036,2,120,2,240,1518,1,2019:12:24 10:32:00,1
3037,1,100,19,1900,1519,1,2020:08:11 14:13:00,1
3038,2,120,9,1080,1519,1,2021:07:12 17:13:00,1
3039,1,100,41,4100,1520,1,2023:10:01 10:58:00,1
3040,2,120,48,5760,1520,1,2022:02:09 17:15:00,1
3041,1,100,1,100,1521,1,2020:01:03 12:40:00,1
3042,2,120,34,4080,1521,1,2019:09:29 13:04:00,1
3043,1,100,35,3500,1522,1,2022:04:29 10:17:00,1
3044,2,120,8,960,1522,1,2020:03:28 18:44:00,1
3045,1,100,19,1900,1523,1,2019:09:24 15:28:00,1
3046,2,120,13,1560,1523,1,2023:06:23 19:30:00,1
3047,1,100,20,2000,1524,1,2020:05:06 16:07:00,1
3048,2,120,14,1680,1524,1,2020:09:03 17:49:00,1
3049,1,100,30,3000,1525,1,2023:02:03 12:31:00,1
3050,2,120,14,1680,1525,1,2022:10:31 16:11:00,1
3051,1,100,46,4600,1526,1,2020:04:26 10:13:00,1
3052,2,120,44,5280,1526,1,2022:08:01 14:05:00,1
3053,1,100,14,1400,1527,1,2022:02:28 11:29:00,1
3054,2,120,48,5760,1527,1,2022:08:10 11:04:00,1
3055,1,100,9,900,1528,1,2019:02:20 15:13:00,1
3056,2,120,45,5400,1528,1,2022:05:23 10:03:00,1
3057,1,100,3,300,1529,1,2022:10:21 14:10:00,1
3058,2,120,17,2040,1529,1,2023:01:14 13:52:00,1
3059,1,100,1,100,1530,1,2020:08:10 10:02:00,1
3060,2,120,9,1080,1530,1,2021:03:11 13:09:00,1
3061,1,100,11,1100,1531,1,2020:11:29 19:09:00,1
3062,2,120,28,3360,1531,1,2022:06:04 17:41:00,1
3063,1,100,2,200,1532,1,2022:10:16 16:10:00,1
3064,2,120,45,5400,1532,1,2021:07:06 12:11:00,1
3065,1,100,17,1700,1533,1,2023:05:16 13:11:00,1
3066,2,120,5,600,1533,1,2022:04:07 14:35:00,1
3067,1,100,17,1700,1534,1,2020:09:05 19:02:00,1
3068,2,120,15,1800,1534,1,2022:03:28 13:22:00,1
3069,1,100,28,2800,1535,1,2020:12:04 11:01:00,1
3070,2,120,12,1440,1535,1,2020:12:25 19:34:00,1
3071,1,100,18,1800,1536,1,2023:09:02 19:48:00,1
3072,2,120,34,4080,1536,1,2021:10:26 16:33:00,1
3073,1,100,19,1900,1537,1,2023:10:29 10:37:00,1
3074,2,120,1,120,1537,1,2023:01:04 15:24:00,1
3075,1,100,20,2000,1538,1,2021:04:11 15:19:00,1
3076,2,120,36,4320,1538,1,2019:07:10 15:35:00,1
3077,1,100,9,900,1539,1,2019:07:12 12:39:00,1
3078,2,120,9,1080,1539,1,2021:05:13 19:01:00,1
3079,1,100,15,1500,1540,1,2021:02:01 10:36:00,1
3080,2,120,13,1560,1540,1,2023:01:07 18:11:00,1
3081,1,100,34,3400,1541,1,2023:06:17 11:43:00,1
3082,2,120,32,3840,1541,1,2023:07:09 17:39:00,1
3083,1,100,9,900,1542,1,2019:02:16 17:23:00,1
3084,2,120,49,5880,1542,1,2021:01:14 19:12:00,1
3085,1,100,40,4000,1543,1,2023:07:17 11:11:00,1
3086,2,120,50,6000,1543,1,2023:07:06 19:19:00,1
3087,1,100,38,3800,1544,1,2021:05:08 16:27:00,1
3088,2,120,25,3000,1544,1,2021:01:25 18:17:00,1
3089,1,100,43,4300,1545,1,2023:09:14 12:56:00,1
3090,2,120,28,3360,1545,1,2023:10:01 12:33:00,1
3091,1,100,33,3300,1546,1,2021:11:15 15:35:00,1
3092,2,120,40,4800,1546,1,2022:11:30 10:23:00,1
3093,1,100,19,1900,1547,1,2021:11:10 12:39:00,1
3094,2,120,46,5520,1547,1,2021:10:25 13:25:00,1
3095,1,100,35,3500,1548,1,2019:09:05 11:13:00,1
3096,2,120,11,1320,1548,1,2021:04:09 13:29:00,1
3097,1,100,37,3700,1549,1,2019:06:10 18:02:00,1
3098,2,120,41,4920,1549,1,2022:06:10 12:36:00,1
3099,1,100,42,4200,1550,1,2019:08:30 10:39:00,1
3100,2,120,24,2880,1550,1,2021:12:12 10:35:00,1
3101,1,100,3,300,1551,1,2020:07:14 11:37:00,1
3102,2,120,3,360,1551,1,2020:12:05 15:35:00,1
3103,1,100,7,700,1552,1,2019:01:22 10:55:00,1
3104,2,120,13,1560,1552,1,2022:04:29 14:44:00,1
3105,1,100,15,1500,1553,1,2020:04:26 12:30:00,1
3106,2,120,3,360,1553,1,2020:08:05 18:56:00,1
3107,1,100,41,4100,1554,1,2020:02:29 15:30:00,1
3108,2,120,35,4200,1554,1,2021:05:23 18:18:00,1
3109,1,100,15,1500,1555,1,2019:05:11 19:55:00,1
3110,2,120,49,5880,1555,1,2019:01:13 18:10:00,1
3111,1,100,7,700,1556,1,2019:05:07 11:03:00,1
3112,2,120,15,1800,1556,1,2020:07:20 12:10:00,1
3113,1,100,25,2500,1557,1,2019:10:28 12:31:00,1
3114,2,120,25,3000,1557,1,2021:11:23 13:40:00,1
3115,1,100,9,900,1558,1,2023:11:06 12:06:00,1
3116,2,120,2,240,1558,1,2023:04:03 17:00:00,1
3117,1,100,46,4600,1559,1,2022:02:13 17:56:00,1
3118,2,120,29,3480,1559,1,2021:11:13 16:26:00,1
3119,1,100,40,4000,1560,1,2023:05:10 12:58:00,1
3120,2,120,28,3360,1560,1,2019:06:25 10:45:00,1
3121,1,100,48,4800,1561,1,2020:05:29 11:53:00,1
3122,2,120,39,4680,1561,1,2022:07:25 10:50:00,1
3123,1,100,17,1700,1562,1,2021:05:19 13:39:00,1
3124,2,120,49,5880,1562,1,2023:11:01 19:13:00,1
3125,1,100,18,1800,1563,1,2019:04:03 13:04:00,1
3126,2,120,32,3840,1563,1,2022:08:12 14:33:00,1
3127,1,100,47,4700,1564,1,2022:06:24 17:46:00,1
3128,2,120,45,5400,1564,1,2023:01:05 17:00:00,1
3129,1,100,48,4800,1565,1,2020:03:28 11:00:00,1
3130,2,120,42,5040,1565,1,2023:09:12 16:32:00,1
3131,1,100,37,3700,1566,1,2021:12:03 19:24:00,1
3132,2,120,48,5760,1566,1,2023:06:14 14:22:00,1
3133,1,100,24,2400,1567,1,2022:04:28 11:01:00,1
3134,2,120,18,2160,1567,1,2023:02:25 12:24:00,1
3135,1,100,27,2700,1568,1,2021:12:09 19:24:00,1
3136,2,120,26,3120,1568,1,2020:06:18 10:38:00,1
3137,1,100,39,3900,1569,1,2020:12:28 11:33:00,1
3138,2,120,10,1200,1569,1,2019:02:15 11:06:00,1
3139,1,100,3,300,1570,1,2023:03:28 10:11:00,1
3140,2,120,14,1680,1570,1,2019:04:06 11:45:00,1
3141,1,100,32,3200,1571,1,2023:10:14 14:19:00,1
3142,2,120,16,1920,1571,1,2020:09:08 18:12:00,1
3143,1,100,40,4000,1572,1,2021:01:20 10:17:00,1
3144,2,120,45,5400,1572,1,2023:09:05 11:08:00,1
3145,1,100,21,2100,1573,1,2019:08:20 15:03:00,1
3146,2,120,31,3720,1573,1,2022:07:04 11:48:00,1
3147,1,100,40,4000,1574,1,2021:11:23 13:31:00,1
3148,2,120,41,4920,1574,1,2023:04:23 16:09:00,1
3149,1,100,5,500,1575,1,2020:08:04 10:21:00,1
3150,2,120,22,2640,1575,1,2020:06:09 11:15:00,1
3151,1,100,19,1900,1576,1,2019:10:29 16:32:00,1
3152,2,120,32,3840,1576,1,2021:05:26 11:34:00,1
3153,1,100,39,3900,1577,1,2022:09:03 12:51:00,1
3154,2,120,40,4800,1577,1,2022:02:24 15:39:00,1
3155,1,100,36,3600,1578,1,2019:08:17 11:12:00,1
3156,2,120,21,2520,1578,1,2022:03:30 17:22:00,1
3157,1,100,17,1700,1579,1,2021:11:02 16:46:00,1
3158,2,120,18,2160,1579,1,2019:06:26 10:48:00,1
3159,1,100,27,2700,1580,1,2020:12:31 15:26:00,1
3160,2,120,16,1920,1580,1,2019:03:05 13:28:00,1
3161,1,100,49,4900,1581,1,2022:06:22 19:32:00,1
3162,2,120,38,4560,1581,1,2021:08:05 12:09:00,1
3163,1,100,1,100,1582,1,2021:01:18 17:24:00,1
3164,2,120,36,4320,1582,1,2019:10:07 13:31:00,1
3165,1,100,20,2000,1583,1,2022:01:22 11:27:00,1
3166,2,120,39,4680,1583,1,2023:05:29 15:30:00,1
3167,1,100,35,3500,1584,1,2022:05:14 14:23:00,1
3168,2,120,38,4560,1584,1,2019:12:16 10:52:00,1
3169,1,100,47,4700,1585,1,2021:07:11 14:03:00,1
3170,2,120,39,4680,1585,1,2020:01:10 10:06:00,1
3171,1,100,26,2600,1586,1,2022:06:27 17:44:00,1
3172,2,120,34,4080,1586,1,2019:09:12 11:27:00,1
3173,1,100,32,3200,1587,1,2023:12:08 11:30:00,1
3174,2,120,21,2520,1587,1,2023:08:26 18:35:00,1
3175,1,100,47,4700,1588,1,2022:02:09 16:59:00,1
3176,2,120,47,5640,1588,1,2023:07:21 13:47:00,1
3177,1,100,2,200,1589,1,2023:08:05 17:14:00,1
3178,2,120,8,960,1589,1,2022:06:01 19:51:00,1
3179,1,100,31,3100,1590,1,2023:12:30 17:00:00,1
3180,2,120,34,4080,1590,1,2021:10:27 12:12:00,1
3181,1,100,9,900,1591,1,2021:03:09 14:10:00,1
3182,2,120,10,1200,1591,1,2021:04:17 17:07:00,1
3183,1,100,22,2200,1592,1,2019:05:29 13:51:00,1
3184,2,120,24,2880,1592,1,2023:05:24 13:14:00,1
3185,1,100,44,4400,1593,1,2023:04:06 15:15:00,1
3186,2,120,30,3600,1593,1,2023:06:12 10:44:00,1
3187,1,100,41,4100,1594,1,2022:08:06 19:53:00,1
3188,2,120,4,480,1594,1,2023:06:13 11:32:00,1
3189,1,100,33,3300,1595,1,2021:02:22 11:04:00,1
3190,2,120,43,5160,1595,1,2020:03:31 13:29:00,1
3191,1,100,36,3600,1596,1,2019:11:22 12:02:00,1
3192,2,120,37,4440,1596,1,2021:05:29 19:35:00,1
3193,1,100,10,1000,1597,1,2021:04:09 17:16:00,1
3194,2,120,30,3600,1597,1,2023:01:12 12:09:00,1
3195,1,100,28,2800,1598,1,2021:09:02 13:13:00,1
3196,2,120,40,4800,1598,1,2021:10:11 19:38:00,1
3197,1,100,22,2200,1599,1,2020:03:25 17:18:00,1
3198,2,120,41,4920,1599,1,2021:01:03 11:44:00,1
3199,1,100,14,1400,1600,1,2022:07:24 15:09:00,1
3200,2,120,44,5280,1600,1,2019:05:31 18:48:00,1
3201,1,100,46,4600,1601,1,2023:08:17 15:00:00,1
3202,2,120,34,4080,1601,1,2021:03:12 19:36:00,1
3203,1,100,16,1600,1602,1,2019:02:09 19:28:00,1
3204,2,120,16,1920,1602,1,2020:07:30 18:41:00,1
3205,1,100,41,4100,1603,1,2022:04:18 15:53:00,1
3206,2,120,49,5880,1603,1,2022:10:25 18:59:00,1
3207,1,100,19,1900,1604,1,2023:06:04 12:59:00,1
3208,2,120,13,1560,1604,1,2023:04:21 11:13:00,1
3209,1,100,3,300,1605,1,2023:02:03 19:07:00,1
3210,2,120,45,5400,1605,1,2022:01:05 13:07:00,1
3211,1,100,8,800,1606,1,2022:11:17 17:46:00,1
3212,2,120,9,1080,1606,1,2022:03:15 15:31:00,1
3213,1,100,41,4100,1607,1,2020:10:14 17:12:00,1
3214,2,120,22,2640,1607,1,2019:11:05 18:46:00,1
3215,1,100,12,1200,1608,1,2023:01:07 11:37:00,1
3216,2,120,28,3360,1608,1,2022:07:05 10:48:00,1
3217,1,100,11,1100,1609,1,2019:05:06 16:14:00,1
3218,2,120,24,2880,1609,1,2019:04:28 19:41:00,1
3219,1,100,32,3200,1610,1,2020:06:28 15:30:00,1
3220,2,120,40,4800,1610,1,2023:05:24 19:05:00,1
3221,1,100,2,200,1611,1,2019:09:18 16:10:00,1
3222,2,120,34,4080,1611,1,2021:06:08 18:59:00,1
3223,1,100,39,3900,1612,1,2019:11:16 15:08:00,1
3224,2,120,3,360,1612,1,2023:05:09 13:25:00,1
3225,1,100,47,4700,1613,1,2023:01:14 12:42:00,1
3226,2,120,32,3840,1613,1,2021:05:08 13:53:00,1
3227,1,100,40,4000,1614,1,2019:10:02 10:49:00,1
3228,2,120,6,720,1614,1,2023:04:23 19:26:00,1
3229,1,100,22,2200,1615,1,2022:07:04 11:44:00,1
3230,2,120,3,360,1615,1,2020:06:23 12:02:00,1
3231,1,100,16,1600,1616,1,2021:12:04 11:16:00,1
3232,2,120,38,4560,1616,1,2022:07:11 11:25:00,1
3233,1,100,4,400,1617,1,2023:07:06 13:17:00,1
3234,2,120,43,5160,1617,1,2023:05:10 16:51:00,1
3235,1,100,18,1800,1618,1,2023:03:24 13:25:00,1
3236,2,120,16,1920,1618,1,2023:01:30 13:33:00,1
3237,1,100,14,1400,1619,1,2019:02:12 17:18:00,1
3238,2,120,48,5760,1619,1,2019:01:28 10:29:00,1
3239,1,100,2,200,1620,1,2020:03:31 11:18:00,1
3240,2,120,13,1560,1620,1,2022:06:01 13:31:00,1
3241,1,100,44,4400,1621,1,2021:04:17 11:48:00,1
3242,2,120,10,1200,1621,1,2020:06:29 16:30:00,1
3243,1,100,26,2600,1622,1,2021:06:17 11:44:00,1
3244,2,120,4,480,1622,1,2019:06:15 18:59:00,1
3245,1,100,31,3100,1623,1,2023:05:20 11:02:00,1
3246,2,120,39,4680,1623,1,2023:02:03 14:57:00,1
3247,1,100,28,2800,1624,1,2019:02:28 16:24:00,1
3248,2,120,36,4320,1624,1,2020:03:31 15:56:00,1
3249,1,100,21,2100,1625,1,2023:09:24 15:08:00,1
3250,2,120,39,4680,1625,1,2021:01:15 10:16:00,1
3251,1,100,3,300,1626,1,2020:06:29 14:08:00,1
3252,2,120,5,600,1626,1,2020:06:21 11:13:00,1
3253,1,100,10,1000,1627,1,2022:09:24 17:35:00,1
3254,2,120,32,3840,1627,1,2023:08:19 19:18:00,1
3255,1,100,1,100,1628,1,2019:02:11 12:01:00,1
3256,2,120,34,4080,1628,1,2023:01:07 15:38:00,1
3257,1,100,38,3800,1629,1,2021:12:08 14:35:00,1
3258,2,120,48,5760,1629,1,2020:09:05 17:51:00,1
3259,1,100,49,4900,1630,1,2020:01:01 13:46:00,1
3260,2,120,21,2520,1630,1,2019:05:22 14:54:00,1
3261,1,100,1,100,1631,1,2021:11:26 14:33:00,1
3262,2,120,33,3960,1631,1,2023:11:17 16:30:00,1
3263,1,100,50,5000,1632,1,2019:01:08 17:31:00,1
3264,2,120,45,5400,1632,1,2021:03:01 19:57:00,1
3265,1,100,15,1500,1633,1,2022:09:24 18:15:00,1
3266,2,120,35,4200,1633,1,2019:07:22 15:57:00,1
3267,1,100,3,300,1634,1,2022:04:26 19:36:00,1
3268,2,120,25,3000,1634,1,2023:03:31 16:14:00,1
3269,1,100,39,3900,1635,1,2021:10:24 18:46:00,1
3270,2,120,37,4440,1635,1,2022:09:15 18:10:00,1
3271,1,100,16,1600,1636,1,2019:05:07 13:34:00,1
3272,2,120,13,1560,1636,1,2021:03:12 14:12:00,1
3273,1,100,24,2400,1637,1,2020:01:26 15:06:00,1
3274,2,120,2,240,1637,1,2022:11:10 14:14:00,1
3275,1,100,38,3800,1638,1,2022:07:10 12:21:00,1
3276,2,120,39,4680,1638,1,2023:12:21 18:27:00,1
3277,1,100,41,4100,1639,1,2022:01:14 18:32:00,1
3278,2,120,29,3480,1639,1,2023:04:14 13:28:00,1
3279,1,100,37,3700,1640,1,2019:07:12 15:08:00,1
3280,2,120,8,960,1640,1,2023:09:16 16:51:00,1
3281,1,100,22,2200,1641,1,2022:10:24 18:59:00,1
3282,2,120,49,5880,1641,1,2023:12:05 19:17:00,1
3283,1,100,12,1200,1642,1,2020:07:09 10:28:00,1
3284,2,120,24,2880,1642,1,2022:12:10 19:38:00,1
3285,1,100,40,4000,1643,1,2020:07:30 16:44:00,1
3286,2,120,18,2160,1643,1,2023:02:28 11:31:00,1
3287,1,100,23,2300,1644,1,2021:12:21 16:22:00,1
3288,2,120,1,120,1644,1,2023:10:22 17:12:00,1
3289,1,100,32,3200,1645,1,2022:02:26 13:20:00,1
3290,2,120,7,840,1645,1,2023:06:14 12:13:00,1
3291,1,100,50,5000,1646,1,2020:01:08 16:38:00,1
3292,2,120,38,4560,1646,1,2022:10:07 11:07:00,1
3293,1,100,44,4400,1647,1,2020:11:27 16:55:00,1
3294,2,120,23,2760,1647,1,2019:11:22 10:25:00,1
3295,1,100,25,2500,1648,1,2022:02:11 11:37:00,1
3296,2,120,20,2400,1648,1,2020:05:02 12:40:00,1
3297,1,100,16,1600,1649,1,2022:02:02 19:46:00,1
3298,2,120,37,4440,1649,1,2023:10:08 19:28:00,1
3299,1,100,4,400,1650,1,2023:12:24 12:03:00,1
3300,2,120,23,2760,1650,1,2021:07:10 15:20:00,1
3301,1,100,31,3100,1651,1,2023:11:25 17:22:00,1
3302,2,120,3,360,1651,1,2022:01:28 18:18:00,1
3303,1,100,32,3200,1652,1,2021:09:17 14:42:00,1
3304,2,120,46,5520,1652,1,2023:01:01 18:43:00,1
3305,1,100,30,3000,1653,1,2023:08:15 18:37:00,1
3306,2,120,24,2880,1653,1,2021:03:12 11:40:00,1
3307,1,100,28,2800,1654,1,2019:05:30 15:30:00,1
3308,2,120,38,4560,1654,1,2021:12:25 15:27:00,1
3309,1,100,34,3400,1655,1,2021:05:22 19:07:00,1
3310,2,120,36,4320,1655,1,2020:11:18 16:55:00,1
3311,1,100,48,4800,1656,1,2021:01:28 13:10:00,1
3312,2,120,24,2880,1656,1,2023:05:15 10:03:00,1
3313,1,100,45,4500,1657,1,2020:08:14 12:39:00,1
3314,2,120,1,120,1657,1,2022:11:04 17:18:00,1
3315,1,100,11,1100,1658,1,2020:12:29 15:47:00,1
3316,2,120,29,3480,1658,1,2021:05:01 17:10:00,1
3317,1,100,41,4100,1659,1,2023:05:16 12:17:00,1
3318,2,120,34,4080,1659,1,2019:03:27 18:20:00,1
3319,1,100,45,4500,1660,1,2022:05:07 11:38:00,1
3320,2,120,35,4200,1660,1,2020:12:10 13:34:00,1
3321,1,100,11,1100,1661,1,2020:08:16 14:04:00,1
3322,2,120,48,5760,1661,1,2023:12:05 19:45:00,1
3323,1,100,22,2200,1662,1,2019:03:31 16:33:00,1
3324,2,120,24,2880,1662,1,2022:08:14 15:28:00,1
3325,1,100,44,4400,1663,1,2023:09:25 10:55:00,1
3326,2,120,5,600,1663,1,2021:05:31 18:19:00,1
3327,1,100,1,100,1664,1,2021:05:24 16:23:00,1
3328,2,120,16,1920,1664,1,2022:05:25 14:42:00,1
3329,1,100,47,4700,1665,1,2021:11:18 10:17:00,1
3330,2,120,49,5880,1665,1,2022:12:29 13:49:00,1
3331,1,100,27,2700,1666,1,2019:06:20 13:20:00,1
3332,2,120,50,6000,1666,1,2023:06:22 19:58:00,1
3333,1,100,19,1900,1667,1,2023:08:18 14:52:00,1
3334,2,120,41,4920,1667,1,2019:05:07 11:39:00,1
3335,1,100,29,2900,1668,1,2019:10:06 12:28:00,1
3336,2,120,44,5280,1668,1,2022:08:22 12:12:00,1
3337,1,100,50,5000,1669,1,2020:11:21 17:48:00,1
3338,2,120,48,5760,1669,1,2020:06:10 10:26:00,1
3339,1,100,48,4800,1670,1,2020:10:14 13:10:00,1
3340,2,120,26,3120,1670,1,2020:09:21 15:20:00,1
3341,1,100,18,1800,1671,1,2023:10:12 11:37:00,1
3342,2,120,28,3360,1671,1,2021:10:21 10:44:00,1
3343,1,100,39,3900,1672,1,2021:08:24 14:30:00,1
3344,2,120,46,5520,1672,1,2020:12:09 19:55:00,1
3345,1,100,13,1300,1673,1,2019:11:05 16:04:00,1
3346,2,120,22,2640,1673,1,2019:06:01 11:25:00,1
3347,1,100,39,3900,1674,1,2023:12:26 13:58:00,1
3348,2,120,17,2040,1674,1,2021:03:05 14:50:00,1
3349,1,100,7,700,1675,1,2021:09:25 15:21:00,1
3350,2,120,40,4800,1675,1,2020:04:25 13:45:00,1
3351,1,100,34,3400,1676,1,2020:01:16 15:30:00,1
3352,2,120,30,3600,1676,1,2023:12:10 14:15:00,1
3353,1,100,17,1700,1677,1,2022:01:17 19:28:00,1
3354,2,120,20,2400,1677,1,2020:05:28 11:57:00,1
3355,1,100,50,5000,1678,1,2020:06:09 14:41:00,1
3356,2,120,9,1080,1678,1,2022:06:21 13:16:00,1
3357,1,100,11,1100,1679,1,2022:08:18 12:30:00,1
3358,2,120,33,3960,1679,1,2021:07:22 10:09:00,1
3359,1,100,23,2300,1680,1,2021:03:13 18:47:00,1
3360,2,120,21,2520,1680,1,2022:10:11 13:16:00,1
3361,1,100,6,600,1681,1,2019:03:07 17:55:00,1
3362,2,120,27,3240,1681,1,2021:01:29 14:41:00,1
3363,1,100,22,2200,1682,1,2020:11:14 13:53:00,1
3364,2,120,39,4680,1682,1,2023:08:15 14:05:00,1
3365,1,100,18,1800,1683,1,2023:04:20 19:43:00,1
3366,2,120,50,6000,1683,1,2023:12:30 10:28:00,1
3367,1,100,10,1000,1684,1,2021:03:28 16:21:00,1
3368,2,120,24,2880,1684,1,2021:11:18 15:37:00,1
3369,1,100,19,1900,1685,1,2020:12:27 18:19:00,1
3370,2,120,15,1800,1685,1,2019:07:21 16:13:00,1
3371,1,100,10,1000,1686,1,2021:02:01 10:23:00,1
3372,2,120,18,2160,1686,1,2023:07:27 15:41:00,1
3373,1,100,30,3000,1687,1,2023:09:14 15:53:00,1
3374,2,120,24,2880,1687,1,2020:12:23 17:43:00,1
3375,1,100,2,200,1688,1,2020:01:26 19:19:00,1
3376,2,120,46,5520,1688,1,2020:01:10 19:27:00,1
3377,1,100,43,4300,1689,1,2023:09:25 16:17:00,1
3378,2,120,1,120,1689,1,2021:12:14 11:29:00,1
3379,1,100,36,3600,1690,1,2023:10:10 19:30:00,1
3380,2,120,48,5760,1690,1,2022:05:07 13:52:00,1
3381,1,100,17,1700,1691,1,2023:08:08 15:23:00,1
3382,2,120,27,3240,1691,1,2020:12:08 14:56:00,1
3383,1,100,27,2700,1692,1,2019:02:10 18:08:00,1
3384,2,120,17,2040,1692,1,2019:09:10 19:43:00,1
3385,1,100,38,3800,1693,1,2022:03:22 12:26:00,1
3386,2,120,12,1440,1693,1,2021:05:03 10:20:00,1
3387,1,100,15,1500,1694,1,2020:03:20 18:17:00,1
3388,2,120,23,2760,1694,1,2019:05:03 11:37:00,1
3389,1,100,19,1900,1695,1,2022:05:06 18:04:00,1
3390,2,120,45,5400,1695,1,2020:12:14 12:22:00,1
3391,1,100,35,3500,1696,1,2019:03:13 11:34:00,1
3392,2,120,49,5880,1696,1,2020:02:15 14:55:00,1
3393,1,100,47,4700,1697,1,2020:11:15 16:15:00,1
3394,2,120,34,4080,1697,1,2021:11:30 10:37:00,1
3395,1,100,2,200,1698,1,2021:05:21 19:31:00,1
3396,2,120,9,1080,1698,1,2020:06:05 16:06:00,1
3397,1,100,23,2300,1699,1,2021:08:13 10:34:00,1
3398,2,120,3,360,1699,1,2021:10:20 14:00:00,1
3399,1,100,22,2200,1700,1,2020:12:29 14:45:00,1
3400,2,120,24,2880,1700,1,2020:06:20 16:09:00,1
3401,1,100,43,4300,1701,1,2020:10:02 19:55:00,1
3402,2,120,34,4080,1701,1,2021:10:05 14:19:00,1
3403,1,100,26,2600,1702,1,2020:11:28 15:29:00,1
3404,2,120,6,720,1702,1,2023:11:12 12:36:00,1
3405,1,100,25,2500,1703,1,2022:09:03 13:30:00,1
3406,2,120,46,5520,1703,1,2021:05:01 13:00:00,1
3407,1,100,9,900,1704,1,2020:12:12 14:42:00,1
3408,2,120,3,360,1704,1,2023:06:22 11:54:00,1
3409,1,100,32,3200,1705,1,2019:11:16 14:56:00,1
3410,2,120,24,2880,1705,1,2019:10:10 11:08:00,1
3411,1,100,48,4800,1706,1,2019:09:10 10:34:00,1
3412,2,120,26,3120,1706,1,2019:11:03 14:03:00,1
3413,1,100,17,1700,1707,1,2019:02:08 10:28:00,1
3414,2,120,34,4080,1707,1,2021:06:12 17:12:00,1
3415,1,100,24,2400,1708,1,2022:05:19 18:33:00,1
3416,2,120,21,2520,1708,1,2019:08:15 10:15:00,1
3417,1,100,4,400,1709,1,2019:07:20 15:00:00,1
3418,2,120,41,4920,1709,1,2022:09:22 15:38:00,1
3419,1,100,30,3000,1710,1,2023:07:12 16:14:00,1
3420,2,120,34,4080,1710,1,2020:10:25 12:25:00,1
3421,1,100,11,1100,1711,1,2019:11:20 10:50:00,1
3422,2,120,3,360,1711,1,2023:06:21 17:11:00,1
3423,1,100,39,3900,1712,1,2019:07:16 19:32:00,1
3424,2,120,29,3480,1712,1,2021:06:11 11:11:00,1
3425,1,100,47,4700,1713,1,2020:03:19 16:50:00,1
3426,2,120,35,4200,1713,1,2021:01:05 13:48:00,1
3427,1,100,44,4400,1714,1,2019:06:13 17:37:00,1
3428,2,120,48,5760,1714,1,2022:09:12 14:39:00,1
3429,1,100,12,1200,1715,1,2022:12:02 12:13:00,1
3430,2,120,30,3600,1715,1,2023:07:04 18:33:00,1
3431,1,100,17,1700,1716,1,2019:05:18 16:35:00,1
3432,2,120,50,6000,1716,1,2022:12:26 14:28:00,1
3433,1,100,25,2500,1717,1,2019:02:18 11:02:00,1
3434,2,120,3,360,1717,1,2023:09:25 16:28:00,1
3435,1,100,7,700,1718,1,2021:04:20 11:28:00,1
3436,2,120,24,2880,1718,1,2019:12:13 15:48:00,1
3437,1,100,6,600,1719,1,2019:11:25 16:56:00,1
3438,2,120,17,2040,1719,1,2023:05:02 15:33:00,1
3439,1,100,46,4600,1720,1,2023:05:29 10:48:00,1
3440,2,120,8,960,1720,1,2021:06:26 15:55:00,1
3441,1,100,19,1900,1721,1,2023:07:12 12:08:00,1
3442,2,120,40,4800,1721,1,2019:02:28 13:00:00,1
3443,1,100,34,3400,1722,1,2019:05:01 18:22:00,1
3444,2,120,13,1560,1722,1,2023:06:05 16:44:00,1
3445,1,100,44,4400,1723,1,2023:08:06 12:39:00,1
3446,2,120,3,360,1723,1,2023:06:21 12:14:00,1
3447,1,100,37,3700,1724,1,2023:06:18 18:21:00,1
3448,2,120,49,5880,1724,1,2023:01:16 17:30:00,1
3449,1,100,30,3000,1725,1,2023:12:14 15:30:00,1
3450,2,120,17,2040,1725,1,2023:10:27 14:49:00,1
3451,1,100,40,4000,1726,1,2021:08:24 10:38:00,1
3452,2,120,49,5880,1726,1,2022:09:11 15:15:00,1
3453,1,100,25,2500,1727,1,2020:06:18 17:34:00,1
3454,2,120,10,1200,1727,1,2019:04:22 14:49:00,1
3455,1,100,35,3500,1728,1,2021:07:13 17:16:00,1
3456,2,120,32,3840,1728,1,2019:03:14 18:28:00,1
3457,1,100,8,800,1729,1,2023:04:12 19:07:00,1
3458,2,120,35,4200,1729,1,2019:05:27 14:05:00,1
3459,1,100,34,3400,1730,1,2021:09:19 18:32:00,1
3460,2,120,9,1080,1730,1,2021:12:14 17:00:00,1
3461,1,100,46,4600,1731,1,2020:04:02 15:56:00,1
3462,2,120,16,1920,1731,1,2021:07:14 15:38:00,1
3463,1,100,48,4800,1732,1,2020:04:19 19:59:00,1
3464,2,120,39,4680,1732,1,2019:01:14 10:10:00,1
3465,1,100,43,4300,1733,1,2022:11:09 14:42:00,1
3466,2,120,8,960,1733,1,2023:02:01 15:29:00,1
3467,1,100,13,1300,1734,1,2022:09:13 15:15:00,1
3468,2,120,14,1680,1734,1,2020:07:22 11:13:00,1
3469,1,100,46,4600,1735,1,2019:03:04 12:13:00,1
3470,2,120,23,2760,1735,1,2023:05:02 19:31:00,1
3471,1,100,44,4400,1736,1,2022:05:01 15:40:00,1
3472,2,120,34,4080,1736,1,2021:04:04 15:56:00,1
3473,1,100,25,2500,1737,1,2022:12:24 13:09:00,1
3474,2,120,42,5040,1737,1,2021:04:28 18:00:00,1
3475,1,100,11,1100,1738,1,2020:07:18 19:30:00,1
3476,2,120,26,3120,1738,1,2022:01:16 17:12:00,1
3477,1,100,20,2000,1739,1,2019:08:25 10:59:00,1
3478,2,120,19,2280,1739,1,2019:05:05 11:10:00,1
3479,1,100,40,4000,1740,1,2022:10:27 18:49:00,1
3480,2,120,36,4320,1740,1,2019:11:14 15:22:00,1
3481,1,100,45,4500,1741,1,2019:04:25 16:17:00,1
3482,2,120,48,5760,1741,1,2020:09:02 12:53:00,1
3483,1,100,28,2800,1742,1,2022:02:14 13:39:00,1
3484,2,120,8,960,1742,1,2022:12:02 18:18:00,1
3485,1,100,21,2100,1743,1,2022:05:13 19:28:00,1
3486,2,120,6,720,1743,1,2022:09:10 19:22:00,1
3487,1,100,7,700,1744,1,2023:08:04 19:39:00,1
3488,2,120,47,5640,1744,1,2021:02:23 17:40:00,1
3489,1,100,8,800,1745,1,2022:05:22 13:51:00,1
3490,2,120,6,720,1745,1,2023:10:15 13:14:00,1
3491,1,100,44,4400,1746,1,2021:06:25 13:12:00,1
3492,2,120,19,2280,1746,1,2019:10:26 18:23:00,1
3493,1,100,8,800,1747,1,2022:04:23 15:37:00,1
3494,2,120,15,1800,1747,1,2022:08:17 11:02:00,1
3495,1,100,16,1600,1748,1,2020:05:28 10:39:00,1
3496,2,120,49,5880,1748,1,2019:02:17 10:45:00,1
3497,1,100,16,1600,1749,1,2022:08:24 17:37:00,1
3498,2,120,37,4440,1749,1,2022:01:27 18:18:00,1
3499,1,100,17,1700,1750,1,2020:12:16 19:17:00,1
3500,2,120,8,960,1750,1,2019:10:21 14:26:00,1
3501,1,100,2,200,1751,1,2020:08:26 12:49:00,1
3502,2,120,15,1800,1751,1,2020:07:29 14:29:00,1
3503,1,100,6,600,1752,1,2019:09:23 17:48:00,1
3504,2,120,48,5760,1752,1,2022:06:04 14:35:00,1
3505,1,100,20,2000,1753,1,2023:12:24 17:04:00,1
3506,2,120,8,960,1753,1,2019:01:17 13:38:00,1
3507,1,100,27,2700,1754,1,2023:08:09 10:05:00,1
3508,2,120,1,120,1754,1,2021:10:23 14:20:00,1
3509,1,100,29,2900,1755,1,2022:10:02 11:24:00,1
3510,2,120,5,600,1755,1,2022:05:22 19:09:00,1
3511,1,100,5,500,1756,1,2019:12:12 12:23:00,1
3512,2,120,17,2040,1756,1,2020:08:13 19:39:00,1
3513,1,100,50,5000,1757,1,2020:12:18 10:39:00,1
3514,2,120,49,5880,1757,1,2022:11:27 11:37:00,1
3515,1,100,29,2900,1758,1,2021:06:09 17:32:00,1
3516,2,120,42,5040,1758,1,2020:01:11 13:56:00,1
3517,1,100,35,3500,1759,1,2023:11:05 17:29:00,1
3518,2,120,45,5400,1759,1,2023:12:09 19:52:00,1
3519,1,100,38,3800,1760,1,2021:01:17 11:36:00,1
3520,2,120,39,4680,1760,1,2022:02:19 19:03:00,1
3521,1,100,8,800,1761,1,2023:01:29 18:23:00,1
3522,2,120,49,5880,1761,1,2019:01:28 16:56:00,1
3523,1,100,45,4500,1762,1,2019:04:20 13:46:00,1
3524,2,120,8,960,1762,1,2021:09:28 12:19:00,1
3525,1,100,38,3800,1763,1,2023:07:24 18:27:00,1
3526,2,120,40,4800,1763,1,2021:09:17 11:18:00,1
3527,1,100,27,2700,1764,1,2021:06:17 14:48:00,1
3528,2,120,41,4920,1764,1,2019:12:18 17:57:00,1
3529,1,100,44,4400,1765,1,2020:08:30 15:37:00,1
3530,2,120,18,2160,1765,1,2021:01:01 11:05:00,1
3531,1,100,42,4200,1766,1,2023:09:06 12:28:00,1
3532,2,120,37,4440,1766,1,2019:11:21 14:59:00,1
3533,1,100,31,3100,1767,1,2021:11:20 11:45:00,1
3534,2,120,36,4320,1767,1,2021:01:21 13:17:00,1
3535,1,100,42,4200,1768,1,2023:12:19 15:36:00,1
3536,2,120,47,5640,1768,1,2023:03:27 14:49:00,1
3537,1,100,13,1300,1769,1,2020:05:19 19:32:00,1
3538,2,120,32,3840,1769,1,2020:12:27 11:22:00,1
3539,1,100,47,4700,1770,1,2023:10:05 11:35:00,1
3540,2,120,4,480,1770,1,2022:01:14 15:44:00,1
3541,1,100,21,2100,1771,1,2020:06:02 13:40:00,1
3542,2,120,33,3960,1771,1,2019:10:09 15:49:00,1
3543,1,100,50,5000,1772,1,2019:11:05 14:35:00,1
3544,2,120,5,600,1772,1,2020:04:27 12:28:00,1
3545,1,100,50,5000,1773,1,2021:09:23 12:16:00,1
3546,2,120,18,2160,1773,1,2019:01:15 15:43:00,1
3547,1,100,17,1700,1774,1,2023:08:30 14:17:00,1
3548,2,120,24,2880,1774,1,2019:03:08 15:33:00,1
3549,1,100,3,300,1775,1,2019:04:27 12:24:00,1
3550,2,120,40,4800,1775,1,2020:03:30 17:39:00,1
3551,1,100,3,300,1776,1,2022:10:21 13:55:00,1
3552,2,120,26,3120,1776,1,2020:10:21 14:36:00,1
3553,1,100,15,1500,1777,1,2021:05:26 13:26:00,1
3554,2,120,25,3000,1777,1,2020:09:22 13:07:00,1
3555,1,100,28,2800,1778,1,2019:06:01 12:35:00,1
3556,2,120,17,2040,1778,1,2023:10:18 16:45:00,1
3557,1,100,14,1400,1779,1,2019:07:12 14:28:00,1
3558,2,120,5,600,1779,1,2019:09:02 18:53:00,1
3559,1,100,6,600,1780,1,2021:04:20 17:46:00,1
3560,2,120,13,1560,1780,1,2020:10:17 17:18:00,1
3561,1,100,31,3100,1781,1,2019:10:02 12:36:00,1
3562,2,120,41,4920,1781,1,2019:11:24 17:02:00,1
3563,1,100,4,400,1782,1,2023:04:30 15:49:00,1
3564,2,120,34,4080,1782,1,2021:12:23 16:05:00,1
3565,1,100,38,3800,1783,1,2023:08:07 18:15:00,1
3566,2,120,32,3840,1783,1,2020:03:02 19:57:00,1
3567,1,100,7,700,1784,1,2022:02:04 15:39:00,1
3568,2,120,35,4200,1784,1,2019:02:03 13:07:00,1
3569,1,100,27,2700,1785,1,2020:09:29 16:21:00,1
3570,2,120,32,3840,1785,1,2023:02:18 11:08:00,1
3571,1,100,43,4300,1786,1,2019:02:15 14:11:00,1
3572,2,120,34,4080,1786,1,2020:12:28 11:25:00,1
3573,1,100,7,700,1787,1,2020:06:18 16:28:00,1
3574,2,120,34,4080,1787,1,2023:04:02 13:10:00,1
3575,1,100,24,2400,1788,1,2023:11:12 15:44:00,1
3576,2,120,15,1800,1788,1,2022:11:28 17:14:00,1
3577,1,100,6,600,1789,1,2021:08:15 17:47:00,1
3578,2,120,41,4920,1789,1,2021:11:10 19:01:00,1
3579,1,100,4,400,1790,1,2021:04:08 19:52:00,1
3580,2,120,39,4680,1790,1,2021:07:26 14:03:00,1
3581,1,100,18,1800,1791,1,2023:04:08 19:58:00,1
3582,2,120,10,1200,1791,1,2023:01:09 17:22:00,1
3583,1,100,2,200,1792,1,2023:11:29 13:39:00,1
3584,2,120,35,4200,1792,1,2020:08:24 11:02:00,1
3585,1,100,50,5000,1793,1,2019:02:27 15:38:00,1
3586,2,120,4,480,1793,1,2021:09:21 16:23:00,1
3587,1,100,31,3100,1794,1,2021:02:03 16:04:00,1
3588,2,120,30,3600,1794,1,2021:01:30 18:36:00,1
3589,1,100,19,1900,1795,1,2022:01:12 13:30:00,1
3590,2,120,23,2760,1795,1,2020:09:05 11:02:00,1
3591,1,100,35,3500,1796,1,2021:01:07 16:33:00,1
3592,2,120,43,5160,1796,1,2019:10:10 12:06:00,1
3593,1,100,38,3800,1797,1,2019:08:26 12:24:00,1
3594,2,120,25,3000,1797,1,2019:04:27 12:38:00,1
3595,1,100,10,1000,1798,1,2022:11:02 19:25:00,1
3596,2,120,35,4200,1798,1,2022:08:12 16:33:00,1
3597,1,100,48,4800,1799,1,2023:09:19 11:04:00,1
3598,2,120,16,1920,1799,1,2021:07:12 18:56:00,1
3599,1,100,48,4800,1800,1,2021:01:24 10:46:00,1
3600,2,120,2,240,1800,1,2019:01:24 19:07:00,1
3601,1,100,11,1100,1801,1,2022:04:22 17:04:00,1
3602,2,120,38,4560,1801,1,2020:01:20 16:34:00,1
3603,1,100,16,1600,1802,1,2020:04:04 13:51:00,1
3604,2,120,42,5040,1802,1,2021:10:20 10:07:00,1
3605,1,100,7,700,1803,1,2019:09:18 11:43:00,1
3606,2,120,50,6000,1803,1,2021:12:17 14:02:00,1
3607,1,100,18,1800,1804,1,2023:07:26 16:35:00,1
3608,2,120,11,1320,1804,1,2022:11:13 17:52:00,1
3609,1,100,20,2000,1805,1,2022:09:15 15:53:00,1
3610,2,120,7,840,1805,1,2022:03:19 19:41:00,1
3611,1,100,15,1500,1806,1,2023:04:24 11:35:00,1
3612,2,120,38,4560,1806,1,2020:02:29 10:48:00,1
3613,1,100,45,4500,1807,1,2020:04:09 12:58:00,1
3614,2,120,31,3720,1807,1,2021:03:16 10:42:00,1
3615,1,100,14,1400,1808,1,2021:06:11 15:43:00,1
3616,2,120,34,4080,1808,1,2023:03:09 15:33:00,1
3617,1,100,26,2600,1809,1,2019:09:28 18:09:00,1
3618,2,120,10,1200,1809,1,2019:02:05 15:06:00,1
3619,1,100,34,3400,1810,1,2023:09:24 18:08:00,1
3620,2,120,38,4560,1810,1,2021:02:16 12:58:00,1
3621,1,100,5,500,1811,1,2023:10:03 11:17:00,1
3622,2,120,38,4560,1811,1,2020:11:16 10:34:00,1
3623,1,100,35,3500,1812,1,2021:09:19 11:11:00,1
3624,2,120,48,5760,1812,1,2023:03:19 12:09:00,1
3625,1,100,2,200,1813,1,2019:10:04 10:50:00,1
3626,2,120,14,1680,1813,1,2023:11:16 11:28:00,1
3627,1,100,35,3500,1814,1,2023:08:05 10:21:00,1
3628,2,120,16,1920,1814,1,2021:07:27 11:26:00,1
3629,1,100,44,4400,1815,1,2022:06:19 19:52:00,1
3630,2,120,11,1320,1815,1,2020:08:18 14:32:00,1
3631,1,100,1,100,1816,1,2020:06:10 17:11:00,1
3632,2,120,41,4920,1816,1,2022:05:16 19:42:00,1
3633,1,100,6,600,1817,1,2021:01:08 13:03:00,1
3634,2,120,29,3480,1817,1,2020:07:03 12:43:00,1
3635,1,100,33,3300,1818,1,2023:05:04 15:34:00,1
3636,2,120,38,4560,1818,1,2022:12:31 19:41:00,1
3637,1,100,49,4900,1819,1,2022:04:24 18:46:00,1
3638,2,120,11,1320,1819,1,2021:03:02 18:15:00,1
3639,1,100,9,900,1820,1,2022:07:03 11:59:00,1
3640,2,120,34,4080,1820,1,2021:04:29 17:44:00,1
3641,1,100,18,1800,1821,1,2019:01:27 18:37:00,1
3642,2,120,3,360,1821,1,2019:12:28 15:34:00,1
3643,1,100,24,2400,1822,1,2023:05:08 19:52:00,1
3644,2,120,25,3000,1822,1,2023:03:21 13:36:00,1
3645,1,100,42,4200,1823,1,2020:12:20 16:02:00,1
3646,2,120,36,4320,1823,1,2021:03:17 16:37:00,1
3647,1,100,17,1700,1824,1,2019:05:02 15:52:00,1
3648,2,120,22,2640,1824,1,2019:02:22 11:36:00,1
3649,1,100,14,1400,1825,1,2019:05:26 18:16:00,1
3650,2,120,3,360,1825,1,2020:09:06 16:54:00,1
3651,1,100,37,3700,1826,1,2019:05:07 19:03:00,1
3652,2,120,37,4440,1826,1,2020:11:16 19:34:00,1
3653,1,100,30,3000,1827,1,2023:04:10 14:34:00,1
3654,2,120,31,3720,1827,1,2023:07:18 17:37:00,1
3655,1,100,24,2400,1828,1,2021:07:21 17:17:00,1
3656,2,120,48,5760,1828,1,2022:07:17 13:36:00,1
3657,1,100,34,3400,1829,1,2020:09:13 16:35:00,1
3658,2,120,31,3720,1829,1,2021:06:20 17:27:00,1
3659,1,100,2,200,1830,1,2020:12:12 11:02:00,1
3660,2,120,21,2520,1830,1,2020:06:12 11:11:00,1
3661,1,100,3,300,1831,1,2023:05:06 17:17:00,1
3662,2,120,14,1680,1831,1,2022:08:17 14:58:00,1
3663,1,100,42,4200,1832,1,2020:03:08 19:35:00,1
3664,2,120,22,2640,1832,1,2022:02:21 16:48:00,1
3665,1,100,45,4500,1833,1,2021:08:18 18:05:00,1
3666,2,120,27,3240,1833,1,2022:02:23 17:06:00,1
3667,1,100,15,1500,1834,1,2019:12:10 15:45:00,1
3668,2,120,16,1920,1834,1,2021:09:13 18:44:00,1
3669,1,100,9,900,1835,1,2020:04:01 17:14:00,1
3670,2,120,37,4440,1835,1,2021:09:16 11:44:00,1
3671,1,100,35,3500,1836,1,2023:10:14 18:43:00,1
3672,2,120,9,1080,1836,1,2023:07:27 11:31:00,1
3673,1,100,43,4300,1837,1,2021:10:15 19:13:00,1
3674,2,120,27,3240,1837,1,2023:07:02 11:27:00,1
3675,1,100,48,4800,1838,1,2021:04:25 16:35:00,1
3676,2,120,1,120,1838,1,2020:12:01 14:11:00,1
3677,1,100,50,5000,1839,1,2021:01:24 18:33:00,1
3678,2,120,16,1920,1839,1,2022:05:03 18:40:00,1
3679,1,100,32,3200,1840,1,2022:06:06 16:46:00,1
3680,2,120,31,3720,1840,1,2022:02:25 17:52:00,1
3681,1,100,3,300,1841,1,2021:07:29 14:04:00,1
3682,2,120,20,2400,1841,1,2019:05:25 11:41:00,1
3683,1,100,42,4200,1842,1,2020:02:08 15:46:00,1
3684,2,120,30,3600,1842,1,2023:12:01 13:36:00,1
3685,1,100,38,3800,1843,1,2019:03:08 16:29:00,1
3686,2,120,39,4680,1843,1,2021:10:27 18:47:00,1
3687,1,100,48,4800,1844,1,2023:12:17 13:58:00,1
3688,2,120,44,5280,1844,1,2022:01:19 15:11:00,1
3689,1,100,38,3800,1845,1,2020:03:21 19:19:00,1
3690,2,120,8,960,1845,1,2021:02:13 19:38:00,1
3691,1,100,18,1800,1846,1,2019:05:02 16:06:00,1
3692,2,120,42,5040,1846,1,2020:06:07 17:32:00,1
3693,1,100,13,1300,1847,1,2023:03:10 14:05:00,1
3694,2,120,11,1320,1847,1,2021:09:15 16:15:00,1
3695,1,100,36,3600,1848,1,2019:02:11 18:04:00,1
3696,2,120,47,5640,1848,1,2021:04:05 14:10:00,1
3697,1,100,6,600,1849,1,2019:06:24 16:43:00,1
3698,2,120,18,2160,1849,1,2022:05:05 11:09:00,1
3699,1,100,11,1100,1850,1,2023:12:21 11:47:00,1
3700,2,120,21,2520,1850,1,2023:05:10 17:08:00,1
3701,1,100,12,1200,1851,1,2019:08:23 15:19:00,1
3702,2,120,11,1320,1851,1,2020:04:22 17:27:00,1
3703,1,100,29,2900,1852,1,2019:05:07 18:36:00,1
3704,2,120,19,2280,1852,1,2023:12:04 16:10:00,1
3705,1,100,23,2300,1853,1,2020:07:05 16:42:00,1
3706,2,120,7,840,1853,1,2022:08:07 11:07:00,1
3707,1,100,3,300,1854,1,2021:05:12 17:41:00,1
3708,2,120,44,5280,1854,1,2023:02:09 19:46:00,1
3709,1,100,6,600,1855,1,2020:07:31 16:11:00,1
3710,2,120,43,5160,1855,1,2020:03:23 19:35:00,1
3711,1,100,1,100,1856,1,2019:04:05 17:43:00,1
3712,2,120,5,600,1856,1,2020:11:24 17:28:00,1
3713,1,100,24,2400,1857,1,2021:05:25 14:35:00,1
3714,2,120,6,720,1857,1,2021:06:11 11:14:00,1
3715,1,100,19,1900,1858,1,2022:09:30 19:34:00,1
3716,2,120,25,3000,1858,1,2022:06:29 11:31:00,1
3717,1,100,7,700,1859,1,2023:06:04 11:32:00,1
3718,2,120,39,4680,1859,1,2022:11:16 12:12:00,1
3719,1,100,32,3200,1860,1,2021:10:19 15:26:00,1
3720,2,120,19,2280,1860,1,2019:05:09 16:29:00,1
3721,1,100,2,200,1861,1,2020:04:12 16:10:00,1
3722,2,120,37,4440,1861,1,2023:03:17 16:26:00,1
3723,1,100,8,800,1862,1,2023:05:04 15:31:00,1
3724,2,120,31,3720,1862,1,2020:10:28 19:17:00,1
3725,1,100,40,4000,1863,1,2023:11:29 14:28:00,1
3726,2,120,46,5520,1863,1,2021:05:11 15:01:00,1
3727,1,100,4,400,1864,1,2022:12:18 10:49:00,1
3728,2,120,24,2880,1864,1,2019:10:26 11:02:00,1
3729,1,100,24,2400,1865,1,2020:10:27 10:17:00,1
3730,2,120,1,120,1865,1,2019:01:14 12:36:00,1
3731,1,100,50,5000,1866,1,2023:03:15 11:46:00,1
3732,2,120,30,3600,1866,1,2019:11:20 13:38:00,1
3733,1,100,35,3500,1867,1,2019:02:06 19:26:00,1
3734,2,120,28,3360,1867,1,2021:03:31 14:13:00,1
3735,1,100,40,4000,1868,1,2020:09:27 13:11:00,1
3736,2,120,20,2400,1868,1,2022:04:01 18:16:00,1
3737,1,100,34,3400,1869,1,2021:12:19 19:44:00,1
3738,2,120,40,4800,1869,1,2021:11:14 11:04:00,1
3739,1,100,32,3200,1870,1,2021:05:29 14:31:00,1
3740,2,120,43,5160,1870,1,2019:04:27 11:32:00,1
3741,1,100,3,300,1871,1,2020:12:25 10:45:00,1
3742,2,120,35,4200,1871,1,2020:07:29 10:08:00,1
3743,1,100,18,1800,1872,1,2022:09:08 15:10:00,1
3744,2,120,35,4200,1872,1,2020:01:14 17:42:00,1
3745,1,100,39,3900,1873,1,2022:04:17 10:37:00,1
3746,2,120,13,1560,1873,1,2019:01:26 10:48:00,1
3747,1,100,11,1100,1874,1,2020:04:09 10:34:00,1
3748,2,120,31,3720,1874,1,2022:12:21 11:14:00,1
3749,1,100,42,4200,1875,1,2019:07:25 10:03:00,1
3750,2,120,48,5760,1875,1,2022:12:25 12:07:00,1
3751,1,100,12,1200,1876,1,2021:09:13 15:37:00,1
3752,2,120,17,2040,1876,1,2019:05:08 12:00:00,1
3753,1,100,15,1500,1877,1,2021:04:29 18:28:00,1
3754,2,120,44,5280,1877,1,2021:10:16 14:29:00,1
3755,1,100,41,4100,1878,1,2020:03:30 14:10:00,1
3756,2,120,4,480,1878,1,2023:09:10 13:38:00,1
3757,1,100,19,1900,1879,1,2019:02:06 10:07:00,1
3758,2,120,42,5040,1879,1,2020:01:23 14:32:00,1
3759,1,100,14,1400,1880,1,2019:03:24 12:03:00,1
3760,2,120,27,3240,1880,1,2023:09:10 19:09:00,1
3761,1,100,39,3900,1881,1,2023:02:24 10:53:00,1
3762,2,120,49,5880,1881,1,2020:09:25 19:28:00,1
3763,1,100,10,1000,1882,1,2022:11:21 18:44:00,1
3764,2,120,14,1680,1882,1,2021:06:25 16:42:00,1
3765,1,100,42,4200,1883,1,2023:11:07 10:08:00,1
3766,2,120,8,960,1883,1,2020:05:29 16:11:00,1
3767,1,100,36,3600,1884,1,2020:11:19 19:41:00,1
3768,2,120,43,5160,1884,1,2020:07:25 12:27:00,1
3769,1,100,3,300,1885,1,2019:09:13 16:52:00,1
3770,2,120,49,5880,1885,1,2021:06:21 17:38:00,1
3771,1,100,32,3200,1886,1,2019:02:16 19:25:00,1
3772,2,120,1,120,1886,1,2023:06:25 19:32:00,1
3773,1,100,4,400,1887,1,2019:10:18 11:55:00,1
3774,2,120,39,4680,1887,1,2022:09:02 16:36:00,1
3775,1,100,30,3000,1888,1,2023:12:20 18:32:00,1
3776,2,120,13,1560,1888,1,2022:02:14 10:59:00,1
3777,1,100,38,3800,1889,1,2020:04:29 11:04:00,1
3778,2,120,25,3000,1889,1,2022:06:16 10:34:00,1
3779,1,100,32,3200,1890,1,2021:06:16 15:46:00,1
3780,2,120,26,3120,1890,1,2021:03:23 15:37:00,1
3781,1,100,2,200,1891,1,2022:02:18 17:19:00,1
3782,2,120,23,2760,1891,1,2020:05:04 17:20:00,1
3783,1,100,8,800,1892,1,2022:11:08 17:47:00,1
3784,2,120,16,1920,1892,1,2021:04:02 19:30:00,1
3785,1,100,31,3100,1893,1,2020:02:28 10:43:00,1
3786,2,120,7,840,1893,1,2022:12:23 13:03:00,1
3787,1,100,41,4100,1894,1,2023:11:25 14:49:00,1
3788,2,120,4,480,1894,1,2019:01:22 10:20:00,1
3789,1,100,35,3500,1895,1,2021:05:26 16:24:00,1
3790,2,120,18,2160,1895,1,2022:05:04 11:40:00,1
3791,1,100,9,900,1896,1,2020:06:16 19:03:00,1
3792,2,120,22,2640,1896,1,2021:12:08 12:23:00,1
3793,1,100,31,3100,1897,1,2022:09:02 17:51:00,1
3794,2,120,11,1320,1897,1,2021:10:30 13:04:00,1
3795,1,100,32,3200,1898,1,2022:08:07 18:11:00,1
3796,2,120,48,5760,1898,1,2023:07:30 17:20:00,1
3797,1,100,24,2400,1899,1,2023:08:13 17:08:00,1
3798,2,120,12,1440,1899,1,2022:03:29 18:33:00,1
3799,1,100,37,3700,1900,1,2020:10:21 19:42:00,1
3800,2,120,37,4440,1900,1,2021:12:16 18:04:00,1
3801,1,100,40,4000,1901,1,2023:02:09 19:18:00,1
3802,2,120,24,2880,1901,1,2019:01:19 15:07:00,1
3803,1,100,10,1000,1902,1,2020:06:18 14:03:00,1
3804,2,120,24,2880,1902,1,2019:10:28 10:36:00,1
3805,1,100,2,200,1903,1,2021:08:15 11:31:00,1
3806,2,120,5,600,1903,1,2023:06:14 12:52:00,1
3807,1,100,33,3300,1904,1,2021:12:21 13:08:00,1
3808,2,120,11,1320,1904,1,2021:10:07 11:59:00,1
3809,1,100,11,1100,1905,1,2022:11:01 19:49:00,1
3810,2,120,27,3240,1905,1,2019:11:07 11:33:00,1
3811,1,100,14,1400,1906,1,2020:12:16 15:50:00,1
3812,2,120,37,4440,1906,1,2022:08:14 16:21:00,1
3813,1,100,44,4400,1907,1,2019:03:19 13:42:00,1
3814,2,120,7,840,1907,1,2019:05:02 19:59:00,1
3815,1,100,45,4500,1908,1,2021:04:26 15:17:00,1
3816,2,120,14,1680,1908,1,2019:10:17 18:32:00,1
3817,1,100,12,1200,1909,1,2021:08:01 15:11:00,1
3818,2,120,4,480,1909,1,2023:03:10 14:33:00,1
3819,1,100,19,1900,1910,1,2022:03:22 18:04:00,1
3820,2,120,4,480,1910,1,2019:07:20 12:26:00,1
3821,1,100,33,3300,1911,1,2023:02:03 12:23:00,1
3822,2,120,32,3840,1911,1,2021:07:10 15:27:00,1
3823,1,100,50,5000,1912,1,2021:11:21 17:35:00,1
3824,2,120,45,5400,1912,1,2019:08:27 13:11:00,1
3825,1,100,49,4900,1913,1,2022:02:03 11:18:00,1
3826,2,120,19,2280,1913,1,2021:05:27 15:32:00,1
3827,1,100,42,4200,1914,1,2022:07:13 18:59:00,1
3828,2,120,30,3600,1914,1,2022:08:03 11:25:00,1
3829,1,100,13,1300,1915,1,2019:10:04 17:56:00,1
3830,2,120,26,3120,1915,1,2020:07:12 17:11:00,1
3831,1,100,30,3000,1916,1,2021:09:14 10:17:00,1
3832,2,120,23,2760,1916,1,2020:01:06 18:21:00,1
3833,1,100,48,4800,1917,1,2019:07:21 14:19:00,1
3834,2,120,23,2760,1917,1,2022:12:05 15:32:00,1
3835,1,100,15,1500,1918,1,2020:05:14 14:25:00,1
3836,2,120,24,2880,1918,1,2019:01:29 17:21:00,1
3837,1,100,17,1700,1919,1,2022:01:15 18:57:00,1
3838,2,120,33,3960,1919,1,2020:07:31 14:31:00,1
3839,1,100,33,3300,1920,1,2023:08:02 12:09:00,1
3840,2,120,42,5040,1920,1,2019:08:10 16:06:00,1
3841,1,100,21,2100,1921,1,2019:12:21 14:46:00,1
3842,2,120,16,1920,1921,1,2020:09:01 17:29:00,1
3843,1,100,30,3000,1922,1,2020:09:20 13:35:00,1
3844,2,120,37,4440,1922,1,2020:07:03 15:30:00,1
3845,1,100,22,2200,1923,1,2022:08:05 11:51:00,1
3846,2,120,21,2520,1923,1,2022:05:26 17:31:00,1
3847,1,100,20,2000,1924,1,2021:12:01 11:52:00,1
3848,2,120,33,3960,1924,1,2022:05:31 13:32:00,1
3849,1,100,49,4900,1925,1,2022:08:17 13:14:00,1
3850,2,120,29,3480,1925,1,2023:05:13 16:16:00,1
3851,1,100,47,4700,1926,1,2021:06:08 18:29:00,1
3852,2,120,38,4560,1926,1,2021:09:04 18:10:00,1
3853,1,100,14,1400,1927,1,2023:08:09 16:01:00,1
3854,2,120,44,5280,1927,1,2021:05:19 15:39:00,1
3855,1,100,9,900,1928,1,2022:03:12 10:02:00,1
3856,2,120,9,1080,1928,1,2020:04:06 17:58:00,1
3857,1,100,1,100,1929,1,2022:07:31 12:30:00,1
3858,2,120,3,360,1929,1,2019:04:24 13:16:00,1
3859,1,100,27,2700,1930,1,2019:02:19 13:31:00,1
3860,2,120,14,1680,1930,1,2023:03:03 15:04:00,1
3861,1,100,38,3800,1931,1,2019:02:04 11:41:00,1
3862,2,120,22,2640,1931,1,2022:07:03 17:42:00,1
3863,1,100,15,1500,1932,1,2019:10:27 19:24:00,1
3864,2,120,13,1560,1932,1,2020:03:04 18:00:00,1
3865,1,100,18,1800,1933,1,2022:03:23 14:39:00,1
3866,2,120,2,240,1933,1,2022:11:10 18:01:00,1
3867,1,100,42,4200,1934,1,2020:12:13 19:33:00,1
3868,2,120,22,2640,1934,1,2022:01:24 15:25:00,1
3869,1,100,27,2700,1935,1,2021:10:11 14:07:00,1
3870,2,120,23,2760,1935,1,2019:07:18 14:55:00,1
3871,1,100,45,4500,1936,1,2022:12:31 16:36:00,1
3872,2,120,3,360,1936,1,2022:07:13 15:36:00,1
3873,1,100,37,3700,1937,1,2022:01:24 10:59:00,1
3874,2,120,28,3360,1937,1,2019:01:14 13:41:00,1
3875,1,100,15,1500,1938,1,2020:07:04 17:26:00,1
3876,2,120,39,4680,1938,1,2021:08:31 13:35:00,1
3877,1,100,21,2100,1939,1,2023:06:04 14:51:00,1
3878,2,120,22,2640,1939,1,2019:03:27 12:48:00,1
3879,1,100,11,1100,1940,1,2019:01:03 18:28:00,1
3880,2,120,24,2880,1940,1,2019:06:15 15:32:00,1
3881,1,100,31,3100,1941,1,2021:10:12 17:31:00,1
3882,2,120,31,3720,1941,1,2021:07:18 12:50:00,1
3883,1,100,16,1600,1942,1,2023:01:20 10:47:00,1
3884,2,120,46,5520,1942,1,2019:05:18 11:11:00,1
3885,1,100,50,5000,1943,1,2020:03:17 10:42:00,1
3886,2,120,11,1320,1943,1,2019:08:13 10:52:00,1
3887,1,100,18,1800,1944,1,2021:11:05 16:20:00,1
3888,2,120,30,3600,1944,1,2022:04:21 18:50:00,1
3889,1,100,27,2700,1945,1,2022:11:19 15:22:00,1
3890,2,120,34,4080,1945,1,2023:05:25 15:16:00,1
3891,1,100,39,3900,1946,1,2021:11:17 15:56:00,1
3892,2,120,24,2880,1946,1,2022:11:01 15:58:00,1
3893,1,100,12,1200,1947,1,2021:11:02 10:10:00,1
3894,2,120,16,1920,1947,1,2019:09:04 14:34:00,1
3895,1,100,18,1800,1948,1,2022:11:01 18:32:00,1
3896,2,120,40,4800,1948,1,2020:12:09 10:23:00,1
3897,1,100,45,4500,1949,1,2020:11:26 13:01:00,1
3898,2,120,34,4080,1949,1,2020:11:27 14:58:00,1
3899,1,100,4,400,1950,1,2019:08:03 18:28:00,1
3900,2,120,24,2880,1950,1,2019:09:19 19:13:00,1
3901,1,100,50,5000,1951,1,2022:05:11 16:05:00,1
3902,2,120,29,3480,1951,1,2019:07:10 16:24:00,1
3903,1,100,8,800,1952,1,2021:12:04 12:22:00,1
3904,2,120,19,2280,1952,1,2019:03:16 10:35:00,1
3905,1,100,8,800,1953,1,2020:02:02 15:46:00,1
3906,2,120,46,5520,1953,1,2023:02:16 16:08:00,1
3907,1,100,45,4500,1954,1,2019:11:13 11:39:00,1
3908,2,120,18,2160,1954,1,2019:07:13 13:34:00,1
3909,1,100,5,500,1955,1,2021:11:18 10:28:00,1
3910,2,120,42,5040,1955,1,2021:11:28 16:40:00,1
3911,1,100,18,1800,1956,1,2019:08:23 18:43:00,1
3912,2,120,30,3600,1956,1,2020:01:31 18:33:00,1
3913,1,100,25,2500,1957,1,2020:04:23 13:43:00,1
3914,2,120,32,3840,1957,1,2019:07:15 16:17:00,1
3915,1,100,15,1500,1958,1,2022:01:15 13:58:00,1
3916,2,120,17,2040,1958,1,2021:05:06 19:05:00,1
3917,1,100,30,3000,1959,1,2022:03:06 17:06:00,1
3918,2,120,38,4560,1959,1,2019:10:14 18:04:00,1
3919,1,100,40,4000,1960,1,2021:03:28 19:11:00,1
3920,2,120,49,5880,1960,1,2022:02:27 11:10:00,1
3921,1,100,47,4700,1961,1,2022:11:02 18:00:00,1
3922,2,120,42,5040,1961,1,2020:01:03 17:34:00,1
3923,1,100,26,2600,1962,1,2023:10:12 13:45:00,1
3924,2,120,24,2880,1962,1,2023:05:07 16:53:00,1
3925,1,100,36,3600,1963,1,2022:08:18 12:13:00,1
3926,2,120,24,2880,1963,1,2020:10:01 16:38:00,1
3927,1,100,2,200,1964,1,2022:05:19 10:53:00,1
3928,2,120,36,4320,1964,1,2020:08:20 15:23:00,1
3929,1,100,45,4500,1965,1,2022:01:31 12:31:00,1
3930,2,120,1,120,1965,1,2023:05:07 10:56:00,1
3931,1,100,40,4000,1966,1,2020:12:31 10:58:00,1
3932,2,120,11,1320,1966,1,2019:03:04 11:14:00,1
3933,1,100,9,900,1967,1,2022:02:08 19:25:00,1
3934,2,120,19,2280,1967,1,2019:12:21 15:23:00,1
3935,1,100,5,500,1968,1,2020:02:04 18:06:00,1
3936,2,120,33,3960,1968,1,2020:12:19 18:15:00,1
3937,1,100,47,4700,1969,1,2023:08:10 15:59:00,1
3938,2,120,36,4320,1969,1,2023:09:23 12:56:00,1
3939,1,100,19,1900,1970,1,2019:11:06 14:58:00,1
3940,2,120,1,120,1970,1,2021:08:08 10:27:00,1
3941,1,100,24,2400,1971,1,2021:09:13 13:44:00,1
3942,2,120,34,4080,1971,1,2019:12:15 11:54:00,1
3943,1,100,29,2900,1972,1,2019:04:12 18:53:00,1
3944,2,120,38,4560,1972,1,2022:07:27 13:52:00,1
3945,1,100,3,300,1973,1,2023:11:27 18:58:00,1
3946,2,120,46,5520,1973,1,2020:02:12 10:05:00,1
3947,1,100,26,2600,1974,1,2020:07:10 16:09:00,1
3948,2,120,33,3960,1974,1,2023:06:04 19:56:00,1
3949,1,100,39,3900,1975,1,2022:06:23 15:15:00,1
3950,2,120,50,6000,1975,1,2019:02:22 11:21:00,1
3951,1,100,30,3000,1976,1,2020:11:19 13:57:00,1
3952,2,120,9,1080,1976,1,2023:01:28 14:46:00,1
3953,1,100,9,900,1977,1,2022:02:02 16:22:00,1
3954,2,120,37,4440,1977,1,2023:09:16 17:58:00,1
3955,1,100,11,1100,1978,1,2022:10:26 14:37:00,1
3956,2,120,4,480,1978,1,2022:11:06 17:19:00,1
3957,1,100,4,400,1979,1,2019:10:06 11:03:00,1
3958,2,120,20,2400,1979,1,2023:09:02 15:40:00,1
3959,1,100,31,3100,1980,1,2021:08:26 18:07:00,1
3960,2,120,12,1440,1980,1,2021:05:21 12:05:00,1
3961,1,100,2,200,1981,1,2021:05:11 17:13:00,1
3962,2,120,46,5520,1981,1,2019:03:18 18:08:00,1
3963,1,100,21,2100,1982,1,2021:06:06 16:40:00,1
3964,2,120,22,2640,1982,1,2022:08:23 13:59:00,1
3965,1,100,16,1600,1983,1,2023:01:27 10:51:00,1
3966,2,120,21,2520,1983,1,2022:10:12 14:35:00,1
3967,1,100,46,4600,1984,1,2023:05:04 11:16:00,1
3968,2,120,18,2160,1984,1,2023:06:15 15:30:00,1
3969,1,100,18,1800,1985,1,2020:09:04 18:40:00,1
3970,2,120,7,840,1985,1,2021:03:07 18:13:00,1
3971,1,100,5,500,1986,1,2021:10:01 13:09:00,1
3972,2,120,42,5040,1986,1,2019:02:21 17:06:00,1
3973,1,100,15,1500,1987,1,2022:04:24 15:32:00,1
3974,2,120,16,1920,1987,1,2019:01:02 13:10:00,1
3975,1,100,6,600,1988,1,2022:01:13 11:24:00,1
3976,2,120,6,720,1988,1,2019:03:21 12:18:00,1
3977,1,100,23,2300,1989,1,2021:04:04 17:58:00,1
3978,2,120,13,1560,1989,1,2023:02:19 15:17:00,1
3979,1,100,25,2500,1990,1,2023:07:01 12:19:00,1
3980,2,120,48,5760,1990,1,2023:04:29 17:47:00,1
3981,1,100,34,3400,1991,1,2022:12:03 14:33:00,1
3982,2,120,3,360,1991,1,2020:10:06 19:19:00,1
3983,1,100,16,1600,1992,1,2021:02:05 19:56:00,1
3984,2,120,33,3960,1992,1,2022:02:15 19:28:00,1
3985,1,100,39,3900,1993,1,2019:04:12 18:00:00,1
3986,2,120,44,5280,1993,1,2021:01:18 16:51:00,1
3987,1,100,48,4800,1994,1,2019:01:16 11:59:00,1
3988,2,120,28,3360,1994,1,2022:02:25 14:37:00,1
3989,1,100,43,4300,1995,1,2020:12:25 11:39:00,1
3990,2,120,37,4440,1995,1,2021:03:24 19:17:00,1
3991,1,100,36,3600,1996,1,2023:12:08 18:24:00,1
3992,2,120,43,5160,1996,1,2021:08:21 12:27:00,1
3993,1,100,3,300,1997,1,2020:12:27 10:38:00,1
3994,2,120,31,3720,1997,1,2021:09:09 11:00:00,1
3995,1,100,8,800,1998,1,2020:04:15 10:06:00,1
3996,2,120,15,1800,1998,1,2023:11:30 19:33:00,1
3997,1,100,9,900,1999,1,2020:11:24 12:35:00,1
3998,2,120,6,720,1999,1,2021:03:26 19:11:00,1
3999,1,100,24,2400,2000,1,2022:10:16 17:38:00,1
4000,2,120,30,3600,2000,1,2019:08:23 18:13:00,1
4001,1,100,24,2400,2001,1,2021:01:20 10:03:00,1
4002,2,120,24,2880,2001,1,2021:04:20 19:23:00,1
4003,1,100,2,200,2002,1,2020:11:18 11:38:00,1
4004,2,120,49,5880,2002,1,2019:03:16 18:00:00,1
4005,1,100,11,1100,2003,1,2019:09:26 12:59:00,1
4006,2,120,16,1920,2003,1,2019:08:24 15:01:00,1
4007,1,100,39,3900,2004,1,2022:10:06 14:22:00,1
4008,2,120,18,2160,2004,1,2020:08:25 15:25:00,1
4009,1,100,18,1800,2005,1,2023:12:16 17:39:00,1
4010,2,120,1,120,2005,1,2020:04:23 19:48:00,1
4011,1,100,40,4000,2006,1,2021:11:05 12:56:00,1
4012,2,120,19,2280,2006,1,2020:09:26 18:09:00,1
4013,1,100,5,500,2007,1,2023:09:18 12:18:00,1
4014,2,120,49,5880,2007,1,2022:02:02 11:36:00,1
4015,1,100,1,100,2008,1,2020:05:07 17:09:00,1
4016,2,120,48,5760,2008,1,2023:06:25 14:22:00,1
4017,1,100,19,1900,2009,1,2021:11:16 18:40:00,1
4018,2,120,23,2760,2009,1,2023:01:23 16:17:00,1
4019,1,100,7,700,2010,1,2019:08:08 17:59:00,1
4020,2,120,24,2880,2010,1,2020:04:17 12:56:00,1
4021,1,100,11,1100,2011,1,2021:08:24 12:33:00,1
4022,2,120,20,2400,2011,1,2022:02:18 13:29:00,1
4023,1,100,27,2700,2012,1,2023:08:04 12:27:00,1
4024,2,120,22,2640,2012,1,2022:10:05 15:50:00,1
4025,1,100,44,4400,2013,1,2019:03:25 11:40:00,1
4026,2,120,23,2760,2013,1,2023:03:31 10:37:00,1
4027,1,100,39,3900,2014,1,2019:06:11 16:19:00,1
4028,2,120,44,5280,2014,1,2020:07:21 15:26:00,1
4029,1,100,3,300,2015,1,2022:10:19 13:51:00,1
4030,2,120,41,4920,2015,1,2023:02:21 16:55:00,1
4031,1,100,27,2700,2016,1,2021:06:10 14:24:00,1
4032,2,120,15,1800,2016,1,2023:05:13 10:03:00,1
4033,1,100,33,3300,2017,1,2021:07:23 19:34:00,1
4034,2,120,24,2880,2017,1,2021:08:22 14:17:00,1
4035,1,100,40,4000,2018,1,2021:06:06 12:49:00,1
4036,2,120,23,2760,2018,1,2023:02:20 10:59:00,1
4037,1,100,8,800,2019,1,2021:01:13 11:34:00,1
4038,2,120,5,600,2019,1,2023:02:23 15:53:00,1
4039,1,100,16,1600,2020,1,2023:07:06 19:14:00,1
4040,2,120,41,4920,2020,1,2020:12:31 16:52:00,1
4041,1,100,11,1100,2021,1,2021:10:13 12:47:00,1
4042,2,120,14,1680,2021,1,2019:06:09 14:53:00,1
4043,1,100,20,2000,2022,1,2021:07:28 11:34:00,1
4044,2,120,25,3000,2022,1,2023:05:05 16:54:00,1
4045,1,100,10,1000,2023,1,2019:06:09 11:32:00,1
4046,2,120,38,4560,2023,1,2019:03:10 16:00:00,1
4047,1,100,6,600,2024,1,2022:03:25 19:38:00,1
4048,2,120,14,1680,2024,1,2019:05:16 14:30:00,1
4049,1,100,16,1600,2025,1,2023:01:21 18:27:00,1
4050,2,120,12,1440,2025,1,2020:12:26 11:15:00,1
4051,1,100,15,1500,2026,1,2021:07:25 16:02:00,1
4052,2,120,50,6000,2026,1,2019:02:21 12:12:00,1
4053,1,100,33,3300,2027,1,2023:03:13 13:36:00,1
4054,2,120,10,1200,2027,1,2022:07:30 10:02:00,1
4055,1,100,7,700,2028,1,2022:07:19 10:40:00,1
4056,2,120,18,2160,2028,1,2020:11:28 19:54:00,1
4057,1,100,42,4200,2029,1,2019:02:09 15:25:00,1
4058,2,120,12,1440,2029,1,2020:12:05 14:43:00,1
4059,1,100,27,2700,2030,1,2019:10:15 17:18:00,1
4060,2,120,50,6000,2030,1,2021:08:25 18:11:00,1
4061,1,100,28,2800,2031,1,2019:12:26 15:36:00,1
4062,2,120,14,1680,2031,1,2021:10:05 15:35:00,1
4063,1,100,7,700,2032,1,2022:02:05 11:42:00,1
4064,2,120,36,4320,2032,1,2019:04:25 18:15:00,1
4065,1,100,23,2300,2033,1,2020:11:01 13:55:00,1
4066,2,120,49,5880,2033,1,2021:01:01 15:22:00,1
4067,1,100,41,4100,2034,1,2019:01:11 16:41:00,1
4068,2,120,42,5040,2034,1,2021:11:08 18:34:00,1
4069,1,100,50,5000,2035,1,2022:10:06 15:19:00,1
4070,2,120,41,4920,2035,1,2021:01:13 19:52:00,1
4071,1,100,48,4800,2036,1,2022:11:11 10:58:00,1
4072,2,120,47,5640,2036,1,2022:07:27 19:49:00,1
4073,1,100,34,3400,2037,1,2020:10:20 14:16:00,1
4074,2,120,7,840,2037,1,2019:12:13 10:07:00,1
4075,1,100,40,4000,2038,1,2023:05:09 16:04:00,1
4076,2,120,41,4920,2038,1,2019:06:19 18:55:00,1
4077,1,100,4,400,2039,1,2021:02:07 18:31:00,1
4078,2,120,37,4440,2039,1,2021:05:31 19:38:00,1
4079,1,100,33,3300,2040,1,2023:07:10 19:24:00,1
4080,2,120,44,5280,2040,1,2020:04:27 17:24:00,1
4081,1,100,36,3600,2041,1,2020:01:16 16:14:00,1
4082,2,120,48,5760,2041,1,2019:12:18 13:08:00,1
4083,1,100,30,3000,2042,1,2023:12:24 16:20:00,1
4084,2,120,37,4440,2042,1,2020:04:15 15:10:00,1
4085,1,100,42,4200,2043,1,2019:08:08 19:18:00,1
4086,2,120,37,4440,2043,1,2020:07:02 18:05:00,1
4087,1,100,3,300,2044,1,2023:12:30 14:18:00,1
4088,2,120,18,2160,2044,1,2020:08:24 13:22:00,1
4089,1,100,23,2300,2045,1,2019:10:23 12:51:00,1
4090,2,120,8,960,2045,1,2021:12:24 14:25:00,1
4091,1,100,39,3900,2046,1,2020:04:22 17:49:00,1
4092,2,120,27,3240,2046,1,2021:04:24 16:37:00,1
4093,1,100,25,2500,2047,1,2021:11:21 18:51:00,1
4094,2,120,36,4320,2047,1,2020:09:16 19:36:00,1
4095,1,100,18,1800,2048,1,2022:02:10 15:09:00,1
4096,2,120,50,6000,2048,1,2019:12:01 10:27:00,1
4097,1,100,3,300,2049,1,2021:09:24 18:05:00,1
4098,2,120,16,1920,2049,1,2019:02:03 17:11:00,1
4099,1,100,15,1500,2050,1,2022:04:09 11:43:00,1
4100,2,120,17,2040,2050,1,2022:10:17 10:57:00,1
4101,1,100,21,2100,2051,1,2020:08:09 13:11:00,1
4102,2,120,24,2880,2051,1,2020:03:09 14:34:00,1
4103,1,100,48,4800,2052,1,2020:03:02 12:17:00,1
4104,2,120,4,480,2052,1,2021:12:12 13:01:00,1
4105,1,100,13,1300,2053,1,2020:01:05 13:15:00,1
4106,2,120,18,2160,2053,1,2019:06:16 15:36:00,1
4107,1,100,20,2000,2054,1,2021:09:04 13:30:00,1
4108,2,120,24,2880,2054,1,2019:12:01 18:47:00,1
4109,1,100,36,3600,2055,1,2022:02:28 11:50:00,1
4110,2,120,36,4320,2055,1,2020:11:23 16:13:00,1
4111,1,100,45,4500,2056,1,2020:08:19 18:17:00,1
4112,2,120,45,5400,2056,1,2020:09:01 14:40:00,1
4113,1,100,49,4900,2057,1,2021:03:03 16:53:00,1
4114,2,120,47,5640,2057,1,2023:06:08 14:48:00,1
4115,1,100,49,4900,2058,1,2023:12:28 12:02:00,1
4116,2,120,41,4920,2058,1,2023:03:27 10:45:00,1
4117,1,100,24,2400,2059,1,2022:02:07 17:48:00,1
4118,2,120,9,1080,2059,1,2022:02:13 14:45:00,1
4119,1,100,10,1000,2060,1,2019:04:24 10:28:00,1
4120,2,120,4,480,2060,1,2021:12:16 13:13:00,1
4121,1,100,10,1000,2061,1,2021:08:17 15:25:00,1
4122,2,120,32,3840,2061,1,2023:06:15 14:07:00,1
4123,1,100,4,400,2062,1,2020:09:22 11:59:00,1
4124,2,120,6,720,2062,1,2023:05:13 14:40:00,1
4125,1,100,36,3600,2063,1,2021:12:05 18:19:00,1
4126,2,120,5,600,2063,1,2023:03:15 18:52:00,1
4127,1,100,43,4300,2064,1,2019:11:21 12:47:00,1
4128,2,120,24,2880,2064,1,2022:03:07 14:56:00,1
4129,1,100,50,5000,2065,1,2023:05:20 11:08:00,1
4130,2,120,48,5760,2065,1,2020:02:26 12:11:00,1
4131,1,100,46,4600,2066,1,2022:04:11 14:58:00,1
4132,2,120,38,4560,2066,1,2019:05:10 14:09:00,1
4133,1,100,24,2400,2067,1,2020:11:30 10:40:00,1
4134,2,120,18,2160,2067,1,2021:04:10 11:11:00,1
4135,1,100,24,2400,2068,1,2020:06:12 15:15:00,1
4136,2,120,39,4680,2068,1,2020:08:22 16:44:00,1
4137,1,100,16,1600,2069,1,2020:07:01 13:24:00,1
4138,2,120,48,5760,2069,1,2022:04:23 13:45:00,1
4139,1,100,13,1300,2070,1,2021:07:27 15:43:00,1
4140,2,120,17,2040,2070,1,2021:02:17 11:15:00,1
4141,1,100,38,3800,2071,1,2022:02:22 12:39:00,1
4142,2,120,16,1920,2071,1,2023:01:29 16:49:00,1
4143,1,100,35,3500,2072,1,2022:05:05 11:17:00,1
4144,2,120,7,840,2072,1,2019:04:23 13:20:00,1
4145,1,100,25,2500,2073,1,2019:12:29 15:49:00,1
4146,2,120,35,4200,2073,1,2019:11:08 14:39:00,1
4147,1,100,10,1000,2074,1,2022:03:01 16:15:00,1
4148,2,120,27,3240,2074,1,2023:09:17 14:48:00,1
4149,1,100,19,1900,2075,1,2019:06:04 10:06:00,1
4150,2,120,31,3720,2075,1,2019:10:16 17:00:00,1
4151,1,100,10,1000,2076,1,2023:05:21 15:08:00,1
4152,2,120,9,1080,2076,1,2021:01:03 13:58:00,1
4153,1,100,43,4300,2077,1,2020:05:27 12:40:00,1
4154,2,120,29,3480,2077,1,2022:04:25 17:25:00,1
4155,1,100,2,200,2078,1,2022:12:20 11:13:00,1
4156,2,120,12,1440,2078,1,2023:11:01 11:05:00,1
4157,1,100,11,1100,2079,1,2023:08:05 13:24:00,1
4158,2,120,1,120,2079,1,2023:06:22 10:24:00,1
4159,1,100,26,2600,2080,1,2022:05:23 13:02:00,1
4160,2,120,47,5640,2080,1,2019:02:03 18:25:00,1
4161,1,100,32,3200,2081,1,2021:01:13 18:34:00,1
4162,2,120,1,120,2081,1,2022:03:18 13:24:00,1
4163,1,100,38,3800,2082,1,2020:05:21 16:00:00,1
4164,2,120,15,1800,2082,1,2019:12:13 16:25:00,1
4165,1,100,46,4600,2083,1,2023:02:28 11:41:00,1
4166,2,120,18,2160,2083,1,2023:06:05 17:07:00,1
4167,1,100,39,3900,2084,1,2019:02:16 16:34:00,1
4168,2,120,17,2040,2084,1,2020:04:10 13:48:00,1
4169,1,100,35,3500,2085,1,2020:04:09 12:56:00,1
4170,2,120,20,2400,2085,1,2023:04:11 18:16:00,1
4171,1,100,50,5000,2086,1,2022:07:07 18:13:00,1
4172,2,120,47,5640,2086,1,2020:05:05 16:06:00,1
4173,1,100,41,4100,2087,1,2023:04:24 11:41:00,1
4174,2,120,35,4200,2087,1,2020:04:11 18:58:00,1
4175,1,100,33,3300,2088,1,2019:12:25 16:25:00,1
4176,2,120,17,2040,2088,1,2020:04:12 12:15:00,1
4177,1,100,16,1600,2089,1,2021:08:31 18:32:00,1
4178,2,120,4,480,2089,1,2021:07:06 11:59:00,1
4179,1,100,14,1400,2090,1,2020:01:11 10:36:00,1
4180,2,120,48,5760,2090,1,2023:04:06 11:36:00,1
4181,1,100,2,200,2091,1,2019:03:26 19:52:00,1
4182,2,120,50,6000,2091,1,2021:07:29 11:58:00,1
4183,1,100,21,2100,2092,1,2021:09:16 18:24:00,1
4184,2,120,47,5640,2092,1,2020:06:22 18:57:00,1
4185,1,100,31,3100,2093,1,2021:11:27 19:03:00,1
4186,2,120,43,5160,2093,1,2020:08:10 18:18:00,1
4187,1,100,44,4400,2094,1,2020:05:22 17:45:00,1
4188,2,120,42,5040,2094,1,2022:09:13 11:36:00,1
4189,1,100,34,3400,2095,1,2021:03:14 18:32:00,1
4190,2,120,26,3120,2095,1,2022:08:03 15:02:00,1
4191,1,100,50,5000,2096,1,2019:06:09 15:01:00,1
4192,2,120,25,3000,2096,1,2021:10:09 13:34:00,1
4193,1,100,50,5000,2097,1,2019:02:19 13:11:00,1
4194,2,120,33,3960,2097,1,2021:06:26 12:55:00,1
4195,1,100,38,3800,2098,1,2023:06:06 11:55:00,1
4196,2,120,34,4080,2098,1,2020:03:27 12:00:00,1
4197,1,100,29,2900,2099,1,2019:06:23 16:52:00,1
4198,2,120,37,4440,2099,1,2020:07:18 13:31:00,1
4199,1,100,13,1300,2100,1,2022:06:09 10:37:00,1
4200,2,120,5,600,2100,1,2021:06:03 19:06:00,1
4201,1,100,29,2900,2101,1,2023:05:31 15:45:00,1
4202,2,120,38,4560,2101,1,2022:05:25 10:54:00,1
4203,1,100,19,1900,2102,1,2023:10:01 13:47:00,1
4204,2,120,15,1800,2102,1,2023:03:17 19:56:00,1
4205,1,100,47,4700,2103,1,2022:08:29 10:10:00,1
4206,2,120,22,2640,2103,1,2020:12:15 19:34:00,1
4207,1,100,8,800,2104,1,2021:11:22 11:19:00,1
4208,2,120,13,1560,2104,1,2023:05:30 15:58:00,1
4209,1,100,36,3600,2105,1,2023:02:04 11:51:00,1
4210,2,120,43,5160,2105,1,2020:02:29 13:15:00,1
4211,1,100,26,2600,2106,1,2022:09:16 16:16:00,1
4212,2,120,29,3480,2106,1,2021:09:07 16:04:00,1
4213,1,100,26,2600,2107,1,2019:01:20 11:58:00,1
4214,2,120,9,1080,2107,1,2023:03:14 16:17:00,1
4215,1,100,29,2900,2108,1,2022:07:05 16:16:00,1
4216,2,120,3,360,2108,1,2023:09:13 16:31:00,1
4217,1,100,19,1900,2109,1,2021:06:05 16:50:00,1
4218,2,120,5,600,2109,1,2021:04:22 12:01:00,1
4219,1,100,38,3800,2110,1,2020:08:29 12:56:00,1
4220,2,120,6,720,2110,1,2023:11:20 18:06:00,1
4221,1,100,21,2100,2111,1,2019:05:04 19:02:00,1
4222,2,120,23,2760,2111,1,2022:11:23 11:08:00,1
4223,1,100,45,4500,2112,1,2019:12:30 13:36:00,1
4224,2,120,18,2160,2112,1,2022:10:22 10:51:00,1
4225,1,100,29,2900,2113,1,2023:12:14 18:02:00,1
4226,2,120,31,3720,2113,1,2020:09:12 10:49:00,1
4227,1,100,39,3900,2114,1,2021:11:01 17:53:00,1
4228,2,120,26,3120,2114,1,2022:01:02 11:36:00,1
4229,1,100,30,3000,2115,1,2021:12:03 13:56:00,1
4230,2,120,30,3600,2115,1,2023:10:21 18:36:00,1
4231,1,100,13,1300,2116,1,2020:12:11 15:12:00,1
4232,2,120,23,2760,2116,1,2023:05:15 19:47:00,1
4233,1,100,24,2400,2117,1,2019:11:21 19:34:00,1
4234,2,120,14,1680,2117,1,2022:07:14 12:24:00,1
4235,1,100,14,1400,2118,1,2023:05:05 14:30:00,1
4236,2,120,33,3960,2118,1,2023:11:30 10:08:00,1
4237,1,100,16,1600,2119,1,2020:11:14 12:27:00,1
4238,2,120,35,4200,2119,1,2019:01:16 14:06:00,1
4239,1,100,30,3000,2120,1,2021:07:26 18:03:00,1
4240,2,120,34,4080,2120,1,2019:03:21 12:55:00,1
4241,1,100,11,1100,2121,1,2021:10:04 10:54:00,1
4242,2,120,9,1080,2121,1,2023:10:30 16:59:00,1
4243,1,100,29,2900,2122,1,2022:03:31 18:31:00,1
4244,2,120,25,3000,2122,1,2022:01:08 16:39:00,1
4245,1,100,1,100,2123,1,2023:10:23 18:27:00,1
4246,2,120,27,3240,2123,1,2023:05:03 12:03:00,1
4247,1,100,36,3600,2124,1,2022:09:13 15:20:00,1
4248,2,120,39,4680,2124,1,2023:07:16 18:36:00,1
4249,1,100,18,1800,2125,1,2023:09:10 17:00:00,1
4250,2,120,31,3720,2125,1,2020:07:07 12:17:00,1
4251,1,100,48,4800,2126,1,2020:01:01 12:59:00,1
4252,2,120,18,2160,2126,1,2020:09:16 16:28:00,1
4253,1,100,6,600,2127,1,2023:10:29 14:33:00,1
4254,2,120,2,240,2127,1,2020:01:30 11:43:00,1
4255,1,100,27,2700,2128,1,2020:10:24 14:14:00,1
4256,2,120,26,3120,2128,1,2020:08:11 15:29:00,1
4257,1,100,46,4600,2129,1,2023:05:15 19:01:00,1
4258,2,120,9,1080,2129,1,2021:11:30 13:29:00,1
4259,1,100,46,4600,2130,1,2021:06:23 12:04:00,1
4260,2,120,48,5760,2130,1,2021:06:12 14:36:00,1
4261,1,100,5,500,2131,1,2019:07:04 13:58:00,1
4262,2,120,17,2040,2131,1,2019:11:28 15:01:00,1
4263,1,100,15,1500,2132,1,2020:05:14 11:22:00,1
4264,2,120,30,3600,2132,1,2021:05:29 18:42:00,1
4265,1,100,5,500,2133,1,2022:11:11 19:25:00,1
4266,2,120,42,5040,2133,1,2020:11:27 16:17:00,1
4267,1,100,38,3800,2134,1,2019:12:17 13:58:00,1
4268,2,120,20,2400,2134,1,2022:01:02 17:18:00,1
4269,1,100,37,3700,2135,1,2022:08:26 12:57:00,1
4270,2,120,12,1440,2135,1,2023:10:11 11:09:00,1
4271,1,100,11,1100,2136,1,2022:06:30 15:09:00,1
4272,2,120,47,5640,2136,1,2021:03:16 11:30:00,1
4273,1,100,5,500,2137,1,2023:01:23 14:01:00,1
4274,2,120,30,3600,2137,1,2021:12:24 10:33:00,1
4275,1,100,29,2900,2138,1,2019:07:05 19:03:00,1
4276,2,120,8,960,2138,1,2022:08:18 13:45:00,1
4277,1,100,6,600,2139,1,2020:04:29 19:41:00,1
4278,2,120,14,1680,2139,1,2019:02:21 16:29:00,1
4279,1,100,39,3900,2140,1,2023:01:31 10:10:00,1
4280,2,120,34,4080,2140,1,2023:11:08 13:21:00,1
4281,1,100,20,2000,2141,1,2020:11:01 14:24:00,1
4282,2,120,11,1320,2141,1,2022:04:14 15:42:00,1
4283,1,100,5,500,2142,1,2020:05:24 10:59:00,1
4284,2,120,11,1320,2142,1,2021:05:10 11:26:00,1
4285,1,100,23,2300,2143,1,2021:12:31 15:39:00,1
4286,2,120,12,1440,2143,1,2023:10:04 12:27:00,1
4287,1,100,45,4500,2144,1,2023:02:25 11:44:00,1
4288,2,120,17,2040,2144,1,2023:03:31 10:14:00,1
4289,1,100,8,800,2145,1,2020:09:23 19:06:00,1
4290,2,120,30,3600,2145,1,2020:11:22 11:33:00,1
4291,1,100,9,900,2146,1,2019:09:09 12:14:00,1
4292,2,120,12,1440,2146,1,2019:09:12 10:50:00,1
4293,1,100,19,1900,2147,1,2021:11:26 13:20:00,1
4294,2,120,35,4200,2147,1,2022:10:30 15:01:00,1
4295,1,100,40,4000,2148,1,2019:07:20 19:01:00,1
4296,2,120,15,1800,2148,1,2021:01:18 13:43:00,1
4297,1,100,1,100,2149,1,2019:08:12 13:47:00,1
4298,2,120,33,3960,2149,1,2022:07:22 15:10:00,1
4299,1,100,47,4700,2150,1,2020:02:08 14:37:00,1
4300,2,120,7,840,2150,1,2021:11:02 18:58:00,1
4301,1,100,38,3800,2151,1,2021:09:12 18:34:00,1
4302,2,120,23,2760,2151,1,2022:03:25 18:34:00,1
4303,1,100,43,4300,2152,1,2022:11:13 13:28:00,1
4304,2,120,5,600,2152,1,2023:03:06 11:37:00,1
4305,1,100,49,4900,2153,1,2022:02:08 15:15:00,1
4306,2,120,14,1680,2153,1,2019:10:03 12:13:00,1
4307,1,100,18,1800,2154,1,2023:11:15 17:47:00,1
4308,2,120,27,3240,2154,1,2022:04:11 15:38:00,1
4309,1,100,11,1100,2155,1,2021:01:10 15:18:00,1
4310,2,120,1,120,2155,1,2019:06:30 10:02:00,1
4311,1,100,3,300,2156,1,2020:06:29 14:48:00,1
4312,2,120,38,4560,2156,1,2022:10:04 14:26:00,1
4313,1,100,16,1600,2157,1,2021:08:20 16:57:00,1
4314,2,120,45,5400,2157,1,2023:04:01 11:02:00,1
4315,1,100,9,900,2158,1,2019:03:18 12:43:00,1
4316,2,120,40,4800,2158,1,2020:06:11 10:48:00,1
4317,1,100,19,1900,2159,1,2020:04:03 12:52:00,1
4318,2,120,3,360,2159,1,2019:09:03 14:33:00,1
4319,1,100,12,1200,2160,1,2019:05:17 18:21:00,1
4320,2,120,32,3840,2160,1,2020:11:08 15:38:00,1
4321,1,100,23,2300,2161,1,2019:03:15 11:58:00,1
4322,2,120,5,600,2161,1,2022:01:06 13:08:00,1
4323,1,100,42,4200,2162,1,2019:11:12 14:57:00,1
4324,2,120,23,2760,2162,1,2021:04:29 10:43:00,1
4325,1,100,47,4700,2163,1,2019:10:20 14:18:00,1
4326,2,120,27,3240,2163,1,2021:03:18 18:07:00,1
4327,1,100,46,4600,2164,1,2020:04:16 17:19:00,1
4328,2,120,20,2400,2164,1,2019:04:07 12:08:00,1
4329,1,100,11,1100,2165,1,2021:04:03 12:34:00,1
4330,2,120,7,840,2165,1,2022:09:24 16:21:00,1
4331,1,100,17,1700,2166,1,2020:02:01 12:12:00,1
4332,2,120,1,120,2166,1,2022:11:16 11:00:00,1
4333,1,100,4,400,2167,1,2022:12:16 11:26:00,1
4334,2,120,24,2880,2167,1,2019:05:30 17:39:00,1
4335,1,100,2,200,2168,1,2019:08:19 10:40:00,1
4336,2,120,25,3000,2168,1,2022:12:15 14:18:00,1
4337,1,100,47,4700,2169,1,2022:11:29 13:02:00,1
4338,2,120,33,3960,2169,1,2020:03:25 18:32:00,1
4339,1,100,37,3700,2170,1,2020:04:05 12:32:00,1
4340,2,120,43,5160,2170,1,2020:07:03 14:35:00,1
4341,1,100,32,3200,2171,1,2020:03:28 14:54:00,1
4342,2,120,14,1680,2171,1,2019:04:13 10:20:00,1
4343,1,100,33,3300,2172,1,2021:06:03 11:33:00,1
4344,2,120,9,1080,2172,1,2022:07:06 13:06:00,1
4345,1,100,30,3000,2173,1,2019:05:10 17:11:00,1
4346,2,120,43,5160,2173,1,2021:08:26 14:01:00,1
4347,1,100,24,2400,2174,1,2022:02:22 11:16:00,1
4348,2,120,26,3120,2174,1,2023:04:09 11:52:00,1
4349,1,100,46,4600,2175,1,2019:06:05 10:21:00,1
4350,2,120,18,2160,2175,1,2020:10:08 16:01:00,1
4351,1,100,41,4100,2176,1,2021:08:11 11:36:00,1
4352,2,120,6,720,2176,1,2022:09:16 10:56:00,1
4353,1,100,30,3000,2177,1,2022:07:27 18:02:00,1
4354,2,120,33,3960,2177,1,2022:01:04 12:41:00,1
4355,1,100,43,4300,2178,1,2020:06:17 18:59:00,1
4356,2,120,27,3240,2178,1,2021:07:24 10:51:00,1
4357,1,100,33,3300,2179,1,2023:09:19 18:23:00,1
4358,2,120,4,480,2179,1,2020:09:22 10:48:00,1
4359,1,100,29,2900,2180,1,2020:12:20 18:45:00,1
4360,2,120,48,5760,2180,1,2023:01:19 10:13:00,1
4361,1,100,33,3300,2181,1,2020:10:24 18:26:00,1
4362,2,120,35,4200,2181,1,2019:12:21 16:15:00,1
4363,1,100,35,3500,2182,1,2021:06:28 11:32:00,1
4364,2,120,44,5280,2182,1,2022:05:18 16:06:00,1
4365,1,100,36,3600,2183,1,2019:12:30 12:11:00,1
4366,2,120,32,3840,2183,1,2023:08:04 14:02:00,1
4367,1,100,19,1900,2184,1,2020:09:07 18:47:00,1
4368,2,120,25,3000,2184,1,2023:11:23 18:14:00,1
4369,1,100,19,1900,2185,1,2021:06:29 17:32:00,1
4370,2,120,16,1920,2185,1,2020:07:07 19:59:00,1
4371,1,100,30,3000,2186,1,2023:02:12 10:35:00,1
4372,2,120,5,600,2186,1,2022:01:10 11:07:00,1
4373,1,100,8,800,2187,1,2019:06:04 15:10:00,1
4374,2,120,20,2400,2187,1,2022:01:14 14:02:00,1
4375,1,100,44,4400,2188,1,2021:04:16 14:32:00,1
4376,2,120,50,6000,2188,1,2019:01:06 13:54:00,1
4377,1,100,13,1300,2189,1,2023:02:19 16:35:00,1
4378,2,120,12,1440,2189,1,2022:08:29 18:52:00,1
4379,1,100,46,4600,2190,1,2023:11:21 10:13:00,1
4380,2,120,7,840,2190,1,2021:11:13 13:36:00,1
4381,1,100,10,1000,2191,1,2021:04:02 10:15:00,1
4382,2,120,45,5400,2191,1,2020:07:03 11:16:00,1
4383,1,100,43,4300,2192,1,2021:11:03 12:39:00,1
4384,2,120,27,3240,2192,1,2023:12:12 16:13:00,1
4385,1,100,27,2700,2193,1,2021:05:15 18:35:00,1
4386,2,120,31,3720,2193,1,2022:01:10 15:28:00,1
4387,1,100,33,3300,2194,1,2023:09:12 14:26:00,1
4388,2,120,29,3480,2194,1,2021:02:08 11:39:00,1
4389,1,100,17,1700,2195,1,2021:09:25 17:31:00,1
4390,2,120,2,240,2195,1,2019:04:03 19:42:00,1
4391,1,100,5,500,2196,1,2019:04:08 12:12:00,1
4392,2,120,2,240,2196,1,2020:09:25 12:39:00,1
4393,1,100,9,900,2197,1,2020:07:11 14:22:00,1
4394,2,120,6,720,2197,1,2022:06:23 17:36:00,1
4395,1,100,40,4000,2198,1,2019:05:11 14:56:00,1
4396,2,120,1,120,2198,1,2021:04:18 10:30:00,1
4397,1,100,11,1100,2199,1,2021:07:02 16:57:00,1
4398,2,120,28,3360,2199,1,2023:01:05 12:53:00,1
4399,1,100,32,3200,2200,1,2022:04:18 10:51:00,1
4400,2,120,45,5400,2200,1,2022:08:30 16:20:00,1
4401,1,100,36,3600,2201,1,2022:02:16 11:26:00,1
4402,2,120,35,4200,2201,1,2022:04:19 10:27:00,1
4403,1,100,50,5000,2202,1,2019:03:27 14:12:00,1
4404,2,120,49,5880,2202,1,2021:05:17 10:27:00,1
4405,1,100,29,2900,2203,1,2022:07:27 12:54:00,1
4406,2,120,15,1800,2203,1,2020:01:03 11:34:00,1
4407,1,100,13,1300,2204,1,2022:06:27 13:20:00,1
4408,2,120,3,360,2204,1,2021:05:10 14:14:00,1
4409,1,100,7,700,2205,1,2021:10:11 16:08:00,1
4410,2,120,8,960,2205,1,2020:07:19 17:28:00,1
4411,1,100,3,300,2206,1,2019:07:25 15:09:00,1
4412,2,120,18,2160,2206,1,2020:02:06 13:37:00,1
4413,1,100,25,2500,2207,1,2020:05:28 18:19:00,1
4414,2,120,25,3000,2207,1,2021:02:26 14:52:00,1
4415,1,100,49,4900,2208,1,2023:11:30 15:23:00,1
4416,2,120,17,2040,2208,1,2022:12:08 13:24:00,1
4417,1,100,39,3900,2209,1,2022:12:17 11:19:00,1
4418,2,120,42,5040,2209,1,2022:05:06 12:22:00,1
4419,1,100,7,700,2210,1,2019:03:29 19:32:00,1
4420,2,120,36,4320,2210,1,2022:10:04 16:24:00,1
4421,1,100,19,1900,2211,1,2020:06:13 19:37:00,1
4422,2,120,46,5520,2211,1,2023:03:23 13:58:00,1
4423,1,100,21,2100,2212,1,2023:11:20 17:16:00,1
4424,2,120,32,3840,2212,1,2019:05:08 14:06:00,1
4425,1,100,30,3000,2213,1,2022:09:01 19:54:00,1
4426,2,120,21,2520,2213,1,2022:04:19 14:45:00,1
4427,1,100,10,1000,2214,1,2022:07:24 19:22:00,1
4428,2,120,19,2280,2214,1,2019:03:08 14:29:00,1
4429,1,100,9,900,2215,1,2019:07:02 13:17:00,1
4430,2,120,7,840,2215,1,2019:02:08 14:43:00,1
4431,1,100,6,600,2216,1,2020:09:13 18:59:00,1
4432,2,120,36,4320,2216,1,2023:06:16 13:13:00,1
4433,1,100,11,1100,2217,1,2020:01:26 11:47:00,1
4434,2,120,41,4920,2217,1,2021:05:16 17:43:00,1
4435,1,100,39,3900,2218,1,2023:04:18 16:22:00,1
4436,2,120,14,1680,2218,1,2019:06:30 19:33:00,1
4437,1,100,23,2300,2219,1,2020:10:20 18:57:00,1
4438,2,120,44,5280,2219,1,2019:09:16 16:58:00,1
4439,1,100,38,3800,2220,1,2023:08:18 17:50:00,1
4440,2,120,40,4800,2220,1,2020:06:19 10:16:00,1
4441,1,100,45,4500,2221,1,2021:05:24 11:04:00,1
4442,2,120,20,2400,2221,1,2022:06:11 16:38:00,1
4443,1,100,47,4700,2222,1,2022:09:26 19:03:00,1
4444,2,120,3,360,2222,1,2022:05:24 17:02:00,1
4445,1,100,3,300,2223,1,2019:05:06 19:53:00,1
4446,2,120,14,1680,2223,1,2019:06:12 17:44:00,1
4447,1,100,42,4200,2224,1,2020:05:13 18:19:00,1
4448,2,120,33,3960,2224,1,2019:11:16 13:21:00,1
4449,1,100,46,4600,2225,1,2023:11:26 13:31:00,1
4450,2,120,24,2880,2225,1,2019:08:27 14:02:00,1
4451,1,100,43,4300,2226,1,2020:05:06 10:53:00,1
4452,2,120,45,5400,2226,1,2021:10:25 17:50:00,1
4453,1,100,30,3000,2227,1,2023:09:04 12:14:00,1
4454,2,120,47,5640,2227,1,2019:09:18 10:43:00,1
4455,1,100,33,3300,2228,1,2021:11:26 10:49:00,1
4456,2,120,19,2280,2228,1,2019:09:21 15:16:00,1
4457,1,100,39,3900,2229,1,2021:11:13 15:45:00,1
4458,2,120,10,1200,2229,1,2023:11:12 15:54:00,1
4459,1,100,32,3200,2230,1,2022:03:28 10:50:00,1
4460,2,120,19,2280,2230,1,2022:12:24 18:11:00,1
4461,1,100,16,1600,2231,1,2023:03:28 12:59:00,1
4462,2,120,25,3000,2231,1,2020:12:04 19:32:00,1
4463,1,100,42,4200,2232,1,2019:02:04 16:26:00,1
4464,2,120,44,5280,2232,1,2023:12:06 18:09:00,1
4465,1,100,22,2200,2233,1,2023:09:02 19:24:00,1
4466,2,120,5,600,2233,1,2019:08:09 15:39:00,1
4467,1,100,30,3000,2234,1,2023:12:15 15:45:00,1
4468,2,120,21,2520,2234,1,2019:12:08 13:01:00,1
4469,1,100,26,2600,2235,1,2019:12:16 16:55:00,1
4470,2,120,36,4320,2235,1,2021:02:18 13:32:00,1
4471,1,100,33,3300,2236,1,2022:01:08 14:14:00,1
4472,2,120,37,4440,2236,1,2020:01:28 17:15:00,1
4473,1,100,15,1500,2237,1,2021:07:03 17:26:00,1
4474,2,120,43,5160,2237,1,2022:07:26 19:38:00,1
4475,1,100,4,400,2238,1,2019:11:29 15:51:00,1
4476,2,120,43,5160,2238,1,2023:06:15 18:46:00,1
4477,1,100,39,3900,2239,1,2021:08:07 10:24:00,1
4478,2,120,16,1920,2239,1,2022:08:21 19:21:00,1
4479,1,100,8,800,2240,1,2019:06:04 19:11:00,1
4480,2,120,24,2880,2240,1,2019:11:13 12:32:00,1
4481,1,100,33,3300,2241,1,2022:01:27 11:58:00,1
4482,2,120,9,1080,2241,1,2019:07:26 15:55:00,1
4483,1,100,31,3100,2242,1,2019:07:25 10:05:00,1
4484,2,120,46,5520,2242,1,2022:06:04 11:37:00,1
4485,1,100,20,2000,2243,1,2022:12:25 18:14:00,1
4486,2,120,29,3480,2243,1,2021:11:19 10:52:00,1
4487,1,100,14,1400,2244,1,2022:07:05 12:57:00,1
4488,2,120,16,1920,2244,1,2021:01:21 10:56:00,1
4489,1,100,16,1600,2245,1,2019:10:02 12:33:00,1
4490,2,120,25,3000,2245,1,2021:04:06 12:12:00,1
4491,1,100,11,1100,2246,1,2021:08:31 15:56:00,1
4492,2,120,3,360,2246,1,2022:02:02 18:11:00,1
4493,1,100,27,2700,2247,1,2021:04:15 12:18:00,1
4494,2,120,48,5760,2247,1,2021:01:11 10:33:00,1
4495,1,100,13,1300,2248,1,2022:04:07 14:14:00,1
4496,2,120,15,1800,2248,1,2022:11:21 14:03:00,1
4497,1,100,23,2300,2249,1,2020:04:28 15:14:00,1
4498,2,120,1,120,2249,1,2022:10:22 14:35:00,1
4499,1,100,5,500,2250,1,2021:02:06 17:47:00,1
4500,2,120,6,720,2250,1,2023:08:01 11:03:00,1
4501,1,100,46,4600,2251,1,2020:07:29 13:01:00,1
4502,2,120,22,2640,2251,1,2023:02:03 12:12:00,1
4503,1,100,14,1400,2252,1,2022:10:07 13:59:00,1
4504,2,120,45,5400,2252,1,2019:11:21 16:06:00,1
4505,1,100,22,2200,2253,1,2021:03:17 10:16:00,1
4506,2,120,36,4320,2253,1,2021:01:14 17:56:00,1
4507,1,100,8,800,2254,1,2019:02:09 13:27:00,1
4508,2,120,24,2880,2254,1,2021:09:04 16:12:00,1
4509,1,100,15,1500,2255,1,2020:09:13 14:00:00,1
4510,2,120,22,2640,2255,1,2019:03:30 17:00:00,1
4511,1,100,31,3100,2256,1,2022:08:15 19:07:00,1
4512,2,120,19,2280,2256,1,2022:09:10 15:55:00,1
4513,1,100,16,1600,2257,1,2022:08:03 10:20:00,1
4514,2,120,9,1080,2257,1,2020:10:21 18:44:00,1
4515,1,100,18,1800,2258,1,2023:11:02 19:25:00,1
4516,2,120,47,5640,2258,1,2021:07:03 15:08:00,1
4517,1,100,24,2400,2259,1,2022:10:27 19:27:00,1
4518,2,120,2,240,2259,1,2023:07:12 15:29:00,1
4519,1,100,27,2700,2260,1,2019:07:08 15:23:00,1
4520,2,120,8,960,2260,1,2022:12:29 14:11:00,1
4521,1,100,36,3600,2261,1,2021:11:29 16:43:00,1
4522,2,120,34,4080,2261,1,2021:05:24 10:38:00,1
4523,1,100,1,100,2262,1,2019:05:20 17:11:00,1
4524,2,120,41,4920,2262,1,2022:08:27 17:41:00,1
4525,1,100,36,3600,2263,1,2019:12:17 19:17:00,1
4526,2,120,47,5640,2263,1,2019:10:19 18:54:00,1
4527,1,100,13,1300,2264,1,2023:05:11 19:34:00,1
4528,2,120,34,4080,2264,1,2023:02:14 18:18:00,1
4529,1,100,31,3100,2265,1,2021:08:31 17:22:00,1
4530,2,120,27,3240,2265,1,2021:07:24 13:41:00,1
4531,1,100,7,700,2266,1,2022:12:09 17:41:00,1
4532,2,120,26,3120,2266,1,2022:10:02 14:04:00,1
4533,1,100,12,1200,2267,1,2019:12:16 19:05:00,1
4534,2,120,16,1920,2267,1,2023:12:15 15:33:00,1
4535,1,100,43,4300,2268,1,2020:01:11 13:04:00,1
4536,2,120,7,840,2268,1,2019:12:01 14:55:00,1
4537,1,100,19,1900,2269,1,2021:01:16 18:52:00,1
4538,2,120,10,1200,2269,1,2019:02:01 10:48:00,1
4539,1,100,38,3800,2270,1,2023:08:07 10:27:00,1
4540,2,120,9,1080,2270,1,2019:07:24 17:35:00,1
4541,1,100,10,1000,2271,1,2023:08:09 12:32:00,1
4542,2,120,30,3600,2271,1,2021:06:23 12:08:00,1
4543,1,100,20,2000,2272,1,2019:09:12 17:58:00,1
4544,2,120,16,1920,2272,1,2021:07:04 10:02:00,1
4545,1,100,49,4900,2273,1,2022:09:02 14:04:00,1
4546,2,120,22,2640,2273,1,2020:11:01 15:51:00,1
4547,1,100,2,200,2274,1,2020:06:19 13:43:00,1
4548,2,120,48,5760,2274,1,2021:01:27 15:35:00,1
4549,1,100,19,1900,2275,1,2023:05:06 12:09:00,1
4550,2,120,38,4560,2275,1,2023:03:26 14:50:00,1
4551,1,100,17,1700,2276,1,2019:01:17 12:49:00,1
4552,2,120,18,2160,2276,1,2019:10:07 15:54:00,1
4553,1,100,18,1800,2277,1,2020:01:06 16:54:00,1
4554,2,120,12,1440,2277,1,2022:07:02 17:40:00,1
4555,1,100,10,1000,2278,1,2021:12:04 18:04:00,1
4556,2,120,44,5280,2278,1,2020:12:11 16:47:00,1
4557,1,100,40,4000,2279,1,2019:11:03 16:43:00,1
4558,2,120,38,4560,2279,1,2019:12:09 11:11:00,1
4559,1,100,45,4500,2280,1,2019:05:05 10:12:00,1
4560,2,120,48,5760,2280,1,2020:01:13 13:16:00,1
4561,1,100,40,4000,2281,1,2022:12:10 10:33:00,1
4562,2,120,45,5400,2281,1,2021:11:17 13:15:00,1
4563,1,100,48,4800,2282,1,2020:05:10 13:27:00,1
4564,2,120,14,1680,2282,1,2022:12:25 18:16:00,1
4565,1,100,24,2400,2283,1,2022:07:30 11:39:00,1
4566,2,120,47,5640,2283,1,2021:10:23 17:02:00,1
4567,1,100,43,4300,2284,1,2023:05:22 16:16:00,1
4568,2,120,12,1440,2284,1,2020:01:26 12:36:00,1
4569,1,100,25,2500,2285,1,2019:05:31 18:39:00,1
4570,2,120,36,4320,2285,1,2021:04:06 18:54:00,1
4571,1,100,10,1000,2286,1,2019:10:19 19:06:00,1
4572,2,120,23,2760,2286,1,2019:12:25 11:22:00,1
4573,1,100,14,1400,2287,1,2022:04:27 13:34:00,1
4574,2,120,1,120,2287,1,2022:05:12 13:38:00,1
4575,1,100,3,300,2288,1,2021:05:01 19:28:00,1
4576,2,120,42,5040,2288,1,2020:04:25 11:10:00,1
4577,1,100,3,300,2289,1,2020:10:26 16:44:00,1
4578,2,120,2,240,2289,1,2023:04:29 17:43:00,1
4579,1,100,16,1600,2290,1,2023:01:23 14:01:00,1
4580,2,120,23,2760,2290,1,2019:10:27 12:04:00,1
4581,1,100,14,1400,2291,1,2023:08:26 19:53:00,1
4582,2,120,50,6000,2291,1,2022:01:22 16:35:00,1
4583,1,100,27,2700,2292,1,2019:02:14 13:29:00,1
4584,2,120,21,2520,2292,1,2019:12:06 10:50:00,1
4585,1,100,21,2100,2293,1,2022:08:11 15:03:00,1
4586,2,120,25,3000,2293,1,2023:09:06 17:23:00,1
4587,1,100,19,1900,2294,1,2020:04:27 19:32:00,1
4588,2,120,36,4320,2294,1,2019:10:14 15:02:00,1
4589,1,100,14,1400,2295,1,2021:08:18 18:15:00,1
4590,2,120,22,2640,2295,1,2021:02:15 18:41:00,1
4591,1,100,23,2300,2296,1,2021:12:17 11:37:00,1
4592,2,120,12,1440,2296,1,2021:06:29 11:49:00,1
4593,1,100,16,1600,2297,1,2023:07:05 16:21:00,1
4594,2,120,47,5640,2297,1,2021:11:05 17:36:00,1
4595,1,100,47,4700,2298,1,2023:05:19 12:36:00,1
4596,2,120,4,480,2298,1,2019:07:07 15:23:00,1
4597,1,100,38,3800,2299,1,2021:01:29 17:36:00,1
4598,2,120,28,3360,2299,1,2019:03:04 11:51:00,1
4599,1,100,22,2200,2300,1,2022:12:09 19:36:00,1
4600,2,120,26,3120,2300,1,2020:09:12 16:04:00,1
4601,1,100,3,300,2301,1,2020:07:08 16:40:00,1
4602,2,120,33,3960,2301,1,2022:03:18 18:42:00,1
4603,1,100,8,800,2302,1,2019:09:08 18:04:00,1
4604,2,120,15,1800,2302,1,2021:04:27 18:22:00,1
4605,1,100,16,1600,2303,1,2023:04:23 11:58:00,1
4606,2,120,2,240,2303,1,2020:04:29 10:42:00,1
4607,1,100,19,1900,2304,1,2021:03:30 11:41:00,1
4608,2,120,31,3720,2304,1,2023:12:22 10:03:00,1
4609,1,100,2,200,2305,1,2022:07:16 16:50:00,1
4610,2,120,9,1080,2305,1,2020:06:11 14:45:00,1
4611,1,100,24,2400,2306,1,2023:12:01 10:23:00,1
4612,2,120,50,6000,2306,1,2023:01:21 15:45:00,1
4613,1,100,36,3600,2307,1,2022:05:14 13:30:00,1
4614,2,120,1,120,2307,1,2021:04:16 18:11:00,1
4615,1,100,13,1300,2308,1,2020:11:21 11:45:00,1
4616,2,120,27,3240,2308,1,2019:05:20 13:18:00,1
4617,1,100,50,5000,2309,1,2019:02:04 16:55:00,1
4618,2,120,50,6000,2309,1,2022:03:05 17:59:00,1
4619,1,100,9,900,2310,1,2021:09:11 13:03:00,1
4620,2,120,6,720,2310,1,2020:11:21 19:28:00,1
4621,1,100,18,1800,2311,1,2020:06:27 12:07:00,1
4622,2,120,20,2400,2311,1,2023:11:29 17:00:00,1
4623,1,100,26,2600,2312,1,2022:02:23 10:12:00,1
4624,2,120,48,5760,2312,1,2021:02:27 14:30:00,1
4625,1,100,32,3200,2313,1,2023:12:06 17:08:00,1
4626,2,120,1,120,2313,1,2021:01:09 16:39:00,1
4627,1,100,12,1200,2314,1,2021:06:29 16:12:00,1
4628,2,120,1,120,2314,1,2022:10:11 17:39:00,1
4629,1,100,27,2700,2315,1,2021:09:05 10:10:00,1
4630,2,120,23,2760,2315,1,2020:08:26 10:18:00,1
4631,1,100,24,2400,2316,1,2022:05:24 15:16:00,1
4632,2,120,42,5040,2316,1,2021:07:04 11:30:00,1
4633,1,100,38,3800,2317,1,2023:07:19 18:13:00,1
4634,2,120,27,3240,2317,1,2021:07:01 11:47:00,1
4635,1,100,36,3600,2318,1,2020:06:13 11:55:00,1
4636,2,120,6,720,2318,1,2023:04:13 12:18:00,1
4637,1,100,16,1600,2319,1,2022:09:16 14:09:00,1
4638,2,120,42,5040,2319,1,2022:04:02 12:10:00,1
4639,1,100,31,3100,2320,1,2023:03:16 13:29:00,1
4640,2,120,17,2040,2320,1,2019:04:15 14:54:00,1
4641,1,100,16,1600,2321,1,2020:11:20 10:45:00,1
4642,2,120,41,4920,2321,1,2019:10:02 14:26:00,1
4643,1,100,4,400,2322,1,2021:09:23 17:03:00,1
4644,2,120,16,1920,2322,1,2021:06:03 14:29:00,1
4645,1,100,16,1600,2323,1,2020:09:20 12:43:00,1
4646,2,120,21,2520,2323,1,2023:02:05 12:48:00,1
4647,1,100,2,200,2324,1,2019:08:23 12:07:00,1
4648,2,120,20,2400,2324,1,2022:06:19 16:50:00,1
4649,1,100,29,2900,2325,1,2020:12:09 12:22:00,1
4650,2,120,18,2160,2325,1,2022:04:10 11:00:00,1
4651,1,100,6,600,2326,1,2022:11:14 18:25:00,1
4652,2,120,30,3600,2326,1,2023:12:04 16:17:00,1
4653,1,100,42,4200,2327,1,2023:03:11 17:52:00,1
4654,2,120,12,1440,2327,1,2020:01:22 17:00:00,1
4655,1,100,1,100,2328,1,2020:07:17 16:55:00,1
4656,2,120,21,2520,2328,1,2023:11:03 11:06:00,1
4657,1,100,29,2900,2329,1,2020:10:22 12:44:00,1
4658,2,120,3,360,2329,1,2021:05:08 15:38:00,1
4659,1,100,39,3900,2330,1,2021:10:27 11:27:00,1
4660,2,120,10,1200,2330,1,2021:02:09 18:04:00,1
4661,1,100,39,3900,2331,1,2021:01:13 16:33:00,1
4662,2,120,38,4560,2331,1,2020:06:05 11:48:00,1
4663,1,100,16,1600,2332,1,2020:06:23 12:52:00,1
4664,2,120,34,4080,2332,1,2021:04:11 11:07:00,1
4665,1,100,26,2600,2333,1,2022:11:09 14:31:00,1
4666,2,120,31,3720,2333,1,2022:05:22 13:06:00,1
4667,1,100,12,1200,2334,1,2021:04:17 15:42:00,1
4668,2,120,25,3000,2334,1,2021:04:01 12:31:00,1
4669,1,100,48,4800,2335,1,2019:03:06 17:34:00,1
4670,2,120,6,720,2335,1,2023:12:18 12:58:00,1
4671,1,100,9,900,2336,1,2020:03:04 16:31:00,1
4672,2,120,24,2880,2336,1,2023:09:21 19:21:00,1
4673,1,100,44,4400,2337,1,2022:07:22 16:54:00,1
4674,2,120,19,2280,2337,1,2020:11:16 10:21:00,1
4675,1,100,2,200,2338,1,2022:04:12 16:46:00,1
4676,2,120,17,2040,2338,1,2020:08:14 17:52:00,1
4677,1,100,3,300,2339,1,2020:01:25 12:00:00,1
4678,2,120,23,2760,2339,1,2021:09:11 18:02:00,1
4679,1,100,29,2900,2340,1,2021:05:30 17:03:00,1
4680,2,120,26,3120,2340,1,2020:11:06 13:21:00,1
4681,1,100,4,400,2341,1,2022:06:07 10:55:00,1
4682,2,120,1,120,2341,1,2023:07:27 12:43:00,1
4683,1,100,7,700,2342,1,2021:02:27 11:50:00,1
4684,2,120,45,5400,2342,1,2021:10:30 17:45:00,1
4685,1,100,33,3300,2343,1,2019:04:11 12:00:00,1
4686,2,120,21,2520,2343,1,2020:10:11 16:57:00,1
4687,1,100,42,4200,2344,1,2021:08:18 13:21:00,1
4688,2,120,32,3840,2344,1,2019:01:07 14:01:00,1
4689,1,100,47,4700,2345,1,2021:05:05 18:29:00,1
4690,2,120,26,3120,2345,1,2019:08:13 12:55:00,1
4691,1,100,46,4600,2346,1,2019:09:16 11:23:00,1
4692,2,120,43,5160,2346,1,2021:12:24 11:29:00,1
4693,1,100,18,1800,2347,1,2021:09:26 10:43:00,1
4694,2,120,2,240,2347,1,2019:11:30 18:46:00,1
4695,1,100,34,3400,2348,1,2023:06:01 13:24:00,1
4696,2,120,4,480,2348,1,2021:07:16 16:11:00,1
4697,1,100,16,1600,2349,1,2021:02:28 17:39:00,1
4698,2,120,18,2160,2349,1,2020:04:19 13:50:00,1
4699,1,100,36,3600,2350,1,2022:11:28 11:55:00,1
4700,2,120,15,1800,2350,1,2023:09:23 13:02:00,1
4701,1,100,29,2900,2351,1,2021:03:27 12:38:00,1
4702,2,120,11,1320,2351,1,2022:08:21 18:44:00,1
4703,1,100,5,500,2352,1,2021:06:22 19:39:00,1
4704,2,120,33,3960,2352,1,2021:04:11 17:43:00,1
4705,1,100,23,2300,2353,1,2023:08:18 13:48:00,1
4706,2,120,42,5040,2353,1,2019:06:14 19:04:00,1
4707,1,100,8,800,2354,1,2023:03:15 18:37:00,1
4708,2,120,3,360,2354,1,2023:11:29 17:20:00,1
4709,1,100,33,3300,2355,1,2023:10:13 19:56:00,1
4710,2,120,27,3240,2355,1,2021:03:02 15:39:00,1
4711,1,100,10,1000,2356,1,2022:12:12 17:27:00,1
4712,2,120,21,2520,2356,1,2023:11:05 10:44:00,1
4713,1,100,37,3700,2357,1,2022:04:18 10:42:00,1
4714,2,120,7,840,2357,1,2022:12:06 16:00:00,1
4715,1,100,24,2400,2358,1,2019:01:06 17:54:00,1
4716,2,120,4,480,2358,1,2020:07:05 10:58:00,1
4717,1,100,5,500,2359,1,2021:05:10 14:06:00,1
4718,2,120,28,3360,2359,1,2020:06:25 14:07:00,1
4719,1,100,21,2100,2360,1,2023:07:24 10:07:00,1
4720,2,120,4,480,2360,1,2019:07:31 10:46:00,1
4721,1,100,35,3500,2361,1,2023:02:12 12:36:00,1
4722,2,120,15,1800,2361,1,2020:03:28 16:06:00,1
4723,1,100,1,100,2362,1,2021:08:03 15:43:00,1
4724,2,120,2,240,2362,1,2019:05:10 13:44:00,1
4725,1,100,27,2700,2363,1,2019:05:01 18:01:00,1
4726,2,120,39,4680,2363,1,2023:06:02 17:32:00,1
4727,1,100,19,1900,2364,1,2019:12:01 16:57:00,1
4728,2,120,29,3480,2364,1,2022:12:12 11:38:00,1
4729,1,100,15,1500,2365,1,2023:04:13 16:44:00,1
4730,2,120,30,3600,2365,1,2021:04:07 14:44:00,1
4731,1,100,16,1600,2366,1,2020:01:11 11:03:00,1
4732,2,120,16,1920,2366,1,2020:08:12 18:31:00,1
4733,1,100,28,2800,2367,1,2022:09:16 13:46:00,1
4734,2,120,32,3840,2367,1,2019:11:21 15:42:00,1
4735,1,100,25,2500,2368,1,2020:08:02 18:15:00,1
4736,2,120,1,120,2368,1,2020:02:21 14:51:00,1
4737,1,100,48,4800,2369,1,2020:08:26 13:27:00,1
4738,2,120,50,6000,2369,1,2019:01:16 13:07:00,1
4739,1,100,34,3400,2370,1,2019:03:18 16:42:00,1
4740,2,120,14,1680,2370,1,2023:09:09 18:39:00,1
4741,1,100,45,4500,2371,1,2019:05:29 18:17:00,1
4742,2,120,28,3360,2371,1,2023:08:19 19:34:00,1
4743,1,100,47,4700,2372,1,2021:11:16 13:17:00,1
4744,2,120,37,4440,2372,1,2022:08:06 12:08:00,1
4745,1,100,15,1500,2373,1,2020:11:14 12:54:00,1
4746,2,120,15,1800,2373,1,2020:03:06 16:54:00,1
4747,1,100,16,1600,2374,1,2022:07:16 13:13:00,1
4748,2,120,49,5880,2374,1,2020:06:03 10:57:00,1
4749,1,100,42,4200,2375,1,2020:03:20 14:16:00,1
4750,2,120,4,480,2375,1,2023:12:30 16:36:00,1
4751,1,100,18,1800,2376,1,2020:02:20 18:59:00,1
4752,2,120,44,5280,2376,1,2020:06:07 14:25:00,1
4753,1,100,43,4300,2377,1,2019:11:17 17:39:00,1
4754,2,120,29,3480,2377,1,2020:08:07 11:01:00,1
4755,1,100,37,3700,2378,1,2020:04:26 13:09:00,1
4756,2,120,39,4680,2378,1,2020:01:29 17:09:00,1
4757,1,100,30,3000,2379,1,2023:07:27 14:56:00,1
4758,2,120,1,120,2379,1,2019:05:19 14:23:00,1
4759,1,100,12,1200,2380,1,2022:02:17 11:09:00,1
4760,2,120,4,480,2380,1,2019:01:28 10:08:00,1
4761,1,100,1,100,2381,1,2020:11:09 13:22:00,1
4762,2,120,29,3480,2381,1,2021:09:30 15:27:00,1
4763,1,100,29,2900,2382,1,2022:11:14 11:36:00,1
4764,2,120,21,2520,2382,1,2019:08:19 14:50:00,1
4765,1,100,8,800,2383,1,2022:06:03 13:20:00,1
4766,2,120,49,5880,2383,1,2023:07:27 18:35:00,1
4767,1,100,6,600,2384,1,2019:01:03 14:21:00,1
4768,2,120,31,3720,2384,1,2020:10:10 14:36:00,1
4769,1,100,16,1600,2385,1,2023:10:07 14:10:00,1
4770,2,120,43,5160,2385,1,2023:11:07 12:20:00,1
4771,1,100,38,3800,2386,1,2019:08:27 14:55:00,1
4772,2,120,25,3000,2386,1,2023:02:11 13:38:00,1
4773,1,100,24,2400,2387,1,2023:11:29 18:21:00,1
4774,2,120,14,1680,2387,1,2020:08:16 15:20:00,1
4775,1,100,47,4700,2388,1,2021:04:08 18:51:00,1
4776,2,120,34,4080,2388,1,2021:11:27 10:29:00,1
4777,1,100,41,4100,2389,1,2021:02:26 11:26:00,1
4778,2,120,32,3840,2389,1,2022:07:07 15:47:00,1
4779,1,100,8,800,2390,1,2022:08:21 15:38:00,1
4780,2,120,35,4200,2390,1,2020:03:20 13:16:00,1
4781,1,100,14,1400,2391,1,2019:07:19 11:28:00,1
4782,2,120,46,5520,2391,1,2022:06:26 15:05:00,1
4783,1,100,7,700,2392,1,2021:03:27 15:38:00,1
4784,2,120,22,2640,2392,1,2020:07:14 11:48:00,1
4785,1,100,21,2100,2393,1,2020:06:27 17:39:00,1
4786,2,120,17,2040,2393,1,2019:05:23 18:30:00,1
4787,1,100,10,1000,2394,1,2020:09:01 13:49:00,1
4788,2,120,9,1080,2394,1,2021:03:21 10:05:00,1
4789,1,100,28,2800,2395,1,2020:07:27 19:17:00,1
4790,2,120,39,4680,2395,1,2019:04:10 12:27:00,1
4791,1,100,36,3600,2396,1,2021:02:12 19:02:00,1
4792,2,120,46,5520,2396,1,2019:07:24 14:37:00,1
4793,1,100,37,3700,2397,1,2023:04:13 15:23:00,1
4794,2,120,1,120,2397,1,2022:05:02 13:46:00,1
4795,1,100,34,3400,2398,1,2019:10:02 11:53:00,1
4796,2,120,3,360,2398,1,2019:10:03 18:46:00,1
4797,1,100,30,3000,2399,1,2023:12:07 15:35:00,1
4798,2,120,32,3840,2399,1,2019:10:29 19:43:00,1
4799,1,100,38,3800,2400,1,2023:02:05 15:24:00,1
4800,2,120,15,1800,2400,1,2022:08:08 12:16:00,1
4801,1,100,35,3500,2401,1,2023:05:17 19:14:00,1
4802,2,120,38,4560,2401,1,2019:02:23 10:22:00,1
4803,1,100,25,2500,2402,1,2022:06:04 15:34:00,1
4804,2,120,21,2520,2402,1,2023:11:30 10:53:00,1
4805,1,100,49,4900,2403,1,2022:09:18 12:08:00,1
4806,2,120,13,1560,2403,1,2019:12:20 10:06:00,1
4807,1,100,41,4100,2404,1,2020:03:07 17:48:00,1
4808,2,120,39,4680,2404,1,2022:12:04 16:48:00,1
4809,1,100,23,2300,2405,1,2023:03:29 15:20:00,1
4810,2,120,19,2280,2405,1,2021:12:13 10:44:00,1
4811,1,100,34,3400,2406,1,2022:03:14 16:56:00,1
4812,2,120,9,1080,2406,1,2019:07:22 18:29:00,1
4813,1,100,16,1600,2407,1,2021:05:14 17:31:00,1
4814,2,120,4,480,2407,1,2021:05:06 17:08:00,1
4815,1,100,43,4300,2408,1,2019:11:16 15:59:00,1
4816,2,120,24,2880,2408,1,2020:01:24 12:55:00,1
4817,1,100,29,2900,2409,1,2021:07:25 15:47:00,1
4818,2,120,9,1080,2409,1,2019:08:22 19:48:00,1
4819,1,100,47,4700,2410,1,2021:08:07 11:49:00,1
4820,2,120,26,3120,2410,1,2020:04:29 17:00:00,1
4821,1,100,41,4100,2411,1,2019:01:12 15:08:00,1
4822,2,120,7,840,2411,1,2022:04:06 11:39:00,1
4823,1,100,17,1700,2412,1,2023:10:18 15:53:00,1
4824,2,120,10,1200,2412,1,2022:12:09 13:23:00,1
4825,1,100,24,2400,2413,1,2020:04:08 17:17:00,1
4826,2,120,17,2040,2413,1,2019:08:15 12:47:00,1
4827,1,100,6,600,2414,1,2020:08:16 16:32:00,1
4828,2,120,43,5160,2414,1,2019:02:04 19:43:00,1
4829,1,100,42,4200,2415,1,2023:05:10 15:18:00,1
4830,2,120,15,1800,2415,1,2020:10:03 13:15:00,1
4831,1,100,32,3200,2416,1,2023:01:20 14:59:00,1
4832,2,120,15,1800,2416,1,2022:08:09 14:34:00,1
4833,1,100,11,1100,2417,1,2021:11:04 16:30:00,1
4834,2,120,48,5760,2417,1,2022:03:28 11:42:00,1
4835,1,100,18,1800,2418,1,2020:07:28 18:50:00,1
4836,2,120,8,960,2418,1,2023:01:28 11:38:00,1
4837,1,100,35,3500,2419,1,2020:04:04 12:47:00,1
4838,2,120,29,3480,2419,1,2020:02:22 14:26:00,1
4839,1,100,40,4000,2420,1,2021:08:09 10:08:00,1
4840,2,120,8,960,2420,1,2022:07:01 12:34:00,1
4841,1,100,37,3700,2421,1,2021:06:04 18:23:00,1
4842,2,120,36,4320,2421,1,2019:12:17 12:48:00,1
4843,1,100,1,100,2422,1,2022:08:30 17:28:00,1
4844,2,120,14,1680,2422,1,2019:09:28 13:04:00,1
4845,1,100,4,400,2423,1,2023:02:18 19:20:00,1
4846,2,120,20,2400,2423,1,2019:06:25 15:37:00,1
4847,1,100,44,4400,2424,1,2022:06:30 12:11:00,1
4848,2,120,3,360,2424,1,2021:03:09 12:31:00,1
4849,1,100,16,1600,2425,1,2022:04:18 16:39:00,1
4850,2,120,20,2400,2425,1,2023:12:04 19:44:00,1
4851,1,100,40,4000,2426,1,2020:04:05 14:12:00,1
4852,2,120,48,5760,2426,1,2022:03:14 19:49:00,1
4853,1,100,2,200,2427,1,2022:01:03 17:47:00,1
4854,2,120,49,5880,2427,1,2022:02:06 11:53:00,1
4855,1,100,38,3800,2428,1,2019:10:12 10:03:00,1
4856,2,120,26,3120,2428,1,2023:07:25 12:13:00,1
4857,1,100,14,1400,2429,1,2023:10:12 15:30:00,1
4858,2,120,18,2160,2429,1,2021:03:27 10:07:00,1
4859,1,100,36,3600,2430,1,2021:05:31 12:01:00,1
4860,2,120,3,360,2430,1,2020:01:28 13:15:00,1
4861,1,100,12,1200,2431,1,2020:08:25 15:11:00,1
4862,2,120,48,5760,2431,1,2023:06:27 19:39:00,1
4863,1,100,19,1900,2432,1,2022:08:14 12:54:00,1
4864,2,120,43,5160,2432,1,2021:08:01 19:00:00,1
4865,1,100,8,800,2433,1,2020:08:24 18:37:00,1
4866,2,120,43,5160,2433,1,2022:06:05 19:17:00,1
4867,1,100,5,500,2434,1,2023:11:03 18:59:00,1
4868,2,120,6,720,2434,1,2019:06:23 15:49:00,1
4869,1,100,28,2800,2435,1,2023:01:09 15:40:00,1
4870,2,120,40,4800,2435,1,2022:09:14 19:27:00,1
4871,1,100,34,3400,2436,1,2021:11:04 16:48:00,1
4872,2,120,30,3600,2436,1,2019:10:26 16:10:00,1
4873,1,100,5,500,2437,1,2019:11:08 13:08:00,1
4874,2,120,21,2520,2437,1,2019:05:13 18:04:00,1
4875,1,100,48,4800,2438,1,2023:03:17 14:17:00,1
4876,2,120,44,5280,2438,1,2023:03:26 15:16:00,1
4877,1,100,19,1900,2439,1,2019:05:14 13:55:00,1
4878,2,120,50,6000,2439,1,2021:03:02 10:17:00,1
4879,1,100,31,3100,2440,1,2019:02:26 10:22:00,1
4880,2,120,48,5760,2440,1,2022:11:29 11:49:00,1
4881,1,100,21,2100,2441,1,2020:04:02 10:03:00,1
4882,2,120,37,4440,2441,1,2022:08:09 12:58:00,1
4883,1,100,20,2000,2442,1,2022:07:19 10:53:00,1
4884,2,120,2,240,2442,1,2023:06:18 14:07:00,1
4885,1,100,26,2600,2443,1,2022:12:11 15:44:00,1
4886,2,120,28,3360,2443,1,2019:12:25 11:34:00,1
4887,1,100,28,2800,2444,1,2019:10:07 11:11:00,1
4888,2,120,41,4920,2444,1,2022:06:16 19:25:00,1
4889,1,100,15,1500,2445,1,2020:04:18 11:51:00,1
4890,2,120,33,3960,2445,1,2021:03:04 19:23:00,1
4891,1,100,46,4600,2446,1,2019:03:16 15:21:00,1
4892,2,120,40,4800,2446,1,2020:12:13 12:31:00,1
4893,1,100,16,1600,2447,1,2019:04:17 15:36:00,1
4894,2,120,15,1800,2447,1,2019:07:03 18:08:00,1
4895,1,100,6,600,2448,1,2023:02:15 13:26:00,1
4896,2,120,15,1800,2448,1,2022:06:27 10:00:00,1
4897,1,100,48,4800,2449,1,2020:02:03 15:34:00,1
4898,2,120,13,1560,2449,1,2023:05:20 12:38:00,1
4899,1,100,21,2100,2450,1,2021:07:25 12:13:00,1
4900,2,120,40,4800,2450,1,2022:11:13 10:55:00,1
4901,1,100,38,3800,2451,1,2021:07:28 13:29:00,1
4902,2,120,26,3120,2451,1,2023:03:18 17:51:00,1
4903,1,100,44,4400,2452,1,2019:02:18 11:21:00,1
4904,2,120,28,3360,2452,1,2022:05:30 16:18:00,1
4905,1,100,32,3200,2453,1,2022:07:12 14:02:00,1
4906,2,120,37,4440,2453,1,2021:01:14 11:45:00,1
4907,1,100,12,1200,2454,1,2021:12:27 19:27:00,1
4908,2,120,23,2760,2454,1,2022:11:30 13:44:00,1
4909,1,100,22,2200,2455,1,2019:12:05 14:47:00,1
4910,2,120,20,2400,2455,1,2023:03:18 18:52:00,1
4911,1,100,39,3900,2456,1,2021:03:31 10:40:00,1
4912,2,120,7,840,2456,1,2021:08:14 12:02:00,1
4913,1,100,34,3400,2457,1,2019:03:13 10:13:00,1
4914,2,120,11,1320,2457,1,2020:06:03 17:04:00,1
4915,1,100,2,200,2458,1,2019:02:04 13:09:00,1
4916,2,120,14,1680,2458,1,2022:09:12 11:00:00,1
4917,1,100,5,500,2459,1,2021:03:16 15:54:00,1
4918,2,120,31,3720,2459,1,2019:02:21 17:13:00,1
4919,1,100,10,1000,2460,1,2021:11:27 10:24:00,1
4920,2,120,3,360,2460,1,2019:03:12 18:22:00,1
4921,1,100,20,2000,2461,1,2021:03:11 14:04:00,1
4922,2,120,8,960,2461,1,2019:04:29 13:39:00,1
4923,1,100,1,100,2462,1,2022:08:14 18:08:00,1
4924,2,120,8,960,2462,1,2019:09:12 14:20:00,1
4925,1,100,45,4500,2463,1,2019:07:18 16:54:00,1
4926,2,120,50,6000,2463,1,2022:04:24 16:27:00,1
4927,1,100,49,4900,2464,1,2023:08:28 12:46:00,1
4928,2,120,18,2160,2464,1,2019:06:03 14:48:00,1
4929,1,100,17,1700,2465,1,2021:11:17 19:56:00,1
4930,2,120,1,120,2465,1,2019:01:15 13:55:00,1
4931,1,100,14,1400,2466,1,2022:12:21 12:30:00,1
4932,2,120,34,4080,2466,1,2019:12:21 13:18:00,1
4933,1,100,35,3500,2467,1,2022:02:15 16:25:00,1
4934,2,120,50,6000,2467,1,2022:06:02 17:43:00,1
4935,1,100,26,2600,2468,1,2022:01:29 19:11:00,1
4936,2,120,49,5880,2468,1,2023:02:28 17:45:00,1
4937,1,100,20,2000,2469,1,2023:08:16 18:00:00,1
4938,2,120,17,2040,2469,1,2023:10:26 13:02:00,1
4939,1,100,5,500,2470,1,2019:07:24 11:19:00,1
4940,2,120,35,4200,2470,1,2019:09:11 16:13:00,1
4941,1,100,49,4900,2471,1,2022:12:16 11:59:00,1
4942,2,120,11,1320,2471,1,2022:10:19 16:18:00,1
4943,1,100,15,1500,2472,1,2020:03:10 17:26:00,1
4944,2,120,23,2760,2472,1,2019:10:03 14:49:00,1
4945,1,100,33,3300,2473,1,2019:01:17 19:27:00,1
4946,2,120,44,5280,2473,1,2022:05:20 17:11:00,1
4947,1,100,32,3200,2474,1,2021:04:29 18:15:00,1
4948,2,120,48,5760,2474,1,2022:01:15 16:14:00,1
4949,1,100,9,900,2475,1,2021:03:26 19:54:00,1
4950,2,120,7,840,2475,1,2023:10:26 19:26:00,1
4951,1,100,9,900,2476,1,2023:11:15 19:27:00,1
4952,2,120,18,2160,2476,1,2022:08:07 14:39:00,1
4953,1,100,46,4600,2477,1,2023:09:07 19:51:00,1
4954,2,120,23,2760,2477,1,2019:07:26 12:50:00,1
4955,1,100,9,900,2478,1,2020:11:28 17:07:00,1
4956,2,120,31,3720,2478,1,2022:05:05 12:30:00,1
4957,1,100,8,800,2479,1,2020:02:14 18:47:00,1
4958,2,120,24,2880,2479,1,2020:01:25 13:58:00,1
4959,1,100,46,4600,2480,1,2023:07:22 11:57:00,1
4960,2,120,41,4920,2480,1,2019:12:23 14:10:00,1
4961,1,100,22,2200,2481,1,2023:04:24 12:57:00,1
4962,2,120,19,2280,2481,1,2020:06:13 18:42:00,1
4963,1,100,1,100,2482,1,2022:09:22 15:46:00,1
4964,2,120,35,4200,2482,1,2020:12:25 14:30:00,1
4965,1,100,19,1900,2483,1,2019:11:29 14:55:00,1
4966,2,120,29,3480,2483,1,2021:09:12 11:26:00,1
4967,1,100,48,4800,2484,1,2019:03:23 12:22:00,1
4968,2,120,21,2520,2484,1,2022:05:18 12:38:00,1
4969,1,100,44,4400,2485,1,2022:11:03 12:10:00,1
4970,2,120,36,4320,2485,1,2019:03:09 12:46:00,1
4971,1,100,5,500,2486,1,2020:03:04 11:14:00,1
4972,2,120,42,5040,2486,1,2020:07:20 14:39:00,1
4973,1,100,48,4800,2487,1,2020:05:03 15:57:00,1
4974,2,120,15,1800,2487,1,2023:02:24 14:07:00,1
4975,1,100,9,900,2488,1,2023:12:13 10:49:00,1
4976,2,120,50,6000,2488,1,2021:09:20 19:38:00,1
4977,1,100,22,2200,2489,1,2019:12:14 18:52:00,1
4978,2,120,11,1320,2489,1,2022:06:12 19:18:00,1
4979,1,100,12,1200,2490,1,2023:10:09 13:24:00,1
4980,2,120,1,120,2490,1,2023:11:19 19:49:00,1
4981,1,100,10,1000,2491,1,2021:07:03 15:46:00,1
4982,2,120,42,5040,2491,1,2020:05:24 14:33:00,1
4983,1,100,23,2300,2492,1,2019:03:27 19:59:00,1
4984,2,120,24,2880,2492,1,2019:06:08 17:16:00,1
4985,1,100,37,3700,2493,1,2020:05:30 10:14:00,1
4986,2,120,35,4200,2493,1,2023:02:11 10:12:00,1
4987,1,100,11,1100,2494,1,2019:07:10 16:07:00,1
4988,2,120,35,4200,2494,1,2021:10:07 11:39:00,1
4989,1,100,35,3500,2495,1,2022:05:23 16:29:00,1
4990,2,120,20,2400,2495,1,2021:11:03 10:14:00,1
4991,1,100,2,200,2496,1,2019:05:14 12:04:00,1
4992,2,120,43,5160,2496,1,2023:07:23 12:38:00,1
4993,1,100,43,4300,2497,1,2023:03:25 18:03:00,1
4994,2,120,7,840,2497,1,2022:09:17 15:36:00,1
4995,1,100,17,1700,2498,1,2023:11:10 10:31:00,1
4996,2,120,19,2280,2498,1,2019:05:14 11:03:00,1
4997,1,100,45,4500,2499,1,2021:04:04 14:00:00,1
4998,2,120,15,1800,2499,1,2021:02:04 15:51:00,1
4999,1,100,2,200,2500,1,2020:06:03 14:31:00,1
5000,2,120,42,5040,2500,1,2023:10:10 15:18:00,1
5001,1,100,11,1100,2501,1,2020:08:04 10:35:00,1
5002,2,120,43,5160,2501,1,2021:08:09 12:12:00,1
5003,1,100,13,1300,2502,1,2021:04:18 17:13:00,1
5004,2,120,39,4680,2502,1,2020:07:12 16:07:00,1
5005,1,100,34,3400,2503,1,2021:12:13 18:56:00,1
5006,2,120,1,120,2503,1,2021:12:23 13:41:00,1
5007,1,100,16,1600,2504,1,2020:02:23 18:20:00,1
5008,2,120,24,2880,2504,1,2022:10:19 14:09:00,1
5009,1,100,49,4900,2505,1,2023:12:31 10:39:00,1
5010,2,120,43,5160,2505,1,2021:12:03 14:56:00,1
5011,1,100,41,4100,2506,1,2022:06:16 11:51:00,1
5012,2,120,31,3720,2506,1,2021:10:22 13:39:00,1
5013,1,100,46,4600,2507,1,2023:06:15 18:06:00,1
5014,2,120,40,4800,2507,1,2019:06:03 14:51:00,1
5015,1,100,28,2800,2508,1,2020:12:03 15:58:00,1
5016,2,120,50,6000,2508,1,2022:12:08 17:21:00,1
5017,1,100,39,3900,2509,1,2023:02:23 17:58:00,1
5018,2,120,27,3240,2509,1,2022:08:19 11:55:00,1
5019,1,100,24,2400,2510,1,2019:01:17 11:47:00,1
5020,2,120,21,2520,2510,1,2020:05:02 14:36:00,1
5021,1,100,10,1000,2511,1,2021:09:07 11:19:00,1
5022,2,120,16,1920,2511,1,2019:05:12 15:38:00,1
5023,1,100,28,2800,2512,1,2019:01:24 14:53:00,1
5024,2,120,8,960,2512,1,2019:05:13 11:36:00,1
5025,1,100,4,400,2513,1,2019:02:02 19:03:00,1
5026,2,120,27,3240,2513,1,2022:10:14 19:05:00,1
5027,1,100,48,4800,2514,1,2019:11:20 13:24:00,1
5028,2,120,20,2400,2514,1,2023:06:25 16:01:00,1
5029,1,100,5,500,2515,1,2021:05:28 15:13:00,1
5030,2,120,33,3960,2515,1,2022:04:28 11:11:00,1
5031,1,100,23,2300,2516,1,2023:08:26 15:12:00,1
5032,2,120,50,6000,2516,1,2020:02:18 19:29:00,1
5033,1,100,7,700,2517,1,2023:02:01 14:37:00,1
5034,2,120,48,5760,2517,1,2021:12:21 12:18:00,1
5035,1,100,36,3600,2518,1,2022:03:18 15:52:00,1
5036,2,120,30,3600,2518,1,2019:09:28 15:56:00,1
5037,1,100,40,4000,2519,1,2021:05:10 11:22:00,1
5038,2,120,35,4200,2519,1,2020:04:21 13:17:00,1
5039,1,100,47,4700,2520,1,2023:08:27 18:08:00,1
5040,2,120,36,4320,2520,1,2020:04:13 10:28:00,1
5041,1,100,8,800,2521,1,2020:04:25 13:44:00,1
5042,2,120,37,4440,2521,1,2019:06:20 17:42:00,1
5043,1,100,36,3600,2522,1,2021:03:16 12:48:00,1
5044,2,120,16,1920,2522,1,2021:07:28 18:00:00,1
5045,1,100,24,2400,2523,1,2021:10:24 18:06:00,1
5046,2,120,34,4080,2523,1,2021:02:11 18:43:00,1
5047,1,100,8,800,2524,1,2020:01:10 16:08:00,1
5048,2,120,47,5640,2524,1,2019:09:30 10:24:00,1
5049,1,100,19,1900,2525,1,2023:08:24 16:58:00,1
5050,2,120,11,1320,2525,1,2022:06:14 15:42:00,1
5051,1,100,33,3300,2526,1,2023:05:03 17:07:00,1
5052,2,120,26,3120,2526,1,2020:04:24 13:56:00,1
5053,1,100,20,2000,2527,1,2020:08:16 19:26:00,1
5054,2,120,26,3120,2527,1,2021:03:13 10:24:00,1
5055,1,100,19,1900,2528,1,2023:05:27 14:46:00,1
5056,2,120,16,1920,2528,1,2020:06:23 14:43:00,1
5057,1,100,18,1800,2529,1,2023:05:27 19:31:00,1
5058,2,120,1,120,2529,1,2021:10:10 12:47:00,1
5059,1,100,32,3200,2530,1,2021:04:27 15:32:00,1
5060,2,120,33,3960,2530,1,2022:10:22 14:37:00,1
5061,1,100,47,4700,2531,1,2019:10:22 12:19:00,1
5062,2,120,23,2760,2531,1,2021:09:19 12:40:00,1
5063,1,100,36,3600,2532,1,2020:05:04 17:49:00,1
5064,2,120,30,3600,2532,1,2021:02:12 19:55:00,1
5065,1,100,18,1800,2533,1,2022:03:18 15:33:00,1
5066,2,120,39,4680,2533,1,2021:10:21 12:03:00,1
5067,1,100,46,4600,2534,1,2021:12:10 10:33:00,1
5068,2,120,39,4680,2534,1,2019:02:26 14:27:00,1
5069,1,100,11,1100,2535,1,2020:03:17 15:15:00,1
5070,2,120,1,120,2535,1,2020:05:11 19:34:00,1
5071,1,100,11,1100,2536,1,2020:06:16 19:03:00,1
5072,2,120,23,2760,2536,1,2020:06:12 13:54:00,1
5073,1,100,36,3600,2537,1,2019:08:12 15:25:00,1
5074,2,120,29,3480,2537,1,2023:07:22 12:58:00,1
5075,1,100,1,100,2538,1,2019:05:29 17:42:00,1
5076,2,120,34,4080,2538,1,2019:07:31 15:05:00,1
5077,1,100,16,1600,2539,1,2023:10:03 19:39:00,1
5078,2,120,49,5880,2539,1,2021:04:21 19:19:00,1
5079,1,100,50,5000,2540,1,2022:07:30 12:02:00,1
5080,2,120,7,840,2540,1,2023:05:30 19:40:00,1
5081,1,100,21,2100,2541,1,2020:11:18 18:53:00,1
5082,2,120,27,3240,2541,1,2021:09:20 17:35:00,1
5083,1,100,41,4100,2542,1,2020:01:19 10:12:00,1
5084,2,120,22,2640,2542,1,2021:01:07 14:51:00,1
5085,1,100,35,3500,2543,1,2019:07:13 10:37:00,1
5086,2,120,33,3960,2543,1,2021:07:06 15:00:00,1
5087,1,100,45,4500,2544,1,2019:12:20 12:13:00,1
5088,2,120,47,5640,2544,1,2020:07:15 10:44:00,1
5089,1,100,3,300,2545,1,2021:09:05 15:31:00,1
5090,2,120,29,3480,2545,1,2020:09:26 18:02:00,1
5091,1,100,13,1300,2546,1,2022:01:16 10:33:00,1
5092,2,120,1,120,2546,1,2022:07:28 11:37:00,1
5093,1,100,47,4700,2547,1,2021:11:18 10:12:00,1
5094,2,120,50,6000,2547,1,2023:11:17 16:07:00,1
5095,1,100,14,1400,2548,1,2023:08:10 13:30:00,1
5096,2,120,11,1320,2548,1,2023:02:08 14:08:00,1
5097,1,100,30,3000,2549,1,2022:08:24 12:27:00,1
5098,2,120,24,2880,2549,1,2021:08:11 10:58:00,1
5099,1,100,9,900,2550,1,2023:07:08 11:27:00,1
5100,2,120,6,720,2550,1,2021:09:30 14:31:00,1
5101,1,100,15,1500,2551,1,2021:04:01 18:31:00,1
5102,2,120,50,6000,2551,1,2022:04:15 10:02:00,1
5103,1,100,41,4100,2552,1,2021:06:15 12:07:00,1
5104,2,120,24,2880,2552,1,2021:01:11 18:03:00,1
5105,1,100,41,4100,2553,1,2023:04:22 10:51:00,1
5106,2,120,29,3480,2553,1,2023:12:04 16:23:00,1
5107,1,100,8,800,2554,1,2021:01:27 11:57:00,1
5108,2,120,12,1440,2554,1,2023:10:03 19:56:00,1
5109,1,100,2,200,2555,1,2022:12:21 14:46:00,1
5110,2,120,36,4320,2555,1,2022:09:25 10:39:00,1
5111,1,100,39,3900,2556,1,2020:11:10 18:53:00,1
5112,2,120,30,3600,2556,1,2021:12:11 15:05:00,1
5113,1,100,50,5000,2557,1,2021:01:03 17:31:00,1
5114,2,120,30,3600,2557,1,2022:03:24 19:48:00,1
5115,1,100,1,100,2558,1,2021:02:04 11:29:00,1
5116,2,120,28,3360,2558,1,2023:06:28 10:06:00,1
5117,1,100,15,1500,2559,1,2020:09:23 14:16:00,1
5118,2,120,42,5040,2559,1,2021:06:23 15:39:00,1
5119,1,100,23,2300,2560,1,2019:09:04 14:47:00,1
5120,2,120,21,2520,2560,1,2023:02:21 15:17:00,1
5121,1,100,49,4900,2561,1,2021:11:04 15:16:00,1
5122,2,120,9,1080,2561,1,2020:09:03 18:31:00,1
5123,1,100,11,1100,2562,1,2019:02:28 11:10:00,1
5124,2,120,5,600,2562,1,2023:02:03 18:18:00,1
5125,1,100,34,3400,2563,1,2020:02:22 12:56:00,1
5126,2,120,47,5640,2563,1,2023:05:28 16:45:00,1
5127,1,100,18,1800,2564,1,2022:05:22 10:17:00,1
5128,2,120,24,2880,2564,1,2022:01:06 12:37:00,1
5129,1,100,16,1600,2565,1,2022:07:23 17:05:00,1
5130,2,120,4,480,2565,1,2021:08:17 13:12:00,1
5131,1,100,48,4800,2566,1,2022:10:28 18:13:00,1
5132,2,120,7,840,2566,1,2022:10:16 12:04:00,1
5133,1,100,50,5000,2567,1,2020:07:24 11:40:00,1
5134,2,120,45,5400,2567,1,2019:07:05 12:47:00,1
5135,1,100,32,3200,2568,1,2020:12:04 10:52:00,1
5136,2,120,47,5640,2568,1,2022:01:08 13:29:00,1
5137,1,100,7,700,2569,1,2023:03:02 15:57:00,1
5138,2,120,28,3360,2569,1,2021:07:17 19:07:00,1
5139,1,100,32,3200,2570,1,2020:08:05 10:57:00,1
5140,2,120,49,5880,2570,1,2023:04:05 19:48:00,1
5141,1,100,23,2300,2571,1,2023:03:14 17:50:00,1
5142,2,120,24,2880,2571,1,2021:07:30 10:40:00,1
5143,1,100,35,3500,2572,1,2023:01:17 19:34:00,1
5144,2,120,33,3960,2572,1,2021:12:01 11:42:00,1
5145,1,100,18,1800,2573,1,2019:08:18 11:09:00,1
5146,2,120,10,1200,2573,1,2023:10:22 14:04:00,1
5147,1,100,24,2400,2574,1,2023:05:09 10:49:00,1
5148,2,120,35,4200,2574,1,2021:06:13 13:54:00,1
5149,1,100,35,3500,2575,1,2020:10:21 16:19:00,1
5150,2,120,14,1680,2575,1,2023:10:03 17:05:00,1
5151,1,100,35,3500,2576,1,2019:11:23 19:39:00,1
5152,2,120,39,4680,2576,1,2021:07:25 15:35:00,1
5153,1,100,5,500,2577,1,2023:01:09 12:53:00,1
5154,2,120,16,1920,2577,1,2020:08:14 10:29:00,1
5155,1,100,15,1500,2578,1,2019:02:09 14:52:00,1
5156,2,120,20,2400,2578,1,2021:02:11 17:33:00,1
5157,1,100,26,2600,2579,1,2020:04:21 12:13:00,1
5158,2,120,14,1680,2579,1,2019:06:01 17:25:00,1
5159,1,100,47,4700,2580,1,2020:04:17 19:28:00,1
5160,2,120,48,5760,2580,1,2019:06:01 17:06:00,1
5161,1,100,26,2600,2581,1,2021:09:15 16:13:00,1
5162,2,120,38,4560,2581,1,2021:09:16 10:00:00,1
5163,1,100,17,1700,2582,1,2022:01:29 17:44:00,1
5164,2,120,17,2040,2582,1,2023:01:26 13:02:00,1
5165,1,100,14,1400,2583,1,2019:04:25 12:44:00,1
5166,2,120,11,1320,2583,1,2023:08:21 16:14:00,1
5167,1,100,1,100,2584,1,2023:11:10 10:10:00,1
5168,2,120,25,3000,2584,1,2022:07:09 10:37:00,1
5169,1,100,30,3000,2585,1,2019:11:25 19:31:00,1
5170,2,120,40,4800,2585,1,2023:05:12 10:15:00,1
5171,1,100,42,4200,2586,1,2021:03:05 12:40:00,1
5172,2,120,31,3720,2586,1,2021:11:14 12:06:00,1
5173,1,100,26,2600,2587,1,2022:07:29 13:32:00,1
5174,2,120,50,6000,2587,1,2022:02:06 12:05:00,1
5175,1,100,10,1000,2588,1,2019:01:24 16:00:00,1
5176,2,120,13,1560,2588,1,2023:07:27 17:15:00,1
5177,1,100,29,2900,2589,1,2023:06:04 12:32:00,1
5178,2,120,32,3840,2589,1,2020:05:19 18:46:00,1
5179,1,100,1,100,2590,1,2020:02:16 11:57:00,1
5180,2,120,31,3720,2590,1,2023:06:14 12:19:00,1
5181,1,100,17,1700,2591,1,2021:07:30 15:08:00,1
5182,2,120,45,5400,2591,1,2020:01:02 12:17:00,1
5183,1,100,41,4100,2592,1,2021:02:16 12:51:00,1
5184,2,120,43,5160,2592,1,2019:05:10 11:37:00,1
5185,1,100,49,4900,2593,1,2022:09:08 19:21:00,1
5186,2,120,27,3240,2593,1,2022:01:14 12:03:00,1
5187,1,100,30,3000,2594,1,2020:11:13 10:34:00,1
5188,2,120,46,5520,2594,1,2019:04:20 14:07:00,1
5189,1,100,3,300,2595,1,2022:07:31 13:57:00,1
5190,2,120,49,5880,2595,1,2019:04:30 13:37:00,1
5191,1,100,40,4000,2596,1,2020:07:07 10:24:00,1
5192,2,120,44,5280,2596,1,2019:05:04 13:25:00,1
5193,1,100,40,4000,2597,1,2023:03:22 14:50:00,1
5194,2,120,25,3000,2597,1,2020:04:27 19:45:00,1
5195,1,100,29,2900,2598,1,2023:08:05 18:22:00,1
5196,2,120,12,1440,2598,1,2019:02:23 13:48:00,1
5197,1,100,49,4900,2599,1,2020:05:03 10:08:00,1
5198,2,120,37,4440,2599,1,2019:04:16 11:47:00,1
5199,1,100,33,3300,2600,1,2021:09:03 15:10:00,1
5200,2,120,49,5880,2600,1,2021:02:26 15:04:00,1
5201,1,100,47,4700,2601,1,2020:05:01 17:19:00,1
5202,2,120,43,5160,2601,1,2019:11:30 10:37:00,1
5203,1,100,42,4200,2602,1,2023:01:20 14:43:00,1
5204,2,120,50,6000,2602,1,2023:01:03 12:15:00,1
5205,1,100,41,4100,2603,1,2022:10:17 11:11:00,1
5206,2,120,42,5040,2603,1,2023:02:16 10:11:00,1
5207,1,100,3,300,2604,1,2020:11:20 16:14:00,1
5208,2,120,37,4440,2604,1,2020:03:31 14:54:00,1
5209,1,100,41,4100,2605,1,2023:05:19 19:45:00,1
5210,2,120,38,4560,2605,1,2021:10:14 11:47:00,1
5211,1,100,1,100,2606,1,2022:02:11 17:36:00,1
5212,2,120,40,4800,2606,1,2019:05:27 11:17:00,1
5213,1,100,26,2600,2607,1,2019:04:11 12:16:00,1
5214,2,120,45,5400,2607,1,2020:04:06 12:14:00,1
5215,1,100,44,4400,2608,1,2023:09:13 10:01:00,1
5216,2,120,38,4560,2608,1,2020:05:12 10:41:00,1
5217,1,100,33,3300,2609,1,2021:07:28 14:55:00,1
5218,2,120,17,2040,2609,1,2022:06:10 15:51:00,1
5219,1,100,3,300,2610,1,2019:01:18 12:55:00,1
5220,2,120,41,4920,2610,1,2021:08:26 14:42:00,1
5221,1,100,9,900,2611,1,2019:05:09 15:30:00,1
5222,2,120,26,3120,2611,1,2021:05:25 16:01:00,1
5223,1,100,18,1800,2612,1,2020:08:03 11:47:00,1
5224,2,120,9,1080,2612,1,2022:06:09 11:36:00,1
5225,1,100,11,1100,2613,1,2020:08:15 19:12:00,1
5226,2,120,8,960,2613,1,2021:01:26 13:09:00,1
5227,1,100,26,2600,2614,1,2020:12:02 14:44:00,1
5228,2,120,33,3960,2614,1,2021:04:22 16:48:00,1
5229,1,100,3,300,2615,1,2021:09:09 11:24:00,1
5230,2,120,35,4200,2615,1,2021:05:05 16:33:00,1
5231,1,100,28,2800,2616,1,2022:06:09 18:25:00,1
5232,2,120,42,5040,2616,1,2022:11:19 19:33:00,1
5233,1,100,38,3800,2617,1,2023:01:20 16:36:00,1
5234,2,120,15,1800,2617,1,2021:10:05 16:50:00,1
5235,1,100,42,4200,2618,1,2021:07:23 18:12:00,1
5236,2,120,45,5400,2618,1,2019:09:06 15:42:00,1
5237,1,100,29,2900,2619,1,2021:07:16 17:59:00,1
5238,2,120,29,3480,2619,1,2022:08:06 10:06:00,1
5239,1,100,23,2300,2620,1,2019:09:24 13:56:00,1
5240,2,120,34,4080,2620,1,2019:11:26 12:40:00,1
5241,1,100,22,2200,2621,1,2023:05:05 16:46:00,1
5242,2,120,4,480,2621,1,2022:01:27 14:09:00,1
5243,1,100,41,4100,2622,1,2020:03:21 11:45:00,1
5244,2,120,5,600,2622,1,2022:04:21 12:16:00,1
5245,1,100,28,2800,2623,1,2022:11:25 12:08:00,1
5246,2,120,15,1800,2623,1,2021:04:12 13:25:00,1
5247,1,100,15,1500,2624,1,2021:10:22 12:43:00,1
5248,2,120,8,960,2624,1,2023:06:13 17:49:00,1
5249,1,100,44,4400,2625,1,2019:09:26 15:27:00,1
5250,2,120,49,5880,2625,1,2021:01:19 15:14:00,1
5251,1,100,16,1600,2626,1,2022:11:11 14:14:00,1
5252,2,120,43,5160,2626,1,2019:06:01 19:28:00,1
5253,1,100,15,1500,2627,1,2022:10:17 12:53:00,1
5254,2,120,23,2760,2627,1,2019:03:04 11:56:00,1
5255,1,100,46,4600,2628,1,2019:12:12 17:41:00,1
5256,2,120,9,1080,2628,1,2019:04:11 12:55:00,1
5257,1,100,12,1200,2629,1,2023:08:12 14:58:00,1
5258,2,120,7,840,2629,1,2023:09:29 15:33:00,1
5259,1,100,45,4500,2630,1,2019:07:06 14:17:00,1
5260,2,120,10,1200,2630,1,2021:01:12 14:30:00,1
5261,1,100,36,3600,2631,1,2021:03:14 12:35:00,1
5262,2,120,2,240,2631,1,2019:02:24 12:52:00,1
5263,1,100,50,5000,2632,1,2020:09:14 18:45:00,1
5264,2,120,11,1320,2632,1,2019:10:19 15:37:00,1
5265,1,100,42,4200,2633,1,2021:05:04 11:26:00,1
5266,2,120,49,5880,2633,1,2020:04:13 19:03:00,1
5267,1,100,10,1000,2634,1,2022:06:22 12:37:00,1
5268,2,120,8,960,2634,1,2021:03:31 13:38:00,1
5269,1,100,6,600,2635,1,2021:12:04 12:53:00,1
5270,2,120,9,1080,2635,1,2019:11:27 18:00:00,1
5271,1,100,14,1400,2636,1,2019:07:05 11:27:00,1
5272,2,120,10,1200,2636,1,2023:07:12 10:15:00,1
5273,1,100,38,3800,2637,1,2021:09:09 10:51:00,1
5274,2,120,19,2280,2637,1,2022:12:16 10:22:00,1
5275,1,100,47,4700,2638,1,2021:01:08 19:31:00,1
5276,2,120,13,1560,2638,1,2022:07:04 12:01:00,1
5277,1,100,27,2700,2639,1,2019:08:02 17:32:00,1
5278,2,120,2,240,2639,1,2019:09:01 11:49:00,1
5279,1,100,39,3900,2640,1,2019:07:20 16:39:00,1
5280,2,120,3,360,2640,1,2022:07:27 14:10:00,1
5281,1,100,49,4900,2641,1,2021:05:24 12:08:00,1
5282,2,120,15,1800,2641,1,2022:01:04 18:00:00,1
5283,1,100,34,3400,2642,1,2023:10:16 10:01:00,1
5284,2,120,23,2760,2642,1,2023:04:11 14:06:00,1
5285,1,100,23,2300,2643,1,2019:11:05 19:31:00,1
5286,2,120,7,840,2643,1,2021:05:24 13:29:00,1
5287,1,100,4,400,2644,1,2019:02:24 16:22:00,1
5288,2,120,20,2400,2644,1,2019:10:15 11:57:00,1
5289,1,100,8,800,2645,1,2022:11:17 13:06:00,1
5290,2,120,26,3120,2645,1,2023:11:17 13:00:00,1
5291,1,100,37,3700,2646,1,2021:11:28 16:06:00,1
5292,2,120,22,2640,2646,1,2023:12:14 11:23:00,1
5293,1,100,21,2100,2647,1,2020:05:28 12:16:00,1
5294,2,120,4,480,2647,1,2022:09:22 17:13:00,1
5295,1,100,6,600,2648,1,2019:03:24 19:11:00,1
5296,2,120,4,480,2648,1,2022:08:05 19:24:00,1
5297,1,100,8,800,2649,1,2019:03:29 19:08:00,1
5298,2,120,46,5520,2649,1,2020:10:18 16:30:00,1
5299,1,100,15,1500,2650,1,2020:07:09 16:59:00,1
5300,2,120,34,4080,2650,1,2021:02:05 10:36:00,1
5301,1,100,47,4700,2651,1,2022:12:14 18:40:00,1
5302,2,120,16,1920,2651,1,2023:04:24 17:23:00,1
5303,1,100,16,1600,2652,1,2020:10:30 17:33:00,1
5304,2,120,43,5160,2652,1,2019:07:24 12:40:00,1
5305,1,100,16,1600,2653,1,2023:07:21 12:19:00,1
5306,2,120,3,360,2653,1,2020:03:22 16:16:00,1
5307,1,100,18,1800,2654,1,2020:05:30 19:35:00,1
5308,2,120,19,2280,2654,1,2019:09:20 16:06:00,1
5309,1,100,17,1700,2655,1,2020:12:17 15:55:00,1
5310,2,120,23,2760,2655,1,2019:04:04 10:47:00,1
5311,1,100,24,2400,2656,1,2022:07:11 16:20:00,1
5312,2,120,19,2280,2656,1,2022:05:08 13:08:00,1
5313,1,100,17,1700,2657,1,2020:01:12 10:11:00,1
5314,2,120,38,4560,2657,1,2019:04:23 14:16:00,1
5315,1,100,39,3900,2658,1,2019:02:25 17:09:00,1
5316,2,120,37,4440,2658,1,2021:12:13 10:20:00,1
5317,1,100,24,2400,2659,1,2022:05:06 15:52:00,1
5318,2,120,35,4200,2659,1,2022:01:05 19:02:00,1
5319,1,100,44,4400,2660,1,2022:09:08 16:55:00,1
5320,2,120,42,5040,2660,1,2020:03:24 13:38:00,1
5321,1,100,6,600,2661,1,2022:04:04 12:10:00,1
5322,2,120,36,4320,2661,1,2019:06:19 18:42:00,1
5323,1,100,31,3100,2662,1,2020:08:16 16:28:00,1
5324,2,120,12,1440,2662,1,2022:04:21 16:34:00,1
5325,1,100,10,1000,2663,1,2021:02:10 15:38:00,1
5326,2,120,31,3720,2663,1,2019:12:01 19:47:00,1
5327,1,100,32,3200,2664,1,2020:10:21 15:52:00,1
5328,2,120,42,5040,2664,1,2021:12:09 16:43:00,1
5329,1,100,16,1600,2665,1,2019:02:06 18:15:00,1
5330,2,120,43,5160,2665,1,2021:11:17 16:29:00,1
5331,1,100,39,3900,2666,1,2022:12:05 17:02:00,1
5332,2,120,29,3480,2666,1,2020:07:28 18:10:00,1
5333,1,100,30,3000,2667,1,2023:01:25 16:56:00,1
5334,2,120,42,5040,2667,1,2023:08:31 14:06:00,1
5335,1,100,9,900,2668,1,2023:03:30 11:36:00,1
5336,2,120,2,240,2668,1,2020:07:26 16:55:00,1
5337,1,100,48,4800,2669,1,2021:10:27 12:17:00,1
5338,2,120,31,3720,2669,1,2022:12:29 12:07:00,1
5339,1,100,31,3100,2670,1,2019:04:23 14:23:00,1
5340,2,120,10,1200,2670,1,2021:03:14 15:32:00,1
5341,1,100,32,3200,2671,1,2023:01:22 19:22:00,1
5342,2,120,36,4320,2671,1,2022:05:17 10:42:00,1
5343,1,100,15,1500,2672,1,2021:02:06 16:55:00,1
5344,2,120,30,3600,2672,1,2019:05:29 11:28:00,1
5345,1,100,31,3100,2673,1,2019:10:08 19:22:00,1
5346,2,120,46,5520,2673,1,2023:03:27 14:26:00,1
5347,1,100,47,4700,2674,1,2021:07:28 17:47:00,1
5348,2,120,26,3120,2674,1,2019:11:28 17:33:00,1
5349,1,100,13,1300,2675,1,2022:08:21 18:05:00,1
5350,2,120,6,720,2675,1,2023:12:03 16:59:00,1
5351,1,100,32,3200,2676,1,2019:05:12 14:57:00,1
5352,2,120,47,5640,2676,1,2021:11:28 16:42:00,1
5353,1,100,20,2000,2677,1,2021:09:10 19:10:00,1
5354,2,120,35,4200,2677,1,2023:08:06 15:58:00,1
5355,1,100,11,1100,2678,1,2021:03:28 16:38:00,1
5356,2,120,7,840,2678,1,2019:10:18 11:10:00,1
5357,1,100,38,3800,2679,1,2022:05:06 16:24:00,1
5358,2,120,30,3600,2679,1,2023:04:01 15:16:00,1
5359,1,100,45,4500,2680,1,2022:02:13 15:56:00,1
5360,2,120,42,5040,2680,1,2019:09:28 15:52:00,1
5361,1,100,43,4300,2681,1,2020:04:02 14:51:00,1
5362,2,120,9,1080,2681,1,2022:03:02 12:42:00,1
5363,1,100,45,4500,2682,1,2021:06:19 12:51:00,1
5364,2,120,48,5760,2682,1,2019:08:07 16:57:00,1
5365,1,100,26,2600,2683,1,2019:08:23 10:08:00,1
5366,2,120,43,5160,2683,1,2019:03:18 16:51:00,1
5367,1,100,14,1400,2684,1,2023:11:16 10:56:00,1
5368,2,120,45,5400,2684,1,2021:01:31 14:45:00,1
5369,1,100,9,900,2685,1,2021:09:25 13:00:00,1
5370,2,120,29,3480,2685,1,2019:09:17 10:16:00,1
5371,1,100,33,3300,2686,1,2020:12:12 17:54:00,1
5372,2,120,18,2160,2686,1,2020:04:11 16:12:00,1
5373,1,100,46,4600,2687,1,2022:02:04 10:53:00,1
5374,2,120,6,720,2687,1,2019:03:31 19:03:00,1
5375,1,100,33,3300,2688,1,2019:04:05 18:59:00,1
5376,2,120,29,3480,2688,1,2020:11:13 14:49:00,1
5377,1,100,30,3000,2689,1,2019:07:22 13:34:00,1
5378,2,120,25,3000,2689,1,2020:07:12 12:52:00,1
5379,1,100,36,3600,2690,1,2021:06:24 17:54:00,1
5380,2,120,44,5280,2690,1,2020:01:31 13:17:00,1
5381,1,100,48,4800,2691,1,2022:09:30 11:13:00,1
5382,2,120,2,240,2691,1,2022:01:22 12:00:00,1
5383,1,100,46,4600,2692,1,2022:02:27 13:30:00,1
5384,2,120,15,1800,2692,1,2019:12:04 11:16:00,1
5385,1,100,32,3200,2693,1,2021:05:06 18:52:00,1
5386,2,120,2,240,2693,1,2023:07:13 10:41:00,1
5387,1,100,47,4700,2694,1,2019:04:04 18:39:00,1
5388,2,120,11,1320,2694,1,2023:07:07 11:15:00,1
5389,1,100,3,300,2695,1,2020:09:22 19:05:00,1
5390,2,120,28,3360,2695,1,2019:02:06 12:12:00,1
5391,1,100,9,900,2696,1,2022:07:08 14:25:00,1
5392,2,120,39,4680,2696,1,2023:10:08 16:15:00,1
5393,1,100,46,4600,2697,1,2019:08:24 12:38:00,1
5394,2,120,19,2280,2697,1,2023:03:20 11:46:00,1
5395,1,100,25,2500,2698,1,2021:03:21 16:45:00,1
5396,2,120,7,840,2698,1,2019:11:06 18:32:00,1
5397,1,100,34,3400,2699,1,2021:07:25 18:01:00,1
5398,2,120,8,960,2699,1,2020:04:17 16:12:00,1
5399,1,100,43,4300,2700,1,2022:08:06 11:52:00,1
5400,2,120,32,3840,2700,1,2019:06:29 13:58:00,1
5401,1,100,46,4600,2701,1,2022:09:17 15:23:00,1
5402,2,120,33,3960,2701,1,2019:03:11 13:52:00,1
5403,1,100,27,2700,2702,1,2019:02:27 14:27:00,1
5404,2,120,49,5880,2702,1,2020:01:02 12:32:00,1
5405,1,100,47,4700,2703,1,2021:11:22 13:17:00,1
5406,2,120,15,1800,2703,1,2021:04:01 10:52:00,1
5407,1,100,11,1100,2704,1,2020:09:23 13:38:00,1
5408,2,120,47,5640,2704,1,2020:03:12 12:08:00,1
5409,1,100,47,4700,2705,1,2022:02:16 10:37:00,1
5410,2,120,25,3000,2705,1,2020:04:03 17:56:00,1
5411,1,100,11,1100,2706,1,2021:04:21 12:48:00,1
5412,2,120,19,2280,2706,1,2019:10:04 18:54:00,1
5413,1,100,35,3500,2707,1,2020:07:14 17:19:00,1
5414,2,120,31,3720,2707,1,2019:07:29 17:05:00,1
5415,1,100,41,4100,2708,1,2020:05:25 16:29:00,1
5416,2,120,23,2760,2708,1,2019:10:27 17:21:00,1
5417,1,100,35,3500,2709,1,2023:02:23 13:08:00,1
5418,2,120,14,1680,2709,1,2021:01:27 13:03:00,1
5419,1,100,16,1600,2710,1,2023:05:18 15:40:00,1
5420,2,120,49,5880,2710,1,2022:04:27 14:59:00,1
5421,1,100,6,600,2711,1,2019:08:04 19:13:00,1
5422,2,120,14,1680,2711,1,2019:03:06 14:15:00,1
5423,1,100,47,4700,2712,1,2019:02:12 18:45:00,1
5424,2,120,8,960,2712,1,2023:07:13 16:55:00,1
5425,1,100,13,1300,2713,1,2023:10:15 15:30:00,1
5426,2,120,43,5160,2713,1,2023:12:17 18:10:00,1
5427,1,100,44,4400,2714,1,2022:04:10 16:34:00,1
5428,2,120,38,4560,2714,1,2021:05:26 19:43:00,1
5429,1,100,11,1100,2715,1,2023:01:15 19:52:00,1
5430,2,120,7,840,2715,1,2023:06:09 10:06:00,1
5431,1,100,31,3100,2716,1,2021:09:11 13:22:00,1
5432,2,120,16,1920,2716,1,2019:08:17 10:05:00,1
5433,1,100,42,4200,2717,1,2019:02:20 14:24:00,1
5434,2,120,11,1320,2717,1,2021:07:02 18:34:00,1
5435,1,100,9,900,2718,1,2019:05:20 19:49:00,1
5436,2,120,24,2880,2718,1,2020:09:27 12:06:00,1
5437,1,100,1,100,2719,1,2021:04:10 19:20:00,1
5438,2,120,21,2520,2719,1,2023:08:25 14:01:00,1
5439,1,100,29,2900,2720,1,2021:05:05 15:48:00,1
5440,2,120,47,5640,2720,1,2021:05:14 16:15:00,1
5441,1,100,19,1900,2721,1,2021:12:10 10:22:00,1
5442,2,120,37,4440,2721,1,2022:08:27 19:53:00,1
5443,1,100,45,4500,2722,1,2022:12:25 19:46:00,1
5444,2,120,4,480,2722,1,2019:03:15 16:02:00,1
5445,1,100,16,1600,2723,1,2022:07:08 13:19:00,1
5446,2,120,27,3240,2723,1,2023:04:11 11:37:00,1
5447,1,100,1,100,2724,1,2020:02:21 12:07:00,1
5448,2,120,4,480,2724,1,2022:11:18 19:58:00,1
5449,1,100,41,4100,2725,1,2023:09:21 12:49:00,1
5450,2,120,34,4080,2725,1,2020:06:03 11:33:00,1
5451,1,100,20,2000,2726,1,2021:10:09 19:07:00,1
5452,2,120,40,4800,2726,1,2022:06:15 17:04:00,1
5453,1,100,23,2300,2727,1,2019:10:23 14:37:00,1
5454,2,120,19,2280,2727,1,2022:05:26 15:51:00,1
5455,1,100,18,1800,2728,1,2020:01:24 17:37:00,1
5456,2,120,2,240,2728,1,2023:07:24 11:26:00,1
5457,1,100,48,4800,2729,1,2023:06:13 17:13:00,1
5458,2,120,4,480,2729,1,2021:09:03 18:54:00,1
5459,1,100,42,4200,2730,1,2020:09:22 11:14:00,1
5460,2,120,50,6000,2730,1,2023:10:13 16:19:00,1
5461,1,100,28,2800,2731,1,2021:01:10 17:31:00,1
5462,2,120,38,4560,2731,1,2019:08:09 13:26:00,1
5463,1,100,1,100,2732,1,2019:02:08 13:33:00,1
5464,2,120,8,960,2732,1,2019:08:22 13:33:00,1
5465,1,100,47,4700,2733,1,2020:02:11 10:30:00,1
5466,2,120,35,4200,2733,1,2022:05:25 12:23:00,1
5467,1,100,13,1300,2734,1,2021:02:23 13:56:00,1
5468,2,120,33,3960,2734,1,2021:11:25 16:05:00,1
5469,1,100,44,4400,2735,1,2021:11:18 11:43:00,1
5470,2,120,27,3240,2735,1,2022:11:05 19:37:00,1
5471,1,100,23,2300,2736,1,2020:06:05 17:44:00,1
5472,2,120,48,5760,2736,1,2019:01:10 12:13:00,1
5473,1,100,8,800,2737,1,2019:10:15 13:08:00,1
5474,2,120,33,3960,2737,1,2022:03:08 14:27:00,1
5475,1,100,8,800,2738,1,2020:06:11 10:34:00,1
5476,2,120,37,4440,2738,1,2019:04:19 15:55:00,1
5477,1,100,14,1400,2739,1,2020:03:31 11:37:00,1
5478,2,120,36,4320,2739,1,2020:09:23 14:41:00,1
5479,1,100,26,2600,2740,1,2023:03:01 14:18:00,1
5480,2,120,6,720,2740,1,2020:12:29 14:43:00,1
5481,1,100,13,1300,2741,1,2020:01:19 10:15:00,1
5482,2,120,35,4200,2741,1,2023:07:17 17:28:00,1
5483,1,100,42,4200,2742,1,2021:01:01 10:36:00,1
5484,2,120,45,5400,2742,1,2022:06:14 14:28:00,1
5485,1,100,39,3900,2743,1,2023:10:29 13:52:00,1
5486,2,120,1,120,2743,1,2020:11:03 11:41:00,1
5487,1,100,16,1600,2744,1,2020:07:16 18:24:00,1
5488,2,120,7,840,2744,1,2022:09:01 11:00:00,1
5489,1,100,7,700,2745,1,2023:07:07 13:13:00,1
5490,2,120,14,1680,2745,1,2022:06:28 11:40:00,1
5491,1,100,2,200,2746,1,2022:11:08 15:04:00,1
5492,2,120,46,5520,2746,1,2019:03:11 16:59:00,1
5493,1,100,43,4300,2747,1,2023:05:03 17:41:00,1
5494,2,120,1,120,2747,1,2022:05:03 15:18:00,1
5495,1,100,39,3900,2748,1,2021:05:31 11:35:00,1
5496,2,120,26,3120,2748,1,2022:04:25 14:29:00,1
5497,1,100,1,100,2749,1,2020:03:29 11:10:00,1
5498,2,120,24,2880,2749,1,2019:05:05 19:54:00,1
5499,1,100,6,600,2750,1,2023:11:24 13:10:00,1
5500,2,120,20,2400,2750,1,2019:10:24 17:56:00,1
5501,1,100,4,400,2751,1,2023:05:04 15:52:00,1
5502,2,120,23,2760,2751,1,2023:02:04 11:50:00,1
5503,1,100,7,700,2752,1,2022:07:11 14:56:00,1
5504,2,120,38,4560,2752,1,2021:10:27 13:01:00,1
5505,1,100,11,1100,2753,1,2023:12:17 13:05:00,1
5506,2,120,21,2520,2753,1,2023:07:20 19:49:00,1
5507,1,100,18,1800,2754,1,2020:12:06 18:43:00,1
5508,2,120,7,840,2754,1,2020:01:17 12:32:00,1
5509,1,100,16,1600,2755,1,2023:04:28 16:10:00,1
5510,2,120,24,2880,2755,1,2020:01:22 13:53:00,1
5511,1,100,47,4700,2756,1,2023:10:29 19:09:00,1
5512,2,120,11,1320,2756,1,2020:02:07 13:42:00,1
5513,1,100,36,3600,2757,1,2019:07:12 10:46:00,1
5514,2,120,49,5880,2757,1,2019:04:28 17:22:00,1
5515,1,100,9,900,2758,1,2019:02:19 19:52:00,1
5516,2,120,45,5400,2758,1,2019:08:11 14:15:00,1
5517,1,100,26,2600,2759,1,2022:09:01 18:32:00,1
5518,2,120,6,720,2759,1,2019:10:25 16:48:00,1
5519,1,100,43,4300,2760,1,2019:06:01 13:52:00,1
5520,2,120,25,3000,2760,1,2019:02:02 15:42:00,1
5521,1,100,27,2700,2761,1,2023:06:07 14:54:00,1
5522,2,120,31,3720,2761,1,2021:07:04 15:42:00,1
5523,1,100,15,1500,2762,1,2021:11:11 16:16:00,1
5524,2,120,28,3360,2762,1,2019:05:11 17:40:00,1
5525,1,100,3,300,2763,1,2021:05:24 11:54:00,1
5526,2,120,29,3480,2763,1,2023:12:26 16:34:00,1
5527,1,100,1,100,2764,1,2019:05:31 19:13:00,1
5528,2,120,6,720,2764,1,2019:07:10 16:49:00,1
5529,1,100,39,3900,2765,1,2023:11:04 15:03:00,1
5530,2,120,22,2640,2765,1,2020:08:30 11:18:00,1
5531,1,100,23,2300,2766,1,2021:12:25 11:26:00,1
5532,2,120,17,2040,2766,1,2022:10:25 17:35:00,1
5533,1,100,18,1800,2767,1,2022:06:27 12:23:00,1
5534,2,120,33,3960,2767,1,2023:04:07 15:59:00,1
5535,1,100,25,2500,2768,1,2019:05:17 17:53:00,1
5536,2,120,28,3360,2768,1,2022:04:12 16:09:00,1
5537,1,100,6,600,2769,1,2021:05:19 10:07:00,1
5538,2,120,5,600,2769,1,2019:10:18 16:11:00,1
5539,1,100,6,600,2770,1,2021:10:08 11:36:00,1
5540,2,120,18,2160,2770,1,2020:12:18 10:26:00,1
5541,1,100,45,4500,2771,1,2019:10:22 11:21:00,1
5542,2,120,9,1080,2771,1,2022:09:06 13:07:00,1
5543,1,100,27,2700,2772,1,2021:03:22 14:58:00,1
5544,2,120,8,960,2772,1,2021:09:09 19:06:00,1
5545,1,100,14,1400,2773,1,2022:04:19 19:46:00,1
5546,2,120,3,360,2773,1,2023:05:24 11:40:00,1
5547,1,100,37,3700,2774,1,2022:02:08 11:28:00,1
5548,2,120,27,3240,2774,1,2020:08:26 14:27:00,1
5549,1,100,41,4100,2775,1,2019:09:13 11:40:00,1
5550,2,120,37,4440,2775,1,2023:09:07 13:33:00,1
5551,1,100,9,900,2776,1,2021:01:06 17:23:00,1
5552,2,120,11,1320,2776,1,2021:04:26 18:19:00,1
5553,1,100,46,4600,2777,1,2020:09:19 14:48:00,1
5554,2,120,5,600,2777,1,2020:04:16 13:27:00,1
5555,1,100,24,2400,2778,1,2020:06:03 11:20:00,1
5556,2,120,28,3360,2778,1,2020:11:06 15:02:00,1
5557,1,100,13,1300,2779,1,2021:12:25 12:08:00,1
5558,2,120,3,360,2779,1,2020:01:04 14:58:00,1
5559,1,100,4,400,2780,1,2020:09:29 14:49:00,1
5560,2,120,41,4920,2780,1,2019:01:08 11:56:00,1
5561,1,100,8,800,2781,1,2021:03:11 16:22:00,1
5562,2,120,15,1800,2781,1,2021:03:18 15:42:00,1
5563,1,100,1,100,2782,1,2022:03:03 18:12:00,1
5564,2,120,34,4080,2782,1,2022:12:08 18:15:00,1
5565,1,100,21,2100,2783,1,2021:03:22 16:35:00,1
5566,2,120,3,360,2783,1,2022:11:30 18:27:00,1
5567,1,100,34,3400,2784,1,2021:07:13 10:07:00,1
5568,2,120,25,3000,2784,1,2021:12:18 19:08:00,1
5569,1,100,39,3900,2785,1,2021:01:19 16:07:00,1
5570,2,120,8,960,2785,1,2020:05:26 13:12:00,1
5571,1,100,2,200,2786,1,2021:03:12 17:42:00,1
5572,2,120,28,3360,2786,1,2023:07:27 15:29:00,1
5573,1,100,31,3100,2787,1,2023:08:25 12:43:00,1
5574,2,120,7,840,2787,1,2022:02:15 13:13:00,1
5575,1,100,13,1300,2788,1,2021:12:26 19:37:00,1
5576,2,120,35,4200,2788,1,2019:01:12 16:38:00,1
5577,1,100,45,4500,2789,1,2022:04:04 11:08:00,1
5578,2,120,1,120,2789,1,2021:06:06 14:20:00,1
5579,1,100,9,900,2790,1,2023:06:19 12:26:00,1
5580,2,120,6,720,2790,1,2022:06:16 15:32:00,1
5581,1,100,26,2600,2791,1,2020:03:01 15:02:00,1
5582,2,120,45,5400,2791,1,2021:06:26 15:16:00,1
5583,1,100,28,2800,2792,1,2020:06:08 17:18:00,1
5584,2,120,24,2880,2792,1,2021:03:27 18:52:00,1
5585,1,100,23,2300,2793,1,2022:09:29 19:15:00,1
5586,2,120,38,4560,2793,1,2019:07:09 11:27:00,1
5587,1,100,34,3400,2794,1,2019:02:05 18:35:00,1
5588,2,120,7,840,2794,1,2023:06:29 15:49:00,1
5589,1,100,36,3600,2795,1,2019:04:10 16:11:00,1
5590,2,120,46,5520,2795,1,2022:11:02 10:03:00,1
5591,1,100,44,4400,2796,1,2022:04:13 18:52:00,1
5592,2,120,28,3360,2796,1,2019:07:08 13:28:00,1
5593,1,100,1,100,2797,1,2020:11:12 14:19:00,1
5594,2,120,3,360,2797,1,2022:02:19 13:05:00,1
5595,1,100,40,4000,2798,1,2019:09:14 17:13:00,1
5596,2,120,46,5520,2798,1,2020:09:23 10:24:00,1
5597,1,100,24,2400,2799,1,2021:07:09 19:20:00,1
5598,2,120,2,240,2799,1,2023:03:31 16:19:00,1
5599,1,100,32,3200,2800,1,2022:07:14 12:20:00,1
5600,2,120,7,840,2800,1,2023:03:08 13:48:00,1
5601,1,100,50,5000,2801,1,2021:01:29 10:52:00,1
5602,2,120,19,2280,2801,1,2020:03:11 13:25:00,1
5603,1,100,9,900,2802,1,2023:12:20 11:35:00,1
5604,2,120,7,840,2802,1,2020:08:16 19:44:00,1
5605,1,100,8,800,2803,1,2020:09:08 11:10:00,1
5606,2,120,22,2640,2803,1,2019:06:29 12:57:00,1
5607,1,100,12,1200,2804,1,2020:02:09 16:36:00,1
5608,2,120,28,3360,2804,1,2020:05:16 16:23:00,1
5609,1,100,45,4500,2805,1,2022:05:25 14:09:00,1
5610,2,120,27,3240,2805,1,2019:01:02 10:14:00,1
5611,1,100,47,4700,2806,1,2020:08:13 18:12:00,1
5612,2,120,5,600,2806,1,2020:01:30 11:14:00,1
5613,1,100,27,2700,2807,1,2021:06:03 19:59:00,1
5614,2,120,29,3480,2807,1,2021:07:21 11:46:00,1
5615,1,100,39,3900,2808,1,2022:05:01 11:54:00,1
5616,2,120,21,2520,2808,1,2019:03:22 16:28:00,1
5617,1,100,35,3500,2809,1,2022:11:26 15:06:00,1
5618,2,120,28,3360,2809,1,2023:04:20 11:54:00,1
5619,1,100,50,5000,2810,1,2022:10:04 18:13:00,1
5620,2,120,50,6000,2810,1,2022:01:04 19:11:00,1
5621,1,100,11,1100,2811,1,2020:10:24 15:33:00,1
5622,2,120,20,2400,2811,1,2023:02:24 15:22:00,1
5623,1,100,48,4800,2812,1,2019:09:22 16:25:00,1
5624,2,120,21,2520,2812,1,2020:05:16 11:27:00,1
5625,1,100,11,1100,2813,1,2019:06:28 14:36:00,1
5626,2,120,4,480,2813,1,2019:06:02 11:28:00,1
5627,1,100,7,700,2814,1,2020:11:08 19:55:00,1
5628,2,120,18,2160,2814,1,2022:03:06 17:29:00,1
5629,1,100,9,900,2815,1,2019:10:22 14:14:00,1
5630,2,120,34,4080,2815,1,2023:05:04 11:05:00,1
5631,1,100,1,100,2816,1,2021:09:25 13:33:00,1
5632,2,120,29,3480,2816,1,2022:09:07 19:28:00,1
5633,1,100,5,500,2817,1,2021:03:10 13:11:00,1
5634,2,120,40,4800,2817,1,2019:02:20 12:10:00,1
5635,1,100,39,3900,2818,1,2019:01:08 11:11:00,1
5636,2,120,49,5880,2818,1,2019:08:07 19:41:00,1
5637,1,100,21,2100,2819,1,2021:06:19 15:14:00,1
5638,2,120,15,1800,2819,1,2022:05:29 16:21:00,1
5639,1,100,13,1300,2820,1,2020:11:17 16:20:00,1
5640,2,120,44,5280,2820,1,2023:01:24 13:26:00,1
5641,1,100,32,3200,2821,1,2020:02:26 19:44:00,1
5642,2,120,10,1200,2821,1,2023:11:21 12:24:00,1
5643,1,100,3,300,2822,1,2020:11:17 18:51:00,1
5644,2,120,1,120,2822,1,2023:11:07 10:37:00,1
5645,1,100,50,5000,2823,1,2022:12:25 11:55:00,1
5646,2,120,41,4920,2823,1,2019:07:08 12:33:00,1
5647,1,100,45,4500,2824,1,2023:05:01 15:02:00,1
5648,2,120,36,4320,2824,1,2021:11:30 12:53:00,1
5649,1,100,35,3500,2825,1,2022:05:19 10:10:00,1
5650,2,120,39,4680,2825,1,2023:12:18 17:43:00,1
5651,1,100,43,4300,2826,1,2021:10:14 17:53:00,1
5652,2,120,2,240,2826,1,2020:04:13 17:53:00,1
5653,1,100,7,700,2827,1,2020:10:04 19:45:00,1
5654,2,120,44,5280,2827,1,2019:12:25 19:43:00,1
5655,1,100,43,4300,2828,1,2019:09:26 10:12:00,1
5656,2,120,39,4680,2828,1,2020:11:26 19:10:00,1
5657,1,100,29,2900,2829,1,2023:11:30 16:17:00,1
5658,2,120,31,3720,2829,1,2019:03:23 14:46:00,1
5659,1,100,29,2900,2830,1,2020:11:12 16:16:00,1
5660,2,120,35,4200,2830,1,2022:11:22 16:50:00,1
5661,1,100,3,300,2831,1,2020:08:17 10:17:00,1
5662,2,120,48,5760,2831,1,2023:05:14 11:04:00,1
5663,1,100,28,2800,2832,1,2021:03:25 16:07:00,1
5664,2,120,50,6000,2832,1,2022:06:12 19:14:00,1
5665,1,100,31,3100,2833,1,2021:06:03 10:35:00,1
5666,2,120,11,1320,2833,1,2023:05:30 13:01:00,1
5667,1,100,46,4600,2834,1,2022:02:19 10:19:00,1
5668,2,120,4,480,2834,1,2019:05:23 11:49:00,1
5669,1,100,12,1200,2835,1,2020:09:22 14:20:00,1
5670,2,120,34,4080,2835,1,2020:03:24 18:08:00,1
5671,1,100,13,1300,2836,1,2019:11:05 12:37:00,1
5672,2,120,8,960,2836,1,2023:11:01 11:30:00,1
5673,1,100,25,2500,2837,1,2022:10:09 14:15:00,1
5674,2,120,16,1920,2837,1,2020:01:28 19:07:00,1
5675,1,100,31,3100,2838,1,2023:08:21 13:34:00,1
5676,2,120,26,3120,2838,1,2022:11:19 13:15:00,1
5677,1,100,8,800,2839,1,2019:05:11 19:44:00,1
5678,2,120,5,600,2839,1,2019:07:06 11:27:00,1
5679,1,100,9,900,2840,1,2020:05:14 17:38:00,1
5680,2,120,46,5520,2840,1,2019:06:07 10:13:00,1
5681,1,100,6,600,2841,1,2023:01:20 11:55:00,1
5682,2,120,9,1080,2841,1,2021:05:10 13:05:00,1
5683,1,100,1,100,2842,1,2020:03:11 18:05:00,1
5684,2,120,4,480,2842,1,2019:10:03 16:08:00,1
5685,1,100,50,5000,2843,1,2022:02:26 16:34:00,1
5686,2,120,11,1320,2843,1,2019:02:13 15:23:00,1
5687,1,100,18,1800,2844,1,2023:05:05 15:08:00,1
5688,2,120,47,5640,2844,1,2019:08:09 13:05:00,1
5689,1,100,10,1000,2845,1,2022:09:30 12:34:00,1
5690,2,120,37,4440,2845,1,2022:07:14 18:14:00,1
5691,1,100,28,2800,2846,1,2020:12:17 12:18:00,1
5692,2,120,17,2040,2846,1,2019:04:11 14:19:00,1
5693,1,100,40,4000,2847,1,2019:04:23 15:49:00,1
5694,2,120,27,3240,2847,1,2021:06:18 15:46:00,1
5695,1,100,13,1300,2848,1,2020:05:15 10:59:00,1
5696,2,120,3,360,2848,1,2019:01:12 16:41:00,1
5697,1,100,14,1400,2849,1,2021:02:07 19:36:00,1
5698,2,120,39,4680,2849,1,2023:02:27 13:10:00,1
5699,1,100,39,3900,2850,1,2019:07:22 11:18:00,1
5700,2,120,15,1800,2850,1,2020:01:02 19:52:00,1
5701,1,100,6,600,2851,1,2023:05:09 17:28:00,1
5702,2,120,16,1920,2851,1,2019:11:10 18:00:00,1
5703,1,100,9,900,2852,1,2021:07:13 17:10:00,1
5704,2,120,22,2640,2852,1,2022:02:17 13:37:00,1
5705,1,100,29,2900,2853,1,2021:07:20 18:42:00,1
5706,2,120,34,4080,2853,1,2023:08:15 16:58:00,1
5707,1,100,27,2700,2854,1,2021:04:18 15:25:00,1
5708,2,120,5,600,2854,1,2023:12:19 17:19:00,1
5709,1,100,36,3600,2855,1,2021:04:05 16:22:00,1
5710,2,120,30,3600,2855,1,2023:02:24 15:41:00,1
5711,1,100,44,4400,2856,1,2023:01:18 16:31:00,1
5712,2,120,27,3240,2856,1,2022:02:21 12:09:00,1
5713,1,100,23,2300,2857,1,2022:03:08 10:53:00,1
5714,2,120,36,4320,2857,1,2022:12:25 18:55:00,1
5715,1,100,47,4700,2858,1,2022:06:30 10:22:00,1
5716,2,120,43,5160,2858,1,2022:06:05 14:55:00,1
5717,1,100,7,700,2859,1,2019:10:21 12:26:00,1
5718,2,120,8,960,2859,1,2020:12:19 17:41:00,1
5719,1,100,27,2700,2860,1,2021:03:24 10:13:00,1
5720,2,120,5,600,2860,1,2023:06:16 10:29:00,1
5721,1,100,43,4300,2861,1,2020:11:30 14:19:00,1
5722,2,120,26,3120,2861,1,2022:06:09 14:33:00,1
5723,1,100,23,2300,2862,1,2023:09:12 13:04:00,1
5724,2,120,30,3600,2862,1,2021:03:12 18:19:00,1
5725,1,100,2,200,2863,1,2019:07:05 10:35:00,1
5726,2,120,9,1080,2863,1,2022:01:27 10:52:00,1
5727,1,100,19,1900,2864,1,2023:07:07 10:41:00,1
5728,2,120,13,1560,2864,1,2019:04:03 15:28:00,1
5729,1,100,22,2200,2865,1,2019:03:09 18:48:00,1
5730,2,120,45,5400,2865,1,2020:10:31 18:54:00,1
5731,1,100,36,3600,2866,1,2020:06:02 10:55:00,1
5732,2,120,11,1320,2866,1,2022:10:25 18:44:00,1
5733,1,100,35,3500,2867,1,2019:11:12 11:57:00,1
5734,2,120,31,3720,2867,1,2023:11:12 17:59:00,1
5735,1,100,20,2000,2868,1,2020:04:13 19:24:00,1
5736,2,120,15,1800,2868,1,2022:01:06 16:25:00,1
5737,1,100,1,100,2869,1,2022:05:02 16:57:00,1
5738,2,120,25,3000,2869,1,2022:11:18 14:24:00,1
5739,1,100,14,1400,2870,1,2019:06:03 18:22:00,1
5740,2,120,3,360,2870,1,2020:04:08 12:54:00,1
5741,1,100,40,4000,2871,1,2021:03:30 14:58:00,1
5742,2,120,22,2640,2871,1,2021:01:13 14:33:00,1
5743,1,100,5,500,2872,1,2019:08:26 11:00:00,1
5744,2,120,39,4680,2872,1,2019:06:22 17:55:00,1
5745,1,100,37,3700,2873,1,2020:12:29 16:54:00,1
5746,2,120,42,5040,2873,1,2023:08:07 18:19:00,1
5747,1,100,35,3500,2874,1,2023:07:12 18:34:00,1
5748,2,120,42,5040,2874,1,2023:04:10 19:22:00,1
5749,1,100,43,4300,2875,1,2023:09:07 12:44:00,1
5750,2,120,11,1320,2875,1,2022:07:23 14:59:00,1
5751,1,100,9,900,2876,1,2022:05:17 14:25:00,1
5752,2,120,21,2520,2876,1,2020:04:18 16:25:00,1
5753,1,100,7,700,2877,1,2021:11:16 14:12:00,1
5754,2,120,27,3240,2877,1,2023:04:30 14:50:00,1
5755,1,100,28,2800,2878,1,2022:08:23 19:13:00,1
5756,2,120,24,2880,2878,1,2023:07:29 11:47:00,1
5757,1,100,2,200,2879,1,2023:11:08 11:12:00,1
5758,2,120,36,4320,2879,1,2019:10:05 13:49:00,1
5759,1,100,32,3200,2880,1,2020:03:31 11:19:00,1
5760,2,120,2,240,2880,1,2021:04:30 13:24:00,1
5761,1,100,22,2200,2881,1,2020:02:13 14:57:00,1
5762,2,120,48,5760,2881,1,2019:04:25 10:58:00,1
5763,1,100,4,400,2882,1,2019:02:17 10:57:00,1
5764,2,120,36,4320,2882,1,2022:06:13 13:02:00,1
5765,1,100,24,2400,2883,1,2019:10:11 19:44:00,1
5766,2,120,6,720,2883,1,2022:04:23 17:09:00,1
5767,1,100,6,600,2884,1,2020:07:10 18:41:00,1
5768,2,120,25,3000,2884,1,2019:01:26 17:11:00,1
5769,1,100,45,4500,2885,1,2021:11:15 12:58:00,1
5770,2,120,36,4320,2885,1,2020:02:10 16:03:00,1
5771,1,100,22,2200,2886,1,2023:04:08 12:56:00,1
5772,2,120,15,1800,2886,1,2020:10:07 11:06:00,1
5773,1,100,47,4700,2887,1,2020:08:04 14:32:00,1
5774,2,120,45,5400,2887,1,2023:03:10 15:59:00,1
5775,1,100,7,700,2888,1,2023:06:21 14:32:00,1
5776,2,120,12,1440,2888,1,2020:02:10 16:56:00,1
5777,1,100,30,3000,2889,1,2019:09:23 16:09:00,1
5778,2,120,44,5280,2889,1,2022:04:05 13:47:00,1
5779,1,100,35,3500,2890,1,2023:11:26 16:38:00,1
5780,2,120,24,2880,2890,1,2021:02:08 13:07:00,1
5781,1,100,6,600,2891,1,2021:11:17 16:02:00,1
5782,2,120,43,5160,2891,1,2021:10:25 15:05:00,1
5783,1,100,33,3300,2892,1,2022:09:16 19:40:00,1
5784,2,120,4,480,2892,1,2019:04:13 15:13:00,1
5785,1,100,6,600,2893,1,2023:07:29 10:53:00,1
5786,2,120,8,960,2893,1,2021:03:04 17:44:00,1
5787,1,100,28,2800,2894,1,2022:08:23 12:51:00,1
5788,2,120,12,1440,2894,1,2019:05:28 11:16:00,1
5789,1,100,42,4200,2895,1,2021:12:23 15:43:00,1
5790,2,120,31,3720,2895,1,2021:11:18 15:46:00,1
5791,1,100,32,3200,2896,1,2020:09:27 16:19:00,1
5792,2,120,7,840,2896,1,2021:07:07 11:18:00,1
5793,1,100,5,500,2897,1,2022:06:13 15:02:00,1
5794,2,120,31,3720,2897,1,2020:07:07 19:32:00,1
5795,1,100,19,1900,2898,1,2020:02:29 19:30:00,1
5796,2,120,15,1800,2898,1,2021:08:16 16:59:00,1
5797,1,100,35,3500,2899,1,2021:05:11 10:06:00,1
5798,2,120,35,4200,2899,1,2022:05:16 14:47:00,1
5799,1,100,40,4000,2900,1,2022:09:01 15:28:00,1
5800,2,120,39,4680,2900,1,2023:02:23 11:43:00,1
5801,1,100,32,3200,2901,1,2022:03:29 11:00:00,1
5802,2,120,42,5040,2901,1,2019:10:16 11:02:00,1
5803,1,100,21,2100,2902,1,2020:10:22 14:20:00,1
5804,2,120,45,5400,2902,1,2020:08:15 19:07:00,1
5805,1,100,34,3400,2903,1,2022:09:20 14:54:00,1
5806,2,120,44,5280,2903,1,2020:09:05 10:44:00,1
5807,1,100,25,2500,2904,1,2020:06:03 17:49:00,1
5808,2,120,16,1920,2904,1,2019:05:01 11:18:00,1
5809,1,100,1,100,2905,1,2021:07:24 10:41:00,1
5810,2,120,21,2520,2905,1,2021:07:24 10:25:00,1
5811,1,100,6,600,2906,1,2023:07:15 14:36:00,1
5812,2,120,22,2640,2906,1,2021:02:03 14:15:00,1
5813,1,100,12,1200,2907,1,2019:01:07 15:06:00,1
5814,2,120,1,120,2907,1,2023:11:11 17:15:00,1
5815,1,100,17,1700,2908,1,2020:04:24 13:14:00,1
5816,2,120,17,2040,2908,1,2022:06:10 14:07:00,1
5817,1,100,30,3000,2909,1,2022:07:09 17:51:00,1
5818,2,120,6,720,2909,1,2020:01:29 16:40:00,1
5819,1,100,15,1500,2910,1,2021:01:14 14:21:00,1
5820,2,120,5,600,2910,1,2022:07:14 13:59:00,1
5821,1,100,23,2300,2911,1,2019:11:03 11:16:00,1
5822,2,120,22,2640,2911,1,2020:10:18 12:48:00,1
5823,1,100,36,3600,2912,1,2021:05:05 11:56:00,1
5824,2,120,24,2880,2912,1,2021:08:01 19:53:00,1
5825,1,100,29,2900,2913,1,2020:04:18 10:41:00,1
5826,2,120,27,3240,2913,1,2023:01:26 17:34:00,1
5827,1,100,2,200,2914,1,2019:02:07 15:16:00,1
5828,2,120,44,5280,2914,1,2022:05:24 11:43:00,1
5829,1,100,44,4400,2915,1,2020:06:01 13:21:00,1
5830,2,120,13,1560,2915,1,2022:01:03 15:26:00,1
5831,1,100,37,3700,2916,1,2021:11:19 12:29:00,1
5832,2,120,33,3960,2916,1,2022:03:28 17:52:00,1
5833,1,100,23,2300,2917,1,2021:04:20 18:40:00,1
5834,2,120,34,4080,2917,1,2020:01:03 19:58:00,1
5835,1,100,13,1300,2918,1,2019:01:31 12:03:00,1
5836,2,120,21,2520,2918,1,2019:05:09 11:16:00,1
5837,1,100,16,1600,2919,1,2021:10:08 10:55:00,1
5838,2,120,22,2640,2919,1,2020:03:04 16:44:00,1
5839,1,100,28,2800,2920,1,2022:12:07 11:49:00,1
5840,2,120,44,5280,2920,1,2020:08:18 16:33:00,1
5841,1,100,11,1100,2921,1,2019:01:11 19:45:00,1
5842,2,120,16,1920,2921,1,2023:11:15 17:29:00,1
5843,1,100,1,100,2922,1,2023:03:15 18:26:00,1
5844,2,120,14,1680,2922,1,2020:03:31 11:31:00,1
5845,1,100,27,2700,2923,1,2023:12:28 12:15:00,1
5846,2,120,45,5400,2923,1,2020:09:07 15:28:00,1
5847,1,100,37,3700,2924,1,2021:10:26 12:31:00,1
5848,2,120,6,720,2924,1,2022:05:06 10:48:00,1
5849,1,100,3,300,2925,1,2023:06:25 11:34:00,1
5850,2,120,47,5640,2925,1,2022:07:07 13:13:00,1
5851,1,100,23,2300,2926,1,2020:01:03 16:53:00,1
5852,2,120,7,840,2926,1,2020:08:15 17:15:00,1
5853,1,100,17,1700,2927,1,2019:05:18 18:39:00,1
5854,2,120,19,2280,2927,1,2019:01:22 16:29:00,1
5855,1,100,17,1700,2928,1,2019:04:25 17:31:00,1
5856,2,120,28,3360,2928,1,2021:02:25 11:18:00,1
5857,1,100,3,300,2929,1,2019:04:22 13:27:00,1
5858,2,120,49,5880,2929,1,2020:03:06 10:05:00,1
5859,1,100,6,600,2930,1,2020:11:05 17:13:00,1
5860,2,120,4,480,2930,1,2019:09:28 14:09:00,1
5861,1,100,9,900,2931,1,2021:07:19 14:11:00,1
5862,2,120,46,5520,2931,1,2023:03:28 14:40:00,1
5863,1,100,40,4000,2932,1,2019:03:31 17:34:00,1
5864,2,120,17,2040,2932,1,2022:10:16 10:51:00,1
5865,1,100,42,4200,2933,1,2020:05:03 15:04:00,1
5866,2,120,46,5520,2933,1,2020:11:21 11:28:00,1
5867,1,100,32,3200,2934,1,2020:06:05 17:35:00,1
5868,2,120,28,3360,2934,1,2022:12:22 17:07:00,1
5869,1,100,50,5000,2935,1,2022:11:18 18:00:00,1
5870,2,120,6,720,2935,1,2022:09:13 14:00:00,1
5871,1,100,17,1700,2936,1,2023:08:18 17:48:00,1
5872,2,120,33,3960,2936,1,2021:03:23 19:33:00,1
5873,1,100,6,600,2937,1,2021:03:17 17:22:00,1
5874,2,120,3,360,2937,1,2019:03:11 11:16:00,1
5875,1,100,2,200,2938,1,2019:08:13 16:22:00,1
5876,2,120,21,2520,2938,1,2019:03:21 19:53:00,1
5877,1,100,43,4300,2939,1,2022:03:14 12:17:00,1
5878,2,120,37,4440,2939,1,2020:02:23 18:40:00,1
5879,1,100,50,5000,2940,1,2020:02:25 13:14:00,1
5880,2,120,21,2520,2940,1,2020:10:16 10:21:00,1
5881,1,100,8,800,2941,1,2021:02:24 12:25:00,1
5882,2,120,38,4560,2941,1,2022:05:31 16:29:00,1
5883,1,100,3,300,2942,1,2019:12:10 18:28:00,1
5884,2,120,29,3480,2942,1,2023:03:27 17:04:00,1
5885,1,100,15,1500,2943,1,2019:07:04 19:37:00,1
5886,2,120,34,4080,2943,1,2020:06:12 15:15:00,1
5887,1,100,22,2200,2944,1,2019:08:01 11:26:00,1
5888,2,120,36,4320,2944,1,2020:02:28 10:59:00,1
5889,1,100,26,2600,2945,1,2022:05:09 18:09:00,1
5890,2,120,43,5160,2945,1,2020:03:08 15:19:00,1
5891,1,100,41,4100,2946,1,2022:04:26 16:24:00,1
5892,2,120,45,5400,2946,1,2019:03:19 18:48:00,1
5893,1,100,1,100,2947,1,2021:03:07 12:48:00,1
5894,2,120,33,3960,2947,1,2020:01:01 18:23:00,1
5895,1,100,22,2200,2948,1,2019:11:09 11:46:00,1
5896,2,120,50,6000,2948,1,2019:05:26 16:05:00,1
5897,1,100,4,400,2949,1,2020:06:22 18:59:00,1
5898,2,120,4,480,2949,1,2019:05:24 17:05:00,1
5899,1,100,1,100,2950,1,2019:07:29 10:29:00,1
5900,2,120,48,5760,2950,1,2023:03:20 14:11:00,1
5901,1,100,48,4800,2951,1,2022:02:11 10:02:00,1
5902,2,120,11,1320,2951,1,2019:12:10 19:51:00,1
5903,1,100,22,2200,2952,1,2022:05:23 11:47:00,1
5904,2,120,17,2040,2952,1,2019:07:04 12:58:00,1
5905,1,100,22,2200,2953,1,2023:10:01 13:24:00,1
5906,2,120,36,4320,2953,1,2023:06:17 14:05:00,1
5907,1,100,10,1000,2954,1,2020:03:04 19:03:00,1
5908,2,120,10,1200,2954,1,2020:06:18 11:56:00,1
5909,1,100,35,3500,2955,1,2020:09:11 13:38:00,1
5910,2,120,20,2400,2955,1,2021:06:04 13:11:00,1
5911,1,100,5,500,2956,1,2022:11:12 19:53:00,1
5912,2,120,42,5040,2956,1,2021:10:25 10:16:00,1
5913,1,100,50,5000,2957,1,2023:02:27 17:04:00,1
5914,2,120,32,3840,2957,1,2022:09:24 19:50:00,1
5915,1,100,39,3900,2958,1,2019:11:16 12:04:00,1
5916,2,120,22,2640,2958,1,2022:03:26 11:37:00,1
5917,1,100,25,2500,2959,1,2021:08:25 17:47:00,1
5918,2,120,38,4560,2959,1,2020:05:31 12:03:00,1
5919,1,100,4,400,2960,1,2019:12:16 13:28:00,1
5920,2,120,13,1560,2960,1,2022:10:22 11:41:00,1
5921,1,100,13,1300,2961,1,2023:06:11 16:24:00,1
5922,2,120,26,3120,2961,1,2022:07:09 14:21:00,1
5923,1,100,39,3900,2962,1,2022:12:01 16:18:00,1
5924,2,120,35,4200,2962,1,2023:12:28 14:32:00,1
5925,1,100,44,4400,2963,1,2023:10:08 14:34:00,1
5926,2,120,21,2520,2963,1,2022:09:22 14:35:00,1
5927,1,100,33,3300,2964,1,2019:10:26 14:11:00,1
5928,2,120,26,3120,2964,1,2020:05:24 12:32:00,1
5929,1,100,13,1300,2965,1,2021:07:09 14:18:00,1
5930,2,120,14,1680,2965,1,2022:09:02 11:52:00,1
5931,1,100,43,4300,2966,1,2020:02:05 11:45:00,1
5932,2,120,29,3480,2966,1,2023:08:30 15:16:00,1
5933,1,100,48,4800,2967,1,2023:04:16 19:47:00,1
5934,2,120,1,120,2967,1,2021:11:08 16:02:00,1
5935,1,100,48,4800,2968,1,2019:09:06 15:52:00,1
5936,2,120,13,1560,2968,1,2021:09:14 15:27:00,1
5937,1,100,43,4300,2969,1,2023:08:18 15:03:00,1
5938,2,120,44,5280,2969,1,2019:01:22 19:40:00,1
5939,1,100,19,1900,2970,1,2021:04:19 19:39:00,1
5940,2,120,4,480,2970,1,2022:01:19 16:05:00,1
5941,1,100,21,2100,2971,1,2023:04:30 17:21:00,1
5942,2,120,19,2280,2971,1,2022:11:27 12:04:00,1
5943,1,100,16,1600,2972,1,2019:07:30 18:33:00,1
5944,2,120,36,4320,2972,1,2019:03:17 10:10:00,1
5945,1,100,32,3200,2973,1,2022:01:27 18:36:00,1
5946,2,120,9,1080,2973,1,2019:12:15 17:36:00,1
5947,1,100,13,1300,2974,1,2019:03:16 14:47:00,1
5948,2,120,48,5760,2974,1,2019:07:14 13:04:00,1
5949,1,100,22,2200,2975,1,2020:06:07 14:49:00,1
5950,2,120,2,240,2975,1,2021:06:23 18:49:00,1
5951,1,100,39,3900,2976,1,2022:03:09 19:30:00,1
5952,2,120,6,720,2976,1,2019:10:15 10:34:00,1
5953,1,100,12,1200,2977,1,2021:08:11 19:36:00,1
5954,2,120,30,3600,2977,1,2020:10:27 18:14:00,1
5955,1,100,11,1100,2978,1,2021:12:01 14:05:00,1
5956,2,120,44,5280,2978,1,2022:01:22 11:54:00,1
5957,1,100,22,2200,2979,1,2019:10:26 17:30:00,1
5958,2,120,1,120,2979,1,2020:01:08 15:49:00,1
5959,1,100,5,500,2980,1,2022:11:18 18:00:00,1
5960,2,120,16,1920,2980,1,2022:01:03 14:39:00,1
5961,1,100,44,4400,2981,1,2021:02:17 16:55:00,1
5962,2,120,8,960,2981,1,2021:02:20 13:18:00,1
5963,1,100,13,1300,2982,1,2021:03:21 18:02:00,1
5964,2,120,15,1800,2982,1,2023:12:24 10:18:00,1
5965,1,100,6,600,2983,1,2019:01:17 14:31:00,1
5966,2,120,21,2520,2983,1,2021:09:02 11:31:00,1
5967,1,100,22,2200,2984,1,2023:06:23 15:44:00,1
5968,2,120,29,3480,2984,1,2020:06:15 14:34:00,1
5969,1,100,6,600,2985,1,2019:12:25 15:12:00,1
5970,2,120,33,3960,2985,1,2019:11:15 16:16:00,1
5971,1,100,24,2400,2986,1,2023:08:13 16:20:00,1
5972,2,120,5,600,2986,1,2022:10:27 12:48:00,1
5973,1,100,8,800,2987,1,2023:01:05 18:56:00,1
5974,2,120,16,1920,2987,1,2020:07:29 15:42:00,1
5975,1,100,36,3600,2988,1,2019:04:27 12:13:00,1
5976,2,120,32,3840,2988,1,2022:11:08 11:01:00,1
5977,1,100,2,200,2989,1,2023:11:25 14:08:00,1
5978,2,120,47,5640,2989,1,2023:03:07 16:22:00,1
5979,1,100,4,400,2990,1,2023:11:18 19:27:00,1
5980,2,120,49,5880,2990,1,2021:07:31 10:11:00,1
5981,1,100,4,400,2991,1,2019:12:14 16:37:00,1
5982,2,120,23,2760,2991,1,2020:01:14 11:34:00,1
5983,1,100,46,4600,2992,1,2023:04:07 17:54:00,1
5984,2,120,10,1200,2992,1,2022:03:22 13:55:00,1
5985,1,100,5,500,2993,1,2019:07:16 12:10:00,1
5986,2,120,4,480,2993,1,2020:06:15 19:33:00,1
5987,1,100,26,2600,2994,1,2020:12:29 18:16:00,1
5988,2,120,38,4560,2994,1,2020:08:20 15:55:00,1
5989,1,100,28,2800,2995,1,2022:04:22 12:46:00,1
5990,2,120,28,3360,2995,1,2022:11:03 10:37:00,1
5991,1,100,18,1800,2996,1,2019:07:05 14:47:00,1
5992,2,120,25,3000,2996,1,2023:10:31 14:56:00,1
5993,1,100,43,4300,2997,1,2019:09:30 19:58:00,1
5994,2,120,15,1800,2997,1,2022:04:16 15:10:00,1
5995,1,100,26,2600,2998,1,2020:03:11 11:21:00,1
5996,2,120,28,3360,2998,1,2019:12:26 15:06:00,1
5997,1,100,20,2000,2999,1,2019:07:14 11:50:00,1
5998,2,120,46,5520,2999,1,2021:10:28 19:32:00,1
5999,1,100,35,3500,3000,1,2022:05:03 11:02:00,1
6000,2,120,11,1320,3000,1,2019:02:13 16:10:00,1
6001,1,100,14,1400,3001,1,2021:01:26 11:41:00,1
6002,2,120,48,5760,3001,1,2019:10:22 15:43:00,1
6003,1,100,5,500,3002,1,2019:11:20 17:24:00,1
6004,2,120,49,5880,3002,1,2019:02:12 15:18:00,1
6005,1,100,23,2300,3003,1,2023:01:26 19:22:00,1
6006,2,120,7,840,3003,1,2021:04:06 18:57:00,1
6007,1,100,36,3600,3004,1,2019:09:17 16:12:00,1
6008,2,120,39,4680,3004,1,2023:04:06 16:27:00,1
6009,1,100,43,4300,3005,1,2021:11:09 11:42:00,1
6010,2,120,6,720,3005,1,2021:04:12 17:27:00,1
6011,1,100,43,4300,3006,1,2023:06:29 14:38:00,1
6012,2,120,27,3240,3006,1,2020:08:30 11:03:00,1
6013,1,100,10,1000,3007,1,2022:07:17 15:44:00,1
6014,2,120,44,5280,3007,1,2022:10:22 13:08:00,1
6015,1,100,42,4200,3008,1,2022:07:10 19:17:00,1
6016,2,120,48,5760,3008,1,2023:08:19 15:03:00,1
6017,1,100,50,5000,3009,1,2019:05:13 11:34:00,1
6018,2,120,41,4920,3009,1,2023:08:29 11:13:00,1
6019,1,100,32,3200,3010,1,2023:06:01 11:26:00,1
6020,2,120,33,3960,3010,1,2022:06:24 14:03:00,1
6021,1,100,11,1100,3011,1,2023:11:21 19:00:00,1
6022,2,120,37,4440,3011,1,2020:09:26 19:52:00,1
6023,1,100,21,2100,3012,1,2023:01:20 17:20:00,1
6024,2,120,32,3840,3012,1,2023:05:08 14:41:00,1
6025,1,100,10,1000,3013,1,2023:07:15 13:12:00,1
6026,2,120,9,1080,3013,1,2023:01:20 14:56:00,1
6027,1,100,26,2600,3014,1,2023:05:13 19:38:00,1
6028,2,120,10,1200,3014,1,2020:07:23 12:51:00,1
6029,1,100,31,3100,3015,1,2022:12:09 11:44:00,1
6030,2,120,46,5520,3015,1,2021:12:11 10:34:00,1
6031,1,100,41,4100,3016,1,2022:10:26 14:16:00,1
6032,2,120,17,2040,3016,1,2019:10:16 14:14:00,1
6033,1,100,42,4200,3017,1,2019:02:04 16:25:00,1
6034,2,120,38,4560,3017,1,2021:09:23 10:36:00,1
6035,1,100,39,3900,3018,1,2023:01:05 11:06:00,1
6036,2,120,6,720,3018,1,2023:09:05 19:55:00,1
6037,1,100,12,1200,3019,1,2022:09:30 10:45:00,1
6038,2,120,48,5760,3019,1,2019:11:30 14:24:00,1
6039,1,100,6,600,3020,1,2023:12:19 17:30:00,1
6040,2,120,38,4560,3020,1,2019:12:26 12:48:00,1
6041,1,100,8,800,3021,1,2023:11:04 15:44:00,1
6042,2,120,1,120,3021,1,2020:12:24 14:03:00,1
6043,1,100,18,1800,3022,1,2023:01:22 12:41:00,1
6044,2,120,27,3240,3022,1,2023:08:09 12:01:00,1
6045,1,100,22,2200,3023,1,2019:11:10 17:00:00,1
6046,2,120,46,5520,3023,1,2019:01:23 12:13:00,1
6047,1,100,4,400,3024,1,2019:08:10 19:21:00,1
6048,2,120,22,2640,3024,1,2020:06:19 13:47:00,1
6049,1,100,42,4200,3025,1,2019:09:24 12:06:00,1
6050,2,120,16,1920,3025,1,2019:08:13 10:10:00,1
6051,1,100,26,2600,3026,1,2021:04:01 19:42:00,1
6052,2,120,43,5160,3026,1,2020:04:09 17:05:00,1
6053,1,100,10,1000,3027,1,2020:12:18 16:22:00,1
6054,2,120,1,120,3027,1,2020:08:20 19:56:00,1
6055,1,100,50,5000,3028,1,2022:11:30 17:39:00,1
6056,2,120,34,4080,3028,1,2023:04:21 10:51:00,1
6057,1,100,1,100,3029,1,2021:06:14 16:14:00,1
6058,2,120,37,4440,3029,1,2019:12:24 16:06:00,1
6059,1,100,46,4600,3030,1,2019:10:11 17:17:00,1
6060,2,120,9,1080,3030,1,2022:04:21 10:19:00,1
6061,1,100,26,2600,3031,1,2019:09:27 16:41:00,1
6062,2,120,35,4200,3031,1,2021:01:05 12:04:00,1
6063,1,100,31,3100,3032,1,2023:11:20 19:37:00,1
6064,2,120,43,5160,3032,1,2021:07:19 19:43:00,1
6065,1,100,34,3400,3033,1,2021:01:24 19:17:00,1
6066,2,120,6,720,3033,1,2019:08:02 11:14:00,1
6067,1,100,14,1400,3034,1,2021:11:22 13:08:00,1
6068,2,120,37,4440,3034,1,2021:04:05 16:49:00,1
6069,1,100,21,2100,3035,1,2020:08:29 14:49:00,1
6070,2,120,48,5760,3035,1,2019:10:04 11:33:00,1
6071,1,100,36,3600,3036,1,2023:09:21 19:36:00,1
6072,2,120,36,4320,3036,1,2019:04:16 18:16:00,1
6073,1,100,15,1500,3037,1,2023:09:12 16:21:00,1
6074,2,120,14,1680,3037,1,2021:03:22 10:01:00,1
6075,1,100,44,4400,3038,1,2019:09:22 12:33:00,1
6076,2,120,31,3720,3038,1,2023:09:09 11:02:00,1
6077,1,100,10,1000,3039,1,2020:11:14 17:45:00,1
6078,2,120,24,2880,3039,1,2021:12:07 19:33:00,1
6079,1,100,8,800,3040,1,2019:11:26 14:35:00,1
6080,2,120,35,4200,3040,1,2023:02:15 17:16:00,1
6081,1,100,17,1700,3041,1,2022:01:18 13:05:00,1
6082,2,120,48,5760,3041,1,2023:12:26 14:53:00,1
6083,1,100,41,4100,3042,1,2021:10:29 16:24:00,1
6084,2,120,47,5640,3042,1,2023:12:25 10:44:00,1
6085,1,100,38,3800,3043,1,2023:06:25 11:14:00,1
6086,2,120,45,5400,3043,1,2019:06:17 14:03:00,1
6087,1,100,36,3600,3044,1,2023:03:31 19:10:00,1
6088,2,120,15,1800,3044,1,2022:07:12 19:35:00,1
6089,1,100,15,1500,3045,1,2019:05:07 16:47:00,1
6090,2,120,14,1680,3045,1,2023:03:28 19:26:00,1
6091,1,100,43,4300,3046,1,2022:08:04 15:46:00,1
6092,2,120,21,2520,3046,1,2023:10:07 18:37:00,1
6093,1,100,6,600,3047,1,2020:07:01 19:18:00,1
6094,2,120,5,600,3047,1,2021:12:25 14:17:00,1
6095,1,100,12,1200,3048,1,2020:02:25 19:49:00,1
6096,2,120,22,2640,3048,1,2022:09:02 13:23:00,1
6097,1,100,29,2900,3049,1,2021:01:26 19:48:00,1
6098,2,120,22,2640,3049,1,2021:08:03 15:53:00,1
6099,1,100,27,2700,3050,1,2020:03:27 12:05:00,1
6100,2,120,9,1080,3050,1,2019:01:22 18:11:00,1
6101,1,100,24,2400,3051,1,2023:08:29 12:36:00,1
6102,2,120,34,4080,3051,1,2019:04:08 19:55:00,1
6103,1,100,43,4300,3052,1,2023:02:18 12:21:00,1
6104,2,120,24,2880,3052,1,2021:03:12 14:57:00,1
6105,1,100,12,1200,3053,1,2020:12:28 14:45:00,1
6106,2,120,21,2520,3053,1,2023:11:01 17:52:00,1
6107,1,100,44,4400,3054,1,2019:07:11 14:02:00,1
6108,2,120,10,1200,3054,1,2020:03:23 19:22:00,1
6109,1,100,44,4400,3055,1,2020:09:11 10:44:00,1
6110,2,120,13,1560,3055,1,2020:08:15 14:55:00,1
6111,1,100,17,1700,3056,1,2020:11:20 10:28:00,1
6112,2,120,42,5040,3056,1,2020:02:07 17:09:00,1
6113,1,100,16,1600,3057,1,2022:01:20 12:17:00,1
6114,2,120,28,3360,3057,1,2023:12:19 12:06:00,1
6115,1,100,15,1500,3058,1,2021:02:10 11:48:00,1
6116,2,120,3,360,3058,1,2019:12:15 13:36:00,1
6117,1,100,7,700,3059,1,2022:12:20 12:05:00,1
6118,2,120,27,3240,3059,1,2019:07:01 17:46:00,1
6119,1,100,22,2200,3060,1,2022:03:10 10:28:00,1
6120,2,120,16,1920,3060,1,2021:12:02 17:12:00,1
6121,1,100,31,3100,3061,1,2020:12:31 11:06:00,1
6122,2,120,50,6000,3061,1,2023:09:25 15:12:00,1
6123,1,100,17,1700,3062,1,2019:07:18 16:33:00,1
6124,2,120,1,120,3062,1,2019:07:30 14:31:00,1
6125,1,100,10,1000,3063,1,2019:11:26 15:43:00,1
6126,2,120,31,3720,3063,1,2020:11:06 12:31:00,1
6127,1,100,49,4900,3064,1,2020:04:03 18:09:00,1
6128,2,120,20,2400,3064,1,2020:11:22 12:17:00,1
6129,1,100,21,2100,3065,1,2020:12:10 16:08:00,1
6130,2,120,1,120,3065,1,2020:03:26 11:39:00,1
6131,1,100,24,2400,3066,1,2020:04:05 19:49:00,1
6132,2,120,9,1080,3066,1,2020:07:28 12:54:00,1
6133,1,100,22,2200,3067,1,2021:01:29 19:42:00,1
6134,2,120,26,3120,3067,1,2023:01:25 13:42:00,1
6135,1,100,7,700,3068,1,2023:12:01 14:10:00,1
6136,2,120,25,3000,3068,1,2023:08:20 12:31:00,1
6137,1,100,8,800,3069,1,2020:04:19 16:21:00,1
6138,2,120,48,5760,3069,1,2023:02:27 13:43:00,1
6139,1,100,19,1900,3070,1,2023:01:25 16:26:00,1
6140,2,120,4,480,3070,1,2019:02:17 12:03:00,1
6141,1,100,10,1000,3071,1,2021:04:21 10:10:00,1
6142,2,120,17,2040,3071,1,2020:12:03 15:01:00,1
6143,1,100,32,3200,3072,1,2023:11:23 18:25:00,1
6144,2,120,29,3480,3072,1,2019:09:08 11:03:00,1
6145,1,100,2,200,3073,1,2021:10:15 17:41:00,1
6146,2,120,23,2760,3073,1,2021:03:16 12:23:00,1
6147,1,100,29,2900,3074,1,2021:12:27 12:09:00,1
6148,2,120,7,840,3074,1,2020:08:06 17:02:00,1
6149,1,100,33,3300,3075,1,2019:06:18 19:57:00,1
6150,2,120,6,720,3075,1,2023:10:24 17:32:00,1
6151,1,100,19,1900,3076,1,2023:05:29 15:21:00,1
6152,2,120,48,5760,3076,1,2021:03:13 17:00:00,1
6153,1,100,41,4100,3077,1,2020:06:30 18:05:00,1
6154,2,120,39,4680,3077,1,2019:05:12 11:48:00,1
6155,1,100,46,4600,3078,1,2022:12:04 12:51:00,1
6156,2,120,24,2880,3078,1,2023:02:08 12:48:00,1
6157,1,100,20,2000,3079,1,2023:08:09 12:14:00,1
6158,2,120,27,3240,3079,1,2023:10:23 19:12:00,1
6159,1,100,6,600,3080,1,2023:09:16 16:04:00,1
6160,2,120,35,4200,3080,1,2021:12:20 15:55:00,1
6161,1,100,44,4400,3081,1,2021:11:17 11:04:00,1
6162,2,120,35,4200,3081,1,2019:06:05 15:09:00,1
6163,1,100,21,2100,3082,1,2020:09:12 14:11:00,1
6164,2,120,17,2040,3082,1,2020:03:12 18:54:00,1
6165,1,100,42,4200,3083,1,2022:09:23 11:16:00,1
6166,2,120,2,240,3083,1,2019:09:13 17:13:00,1
6167,1,100,8,800,3084,1,2023:07:25 16:08:00,1
6168,2,120,24,2880,3084,1,2023:06:16 12:50:00,1
6169,1,100,28,2800,3085,1,2022:07:01 13:37:00,1
6170,2,120,42,5040,3085,1,2020:07:07 17:20:00,1
6171,1,100,35,3500,3086,1,2023:02:23 17:10:00,1
6172,2,120,35,4200,3086,1,2019:11:23 11:22:00,1
6173,1,100,44,4400,3087,1,2023:11:02 19:59:00,1
6174,2,120,29,3480,3087,1,2023:05:29 12:28:00,1
6175,1,100,12,1200,3088,1,2022:07:05 18:03:00,1
6176,2,120,1,120,3088,1,2023:01:04 19:30:00,1
6177,1,100,40,4000,3089,1,2023:01:28 14:02:00,1
6178,2,120,8,960,3089,1,2023:11:04 13:51:00,1
6179,1,100,32,3200,3090,1,2022:06:05 19:55:00,1
6180,2,120,40,4800,3090,1,2019:01:02 19:41:00,1
6181,1,100,42,4200,3091,1,2021:07:01 18:07:00,1
6182,2,120,26,3120,3091,1,2020:01:22 13:15:00,1
6183,1,100,40,4000,3092,1,2019:08:10 15:22:00,1
6184,2,120,41,4920,3092,1,2022:01:30 11:21:00,1
6185,1,100,15,1500,3093,1,2023:07:06 17:20:00,1
6186,2,120,35,4200,3093,1,2019:02:13 10:23:00,1
6187,1,100,10,1000,3094,1,2019:03:01 18:02:00,1
6188,2,120,17,2040,3094,1,2023:07:08 10:56:00,1
6189,1,100,37,3700,3095,1,2023:07:08 11:19:00,1
6190,2,120,14,1680,3095,1,2020:02:03 12:19:00,1
6191,1,100,47,4700,3096,1,2023:10:29 17:22:00,1
6192,2,120,31,3720,3096,1,2022:11:24 15:21:00,1
6193,1,100,32,3200,3097,1,2021:04:03 19:22:00,1
6194,2,120,5,600,3097,1,2022:03:11 12:38:00,1
6195,1,100,16,1600,3098,1,2019:03:03 12:33:00,1
6196,2,120,23,2760,3098,1,2020:02:26 17:12:00,1
6197,1,100,21,2100,3099,1,2023:12:23 18:37:00,1
6198,2,120,14,1680,3099,1,2022:04:04 10:33:00,1
6199,1,100,45,4500,3100,1,2022:05:02 10:18:00,1
6200,2,120,18,2160,3100,1,2019:06:07 11:05:00,1
6201,1,100,6,600,3101,1,2019:02:06 10:37:00,1
6202,2,120,46,5520,3101,1,2022:03:30 12:14:00,1
6203,1,100,22,2200,3102,1,2020:10:16 11:23:00,1
6204,2,120,17,2040,3102,1,2020:05:09 16:02:00,1
6205,1,100,50,5000,3103,1,2022:09:11 18:07:00,1
6206,2,120,9,1080,3103,1,2020:06:15 11:22:00,1
6207,1,100,36,3600,3104,1,2022:04:04 19:20:00,1
6208,2,120,31,3720,3104,1,2019:05:20 15:25:00,1
6209,1,100,50,5000,3105,1,2021:05:22 16:55:00,1
6210,2,120,26,3120,3105,1,2022:09:15 14:57:00,1
6211,1,100,1,100,3106,1,2022:02:12 17:46:00,1
6212,2,120,8,960,3106,1,2019:03:25 10:53:00,1
6213,1,100,45,4500,3107,1,2019:08:26 11:19:00,1
6214,2,120,33,3960,3107,1,2021:04:15 18:22:00,1
6215,1,100,43,4300,3108,1,2022:01:16 13:12:00,1
6216,2,120,22,2640,3108,1,2022:07:03 17:43:00,1
6217,1,100,29,2900,3109,1,2022:08:03 18:28:00,1
6218,2,120,22,2640,3109,1,2019:11:06 14:13:00,1
6219,1,100,24,2400,3110,1,2019:06:23 15:53:00,1
6220,2,120,33,3960,3110,1,2019:03:19 18:31:00,1
6221,1,100,21,2100,3111,1,2021:08:17 14:31:00,1
6222,2,120,23,2760,3111,1,2019:02:25 19:59:00,1
6223,1,100,28,2800,3112,1,2022:09:11 19:14:00,1
6224,2,120,22,2640,3112,1,2020:06:19 15:48:00,1
6225,1,100,4,400,3113,1,2021:10:12 15:13:00,1
6226,2,120,48,5760,3113,1,2022:03:17 15:36:00,1
6227,1,100,46,4600,3114,1,2019:05:13 11:29:00,1
6228,2,120,23,2760,3114,1,2019:05:11 11:58:00,1
6229,1,100,46,4600,3115,1,2020:12:14 13:06:00,1
6230,2,120,14,1680,3115,1,2023:12:28 12:54:00,1
6231,1,100,36,3600,3116,1,2022:05:08 14:41:00,1
6232,2,120,49,5880,3116,1,2023:07:18 10:26:00,1
6233,1,100,2,200,3117,1,2019:07:10 14:46:00,1
6234,2,120,9,1080,3117,1,2021:12:24 15:53:00,1
6235,1,100,18,1800,3118,1,2021:10:25 17:19:00,1
6236,2,120,25,3000,3118,1,2020:12:20 16:53:00,1
6237,1,100,22,2200,3119,1,2020:06:14 15:47:00,1
6238,2,120,2,240,3119,1,2023:04:26 10:30:00,1
6239,1,100,37,3700,3120,1,2022:04:27 16:36:00,1
6240,2,120,49,5880,3120,1,2021:07:13 17:29:00,1
6241,1,100,48,4800,3121,1,2020:01:29 14:26:00,1
6242,2,120,33,3960,3121,1,2019:07:11 15:54:00,1
6243,1,100,1,100,3122,1,2019:09:09 14:41:00,1
6244,2,120,4,480,3122,1,2021:07:23 19:52:00,1
6245,1,100,36,3600,3123,1,2022:11:22 18:04:00,1
6246,2,120,3,360,3123,1,2022:06:12 17:42:00,1
6247,1,100,11,1100,3124,1,2023:04:06 17:58:00,1
6248,2,120,18,2160,3124,1,2019:12:15 10:47:00,1
6249,1,100,3,300,3125,1,2020:09:02 16:58:00,1
6250,2,120,22,2640,3125,1,2021:02:03 13:41:00,1
6251,1,100,6,600,3126,1,2020:12:16 18:44:00,1
6252,2,120,34,4080,3126,1,2019:11:15 12:29:00,1
6253,1,100,8,800,3127,1,2023:05:11 15:41:00,1
6254,2,120,11,1320,3127,1,2023:10:09 12:53:00,1
6255,1,100,16,1600,3128,1,2023:11:10 16:22:00,1
6256,2,120,1,120,3128,1,2023:12:09 15:23:00,1
6257,1,100,37,3700,3129,1,2022:12:26 10:07:00,1
6258,2,120,50,6000,3129,1,2022:11:23 19:33:00,1
6259,1,100,42,4200,3130,1,2019:07:27 10:29:00,1
6260,2,120,8,960,3130,1,2021:12:07 16:09:00,1
6261,1,100,22,2200,3131,1,2023:06:02 18:54:00,1
6262,2,120,15,1800,3131,1,2020:07:14 18:12:00,1
6263,1,100,25,2500,3132,1,2022:04:03 19:16:00,1
6264,2,120,45,5400,3132,1,2021:08:08 12:45:00,1
6265,1,100,42,4200,3133,1,2022:02:10 16:48:00,1
6266,2,120,10,1200,3133,1,2023:05:30 19:07:00,1
6267,1,100,46,4600,3134,1,2021:07:26 17:55:00,1
6268,2,120,34,4080,3134,1,2020:07:14 16:09:00,1
6269,1,100,38,3800,3135,1,2019:06:14 13:34:00,1
6270,2,120,47,5640,3135,1,2022:06:23 15:36:00,1
6271,1,100,24,2400,3136,1,2023:03:28 13:56:00,1
6272,2,120,38,4560,3136,1,2020:11:09 14:02:00,1
6273,1,100,44,4400,3137,1,2019:08:17 19:08:00,1
6274,2,120,40,4800,3137,1,2021:12:10 16:50:00,1
6275,1,100,26,2600,3138,1,2023:11:19 13:44:00,1
6276,2,120,41,4920,3138,1,2019:01:03 17:44:00,1
6277,1,100,44,4400,3139,1,2020:10:31 12:25:00,1
6278,2,120,16,1920,3139,1,2020:10:11 13:31:00,1
6279,1,100,35,3500,3140,1,2022:06:20 12:28:00,1
6280,2,120,4,480,3140,1,2019:12:31 17:49:00,1
6281,1,100,38,3800,3141,1,2020:03:16 13:16:00,1
6282,2,120,6,720,3141,1,2019:05:14 13:02:00,1
6283,1,100,49,4900,3142,1,2019:08:06 13:38:00,1
6284,2,120,8,960,3142,1,2021:09:11 12:22:00,1
6285,1,100,1,100,3143,1,2019:02:23 15:08:00,1
6286,2,120,23,2760,3143,1,2023:07:22 15:51:00,1
6287,1,100,27,2700,3144,1,2019:01:07 17:02:00,1
6288,2,120,47,5640,3144,1,2022:02:26 18:35:00,1
6289,1,100,44,4400,3145,1,2020:05:24 18:37:00,1
6290,2,120,5,600,3145,1,2023:06:29 17:15:00,1
6291,1,100,22,2200,3146,1,2020:02:05 19:58:00,1
6292,2,120,46,5520,3146,1,2021:02:03 18:27:00,1
6293,1,100,13,1300,3147,1,2021:12:05 16:41:00,1
6294,2,120,16,1920,3147,1,2023:04:17 12:45:00,1
6295,1,100,16,1600,3148,1,2019:12:11 12:27:00,1
6296,2,120,7,840,3148,1,2021:01:17 11:07:00,1
6297,1,100,10,1000,3149,1,2021:07:15 15:20:00,1
6298,2,120,29,3480,3149,1,2020:05:18 14:55:00,1
6299,1,100,16,1600,3150,1,2020:03:17 18:25:00,1
6300,2,120,34,4080,3150,1,2020:10:19 16:15:00,1
6301,1,100,19,1900,3151,1,2019:12:25 12:00:00,1
6302,2,120,5,600,3151,1,2022:03:24 15:12:00,1
6303,1,100,12,1200,3152,1,2022:05:20 13:06:00,1
6304,2,120,5,600,3152,1,2022:07:23 15:41:00,1
6305,1,100,10,1000,3153,1,2019:12:16 15:38:00,1
6306,2,120,17,2040,3153,1,2023:11:16 13:09:00,1
6307,1,100,25,2500,3154,1,2019:10:15 16:50:00,1
6308,2,120,27,3240,3154,1,2019:10:31 11:38:00,1
6309,1,100,24,2400,3155,1,2023:12:19 13:10:00,1
6310,2,120,26,3120,3155,1,2022:07:05 15:27:00,1
6311,1,100,19,1900,3156,1,2022:02:23 19:18:00,1
6312,2,120,10,1200,3156,1,2019:02:08 17:52:00,1
6313,1,100,24,2400,3157,1,2023:10:23 13:21:00,1
6314,2,120,45,5400,3157,1,2021:12:26 13:25:00,1
6315,1,100,28,2800,3158,1,2019:02:23 10:32:00,1
6316,2,120,9,1080,3158,1,2020:04:29 11:41:00,1
6317,1,100,18,1800,3159,1,2021:01:08 11:24:00,1
6318,2,120,9,1080,3159,1,2023:01:20 14:30:00,1
6319,1,100,50,5000,3160,1,2021:05:04 13:26:00,1
6320,2,120,30,3600,3160,1,2023:12:23 10:41:00,1
6321,1,100,13,1300,3161,1,2023:06:24 16:30:00,1
6322,2,120,23,2760,3161,1,2020:12:12 19:31:00,1
6323,1,100,46,4600,3162,1,2019:07:27 13:26:00,1
6324,2,120,36,4320,3162,1,2021:10:10 15:54:00,1
6325,1,100,31,3100,3163,1,2022:02:16 16:54:00,1
6326,2,120,50,6000,3163,1,2020:04:01 10:52:00,1
6327,1,100,9,900,3164,1,2020:04:10 10:21:00,1
6328,2,120,22,2640,3164,1,2020:11:23 15:01:00,1
6329,1,100,42,4200,3165,1,2019:07:07 17:15:00,1
6330,2,120,17,2040,3165,1,2019:10:24 13:57:00,1
6331,1,100,16,1600,3166,1,2021:08:19 10:04:00,1
6332,2,120,7,840,3166,1,2019:09:24 11:11:00,1
6333,1,100,21,2100,3167,1,2023:12:16 11:57:00,1
6334,2,120,17,2040,3167,1,2022:09:07 11:08:00,1
6335,1,100,16,1600,3168,1,2021:05:21 11:15:00,1
6336,2,120,42,5040,3168,1,2022:01:22 15:06:00,1
6337,1,100,11,1100,3169,1,2020:10:07 18:54:00,1
6338,2,120,42,5040,3169,1,2021:02:07 10:02:00,1
6339,1,100,19,1900,3170,1,2020:08:22 13:30:00,1
6340,2,120,29,3480,3170,1,2023:07:12 17:17:00,1
6341,1,100,22,2200,3171,1,2020:10:26 19:49:00,1
6342,2,120,4,480,3171,1,2023:10:26 15:23:00,1
6343,1,100,38,3800,3172,1,2020:08:06 18:01:00,1
6344,2,120,44,5280,3172,1,2023:01:06 13:05:00,1
6345,1,100,26,2600,3173,1,2021:06:10 15:12:00,1
6346,2,120,34,4080,3173,1,2021:07:04 18:54:00,1
6347,1,100,26,2600,3174,1,2021:02:08 12:07:00,1
6348,2,120,10,1200,3174,1,2021:03:13 11:34:00,1
6349,1,100,12,1200,3175,1,2023:07:31 13:48:00,1
6350,2,120,23,2760,3175,1,2019:05:23 14:57:00,1
6351,1,100,30,3000,3176,1,2022:03:17 18:55:00,1
6352,2,120,10,1200,3176,1,2022:03:17 13:32:00,1
6353,1,100,28,2800,3177,1,2019:10:31 19:52:00,1
6354,2,120,10,1200,3177,1,2022:07:25 17:38:00,1
6355,1,100,45,4500,3178,1,2023:08:29 16:53:00,1
6356,2,120,1,120,3178,1,2019:02:22 10:08:00,1
6357,1,100,35,3500,3179,1,2021:08:09 14:17:00,1
6358,2,120,22,2640,3179,1,2021:05:30 15:47:00,1
6359,1,100,14,1400,3180,1,2021:09:15 10:42:00,1
6360,2,120,36,4320,3180,1,2019:10:03 18:42:00,1
6361,1,100,48,4800,3181,1,2021:08:15 19:55:00,1
6362,2,120,48,5760,3181,1,2021:02:03 19:51:00,1
6363,1,100,34,3400,3182,1,2022:05:05 10:12:00,1
6364,2,120,21,2520,3182,1,2019:01:28 17:43:00,1
6365,1,100,12,1200,3183,1,2019:10:22 11:07:00,1
6366,2,120,48,5760,3183,1,2023:09:03 19:52:00,1
6367,1,100,45,4500,3184,1,2019:08:08 10:50:00,1
6368,2,120,9,1080,3184,1,2021:07:03 19:57:00,1
6369,1,100,41,4100,3185,1,2023:06:26 18:48:00,1
6370,2,120,38,4560,3185,1,2021:11:05 19:13:00,1
6371,1,100,10,1000,3186,1,2021:08:13 13:54:00,1
6372,2,120,36,4320,3186,1,2022:03:17 14:53:00,1
6373,1,100,2,200,3187,1,2021:05:05 15:58:00,1
6374,2,120,33,3960,3187,1,2020:02:24 14:53:00,1
6375,1,100,20,2000,3188,1,2022:12:06 14:35:00,1
6376,2,120,12,1440,3188,1,2021:08:17 15:54:00,1
6377,1,100,1,100,3189,1,2020:04:13 19:59:00,1
6378,2,120,2,240,3189,1,2020:02:29 16:36:00,1
6379,1,100,20,2000,3190,1,2022:04:26 15:30:00,1
6380,2,120,10,1200,3190,1,2023:01:09 11:50:00,1
6381,1,100,45,4500,3191,1,2019:01:23 10:36:00,1
6382,2,120,15,1800,3191,1,2019:12:24 10:22:00,1
6383,1,100,17,1700,3192,1,2023:05:09 17:41:00,1
6384,2,120,14,1680,3192,1,2023:10:09 12:15:00,1
6385,1,100,12,1200,3193,1,2021:11:18 16:52:00,1
6386,2,120,7,840,3193,1,2019:05:28 11:35:00,1
6387,1,100,37,3700,3194,1,2022:03:26 15:13:00,1
6388,2,120,28,3360,3194,1,2022:05:27 18:24:00,1
6389,1,100,43,4300,3195,1,2020:09:07 18:13:00,1
6390,2,120,24,2880,3195,1,2022:09:02 19:24:00,1
6391,1,100,26,2600,3196,1,2022:12:31 19:54:00,1
6392,2,120,40,4800,3196,1,2023:12:11 19:41:00,1
6393,1,100,39,3900,3197,1,2021:10:06 19:54:00,1
6394,2,120,12,1440,3197,1,2019:10:04 12:06:00,1
6395,1,100,7,700,3198,1,2022:07:13 10:37:00,1
6396,2,120,19,2280,3198,1,2023:06:11 14:25:00,1
6397,1,100,33,3300,3199,1,2023:09:22 10:31:00,1
6398,2,120,26,3120,3199,1,2023:07:16 11:03:00,1
6399,1,100,15,1500,3200,1,2023:10:14 16:44:00,1
6400,2,120,24,2880,3200,1,2023:11:17 11:08:00,1
6401,1,100,16,1600,3201,1,2019:07:20 11:04:00,1
6402,2,120,10,1200,3201,1,2020:09:28 14:11:00,1
6403,1,100,14,1400,3202,1,2019:05:17 15:33:00,1
6404,2,120,15,1800,3202,1,2019:09:27 16:11:00,1
6405,1,100,16,1600,3203,1,2022:07:13 18:32:00,1
6406,2,120,14,1680,3203,1,2019:11:28 13:28:00,1
6407,1,100,16,1600,3204,1,2019:03:15 14:08:00,1
6408,2,120,35,4200,3204,1,2022:11:18 14:33:00,1
6409,1,100,15,1500,3205,1,2022:07:02 11:14:00,1
6410,2,120,46,5520,3205,1,2022:01:14 13:39:00,1
6411,1,100,45,4500,3206,1,2022:01:16 17:29:00,1
6412,2,120,15,1800,3206,1,2022:11:16 13:31:00,1
6413,1,100,15,1500,3207,1,2023:09:11 16:33:00,1
6414,2,120,32,3840,3207,1,2023:11:14 19:45:00,1
6415,1,100,42,4200,3208,1,2021:07:06 12:44:00,1
6416,2,120,11,1320,3208,1,2019:05:14 15:08:00,1
6417,1,100,27,2700,3209,1,2022:12:17 17:56:00,1
6418,2,120,35,4200,3209,1,2019:03:14 17:58:00,1
6419,1,100,17,1700,3210,1,2023:05:17 15:16:00,1
6420,2,120,30,3600,3210,1,2021:07:12 16:06:00,1
6421,1,100,33,3300,3211,1,2021:04:18 15:34:00,1
6422,2,120,14,1680,3211,1,2019:08:19 12:04:00,1
6423,1,100,49,4900,3212,1,2020:09:02 19:38:00,1
6424,2,120,41,4920,3212,1,2019:03:09 10:58:00,1
6425,1,100,34,3400,3213,1,2022:01:25 10:13:00,1
6426,2,120,5,600,3213,1,2023:06:18 12:44:00,1
6427,1,100,26,2600,3214,1,2023:05:09 10:41:00,1
6428,2,120,42,5040,3214,1,2023:01:20 10:28:00,1
6429,1,100,19,1900,3215,1,2023:01:14 19:23:00,1
6430,2,120,15,1800,3215,1,2019:05:24 19:56:00,1
6431,1,100,10,1000,3216,1,2019:06:08 17:38:00,1
6432,2,120,21,2520,3216,1,2021:03:27 15:55:00,1
6433,1,100,48,4800,3217,1,2021:01:18 12:19:00,1
6434,2,120,25,3000,3217,1,2019:04:02 12:05:00,1
6435,1,100,1,100,3218,1,2020:01:15 14:40:00,1
6436,2,120,47,5640,3218,1,2021:10:22 17:49:00,1
6437,1,100,15,1500,3219,1,2020:04:20 11:53:00,1
6438,2,120,11,1320,3219,1,2021:11:30 12:22:00,1
6439,1,100,27,2700,3220,1,2023:10:12 18:55:00,1
6440,2,120,21,2520,3220,1,2019:03:11 17:23:00,1
6441,1,100,41,4100,3221,1,2022:03:03 14:17:00,1
6442,2,120,35,4200,3221,1,2020:12:26 13:16:00,1
6443,1,100,32,3200,3222,1,2022:10:20 11:53:00,1
6444,2,120,42,5040,3222,1,2020:04:02 11:49:00,1
6445,1,100,50,5000,3223,1,2023:04:08 13:45:00,1
6446,2,120,30,3600,3223,1,2023:08:11 16:09:00,1
6447,1,100,29,2900,3224,1,2023:01:20 11:11:00,1
6448,2,120,28,3360,3224,1,2019:07:31 16:17:00,1
6449,1,100,18,1800,3225,1,2019:02:19 12:57:00,1
6450,2,120,19,2280,3225,1,2020:07:13 14:22:00,1
6451,1,100,4,400,3226,1,2021:02:24 16:14:00,1
6452,2,120,12,1440,3226,1,2022:05:07 12:04:00,1
6453,1,100,48,4800,3227,1,2022:05:20 18:26:00,1
6454,2,120,6,720,3227,1,2019:01:26 17:17:00,1
6455,1,100,29,2900,3228,1,2023:09:14 12:33:00,1
6456,2,120,26,3120,3228,1,2019:07:21 10:55:00,1
6457,1,100,41,4100,3229,1,2021:12:30 11:36:00,1
6458,2,120,42,5040,3229,1,2020:10:21 19:38:00,1
6459,1,100,26,2600,3230,1,2023:06:11 17:31:00,1
6460,2,120,2,240,3230,1,2021:03:23 18:17:00,1
6461,1,100,6,600,3231,1,2023:04:22 10:46:00,1
6462,2,120,46,5520,3231,1,2023:01:04 12:40:00,1
6463,1,100,17,1700,3232,1,2019:02:18 14:22:00,1
6464,2,120,34,4080,3232,1,2019:09:15 19:46:00,1
6465,1,100,17,1700,3233,1,2021:10:08 10:50:00,1
6466,2,120,48,5760,3233,1,2022:01:21 13:13:00,1
6467,1,100,10,1000,3234,1,2020:11:10 15:11:00,1
6468,2,120,12,1440,3234,1,2019:07:16 11:06:00,1
6469,1,100,21,2100,3235,1,2019:11:05 13:34:00,1
6470,2,120,21,2520,3235,1,2019:10:18 17:10:00,1
6471,1,100,35,3500,3236,1,2021:07:08 10:50:00,1
6472,2,120,23,2760,3236,1,2020:04:12 15:55:00,1
6473,1,100,7,700,3237,1,2022:07:21 15:11:00,1
6474,2,120,3,360,3237,1,2021:07:18 17:42:00,1
6475,1,100,28,2800,3238,1,2023:08:08 19:54:00,1
6476,2,120,50,6000,3238,1,2021:05:21 16:38:00,1
6477,1,100,41,4100,3239,1,2023:11:09 16:20:00,1
6478,2,120,6,720,3239,1,2021:04:10 15:26:00,1
6479,1,100,6,600,3240,1,2023:01:23 11:43:00,1
6480,2,120,37,4440,3240,1,2023:06:26 16:59:00,1
6481,1,100,16,1600,3241,1,2021:05:20 18:51:00,1
6482,2,120,14,1680,3241,1,2019:12:28 12:07:00,1
6483,1,100,36,3600,3242,1,2021:06:01 16:36:00,1
6484,2,120,35,4200,3242,1,2023:11:04 12:01:00,1
6485,1,100,34,3400,3243,1,2023:07:01 12:39:00,1
6486,2,120,15,1800,3243,1,2022:01:30 17:30:00,1
6487,1,100,11,1100,3244,1,2023:04:28 19:32:00,1
6488,2,120,31,3720,3244,1,2020:07:26 15:19:00,1
6489,1,100,15,1500,3245,1,2023:04:10 19:44:00,1
6490,2,120,5,600,3245,1,2022:04:17 19:27:00,1
6491,1,100,49,4900,3246,1,2019:01:26 17:47:00,1
6492,2,120,14,1680,3246,1,2020:04:13 17:30:00,1
6493,1,100,19,1900,3247,1,2021:11:15 19:12:00,1
6494,2,120,9,1080,3247,1,2020:11:08 13:58:00,1
6495,1,100,22,2200,3248,1,2022:04:10 15:38:00,1
6496,2,120,19,2280,3248,1,2022:11:28 13:07:00,1
6497,1,100,15,1500,3249,1,2023:09:01 15:57:00,1
6498,2,120,37,4440,3249,1,2019:10:07 19:28:00,1
6499,1,100,21,2100,3250,1,2023:05:23 10:08:00,1
6500,2,120,18,2160,3250,1,2020:12:14 13:26:00,1
6501,1,100,50,5000,3251,1,2022:03:05 11:35:00,1
6502,2,120,18,2160,3251,1,2019:08:14 12:23:00,1
6503,1,100,4,400,3252,1,2021:12:20 19:38:00,1
6504,2,120,27,3240,3252,1,2023:07:24 16:37:00,1
6505,1,100,40,4000,3253,1,2019:06:07 15:35:00,1
6506,2,120,27,3240,3253,1,2023:02:02 13:15:00,1
6507,1,100,18,1800,3254,1,2023:10:09 16:57:00,1
6508,2,120,37,4440,3254,1,2023:07:13 15:17:00,1
6509,1,100,22,2200,3255,1,2020:06:02 13:45:00,1
6510,2,120,45,5400,3255,1,2021:03:30 12:41:00,1
6511,1,100,20,2000,3256,1,2023:09:28 18:17:00,1
6512,2,120,12,1440,3256,1,2022:01:29 18:38:00,1
6513,1,100,12,1200,3257,1,2022:10:30 14:36:00,1
6514,2,120,35,4200,3257,1,2023:09:27 13:52:00,1
6515,1,100,29,2900,3258,1,2020:03:23 15:05:00,1
6516,2,120,11,1320,3258,1,2023:04:06 11:19:00,1
6517,1,100,12,1200,3259,1,2021:04:02 13:09:00,1
6518,2,120,19,2280,3259,1,2022:09:27 11:57:00,1
6519,1,100,11,1100,3260,1,2022:09:09 10:29:00,1
6520,2,120,45,5400,3260,1,2019:06:14 14:42:00,1
6521,1,100,31,3100,3261,1,2021:12:31 19:09:00,1
6522,2,120,38,4560,3261,1,2020:02:23 14:51:00,1
6523,1,100,32,3200,3262,1,2020:07:14 16:39:00,1
6524,2,120,37,4440,3262,1,2019:03:04 11:46:00,1
6525,1,100,45,4500,3263,1,2020:06:30 16:40:00,1
6526,2,120,42,5040,3263,1,2020:03:29 18:34:00,1
6527,1,100,35,3500,3264,1,2022:03:17 16:24:00,1
6528,2,120,8,960,3264,1,2022:08:16 14:06:00,1
6529,1,100,2,200,3265,1,2022:05:18 10:31:00,1
6530,2,120,12,1440,3265,1,2023:06:01 19:32:00,1
6531,1,100,17,1700,3266,1,2021:08:18 15:19:00,1
6532,2,120,35,4200,3266,1,2019:05:16 17:29:00,1
6533,1,100,20,2000,3267,1,2020:04:05 19:03:00,1
6534,2,120,8,960,3267,1,2022:11:24 17:47:00,1
6535,1,100,12,1200,3268,1,2023:12:18 11:32:00,1
6536,2,120,1,120,3268,1,2021:04:12 13:23:00,1
6537,1,100,49,4900,3269,1,2019:06:10 14:48:00,1
6538,2,120,31,3720,3269,1,2021:06:04 19:14:00,1
6539,1,100,7,700,3270,1,2021:12:19 18:14:00,1
6540,2,120,2,240,3270,1,2022:01:30 11:50:00,1
6541,1,100,24,2400,3271,1,2020:08:06 15:25:00,1
6542,2,120,10,1200,3271,1,2020:01:20 18:23:00,1
6543,1,100,37,3700,3272,1,2020:12:13 11:58:00,1
6544,2,120,5,600,3272,1,2023:07:20 14:29:00,1
6545,1,100,19,1900,3273,1,2019:02:16 19:46:00,1
6546,2,120,12,1440,3273,1,2022:04:10 10:24:00,1
6547,1,100,38,3800,3274,1,2020:05:05 14:15:00,1
6548,2,120,45,5400,3274,1,2021:06:11 15:30:00,1
6549,1,100,6,600,3275,1,2020:09:20 13:28:00,1
6550,2,120,22,2640,3275,1,2021:03:26 16:25:00,1
6551,1,100,1,100,3276,1,2023:01:14 15:30:00,1
6552,2,120,15,1800,3276,1,2019:02:19 13:13:00,1
6553,1,100,18,1800,3277,1,2021:07:05 14:23:00,1
6554,2,120,18,2160,3277,1,2020:06:09 14:21:00,1
6555,1,100,1,100,3278,1,2023:01:07 16:23:00,1
6556,2,120,47,5640,3278,1,2019:05:11 10:23:00,1
6557,1,100,37,3700,3279,1,2020:11:14 10:15:00,1
6558,2,120,23,2760,3279,1,2020:04:30 10:45:00,1
6559,1,100,33,3300,3280,1,2022:05:21 16:22:00,1
6560,2,120,3,360,3280,1,2022:01:18 14:46:00,1
6561,1,100,32,3200,3281,1,2019:03:23 10:10:00,1
6562,2,120,50,6000,3281,1,2020:06:23 12:09:00,1
6563,1,100,29,2900,3282,1,2023:10:04 12:18:00,1
6564,2,120,26,3120,3282,1,2021:03:12 19:18:00,1
6565,1,100,19,1900,3283,1,2019:12:05 13:08:00,1
6566,2,120,20,2400,3283,1,2021:04:08 18:53:00,1
6567,1,100,49,4900,3284,1,2020:01:28 19:53:00,1
6568,2,120,12,1440,3284,1,2021:01:21 11:13:00,1
6569,1,100,10,1000,3285,1,2019:09:03 18:25:00,1
6570,2,120,43,5160,3285,1,2020:08:20 15:38:00,1
6571,1,100,48,4800,3286,1,2021:11:20 11:15:00,1
6572,2,120,5,600,3286,1,2023:11:08 10:55:00,1
6573,1,100,15,1500,3287,1,2023:10:22 12:30:00,1
6574,2,120,40,4800,3287,1,2023:09:08 15:17:00,1
6575,1,100,20,2000,3288,1,2022:04:05 15:53:00,1
6576,2,120,26,3120,3288,1,2020:03:23 18:38:00,1
6577,1,100,40,4000,3289,1,2019:12:30 14:18:00,1
6578,2,120,16,1920,3289,1,2019:04:07 15:12:00,1
6579,1,100,22,2200,3290,1,2023:11:16 11:24:00,1
6580,2,120,30,3600,3290,1,2021:03:10 19:23:00,1
6581,1,100,26,2600,3291,1,2020:03:29 13:04:00,1
6582,2,120,17,2040,3291,1,2021:04:25 16:15:00,1
6583,1,100,32,3200,3292,1,2019:02:04 13:05:00,1
6584,2,120,29,3480,3292,1,2022:09:21 14:44:00,1
6585,1,100,10,1000,3293,1,2019:02:05 16:22:00,1
6586,2,120,11,1320,3293,1,2021:12:25 11:43:00,1
6587,1,100,16,1600,3294,1,2021:05:14 16:12:00,1
6588,2,120,50,6000,3294,1,2021:06:27 11:28:00,1
6589,1,100,47,4700,3295,1,2023:03:06 18:58:00,1
6590,2,120,5,600,3295,1,2020:02:18 19:15:00,1
6591,1,100,17,1700,3296,1,2020:03:09 16:29:00,1
6592,2,120,3,360,3296,1,2019:04:05 17:42:00,1
6593,1,100,42,4200,3297,1,2023:02:23 10:44:00,1
6594,2,120,35,4200,3297,1,2019:11:25 13:48:00,1
6595,1,100,26,2600,3298,1,2022:05:12 15:46:00,1
6596,2,120,17,2040,3298,1,2023:06:11 14:58:00,1
6597,1,100,19,1900,3299,1,2021:05:18 19:10:00,1
6598,2,120,48,5760,3299,1,2022:08:25 13:50:00,1
6599,1,100,25,2500,3300,1,2023:12:14 19:07:00,1
6600,2,120,46,5520,3300,1,2020:01:09 13:19:00,1
6601,1,100,35,3500,3301,1,2019:08:30 12:43:00,1
6602,2,120,12,1440,3301,1,2019:07:10 15:52:00,1
6603,1,100,45,4500,3302,1,2019:10:14 13:19:00,1
6604,2,120,28,3360,3302,1,2023:09:08 18:27:00,1
6605,1,100,2,200,3303,1,2020:06:22 14:40:00,1
6606,2,120,19,2280,3303,1,2022:11:12 12:30:00,1
6607,1,100,12,1200,3304,1,2020:05:23 10:16:00,1
6608,2,120,10,1200,3304,1,2023:08:19 17:39:00,1
6609,1,100,31,3100,3305,1,2021:10:21 11:55:00,1
6610,2,120,18,2160,3305,1,2022:10:27 11:30:00,1
6611,1,100,8,800,3306,1,2021:09:15 16:12:00,1
6612,2,120,10,1200,3306,1,2021:06:20 13:44:00,1
6613,1,100,3,300,3307,1,2020:11:19 17:12:00,1
6614,2,120,36,4320,3307,1,2022:06:14 13:36:00,1
6615,1,100,32,3200,3308,1,2022:07:18 16:26:00,1
6616,2,120,27,3240,3308,1,2021:11:23 10:57:00,1
6617,1,100,23,2300,3309,1,2020:07:02 19:34:00,1
6618,2,120,21,2520,3309,1,2022:05:17 12:32:00,1
6619,1,100,9,900,3310,1,2021:03:05 14:33:00,1
6620,2,120,18,2160,3310,1,2023:11:21 11:28:00,1
6621,1,100,41,4100,3311,1,2022:09:01 10:29:00,1
6622,2,120,12,1440,3311,1,2021:07:03 12:19:00,1
6623,1,100,28,2800,3312,1,2022:02:08 13:27:00,1
6624,2,120,23,2760,3312,1,2021:12:28 17:35:00,1
6625,1,100,21,2100,3313,1,2021:04:01 13:09:00,1
6626,2,120,13,1560,3313,1,2020:06:20 14:51:00,1
6627,1,100,6,600,3314,1,2021:08:13 13:24:00,1
6628,2,120,46,5520,3314,1,2020:08:15 14:51:00,1
6629,1,100,16,1600,3315,1,2021:10:03 18:49:00,1
6630,2,120,41,4920,3315,1,2021:08:07 13:27:00,1
6631,1,100,4,400,3316,1,2019:04:09 10:52:00,1
6632,2,120,21,2520,3316,1,2021:11:14 10:42:00,1
6633,1,100,21,2100,3317,1,2021:01:22 17:56:00,1
6634,2,120,43,5160,3317,1,2019:04:21 18:50:00,1
6635,1,100,32,3200,3318,1,2020:11:25 10:36:00,1
6636,2,120,15,1800,3318,1,2023:09:04 15:11:00,1
6637,1,100,12,1200,3319,1,2021:09:13 18:46:00,1
6638,2,120,26,3120,3319,1,2019:05:04 13:44:00,1
6639,1,100,46,4600,3320,1,2019:05:21 15:47:00,1
6640,2,120,46,5520,3320,1,2019:01:30 12:05:00,1
6641,1,100,26,2600,3321,1,2020:08:28 18:31:00,1
6642,2,120,21,2520,3321,1,2022:04:25 15:23:00,1
6643,1,100,38,3800,3322,1,2021:12:13 12:06:00,1
6644,2,120,13,1560,3322,1,2023:08:19 19:28:00,1
6645,1,100,6,600,3323,1,2022:02:10 10:19:00,1
6646,2,120,19,2280,3323,1,2022:05:12 18:17:00,1
6647,1,100,13,1300,3324,1,2022:05:04 10:24:00,1
6648,2,120,4,480,3324,1,2021:12:04 16:20:00,1
6649,1,100,28,2800,3325,1,2022:08:10 17:59:00,1
6650,2,120,20,2400,3325,1,2021:05:28 18:23:00,1
6651,1,100,28,2800,3326,1,2020:07:07 15:14:00,1
6652,2,120,28,3360,3326,1,2023:02:27 12:38:00,1
6653,1,100,31,3100,3327,1,2020:06:08 11:19:00,1
6654,2,120,50,6000,3327,1,2021:04:28 12:58:00,1
6655,1,100,48,4800,3328,1,2020:02:23 15:32:00,1
6656,2,120,26,3120,3328,1,2022:03:12 19:09:00,1
6657,1,100,21,2100,3329,1,2022:04:29 16:50:00,1
6658,2,120,22,2640,3329,1,2022:02:18 12:06:00,1
6659,1,100,21,2100,3330,1,2019:01:10 17:48:00,1
6660,2,120,37,4440,3330,1,2021:04:05 13:08:00,1
6661,1,100,38,3800,3331,1,2023:01:06 19:32:00,1
6662,2,120,38,4560,3331,1,2021:05:26 12:22:00,1
6663,1,100,1,100,3332,1,2021:11:23 11:48:00,1
6664,2,120,40,4800,3332,1,2022:10:21 13:46:00,1
6665,1,100,2,200,3333,1,2021:12:17 18:21:00,1
6666,2,120,50,6000,3333,1,2023:07:07 17:28:00,1
6667,1,100,18,1800,3334,1,2020:10:18 18:07:00,1
6668,2,120,33,3960,3334,1,2019:01:04 15:02:00,1
6669,1,100,4,400,3335,1,2021:11:01 16:54:00,1
6670,2,120,28,3360,3335,1,2022:03:20 16:41:00,1
6671,1,100,33,3300,3336,1,2022:02:07 19:25:00,1
6672,2,120,23,2760,3336,1,2019:08:16 10:28:00,1
6673,1,100,27,2700,3337,1,2022:10:30 17:26:00,1
6674,2,120,10,1200,3337,1,2023:08:09 18:57:00,1
6675,1,100,13,1300,3338,1,2022:01:29 17:39:00,1
6676,2,120,28,3360,3338,1,2019:07:28 14:07:00,1
6677,1,100,9,900,3339,1,2020:03:17 18:35:00,1
6678,2,120,26,3120,3339,1,2021:06:20 12:14:00,1
6679,1,100,31,3100,3340,1,2021:01:14 17:45:00,1
6680,2,120,27,3240,3340,1,2019:07:15 17:28:00,1
6681,1,100,45,4500,3341,1,2023:05:27 15:44:00,1
6682,2,120,33,3960,3341,1,2021:02:10 15:02:00,1
6683,1,100,12,1200,3342,1,2019:04:15 16:57:00,1
6684,2,120,11,1320,3342,1,2022:02:01 11:17:00,1
6685,1,100,8,800,3343,1,2023:12:01 17:05:00,1
6686,2,120,36,4320,3343,1,2023:02:14 13:35:00,1
6687,1,100,50,5000,3344,1,2021:01:28 10:17:00,1
6688,2,120,43,5160,3344,1,2019:01:03 11:06:00,1
6689,1,100,42,4200,3345,1,2020:10:03 19:28:00,1
6690,2,120,38,4560,3345,1,2021:01:21 17:26:00,1
6691,1,100,5,500,3346,1,2023:07:25 16:43:00,1
6692,2,120,5,600,3346,1,2019:04:18 15:26:00,1
6693,1,100,38,3800,3347,1,2020:10:03 11:18:00,1
6694,2,120,4,480,3347,1,2023:02:13 13:14:00,1
6695,1,100,19,1900,3348,1,2019:01:16 18:52:00,1
6696,2,120,19,2280,3348,1,2021:01:24 16:32:00,1
6697,1,100,10,1000,3349,1,2021:12:09 16:36:00,1
6698,2,120,29,3480,3349,1,2022:09:17 11:10:00,1
6699,1,100,13,1300,3350,1,2021:09:01 16:52:00,1
6700,2,120,5,600,3350,1,2019:02:25 18:02:00,1
6701,1,100,6,600,3351,1,2019:03:09 12:05:00,1
6702,2,120,10,1200,3351,1,2020:03:21 12:19:00,1
6703,1,100,29,2900,3352,1,2019:05:08 17:42:00,1
6704,2,120,32,3840,3352,1,2019:06:30 13:39:00,1
6705,1,100,31,3100,3353,1,2021:01:12 17:12:00,1
6706,2,120,49,5880,3353,1,2021:04:18 19:52:00,1
6707,1,100,19,1900,3354,1,2022:05:02 18:38:00,1
6708,2,120,17,2040,3354,1,2020:08:13 15:19:00,1
6709,1,100,18,1800,3355,1,2022:06:09 11:00:00,1
6710,2,120,31,3720,3355,1,2022:04:07 10:47:00,1
6711,1,100,4,400,3356,1,2022:10:25 11:32:00,1
6712,2,120,39,4680,3356,1,2021:01:25 17:42:00,1
6713,1,100,6,600,3357,1,2020:02:22 16:17:00,1
6714,2,120,39,4680,3357,1,2023:03:10 12:04:00,1
6715,1,100,40,4000,3358,1,2022:11:03 10:09:00,1
6716,2,120,16,1920,3358,1,2021:07:19 19:31:00,1
6717,1,100,4,400,3359,1,2020:09:18 15:33:00,1
6718,2,120,39,4680,3359,1,2022:09:19 17:10:00,1
6719,1,100,36,3600,3360,1,2023:01:21 16:49:00,1
6720,2,120,12,1440,3360,1,2022:03:29 12:34:00,1
6721,1,100,38,3800,3361,1,2021:07:04 18:29:00,1
6722,2,120,7,840,3361,1,2023:12:23 19:19:00,1
6723,1,100,42,4200,3362,1,2019:04:08 11:43:00,1
6724,2,120,31,3720,3362,1,2020:04:25 17:49:00,1
6725,1,100,46,4600,3363,1,2021:11:01 17:15:00,1
6726,2,120,2,240,3363,1,2020:09:18 15:36:00,1
6727,1,100,34,3400,3364,1,2020:05:20 13:44:00,1
6728,2,120,11,1320,3364,1,2023:05:09 19:13:00,1
6729,1,100,9,900,3365,1,2019:02:09 13:25:00,1
6730,2,120,48,5760,3365,1,2022:04:16 16:24:00,1
6731,1,100,8,800,3366,1,2022:07:14 10:45:00,1
6732,2,120,28,3360,3366,1,2021:08:02 15:30:00,1
6733,1,100,8,800,3367,1,2022:11:27 15:11:00,1
6734,2,120,12,1440,3367,1,2019:02:14 16:15:00,1
6735,1,100,22,2200,3368,1,2022:12:26 18:26:00,1
6736,2,120,15,1800,3368,1,2021:03:23 10:29:00,1
6737,1,100,24,2400,3369,1,2020:01:23 10:16:00,1
6738,2,120,10,1200,3369,1,2020:11:14 10:08:00,1
6739,1,100,20,2000,3370,1,2019:01:06 12:28:00,1
6740,2,120,10,1200,3370,1,2022:06:30 16:10:00,1
6741,1,100,37,3700,3371,1,2023:12:30 15:54:00,1
6742,2,120,37,4440,3371,1,2023:05:15 19:51:00,1
6743,1,100,14,1400,3372,1,2021:10:21 12:50:00,1
6744,2,120,38,4560,3372,1,2022:02:25 13:32:00,1
6745,1,100,39,3900,3373,1,2021:12:02 14:41:00,1
6746,2,120,17,2040,3373,1,2019:10:27 16:43:00,1
6747,1,100,4,400,3374,1,2021:12:24 13:13:00,1
6748,2,120,29,3480,3374,1,2020:07:02 17:23:00,1
6749,1,100,42,4200,3375,1,2020:05:12 15:44:00,1
6750,2,120,17,2040,3375,1,2021:10:05 17:00:00,1
6751,1,100,1,100,3376,1,2019:01:15 12:48:00,1
6752,2,120,41,4920,3376,1,2021:07:31 15:56:00,1
6753,1,100,40,4000,3377,1,2021:05:12 16:57:00,1
6754,2,120,1,120,3377,1,2019:10:23 10:49:00,1
6755,1,100,19,1900,3378,1,2023:03:08 15:50:00,1
6756,2,120,27,3240,3378,1,2023:06:18 10:46:00,1
6757,1,100,25,2500,3379,1,2020:12:29 16:07:00,1
6758,2,120,19,2280,3379,1,2023:02:05 17:52:00,1
6759,1,100,50,5000,3380,1,2020:01:02 17:30:00,1
6760,2,120,30,3600,3380,1,2022:08:04 14:53:00,1
6761,1,100,33,3300,3381,1,2022:07:12 10:07:00,1
6762,2,120,1,120,3381,1,2023:03:11 16:34:00,1
6763,1,100,9,900,3382,1,2020:09:13 13:10:00,1
6764,2,120,27,3240,3382,1,2023:03:03 10:30:00,1
6765,1,100,33,3300,3383,1,2022:11:12 13:06:00,1
6766,2,120,11,1320,3383,1,2020:05:06 17:13:00,1
6767,1,100,9,900,3384,1,2021:07:17 12:24:00,1
6768,2,120,43,5160,3384,1,2019:09:14 18:42:00,1
6769,1,100,28,2800,3385,1,2019:03:22 19:52:00,1
6770,2,120,1,120,3385,1,2020:04:28 17:53:00,1
6771,1,100,49,4900,3386,1,2021:08:04 18:06:00,1
6772,2,120,48,5760,3386,1,2022:11:12 11:00:00,1
6773,1,100,49,4900,3387,1,2023:12:13 14:10:00,1
6774,2,120,6,720,3387,1,2023:07:21 12:49:00,1
6775,1,100,24,2400,3388,1,2020:01:22 19:10:00,1
6776,2,120,29,3480,3388,1,2023:08:31 11:33:00,1
6777,1,100,22,2200,3389,1,2019:09:15 18:45:00,1
6778,2,120,9,1080,3389,1,2019:09:30 16:54:00,1
6779,1,100,41,4100,3390,1,2022:07:28 12:13:00,1
6780,2,120,17,2040,3390,1,2022:07:25 15:31:00,1
6781,1,100,13,1300,3391,1,2021:07:13 19:07:00,1
6782,2,120,33,3960,3391,1,2020:01:20 11:12:00,1
6783,1,100,12,1200,3392,1,2023:06:22 12:48:00,1
6784,2,120,42,5040,3392,1,2021:10:06 11:43:00,1
6785,1,100,47,4700,3393,1,2019:12:16 13:43:00,1
6786,2,120,35,4200,3393,1,2021:10:27 14:11:00,1
6787,1,100,36,3600,3394,1,2023:06:28 11:02:00,1
6788,2,120,50,6000,3394,1,2020:12:30 18:09:00,1
6789,1,100,3,300,3395,1,2021:06:27 12:55:00,1
6790,2,120,44,5280,3395,1,2020:02:21 14:14:00,1
6791,1,100,21,2100,3396,1,2022:03:27 16:57:00,1
6792,2,120,33,3960,3396,1,2023:05:08 12:15:00,1
6793,1,100,25,2500,3397,1,2022:07:10 16:06:00,1
6794,2,120,6,720,3397,1,2020:12:16 18:47:00,1
6795,1,100,34,3400,3398,1,2022:07:18 13:03:00,1
6796,2,120,48,5760,3398,1,2020:04:07 19:42:00,1
6797,1,100,9,900,3399,1,2019:03:18 14:33:00,1
6798,2,120,18,2160,3399,1,2020:04:22 18:44:00,1
6799,1,100,35,3500,3400,1,2021:09:08 13:13:00,1
6800,2,120,38,4560,3400,1,2022:10:22 18:01:00,1
6801,1,100,46,4600,3401,1,2020:06:14 12:18:00,1
6802,2,120,34,4080,3401,1,2022:02:07 15:22:00,1
6803,1,100,45,4500,3402,1,2020:05:03 11:50:00,1
6804,2,120,50,6000,3402,1,2020:10:26 18:39:00,1
6805,1,100,47,4700,3403,1,2022:10:22 19:48:00,1
6806,2,120,24,2880,3403,1,2020:01:07 18:01:00,1
6807,1,100,20,2000,3404,1,2019:04:10 19:40:00,1
6808,2,120,33,3960,3404,1,2021:09:19 18:04:00,1
6809,1,100,22,2200,3405,1,2023:06:14 10:53:00,1
6810,2,120,29,3480,3405,1,2022:02:08 19:23:00,1
6811,1,100,44,4400,3406,1,2022:06:16 18:52:00,1
6812,2,120,49,5880,3406,1,2022:02:10 12:12:00,1
6813,1,100,10,1000,3407,1,2019:12:25 13:42:00,1
6814,2,120,15,1800,3407,1,2020:05:01 16:48:00,1
6815,1,100,41,4100,3408,1,2021:12:12 13:53:00,1
6816,2,120,10,1200,3408,1,2022:06:21 15:05:00,1
6817,1,100,46,4600,3409,1,2020:02:11 13:28:00,1
6818,2,120,13,1560,3409,1,2023:10:19 15:51:00,1
6819,1,100,43,4300,3410,1,2023:01:13 18:47:00,1
6820,2,120,12,1440,3410,1,2022:01:13 18:51:00,1
6821,1,100,26,2600,3411,1,2023:08:23 10:14:00,1
6822,2,120,6,720,3411,1,2021:05:27 11:10:00,1
6823,1,100,22,2200,3412,1,2020:10:18 18:05:00,1
6824,2,120,42,5040,3412,1,2022:09:10 17:48:00,1
6825,1,100,24,2400,3413,1,2020:04:23 18:42:00,1
6826,2,120,34,4080,3413,1,2021:08:26 18:38:00,1
6827,1,100,1,100,3414,1,2020:05:15 16:42:00,1
6828,2,120,33,3960,3414,1,2023:10:20 12:12:00,1
6829,1,100,10,1000,3415,1,2019:05:29 17:24:00,1
6830,2,120,25,3000,3415,1,2021:02:14 11:25:00,1
6831,1,100,48,4800,3416,1,2021:03:13 11:16:00,1
6832,2,120,29,3480,3416,1,2020:11:24 13:04:00,1
6833,1,100,23,2300,3417,1,2023:04:18 17:00:00,1
6834,2,120,48,5760,3417,1,2019:05:14 18:28:00,1
6835,1,100,38,3800,3418,1,2019:09:19 12:50:00,1
6836,2,120,34,4080,3418,1,2023:08:29 14:47:00,1
6837,1,100,49,4900,3419,1,2022:01:02 17:00:00,1
6838,2,120,6,720,3419,1,2023:01:11 15:53:00,1
6839,1,100,14,1400,3420,1,2020:03:18 12:59:00,1
6840,2,120,48,5760,3420,1,2019:01:10 14:23:00,1
6841,1,100,16,1600,3421,1,2021:12:27 11:05:00,1
6842,2,120,47,5640,3421,1,2020:12:28 16:25:00,1
6843,1,100,38,3800,3422,1,2021:05:27 19:56:00,1
6844,2,120,50,6000,3422,1,2023:06:10 16:34:00,1
6845,1,100,26,2600,3423,1,2021:12:26 13:54:00,1
6846,2,120,6,720,3423,1,2019:06:15 13:30:00,1
6847,1,100,9,900,3424,1,2019:10:25 16:19:00,1
6848,2,120,39,4680,3424,1,2020:09:09 10:07:00,1
6849,1,100,40,4000,3425,1,2019:07:07 14:17:00,1
6850,2,120,12,1440,3425,1,2023:07:05 14:53:00,1
6851,1,100,42,4200,3426,1,2022:08:21 10:18:00,1
6852,2,120,47,5640,3426,1,2023:11:07 17:28:00,1
6853,1,100,42,4200,3427,1,2021:01:17 11:02:00,1
6854,2,120,48,5760,3427,1,2020:04:25 19:40:00,1
6855,1,100,27,2700,3428,1,2022:08:05 18:23:00,1
6856,2,120,31,3720,3428,1,2020:05:10 12:54:00,1
6857,1,100,42,4200,3429,1,2021:05:03 13:43:00,1
6858,2,120,36,4320,3429,1,2022:10:22 18:34:00,1
6859,1,100,28,2800,3430,1,2022:04:12 12:52:00,1
6860,2,120,27,3240,3430,1,2023:11:13 13:28:00,1
6861,1,100,30,3000,3431,1,2021:06:22 12:30:00,1
6862,2,120,18,2160,3431,1,2020:09:04 18:13:00,1
6863,1,100,50,5000,3432,1,2019:11:14 14:00:00,1
6864,2,120,3,360,3432,1,2021:01:20 17:19:00,1
6865,1,100,24,2400,3433,1,2022:12:31 14:34:00,1
6866,2,120,34,4080,3433,1,2020:02:02 16:37:00,1
6867,1,100,41,4100,3434,1,2019:05:05 12:01:00,1
6868,2,120,16,1920,3434,1,2021:07:06 11:42:00,1
6869,1,100,16,1600,3435,1,2021:02:20 14:41:00,1
6870,2,120,49,5880,3435,1,2020:12:14 13:10:00,1
6871,1,100,37,3700,3436,1,2023:10:25 11:36:00,1
6872,2,120,18,2160,3436,1,2022:09:18 19:33:00,1
6873,1,100,12,1200,3437,1,2021:07:31 10:17:00,1
6874,2,120,5,600,3437,1,2023:09:18 10:16:00,1
6875,1,100,23,2300,3438,1,2021:06:20 15:59:00,1
6876,2,120,6,720,3438,1,2023:10:27 15:06:00,1
6877,1,100,20,2000,3439,1,2020:12:29 14:25:00,1
6878,2,120,21,2520,3439,1,2023:02:22 11:55:00,1
6879,1,100,22,2200,3440,1,2021:03:30 15:25:00,1
6880,2,120,34,4080,3440,1,2019:08:15 17:55:00,1
6881,1,100,20,2000,3441,1,2019:01:29 10:13:00,1
6882,2,120,9,1080,3441,1,2020:03:05 15:06:00,1
6883,1,100,43,4300,3442,1,2022:11:15 14:19:00,1
6884,2,120,24,2880,3442,1,2020:03:19 19:07:00,1
6885,1,100,47,4700,3443,1,2023:08:18 15:38:00,1
6886,2,120,35,4200,3443,1,2022:09:17 15:25:00,1
6887,1,100,4,400,3444,1,2022:10:25 14:42:00,1
6888,2,120,30,3600,3444,1,2020:05:19 16:46:00,1
6889,1,100,25,2500,3445,1,2023:10:07 18:55:00,1
6890,2,120,32,3840,3445,1,2021:11:24 17:24:00,1
6891,1,100,37,3700,3446,1,2021:12:03 14:21:00,1
6892,2,120,16,1920,3446,1,2019:11:06 16:29:00,1
6893,1,100,25,2500,3447,1,2019:02:16 17:31:00,1
6894,2,120,40,4800,3447,1,2019:03:12 19:45:00,1
6895,1,100,35,3500,3448,1,2021:10:16 12:46:00,1
6896,2,120,12,1440,3448,1,2023:01:16 16:12:00,1
6897,1,100,31,3100,3449,1,2021:03:13 13:27:00,1
6898,2,120,46,5520,3449,1,2020:08:23 13:38:00,1
6899,1,100,38,3800,3450,1,2020:01:26 11:56:00,1
6900,2,120,39,4680,3450,1,2022:09:17 15:19:00,1
6901,1,100,3,300,3451,1,2021:01:09 18:57:00,1
6902,2,120,9,1080,3451,1,2022:03:01 11:29:00,1
6903,1,100,14,1400,3452,1,2019:09:30 13:33:00,1
6904,2,120,14,1680,3452,1,2021:06:12 15:17:00,1
6905,1,100,18,1800,3453,1,2020:12:28 18:54:00,1
6906,2,120,11,1320,3453,1,2020:05:14 19:07:00,1
6907,1,100,25,2500,3454,1,2022:06:09 16:22:00,1
6908,2,120,21,2520,3454,1,2022:12:22 11:31:00,1
6909,1,100,16,1600,3455,1,2023:08:30 15:18:00,1
6910,2,120,11,1320,3455,1,2023:11:09 15:33:00,1
6911,1,100,16,1600,3456,1,2019:11:29 14:51:00,1
6912,2,120,3,360,3456,1,2020:02:22 19:46:00,1
6913,1,100,25,2500,3457,1,2021:07:29 18:21:00,1
6914,2,120,12,1440,3457,1,2021:02:12 13:12:00,1
6915,1,100,36,3600,3458,1,2022:01:28 19:40:00,1
6916,2,120,18,2160,3458,1,2019:07:26 19:38:00,1
6917,1,100,33,3300,3459,1,2022:10:09 18:02:00,1
6918,2,120,36,4320,3459,1,2022:01:08 13:45:00,1
6919,1,100,7,700,3460,1,2020:08:11 19:15:00,1
6920,2,120,45,5400,3460,1,2023:08:07 17:59:00,1
6921,1,100,6,600,3461,1,2020:11:25 10:04:00,1
6922,2,120,16,1920,3461,1,2019:11:22 17:14:00,1
6923,1,100,7,700,3462,1,2020:10:21 10:37:00,1
6924,2,120,43,5160,3462,1,2021:05:17 18:52:00,1
6925,1,100,48,4800,3463,1,2022:10:06 17:36:00,1
6926,2,120,29,3480,3463,1,2019:08:21 10:12:00,1
6927,1,100,35,3500,3464,1,2021:07:22 12:17:00,1
6928,2,120,36,4320,3464,1,2019:07:18 12:41:00,1
6929,1,100,19,1900,3465,1,2023:05:02 16:59:00,1
6930,2,120,1,120,3465,1,2023:03:30 11:52:00,1
6931,1,100,43,4300,3466,1,2020:08:24 18:59:00,1
6932,2,120,37,4440,3466,1,2023:07:28 16:58:00,1
6933,1,100,10,1000,3467,1,2020:07:06 14:42:00,1
6934,2,120,41,4920,3467,1,2023:06:09 10:17:00,1
6935,1,100,45,4500,3468,1,2019:03:28 11:11:00,1
6936,2,120,16,1920,3468,1,2019:10:17 17:19:00,1
6937,1,100,44,4400,3469,1,2021:02:16 11:18:00,1
6938,2,120,10,1200,3469,1,2020:12:23 19:06:00,1
6939,1,100,8,800,3470,1,2021:10:17 10:15:00,1
6940,2,120,42,5040,3470,1,2022:07:30 14:40:00,1
6941,1,100,17,1700,3471,1,2021:02:02 15:40:00,1
6942,2,120,22,2640,3471,1,2023:01:26 10:49:00,1
6943,1,100,18,1800,3472,1,2021:04:19 10:42:00,1
6944,2,120,45,5400,3472,1,2021:05:09 18:37:00,1
6945,1,100,12,1200,3473,1,2019:10:14 12:19:00,1
6946,2,120,42,5040,3473,1,2020:04:17 15:00:00,1
6947,1,100,3,300,3474,1,2022:05:05 18:35:00,1
6948,2,120,37,4440,3474,1,2020:08:09 15:02:00,1
6949,1,100,9,900,3475,1,2022:05:05 11:41:00,1
6950,2,120,12,1440,3475,1,2022:04:25 19:37:00,1
6951,1,100,48,4800,3476,1,2020:11:04 16:28:00,1
6952,2,120,38,4560,3476,1,2023:12:11 13:24:00,1
6953,1,100,26,2600,3477,1,2019:06:05 13:44:00,1
6954,2,120,15,1800,3477,1,2020:07:22 11:57:00,1
6955,1,100,7,700,3478,1,2022:12:13 13:05:00,1
6956,2,120,9,1080,3478,1,2021:03:27 15:20:00,1
6957,1,100,4,400,3479,1,2021:06:17 12:58:00,1
6958,2,120,44,5280,3479,1,2019:06:25 10:55:00,1
6959,1,100,49,4900,3480,1,2021:04:05 13:14:00,1
6960,2,120,36,4320,3480,1,2019:08:16 18:42:00,1
6961,1,100,45,4500,3481,1,2022:03:17 18:11:00,1
6962,2,120,7,840,3481,1,2021:08:09 12:49:00,1
6963,1,100,31,3100,3482,1,2021:07:01 17:40:00,1
6964,2,120,44,5280,3482,1,2022:10:14 17:43:00,1
6965,1,100,16,1600,3483,1,2021:03:08 11:28:00,1
6966,2,120,12,1440,3483,1,2020:05:30 16:46:00,1
6967,1,100,22,2200,3484,1,2020:08:29 15:42:00,1
6968,2,120,24,2880,3484,1,2022:07:25 18:31:00,1
6969,1,100,18,1800,3485,1,2021:05:17 10:32:00,1
6970,2,120,35,4200,3485,1,2022:11:07 14:27:00,1
6971,1,100,11,1100,3486,1,2019:05:14 12:47:00,1
6972,2,120,16,1920,3486,1,2021:08:04 12:56:00,1
6973,1,100,50,5000,3487,1,2019:05:30 17:51:00,1
6974,2,120,26,3120,3487,1,2021:05:05 11:45:00,1
6975,1,100,25,2500,3488,1,2019:12:25 17:05:00,1
6976,2,120,42,5040,3488,1,2021:06:07 18:01:00,1
6977,1,100,10,1000,3489,1,2021:09:01 17:00:00,1
6978,2,120,48,5760,3489,1,2023:01:20 10:37:00,1
6979,1,100,42,4200,3490,1,2022:08:06 17:43:00,1
6980,2,120,37,4440,3490,1,2022:02:10 19:01:00,1
6981,1,100,17,1700,3491,1,2022:03:29 16:00:00,1
6982,2,120,31,3720,3491,1,2019:07:12 12:26:00,1
6983,1,100,35,3500,3492,1,2023:04:30 13:11:00,1
6984,2,120,28,3360,3492,1,2021:10:05 16:50:00,1
6985,1,100,20,2000,3493,1,2023:06:12 14:07:00,1
6986,2,120,11,1320,3493,1,2019:02:24 17:59:00,1
6987,1,100,47,4700,3494,1,2020:10:14 10:22:00,1
6988,2,120,39,4680,3494,1,2021:02:01 15:52:00,1
6989,1,100,3,300,3495,1,2021:11:28 14:46:00,1
6990,2,120,31,3720,3495,1,2022:02:25 11:34:00,1
6991,1,100,19,1900,3496,1,2020:01:30 14:44:00,1
6992,2,120,33,3960,3496,1,2022:07:26 15:48:00,1
6993,1,100,28,2800,3497,1,2023:06:17 12:44:00,1
6994,2,120,17,2040,3497,1,2023:08:13 16:41:00,1
6995,1,100,1,100,3498,1,2021:05:11 15:54:00,1
6996,2,120,45,5400,3498,1,2023:12:01 17:32:00,1
6997,1,100,9,900,3499,1,2022:12:12 17:48:00,1
6998,2,120,32,3840,3499,1,2020:10:14 18:01:00,1
6999,1,100,33,3300,3500,1,2019:12:14 10:10:00,1
7000,2,120,37,4440,3500,1,2019:10:02 11:16:00,1
7001,1,100,23,2300,3501,1,2021:07:05 17:43:00,1
7002,2,120,19,2280,3501,1,2019:05:15 19:56:00,1
7003,1,100,46,4600,3502,1,2019:07:19 15:34:00,1
7004,2,120,37,4440,3502,1,2019:06:16 17:59:00,1
7005,1,100,4,400,3503,1,2020:10:17 11:06:00,1
7006,2,120,40,4800,3503,1,2023:11:18 10:55:00,1
7007,1,100,8,800,3504,1,2022:08:25 16:01:00,1
7008,2,120,5,600,3504,1,2021:06:16 17:48:00,1
7009,1,100,26,2600,3505,1,2022:01:15 15:08:00,1
7010,2,120,13,1560,3505,1,2022:11:11 12:52:00,1
7011,1,100,19,1900,3506,1,2023:07:24 11:29:00,1
7012,2,120,49,5880,3506,1,2021:05:16 18:13:00,1
7013,1,100,1,100,3507,1,2021:01:20 13:37:00,1
7014,2,120,45,5400,3507,1,2020:08:09 13:30:00,1
7015,1,100,38,3800,3508,1,2023:08:30 13:38:00,1
7016,2,120,22,2640,3508,1,2021:03:30 10:44:00,1
7017,1,100,8,800,3509,1,2022:08:16 18:37:00,1
7018,2,120,38,4560,3509,1,2020:07:03 16:27:00,1
7019,1,100,13,1300,3510,1,2019:07:29 10:12:00,1
7020,2,120,9,1080,3510,1,2023:04:05 15:57:00,1
7021,1,100,19,1900,3511,1,2022:02:14 11:27:00,1
7022,2,120,25,3000,3511,1,2021:01:04 19:30:00,1
7023,1,100,37,3700,3512,1,2020:09:18 13:06:00,1
7024,2,120,34,4080,3512,1,2021:07:13 18:16:00,1
7025,1,100,7,700,3513,1,2020:05:06 17:52:00,1
7026,2,120,37,4440,3513,1,2019:01:03 11:39:00,1
7027,1,100,7,700,3514,1,2022:02:08 18:57:00,1
7028,2,120,21,2520,3514,1,2022:10:08 16:29:00,1
7029,1,100,46,4600,3515,1,2021:03:03 11:24:00,1
7030,2,120,15,1800,3515,1,2022:11:11 16:47:00,1
7031,1,100,16,1600,3516,1,2022:01:15 16:32:00,1
7032,2,120,43,5160,3516,1,2023:08:08 19:00:00,1
7033,1,100,19,1900,3517,1,2022:08:05 12:33:00,1
7034,2,120,39,4680,3517,1,2020:07:17 15:29:00,1
7035,1,100,2,200,3518,1,2023:11:07 15:24:00,1
7036,2,120,47,5640,3518,1,2023:11:30 16:31:00,1
7037,1,100,42,4200,3519,1,2021:10:31 11:07:00,1
7038,2,120,18,2160,3519,1,2021:01:08 18:18:00,1
7039,1,100,31,3100,3520,1,2021:03:24 13:11:00,1
7040,2,120,21,2520,3520,1,2020:09:03 15:45:00,1
7041,1,100,49,4900,3521,1,2020:03:06 17:13:00,1
7042,2,120,30,3600,3521,1,2020:08:29 14:09:00,1
7043,1,100,38,3800,3522,1,2019:03:26 10:09:00,1
7044,2,120,21,2520,3522,1,2021:10:23 15:26:00,1
7045,1,100,4,400,3523,1,2020:08:08 10:32:00,1
7046,2,120,20,2400,3523,1,2022:08:24 11:44:00,1
7047,1,100,25,2500,3524,1,2022:08:14 17:22:00,1
7048,2,120,14,1680,3524,1,2023:07:04 11:58:00,1
7049,1,100,24,2400,3525,1,2022:07:12 14:31:00,1
7050,2,120,20,2400,3525,1,2020:12:07 13:05:00,1
7051,1,100,31,3100,3526,1,2019:04:29 19:06:00,1
7052,2,120,22,2640,3526,1,2019:09:26 11:49:00,1
7053,1,100,19,1900,3527,1,2022:02:13 19:31:00,1
7054,2,120,4,480,3527,1,2019:12:30 17:56:00,1
7055,1,100,28,2800,3528,1,2019:10:24 13:31:00,1
7056,2,120,32,3840,3528,1,2022:02:26 15:06:00,1
7057,1,100,23,2300,3529,1,2023:12:25 19:24:00,1
7058,2,120,33,3960,3529,1,2022:01:26 12:05:00,1
7059,1,100,5,500,3530,1,2020:06:16 13:10:00,1
7060,2,120,34,4080,3530,1,2022:10:21 10:10:00,1
7061,1,100,47,4700,3531,1,2023:02:24 18:00:00,1
7062,2,120,39,4680,3531,1,2020:01:25 18:45:00,1
7063,1,100,16,1600,3532,1,2023:05:15 16:13:00,1
7064,2,120,39,4680,3532,1,2021:11:05 14:04:00,1
7065,1,100,42,4200,3533,1,2022:02:28 15:14:00,1
7066,2,120,17,2040,3533,1,2020:02:06 19:45:00,1
7067,1,100,47,4700,3534,1,2023:12:10 12:27:00,1
7068,2,120,25,3000,3534,1,2022:06:03 14:14:00,1
7069,1,100,16,1600,3535,1,2019:09:25 18:23:00,1
7070,2,120,36,4320,3535,1,2022:07:13 19:38:00,1
7071,1,100,41,4100,3536,1,2020:03:09 13:44:00,1
7072,2,120,38,4560,3536,1,2023:10:28 13:23:00,1
7073,1,100,34,3400,3537,1,2023:03:22 10:16:00,1
7074,2,120,39,4680,3537,1,2021:07:12 19:34:00,1
7075,1,100,17,1700,3538,1,2020:07:29 10:29:00,1
7076,2,120,16,1920,3538,1,2022:01:02 15:41:00,1
7077,1,100,38,3800,3539,1,2020:07:17 12:26:00,1
7078,2,120,29,3480,3539,1,2019:08:16 10:32:00,1
7079,1,100,27,2700,3540,1,2019:07:28 18:01:00,1
7080,2,120,40,4800,3540,1,2023:01:20 13:37:00,1
7081,1,100,33,3300,3541,1,2023:09:27 17:19:00,1
7082,2,120,43,5160,3541,1,2021:06:17 11:29:00,1
7083,1,100,36,3600,3542,1,2023:09:08 19:08:00,1
7084,2,120,46,5520,3542,1,2023:12:14 17:51:00,1
7085,1,100,45,4500,3543,1,2021:03:08 12:20:00,1
7086,2,120,36,4320,3543,1,2021:07:10 19:33:00,1
7087,1,100,24,2400,3544,1,2020:03:05 17:52:00,1
7088,2,120,12,1440,3544,1,2022:10:02 11:03:00,1
7089,1,100,46,4600,3545,1,2019:10:06 14:52:00,1
7090,2,120,10,1200,3545,1,2021:07:08 17:59:00,1
7091,1,100,26,2600,3546,1,2020:10:26 15:27:00,1
7092,2,120,25,3000,3546,1,2019:09:19 19:38:00,1
7093,1,100,47,4700,3547,1,2019:07:26 18:24:00,1
7094,2,120,42,5040,3547,1,2020:01:07 12:17:00,1
7095,1,100,37,3700,3548,1,2023:05:02 17:53:00,1
7096,2,120,41,4920,3548,1,2021:07:26 14:37:00,1
7097,1,100,27,2700,3549,1,2023:07:14 14:04:00,1
7098,2,120,26,3120,3549,1,2023:08:23 19:03:00,1
7099,1,100,50,5000,3550,1,2022:08:28 17:42:00,1
7100,2,120,7,840,3550,1,2019:07:16 10:28:00,1
7101,1,100,14,1400,3551,1,2021:12:15 18:58:00,1
7102,2,120,4,480,3551,1,2019:11:03 17:42:00,1
7103,1,100,12,1200,3552,1,2020:09:16 19:19:00,1
7104,2,120,10,1200,3552,1,2019:05:29 19:07:00,1
7105,1,100,45,4500,3553,1,2019:12:18 11:31:00,1
7106,2,120,49,5880,3553,1,2022:03:17 10:20:00,1
7107,1,100,41,4100,3554,1,2020:01:21 10:51:00,1
7108,2,120,37,4440,3554,1,2022:08:17 16:16:00,1
7109,1,100,9,900,3555,1,2019:08:05 11:45:00,1
7110,2,120,31,3720,3555,1,2021:01:07 10:53:00,1
7111,1,100,20,2000,3556,1,2021:02:24 18:04:00,1
7112,2,120,34,4080,3556,1,2023:04:28 17:46:00,1
7113,1,100,34,3400,3557,1,2020:09:13 17:25:00,1
7114,2,120,44,5280,3557,1,2020:09:30 18:38:00,1
7115,1,100,44,4400,3558,1,2019:03:24 14:44:00,1
7116,2,120,23,2760,3558,1,2020:01:25 11:13:00,1
7117,1,100,43,4300,3559,1,2019:11:19 17:14:00,1
7118,2,120,40,4800,3559,1,2022:05:08 11:37:00,1
7119,1,100,14,1400,3560,1,2023:04:19 19:43:00,1
7120,2,120,31,3720,3560,1,2023:12:20 12:40:00,1
7121,1,100,24,2400,3561,1,2022:06:12 19:04:00,1
7122,2,120,30,3600,3561,1,2022:03:04 18:14:00,1
7123,1,100,20,2000,3562,1,2020:11:17 14:50:00,1
7124,2,120,13,1560,3562,1,2019:09:24 16:57:00,1
7125,1,100,26,2600,3563,1,2022:05:15 14:02:00,1
7126,2,120,19,2280,3563,1,2022:01:29 17:28:00,1
7127,1,100,45,4500,3564,1,2019:09:24 19:12:00,1
7128,2,120,25,3000,3564,1,2023:10:03 11:20:00,1
7129,1,100,6,600,3565,1,2022:04:06 14:47:00,1
7130,2,120,36,4320,3565,1,2019:02:03 11:31:00,1
7131,1,100,26,2600,3566,1,2022:03:23 18:33:00,1
7132,2,120,47,5640,3566,1,2023:07:31 16:06:00,1
7133,1,100,6,600,3567,1,2019:07:14 11:47:00,1
7134,2,120,48,5760,3567,1,2020:11:18 16:48:00,1
7135,1,100,28,2800,3568,1,2019:01:09 11:56:00,1
7136,2,120,20,2400,3568,1,2021:02:17 10:15:00,1
7137,1,100,1,100,3569,1,2022:08:31 15:03:00,1
7138,2,120,15,1800,3569,1,2023:08:13 19:08:00,1
7139,1,100,35,3500,3570,1,2020:09:05 11:39:00,1
7140,2,120,23,2760,3570,1,2023:03:26 15:29:00,1
7141,1,100,42,4200,3571,1,2020:12:03 14:25:00,1
7142,2,120,17,2040,3571,1,2023:10:23 14:35:00,1
7143,1,100,24,2400,3572,1,2021:07:12 16:59:00,1
7144,2,120,39,4680,3572,1,2022:11:28 15:37:00,1
7145,1,100,18,1800,3573,1,2020:10:30 18:28:00,1
7146,2,120,41,4920,3573,1,2023:04:30 13:00:00,1
7147,1,100,9,900,3574,1,2022:03:07 16:08:00,1
7148,2,120,3,360,3574,1,2023:01:31 14:27:00,1
7149,1,100,13,1300,3575,1,2019:10:20 11:25:00,1
7150,2,120,30,3600,3575,1,2019:11:28 19:27:00,1
7151,1,100,15,1500,3576,1,2021:10:28 19:06:00,1
7152,2,120,5,600,3576,1,2023:06:08 16:39:00,1
7153,1,100,1,100,3577,1,2023:10:10 11:20:00,1
7154,2,120,35,4200,3577,1,2019:02:06 18:24:00,1
7155,1,100,7,700,3578,1,2019:05:28 18:56:00,1
7156,2,120,11,1320,3578,1,2022:05:28 16:46:00,1
7157,1,100,6,600,3579,1,2020:04:09 14:20:00,1
7158,2,120,7,840,3579,1,2021:09:29 19:14:00,1
7159,1,100,13,1300,3580,1,2023:12:07 16:22:00,1
7160,2,120,32,3840,3580,1,2021:07:03 13:53:00,1
7161,1,100,9,900,3581,1,2019:04:08 15:19:00,1
7162,2,120,13,1560,3581,1,2019:04:29 19:48:00,1
7163,1,100,35,3500,3582,1,2023:10:05 16:40:00,1
7164,2,120,6,720,3582,1,2021:10:13 17:11:00,1
7165,1,100,43,4300,3583,1,2019:08:03 10:21:00,1
7166,2,120,27,3240,3583,1,2022:03:02 17:30:00,1
7167,1,100,39,3900,3584,1,2021:05:09 16:41:00,1
7168,2,120,39,4680,3584,1,2023:02:01 18:00:00,1
7169,1,100,6,600,3585,1,2019:07:14 12:53:00,1
7170,2,120,8,960,3585,1,2019:12:22 13:03:00,1
7171,1,100,5,500,3586,1,2022:06:14 11:17:00,1
7172,2,120,6,720,3586,1,2023:04:03 10:19:00,1
7173,1,100,31,3100,3587,1,2021:09:15 15:56:00,1
7174,2,120,48,5760,3587,1,2020:12:13 17:45:00,1
7175,1,100,12,1200,3588,1,2021:10:11 14:14:00,1
7176,2,120,42,5040,3588,1,2021:10:09 13:05:00,1
7177,1,100,21,2100,3589,1,2020:05:24 10:01:00,1
7178,2,120,31,3720,3589,1,2021:12:16 17:21:00,1
7179,1,100,35,3500,3590,1,2019:06:30 18:08:00,1
7180,2,120,16,1920,3590,1,2023:05:01 18:56:00,1
7181,1,100,20,2000,3591,1,2023:01:08 17:54:00,1
7182,2,120,20,2400,3591,1,2019:06:09 17:22:00,1
7183,1,100,7,700,3592,1,2022:05:30 10:12:00,1
7184,2,120,38,4560,3592,1,2020:04:03 17:39:00,1
7185,1,100,14,1400,3593,1,2020:08:09 12:20:00,1
7186,2,120,35,4200,3593,1,2023:03:17 14:26:00,1
7187,1,100,21,2100,3594,1,2021:07:28 19:30:00,1
7188,2,120,15,1800,3594,1,2021:11:28 17:23:00,1
7189,1,100,38,3800,3595,1,2022:06:28 17:57:00,1
7190,2,120,15,1800,3595,1,2019:06:09 10:26:00,1
7191,1,100,26,2600,3596,1,2019:03:04 12:54:00,1
7192,2,120,4,480,3596,1,2020:02:24 16:23:00,1
7193,1,100,18,1800,3597,1,2020:12:06 16:01:00,1
7194,2,120,30,3600,3597,1,2023:09:25 17:07:00,1
7195,1,100,18,1800,3598,1,2021:08:04 18:27:00,1
7196,2,120,39,4680,3598,1,2019:09:04 14:19:00,1
7197,1,100,22,2200,3599,1,2021:01:09 14:19:00,1
7198,2,120,39,4680,3599,1,2020:09:19 17:13:00,1
7199,1,100,18,1800,3600,1,2021:10:23 18:54:00,1
7200,2,120,15,1800,3600,1,2023:04:02 16:51:00,1
7201,1,100,19,1900,3601,1,2023:09:05 18:59:00,1
7202,2,120,27,3240,3601,1,2020:11:21 17:23:00,1
7203,1,100,16,1600,3602,1,2021:05:20 18:13:00,1
7204,2,120,11,1320,3602,1,2019:03:03 16:28:00,1
7205,1,100,20,2000,3603,1,2020:12:11 13:53:00,1
7206,2,120,24,2880,3603,1,2022:07:07 19:06:00,1
7207,1,100,18,1800,3604,1,2023:12:30 19:34:00,1
7208,2,120,13,1560,3604,1,2020:03:05 14:06:00,1
7209,1,100,5,500,3605,1,2019:02:23 13:24:00,1
7210,2,120,4,480,3605,1,2019:01:04 15:26:00,1
7211,1,100,41,4100,3606,1,2022:07:14 12:32:00,1
7212,2,120,1,120,3606,1,2019:12:14 12:05:00,1
7213,1,100,12,1200,3607,1,2021:03:09 11:54:00,1
7214,2,120,21,2520,3607,1,2020:12:11 11:18:00,1
7215,1,100,4,400,3608,1,2023:01:24 16:04:00,1
7216,2,120,29,3480,3608,1,2021:03:28 18:47:00,1
7217,1,100,11,1100,3609,1,2022:08:30 10:47:00,1
7218,2,120,39,4680,3609,1,2022:12:10 14:50:00,1
7219,1,100,35,3500,3610,1,2019:05:14 11:14:00,1
7220,2,120,27,3240,3610,1,2021:03:08 10:46:00,1
7221,1,100,40,4000,3611,1,2021:07:30 11:33:00,1
7222,2,120,45,5400,3611,1,2023:10:17 10:42:00,1
7223,1,100,9,900,3612,1,2020:11:16 10:32:00,1
7224,2,120,48,5760,3612,1,2019:06:26 16:26:00,1
7225,1,100,27,2700,3613,1,2022:01:02 11:31:00,1
7226,2,120,33,3960,3613,1,2021:01:15 11:28:00,1
7227,1,100,34,3400,3614,1,2019:09:09 12:20:00,1
7228,2,120,2,240,3614,1,2022:10:28 13:08:00,1
7229,1,100,40,4000,3615,1,2023:12:26 10:49:00,1
7230,2,120,41,4920,3615,1,2023:10:24 11:37:00,1
7231,1,100,42,4200,3616,1,2019:01:10 12:29:00,1
7232,2,120,15,1800,3616,1,2019:03:21 15:47:00,1
7233,1,100,13,1300,3617,1,2021:04:04 17:02:00,1
7234,2,120,26,3120,3617,1,2023:04:11 14:59:00,1
7235,1,100,45,4500,3618,1,2022:07:26 19:48:00,1
7236,2,120,35,4200,3618,1,2019:03:08 13:51:00,1
7237,1,100,42,4200,3619,1,2023:12:01 12:49:00,1
7238,2,120,3,360,3619,1,2022:09:17 10:52:00,1
7239,1,100,39,3900,3620,1,2023:04:03 19:45:00,1
7240,2,120,2,240,3620,1,2020:01:20 19:24:00,1
7241,1,100,26,2600,3621,1,2020:11:23 10:20:00,1
7242,2,120,13,1560,3621,1,2023:12:16 12:30:00,1
7243,1,100,33,3300,3622,1,2020:11:02 14:04:00,1
7244,2,120,45,5400,3622,1,2021:10:30 10:58:00,1
7245,1,100,34,3400,3623,1,2022:04:03 12:07:00,1
7246,2,120,14,1680,3623,1,2023:07:30 18:42:00,1
7247,1,100,3,300,3624,1,2023:05:16 14:10:00,1
7248,2,120,40,4800,3624,1,2019:11:11 15:55:00,1
7249,1,100,40,4000,3625,1,2021:03:24 10:22:00,1
7250,2,120,6,720,3625,1,2021:05:10 15:42:00,1
7251,1,100,8,800,3626,1,2019:12:08 10:37:00,1
7252,2,120,15,1800,3626,1,2023:11:14 14:02:00,1
7253,1,100,31,3100,3627,1,2020:08:29 12:48:00,1
7254,2,120,35,4200,3627,1,2020:11:15 17:54:00,1
7255,1,100,12,1200,3628,1,2019:12:29 13:47:00,1
7256,2,120,30,3600,3628,1,2020:02:11 19:13:00,1
7257,1,100,30,3000,3629,1,2020:09:01 19:03:00,1
7258,2,120,49,5880,3629,1,2022:12:02 16:50:00,1
7259,1,100,6,600,3630,1,2022:08:10 19:55:00,1
7260,2,120,29,3480,3630,1,2020:03:02 18:04:00,1
7261,1,100,24,2400,3631,1,2021:09:29 12:45:00,1
7262,2,120,37,4440,3631,1,2019:10:31 14:14:00,1
7263,1,100,50,5000,3632,1,2020:11:19 13:34:00,1
7264,2,120,5,600,3632,1,2023:12:12 14:05:00,1
7265,1,100,9,900,3633,1,2021:03:27 12:05:00,1
7266,2,120,46,5520,3633,1,2023:02:03 12:56:00,1
7267,1,100,33,3300,3634,1,2019:06:07 17:40:00,1
7268,2,120,26,3120,3634,1,2022:12:14 18:51:00,1
7269,1,100,6,600,3635,1,2021:04:18 12:44:00,1
7270,2,120,13,1560,3635,1,2022:04:18 14:41:00,1
7271,1,100,4,400,3636,1,2019:06:01 19:02:00,1
7272,2,120,49,5880,3636,1,2020:10:08 14:10:00,1
7273,1,100,12,1200,3637,1,2021:07:19 17:44:00,1
7274,2,120,44,5280,3637,1,2020:04:30 17:55:00,1
7275,1,100,18,1800,3638,1,2023:02:24 14:32:00,1
7276,2,120,32,3840,3638,1,2019:09:26 18:53:00,1
7277,1,100,16,1600,3639,1,2022:03:02 14:53:00,1
7278,2,120,5,600,3639,1,2023:04:12 18:49:00,1
7279,1,100,17,1700,3640,1,2023:04:13 13:49:00,1
7280,2,120,27,3240,3640,1,2020:05:31 13:24:00,1
7281,1,100,34,3400,3641,1,2019:01:15 19:24:00,1
7282,2,120,32,3840,3641,1,2023:06:22 13:59:00,1
7283,1,100,45,4500,3642,1,2020:10:27 10:19:00,1
7284,2,120,43,5160,3642,1,2021:08:02 18:51:00,1
7285,1,100,46,4600,3643,1,2022:02:12 11:41:00,1
7286,2,120,12,1440,3643,1,2019:08:11 18:23:00,1
7287,1,100,49,4900,3644,1,2021:04:13 15:24:00,1
7288,2,120,37,4440,3644,1,2020:03:18 18:18:00,1
7289,1,100,21,2100,3645,1,2021:01:25 17:04:00,1
7290,2,120,15,1800,3645,1,2020:09:14 10:37:00,1
7291,1,100,22,2200,3646,1,2019:07:02 18:45:00,1
7292,2,120,6,720,3646,1,2021:09:18 16:54:00,1
7293,1,100,42,4200,3647,1,2021:06:18 13:26:00,1
7294,2,120,49,5880,3647,1,2022:03:22 18:19:00,1
7295,1,100,43,4300,3648,1,2019:09:22 17:25:00,1
7296,2,120,50,6000,3648,1,2020:10:07 16:48:00,1
7297,1,100,11,1100,3649,1,2019:02:08 14:00:00,1
7298,2,120,4,480,3649,1,2019:06:03 19:56:00,1
7299,1,100,41,4100,3650,1,2019:05:15 13:39:00,1
7300,2,120,33,3960,3650,1,2022:08:14 18:53:00,1
7301,1,100,27,2700,3651,1,2020:11:30 16:03:00,1
7302,2,120,45,5400,3651,1,2022:07:17 10:05:00,1
7303,1,100,3,300,3652,1,2020:09:07 12:45:00,1
7304,2,120,50,6000,3652,1,2022:05:13 19:05:00,1
7305,1,100,35,3500,3653,1,2020:09:04 11:31:00,1
7306,2,120,41,4920,3653,1,2019:07:03 13:53:00,1
7307,1,100,17,1700,3654,1,2021:03:20 10:35:00,1
7308,2,120,38,4560,3654,1,2020:08:23 10:20:00,1
7309,1,100,44,4400,3655,1,2022:04:18 14:39:00,1
7310,2,120,17,2040,3655,1,2020:03:21 19:38:00,1
7311,1,100,16,1600,3656,1,2020:01:25 13:00:00,1
7312,2,120,35,4200,3656,1,2019:03:12 18:19:00,1
7313,1,100,24,2400,3657,1,2021:10:25 16:09:00,1
7314,2,120,45,5400,3657,1,2021:06:12 10:24:00,1
7315,1,100,50,5000,3658,1,2020:03:01 18:47:00,1
7316,2,120,1,120,3658,1,2023:04:01 19:10:00,1
7317,1,100,40,4000,3659,1,2023:12:22 11:34:00,1
7318,2,120,43,5160,3659,1,2021:04:28 18:43:00,1
7319,1,100,35,3500,3660,1,2023:06:15 16:47:00,1
7320,2,120,47,5640,3660,1,2021:03:01 16:25:00,1
7321,1,100,49,4900,3661,1,2020:05:15 15:42:00,1
7322,2,120,20,2400,3661,1,2019:07:01 14:31:00,1
7323,1,100,40,4000,3662,1,2022:01:15 11:00:00,1
7324,2,120,5,600,3662,1,2023:03:21 16:03:00,1
7325,1,100,27,2700,3663,1,2023:07:14 14:11:00,1
7326,2,120,12,1440,3663,1,2021:01:14 14:59:00,1
7327,1,100,37,3700,3664,1,2023:03:10 16:03:00,1
7328,2,120,39,4680,3664,1,2023:03:05 11:19:00,1
7329,1,100,38,3800,3665,1,2020:11:22 13:06:00,1
7330,2,120,5,600,3665,1,2019:04:14 14:09:00,1
7331,1,100,13,1300,3666,1,2021:06:30 10:37:00,1
7332,2,120,21,2520,3666,1,2020:04:18 14:04:00,1
7333,1,100,42,4200,3667,1,2021:12:08 11:22:00,1
7334,2,120,1,120,3667,1,2019:06:17 17:37:00,1
7335,1,100,28,2800,3668,1,2022:01:30 17:09:00,1
7336,2,120,21,2520,3668,1,2021:07:25 19:12:00,1
7337,1,100,27,2700,3669,1,2019:12:08 11:26:00,1
7338,2,120,13,1560,3669,1,2021:11:08 14:26:00,1
7339,1,100,15,1500,3670,1,2023:10:27 14:27:00,1
7340,2,120,41,4920,3670,1,2021:03:31 10:20:00,1
7341,1,100,26,2600,3671,1,2020:06:17 12:35:00,1
7342,2,120,17,2040,3671,1,2021:09:14 14:15:00,1
7343,1,100,27,2700,3672,1,2022:09:03 13:25:00,1
7344,2,120,45,5400,3672,1,2022:09:29 11:25:00,1
7345,1,100,20,2000,3673,1,2019:02:25 11:08:00,1
7346,2,120,11,1320,3673,1,2023:09:04 18:45:00,1
7347,1,100,1,100,3674,1,2022:09:12 10:20:00,1
7348,2,120,23,2760,3674,1,2022:10:21 10:10:00,1
7349,1,100,15,1500,3675,1,2019:11:16 19:27:00,1
7350,2,120,3,360,3675,1,2021:12:10 19:19:00,1
7351,1,100,10,1000,3676,1,2020:08:10 14:37:00,1
7352,2,120,42,5040,3676,1,2020:05:28 19:11:00,1
7353,1,100,1,100,3677,1,2022:01:18 10:16:00,1
7354,2,120,8,960,3677,1,2022:09:09 18:08:00,1
7355,1,100,40,4000,3678,1,2023:11:11 17:42:00,1
7356,2,120,29,3480,3678,1,2021:05:02 15:37:00,1
7357,1,100,27,2700,3679,1,2022:01:11 10:16:00,1
7358,2,120,1,120,3679,1,2023:05:14 16:09:00,1
7359,1,100,46,4600,3680,1,2023:12:06 12:29:00,1
7360,2,120,2,240,3680,1,2020:08:13 12:58:00,1
7361,1,100,41,4100,3681,1,2023:03:17 11:46:00,1
7362,2,120,47,5640,3681,1,2021:03:31 18:20:00,1
7363,1,100,20,2000,3682,1,2022:09:21 12:50:00,1
7364,2,120,22,2640,3682,1,2023:02:20 12:42:00,1
7365,1,100,48,4800,3683,1,2020:01:04 14:50:00,1
7366,2,120,28,3360,3683,1,2020:12:29 14:07:00,1
7367,1,100,39,3900,3684,1,2019:11:22 11:59:00,1
7368,2,120,20,2400,3684,1,2019:06:12 17:18:00,1
7369,1,100,37,3700,3685,1,2022:06:13 11:46:00,1
7370,2,120,50,6000,3685,1,2022:04:18 14:34:00,1
7371,1,100,26,2600,3686,1,2021:06:28 16:17:00,1
7372,2,120,6,720,3686,1,2022:08:24 13:20:00,1
7373,1,100,43,4300,3687,1,2023:02:13 10:11:00,1
7374,2,120,29,3480,3687,1,2022:07:16 16:11:00,1
7375,1,100,49,4900,3688,1,2020:02:04 17:37:00,1
7376,2,120,38,4560,3688,1,2020:10:09 17:48:00,1
7377,1,100,17,1700,3689,1,2020:05:28 19:03:00,1
7378,2,120,20,2400,3689,1,2022:02:24 17:46:00,1
7379,1,100,19,1900,3690,1,2022:04:18 14:36:00,1
7380,2,120,44,5280,3690,1,2023:04:27 15:28:00,1
7381,1,100,26,2600,3691,1,2023:05:19 12:41:00,1
7382,2,120,42,5040,3691,1,2019:01:05 10:09:00,1
7383,1,100,4,400,3692,1,2022:10:06 16:11:00,1
7384,2,120,22,2640,3692,1,2022:03:02 15:43:00,1
7385,1,100,32,3200,3693,1,2023:09:08 19:20:00,1
7386,2,120,29,3480,3693,1,2023:03:24 16:48:00,1
7387,1,100,44,4400,3694,1,2019:08:03 14:36:00,1
7388,2,120,24,2880,3694,1,2022:04:04 18:37:00,1
7389,1,100,32,3200,3695,1,2021:12:19 10:41:00,1
7390,2,120,38,4560,3695,1,2020:03:22 17:43:00,1
7391,1,100,3,300,3696,1,2023:08:27 15:25:00,1
7392,2,120,3,360,3696,1,2022:12:15 11:55:00,1
7393,1,100,41,4100,3697,1,2022:12:09 12:15:00,1
7394,2,120,19,2280,3697,1,2022:05:26 19:27:00,1
7395,1,100,25,2500,3698,1,2020:03:20 19:52:00,1
7396,2,120,14,1680,3698,1,2020:06:27 17:34:00,1
7397,1,100,20,2000,3699,1,2020:04:26 17:48:00,1
7398,2,120,38,4560,3699,1,2021:07:19 15:49:00,1
7399,1,100,28,2800,3700,1,2021:03:05 19:20:00,1
7400,2,120,10,1200,3700,1,2019:11:15 18:55:00,1
7401,1,100,40,4000,3701,1,2019:10:12 10:31:00,1
7402,2,120,1,120,3701,1,2019:08:27 14:02:00,1
7403,1,100,31,3100,3702,1,2022:01:26 18:47:00,1
7404,2,120,33,3960,3702,1,2023:01:15 18:47:00,1
7405,1,100,36,3600,3703,1,2020:09:03 12:16:00,1
7406,2,120,15,1800,3703,1,2021:10:04 10:32:00,1
7407,1,100,3,300,3704,1,2020:05:18 18:17:00,1
7408,2,120,46,5520,3704,1,2022:08:21 16:11:00,1
7409,1,100,15,1500,3705,1,2020:01:07 15:29:00,1
7410,2,120,39,4680,3705,1,2022:01:03 11:18:00,1
7411,1,100,39,3900,3706,1,2019:10:11 17:34:00,1
7412,2,120,7,840,3706,1,2022:01:01 13:27:00,1
7413,1,100,46,4600,3707,1,2020:05:01 19:27:00,1
7414,2,120,23,2760,3707,1,2020:03:05 14:30:00,1
7415,1,100,2,200,3708,1,2021:03:01 12:01:00,1
7416,2,120,46,5520,3708,1,2021:08:20 11:34:00,1
7417,1,100,48,4800,3709,1,2020:12:21 14:19:00,1
7418,2,120,37,4440,3709,1,2023:12:19 10:35:00,1
7419,1,100,35,3500,3710,1,2023:10:19 16:27:00,1
7420,2,120,5,600,3710,1,2022:11:16 15:59:00,1
7421,1,100,28,2800,3711,1,2022:08:22 13:37:00,1
7422,2,120,36,4320,3711,1,2020:10:15 18:50:00,1
7423,1,100,36,3600,3712,1,2019:08:31 13:29:00,1
7424,2,120,2,240,3712,1,2019:05:25 14:46:00,1
7425,1,100,33,3300,3713,1,2020:02:05 10:54:00,1
7426,2,120,2,240,3713,1,2020:04:26 12:05:00,1
7427,1,100,31,3100,3714,1,2023:04:14 17:31:00,1
7428,2,120,11,1320,3714,1,2021:10:13 15:16:00,1
7429,1,100,22,2200,3715,1,2023:11:03 12:04:00,1
7430,2,120,46,5520,3715,1,2022:01:06 10:16:00,1
7431,1,100,25,2500,3716,1,2021:03:09 15:22:00,1
7432,2,120,9,1080,3716,1,2021:07:23 16:38:00,1
7433,1,100,28,2800,3717,1,2019:05:13 12:46:00,1
7434,2,120,43,5160,3717,1,2019:06:21 10:50:00,1
7435,1,100,3,300,3718,1,2022:12:28 16:38:00,1
7436,2,120,29,3480,3718,1,2023:03:18 18:40:00,1
7437,1,100,12,1200,3719,1,2023:06:20 14:00:00,1
7438,2,120,33,3960,3719,1,2020:09:23 14:38:00,1
7439,1,100,47,4700,3720,1,2019:05:26 14:46:00,1
7440,2,120,39,4680,3720,1,2023:04:14 18:13:00,1
7441,1,100,49,4900,3721,1,2022:07:02 16:36:00,1
7442,2,120,4,480,3721,1,2020:02:20 18:30:00,1
7443,1,100,3,300,3722,1,2022:12:24 15:09:00,1
7444,2,120,5,600,3722,1,2020:10:22 16:10:00,1
7445,1,100,5,500,3723,1,2020:09:17 17:13:00,1
7446,2,120,43,5160,3723,1,2023:10:09 17:50:00,1
7447,1,100,39,3900,3724,1,2022:01:09 16:00:00,1
7448,2,120,33,3960,3724,1,2020:11:17 19:49:00,1
7449,1,100,46,4600,3725,1,2020:09:24 12:38:00,1
7450,2,120,32,3840,3725,1,2022:04:25 17:28:00,1
7451,1,100,48,4800,3726,1,2020:05:29 17:59:00,1
7452,2,120,11,1320,3726,1,2022:01:01 14:27:00,1
7453,1,100,45,4500,3727,1,2019:11:18 12:23:00,1
7454,2,120,11,1320,3727,1,2023:03:30 14:50:00,1
7455,1,100,22,2200,3728,1,2019:09:27 12:38:00,1
7456,2,120,39,4680,3728,1,2023:01:15 17:48:00,1
7457,1,100,37,3700,3729,1,2022:06:20 18:32:00,1
7458,2,120,19,2280,3729,1,2023:04:12 17:31:00,1
7459,1,100,32,3200,3730,1,2020:08:26 12:28:00,1
7460,2,120,8,960,3730,1,2023:01:05 10:05:00,1
7461,1,100,35,3500,3731,1,2021:09:27 15:31:00,1
7462,2,120,10,1200,3731,1,2020:08:14 11:37:00,1
7463,1,100,28,2800,3732,1,2021:10:11 11:46:00,1
7464,2,120,15,1800,3732,1,2022:03:18 11:29:00,1
7465,1,100,23,2300,3733,1,2022:05:02 13:35:00,1
7466,2,120,26,3120,3733,1,2021:03:21 14:34:00,1
7467,1,100,32,3200,3734,1,2021:01:02 19:13:00,1
7468,2,120,13,1560,3734,1,2020:02:11 17:49:00,1
7469,1,100,10,1000,3735,1,2022:05:27 19:57:00,1
7470,2,120,40,4800,3735,1,2019:03:30 16:24:00,1
7471,1,100,23,2300,3736,1,2023:05:08 14:45:00,1
7472,2,120,46,5520,3736,1,2021:05:27 16:52:00,1
7473,1,100,2,200,3737,1,2021:11:11 13:45:00,1
7474,2,120,39,4680,3737,1,2020:01:24 17:03:00,1
7475,1,100,15,1500,3738,1,2023:11:10 19:59:00,1
7476,2,120,35,4200,3738,1,2021:10:13 15:59:00,1
7477,1,100,39,3900,3739,1,2019:04:23 16:07:00,1
7478,2,120,29,3480,3739,1,2023:04:29 17:22:00,1
7479,1,100,44,4400,3740,1,2023:07:28 16:50:00,1
7480,2,120,13,1560,3740,1,2021:12:21 11:09:00,1
7481,1,100,26,2600,3741,1,2022:09:03 19:25:00,1
7482,2,120,13,1560,3741,1,2022:04:06 10:20:00,1
7483,1,100,39,3900,3742,1,2022:01:08 11:39:00,1
7484,2,120,23,2760,3742,1,2021:05:12 15:44:00,1
7485,1,100,45,4500,3743,1,2023:05:31 19:25:00,1
7486,2,120,42,5040,3743,1,2021:10:12 18:16:00,1
7487,1,100,34,3400,3744,1,2021:02:10 14:30:00,1
7488,2,120,21,2520,3744,1,2023:09:16 12:59:00,1
7489,1,100,34,3400,3745,1,2019:11:16 11:30:00,1
7490,2,120,12,1440,3745,1,2020:02:06 12:01:00,1
7491,1,100,20,2000,3746,1,2022:04:12 16:16:00,1
7492,2,120,39,4680,3746,1,2022:11:24 13:06:00,1
7493,1,100,26,2600,3747,1,2022:06:25 14:46:00,1
7494,2,120,25,3000,3747,1,2022:11:30 13:23:00,1
7495,1,100,48,4800,3748,1,2021:10:06 11:44:00,1
7496,2,120,27,3240,3748,1,2019:09:29 10:13:00,1
7497,1,100,14,1400,3749,1,2022:01:10 16:32:00,1
7498,2,120,7,840,3749,1,2020:03:23 13:41:00,1
7499,1,100,10,1000,3750,1,2020:08:05 19:45:00,1
7500,2,120,7,840,3750,1,2023:10:31 12:32:00,1
7501,1,100,27,2700,3751,1,2019:10:01 13:43:00,1
7502,2,120,18,2160,3751,1,2023:02:10 19:35:00,1
7503,1,100,12,1200,3752,1,2021:06:14 18:59:00,1
7504,2,120,29,3480,3752,1,2019:01:21 14:19:00,1
7505,1,100,33,3300,3753,1,2021:11:05 10:40:00,1
7506,2,120,28,3360,3753,1,2023:02:09 16:46:00,1
7507,1,100,31,3100,3754,1,2022:10:26 14:21:00,1
7508,2,120,44,5280,3754,1,2021:01:09 12:53:00,1
7509,1,100,31,3100,3755,1,2022:12:14 17:32:00,1
7510,2,120,18,2160,3755,1,2022:01:31 15:43:00,1
7511,1,100,12,1200,3756,1,2021:07:22 12:54:00,1
7512,2,120,26,3120,3756,1,2020:07:25 14:48:00,1
7513,1,100,7,700,3757,1,2021:06:12 16:50:00,1
7514,2,120,26,3120,3757,1,2019:12:14 16:18:00,1
7515,1,100,6,600,3758,1,2020:10:30 12:44:00,1
7516,2,120,15,1800,3758,1,2023:09:20 12:22:00,1
7517,1,100,46,4600,3759,1,2019:02:28 18:46:00,1
7518,2,120,47,5640,3759,1,2020:09:04 14:59:00,1
7519,1,100,35,3500,3760,1,2021:06:19 10:26:00,1
7520,2,120,2,240,3760,1,2020:11:28 11:46:00,1
7521,1,100,3,300,3761,1,2022:07:04 13:43:00,1
7522,2,120,12,1440,3761,1,2023:04:18 10:51:00,1
7523,1,100,39,3900,3762,1,2021:07:29 13:10:00,1
7524,2,120,50,6000,3762,1,2022:09:04 10:14:00,1
7525,1,100,47,4700,3763,1,2020:12:28 11:20:00,1
7526,2,120,28,3360,3763,1,2021:07:30 10:39:00,1
7527,1,100,2,200,3764,1,2020:09:29 16:17:00,1
7528,2,120,28,3360,3764,1,2020:01:26 19:17:00,1
7529,1,100,39,3900,3765,1,2020:07:25 19:36:00,1
7530,2,120,46,5520,3765,1,2023:06:24 13:24:00,1
7531,1,100,1,100,3766,1,2023:06:19 16:08:00,1
7532,2,120,39,4680,3766,1,2019:12:14 13:27:00,1
7533,1,100,4,400,3767,1,2021:06:04 11:03:00,1
7534,2,120,11,1320,3767,1,2019:02:06 13:55:00,1
7535,1,100,23,2300,3768,1,2022:07:18 10:13:00,1
7536,2,120,15,1800,3768,1,2021:11:28 11:51:00,1
7537,1,100,22,2200,3769,1,2020:01:19 14:05:00,1
7538,2,120,46,5520,3769,1,2020:03:01 15:28:00,1
7539,1,100,48,4800,3770,1,2020:07:30 16:28:00,1
7540,2,120,43,5160,3770,1,2022:12:22 18:30:00,1
7541,1,100,29,2900,3771,1,2020:08:03 10:28:00,1
7542,2,120,25,3000,3771,1,2019:03:24 13:00:00,1
7543,1,100,13,1300,3772,1,2021:11:26 12:26:00,1
7544,2,120,43,5160,3772,1,2022:03:25 14:50:00,1
7545,1,100,26,2600,3773,1,2019:12:02 14:56:00,1
7546,2,120,42,5040,3773,1,2023:01:10 19:05:00,1
7547,1,100,42,4200,3774,1,2020:02:29 13:53:00,1
7548,2,120,47,5640,3774,1,2023:06:10 17:02:00,1
7549,1,100,13,1300,3775,1,2020:09:02 12:09:00,1
7550,2,120,21,2520,3775,1,2023:10:01 14:57:00,1
7551,1,100,32,3200,3776,1,2023:01:22 16:21:00,1
7552,2,120,31,3720,3776,1,2019:01:25 17:15:00,1
7553,1,100,39,3900,3777,1,2020:02:19 15:36:00,1
7554,2,120,34,4080,3777,1,2019:05:09 11:31:00,1
7555,1,100,3,300,3778,1,2023:12:17 10:45:00,1
7556,2,120,21,2520,3778,1,2020:01:21 12:11:00,1
7557,1,100,8,800,3779,1,2023:06:17 11:39:00,1
7558,2,120,3,360,3779,1,2020:05:11 10:40:00,1
7559,1,100,26,2600,3780,1,2019:11:15 15:12:00,1
7560,2,120,2,240,3780,1,2020:06:05 18:44:00,1
7561,1,100,37,3700,3781,1,2022:08:18 10:48:00,1
7562,2,120,29,3480,3781,1,2023:10:20 15:45:00,1
7563,1,100,8,800,3782,1,2021:02:01 17:41:00,1
7564,2,120,7,840,3782,1,2023:01:10 11:34:00,1
7565,1,100,46,4600,3783,1,2023:09:06 14:57:00,1
7566,2,120,47,5640,3783,1,2023:11:05 15:10:00,1
7567,1,100,36,3600,3784,1,2020:02:08 14:30:00,1
7568,2,120,30,3600,3784,1,2023:08:06 12:34:00,1
7569,1,100,30,3000,3785,1,2023:01:14 15:58:00,1
7570,2,120,16,1920,3785,1,2020:05:07 11:05:00,1
7571,1,100,46,4600,3786,1,2020:08:30 12:55:00,1
7572,2,120,46,5520,3786,1,2020:06:03 15:11:00,1
7573,1,100,6,600,3787,1,2022:10:24 13:45:00,1
7574,2,120,28,3360,3787,1,2020:03:15 16:02:00,1
7575,1,100,34,3400,3788,1,2023:08:09 16:17:00,1
7576,2,120,40,4800,3788,1,2020:02:08 15:31:00,1
7577,1,100,35,3500,3789,1,2023:06:13 16:34:00,1
7578,2,120,24,2880,3789,1,2022:06:13 16:05:00,1
7579,1,100,44,4400,3790,1,2022:04:04 10:37:00,1
7580,2,120,28,3360,3790,1,2019:08:10 10:58:00,1
7581,1,100,3,300,3791,1,2020:12:08 14:17:00,1
7582,2,120,41,4920,3791,1,2019:01:14 16:55:00,1
7583,1,100,23,2300,3792,1,2019:05:31 17:48:00,1
7584,2,120,22,2640,3792,1,2021:11:29 13:46:00,1
7585,1,100,37,3700,3793,1,2021:08:13 15:51:00,1
7586,2,120,25,3000,3793,1,2022:10:20 11:29:00,1
7587,1,100,26,2600,3794,1,2023:06:03 17:39:00,1
7588,2,120,8,960,3794,1,2023:10:25 16:11:00,1
7589,1,100,50,5000,3795,1,2021:07:03 18:54:00,1
7590,2,120,35,4200,3795,1,2022:10:02 10:47:00,1
7591,1,100,47,4700,3796,1,2022:10:24 16:45:00,1
7592,2,120,11,1320,3796,1,2022:10:21 17:00:00,1
7593,1,100,50,5000,3797,1,2023:03:26 13:09:00,1
7594,2,120,38,4560,3797,1,2020:01:06 11:31:00,1
7595,1,100,24,2400,3798,1,2021:08:07 14:21:00,1
7596,2,120,31,3720,3798,1,2019:02:09 18:27:00,1
7597,1,100,40,4000,3799,1,2019:01:20 10:10:00,1
7598,2,120,46,5520,3799,1,2020:02:05 19:33:00,1
7599,1,100,50,5000,3800,1,2020:03:06 14:36:00,1
7600,2,120,40,4800,3800,1,2022:12:12 17:49:00,1
7601,1,100,6,600,3801,1,2020:03:25 17:28:00,1
7602,2,120,34,4080,3801,1,2021:09:29 12:20:00,1
7603,1,100,48,4800,3802,1,2023:03:13 15:32:00,1
7604,2,120,34,4080,3802,1,2022:08:12 11:48:00,1
7605,1,100,47,4700,3803,1,2020:12:30 12:00:00,1
7606,2,120,2,240,3803,1,2019:04:23 16:26:00,1
7607,1,100,8,800,3804,1,2019:10:07 15:29:00,1
7608,2,120,48,5760,3804,1,2021:05:11 16:27:00,1
7609,1,100,37,3700,3805,1,2023:06:28 17:59:00,1
7610,2,120,13,1560,3805,1,2021:01:04 18:27:00,1
7611,1,100,10,1000,3806,1,2022:06:21 19:58:00,1
7612,2,120,35,4200,3806,1,2020:02:18 17:10:00,1
7613,1,100,42,4200,3807,1,2020:04:01 17:50:00,1
7614,2,120,22,2640,3807,1,2019:10:11 14:53:00,1
7615,1,100,31,3100,3808,1,2020:11:12 11:14:00,1
7616,2,120,24,2880,3808,1,2022:07:23 16:39:00,1
7617,1,100,2,200,3809,1,2022:03:20 12:10:00,1
7618,2,120,30,3600,3809,1,2021:02:01 17:21:00,1
7619,1,100,34,3400,3810,1,2023:05:05 17:14:00,1
7620,2,120,5,600,3810,1,2023:07:12 13:24:00,1
7621,1,100,21,2100,3811,1,2022:08:28 14:30:00,1
7622,2,120,17,2040,3811,1,2021:11:16 13:55:00,1
7623,1,100,25,2500,3812,1,2020:05:05 13:01:00,1
7624,2,120,15,1800,3812,1,2023:09:14 15:41:00,1
7625,1,100,30,3000,3813,1,2020:11:03 12:57:00,1
7626,2,120,2,240,3813,1,2021:05:02 12:05:00,1
7627,1,100,37,3700,3814,1,2020:01:25 13:21:00,1
7628,2,120,39,4680,3814,1,2023:08:12 18:19:00,1
7629,1,100,17,1700,3815,1,2019:05:05 14:18:00,1
7630,2,120,10,1200,3815,1,2022:07:21 15:47:00,1
7631,1,100,45,4500,3816,1,2022:06:27 15:34:00,1
7632,2,120,27,3240,3816,1,2022:10:10 10:45:00,1
7633,1,100,42,4200,3817,1,2019:02:11 19:40:00,1
7634,2,120,44,5280,3817,1,2021:05:04 14:14:00,1
7635,1,100,26,2600,3818,1,2020:09:08 17:30:00,1
7636,2,120,25,3000,3818,1,2021:06:26 15:41:00,1
7637,1,100,27,2700,3819,1,2023:10:16 16:01:00,1
7638,2,120,3,360,3819,1,2022:09:28 18:47:00,1
7639,1,100,14,1400,3820,1,2021:11:14 19:31:00,1
7640,2,120,30,3600,3820,1,2023:06:20 18:55:00,1
7641,1,100,30,3000,3821,1,2020:05:20 18:49:00,1
7642,2,120,28,3360,3821,1,2019:07:20 12:12:00,1
7643,1,100,28,2800,3822,1,2023:01:03 16:58:00,1
7644,2,120,43,5160,3822,1,2021:06:08 13:53:00,1
7645,1,100,39,3900,3823,1,2019:06:04 15:19:00,1
7646,2,120,15,1800,3823,1,2020:06:15 17:50:00,1
7647,1,100,19,1900,3824,1,2019:05:05 16:08:00,1
7648,2,120,9,1080,3824,1,2023:03:03 18:58:00,1
7649,1,100,35,3500,3825,1,2020:08:06 19:04:00,1
7650,2,120,43,5160,3825,1,2019:04:22 14:02:00,1
7651,1,100,6,600,3826,1,2022:12:10 14:43:00,1
7652,2,120,24,2880,3826,1,2019:10:19 11:00:00,1
7653,1,100,13,1300,3827,1,2023:04:17 15:40:00,1
7654,2,120,13,1560,3827,1,2021:09:19 11:25:00,1
7655,1,100,43,4300,3828,1,2019:02:15 14:44:00,1
7656,2,120,30,3600,3828,1,2020:08:15 19:16:00,1
7657,1,100,20,2000,3829,1,2022:07:25 19:14:00,1
7658,2,120,48,5760,3829,1,2022:06:01 17:10:00,1
7659,1,100,14,1400,3830,1,2022:09:08 19:02:00,1
7660,2,120,25,3000,3830,1,2021:08:03 18:27:00,1
7661,1,100,14,1400,3831,1,2022:06:12 11:54:00,1
7662,2,120,11,1320,3831,1,2021:02:08 14:06:00,1
7663,1,100,5,500,3832,1,2020:07:04 10:35:00,1
7664,2,120,20,2400,3832,1,2019:02:19 14:57:00,1
7665,1,100,3,300,3833,1,2023:10:19 15:30:00,1
7666,2,120,6,720,3833,1,2023:04:02 15:58:00,1
7667,1,100,26,2600,3834,1,2023:10:10 16:19:00,1
7668,2,120,17,2040,3834,1,2022:10:04 18:40:00,1
7669,1,100,7,700,3835,1,2021:09:18 12:02:00,1
7670,2,120,23,2760,3835,1,2020:05:15 13:04:00,1
7671,1,100,44,4400,3836,1,2022:03:22 15:52:00,1
7672,2,120,21,2520,3836,1,2019:10:28 13:05:00,1
7673,1,100,24,2400,3837,1,2021:08:13 15:11:00,1
7674,2,120,4,480,3837,1,2022:11:16 17:55:00,1
7675,1,100,28,2800,3838,1,2023:01:09 10:11:00,1
7676,2,120,47,5640,3838,1,2023:10:08 10:08:00,1
7677,1,100,10,1000,3839,1,2021:06:21 13:00:00,1
7678,2,120,19,2280,3839,1,2023:11:02 18:09:00,1
7679,1,100,2,200,3840,1,2022:11:13 16:23:00,1
7680,2,120,37,4440,3840,1,2023:05:20 11:37:00,1
7681,1,100,33,3300,3841,1,2023:02:13 15:07:00,1
7682,2,120,44,5280,3841,1,2021:11:20 16:50:00,1
7683,1,100,30,3000,3842,1,2021:04:08 19:46:00,1
7684,2,120,41,4920,3842,1,2023:07:01 19:22:00,1
7685,1,100,46,4600,3843,1,2021:06:19 18:55:00,1
7686,2,120,9,1080,3843,1,2023:09:17 12:07:00,1
7687,1,100,9,900,3844,1,2019:03:07 15:41:00,1
7688,2,120,40,4800,3844,1,2019:08:20 18:08:00,1
7689,1,100,49,4900,3845,1,2023:03:10 17:43:00,1
7690,2,120,14,1680,3845,1,2020:02:03 19:07:00,1
7691,1,100,11,1100,3846,1,2019:07:07 13:42:00,1
7692,2,120,5,600,3846,1,2022:09:29 11:05:00,1
7693,1,100,18,1800,3847,1,2020:10:08 18:13:00,1
7694,2,120,5,600,3847,1,2020:02:26 12:01:00,1
7695,1,100,36,3600,3848,1,2023:01:13 16:52:00,1
7696,2,120,20,2400,3848,1,2020:08:26 16:19:00,1
7697,1,100,2,200,3849,1,2019:08:22 15:38:00,1
7698,2,120,2,240,3849,1,2023:06:08 10:57:00,1
7699,1,100,26,2600,3850,1,2020:06:14 19:42:00,1
7700,2,120,31,3720,3850,1,2023:10:03 17:03:00,1
7701,1,100,34,3400,3851,1,2022:02:03 12:38:00,1
7702,2,120,5,600,3851,1,2023:03:02 19:22:00,1
7703,1,100,3,300,3852,1,2020:10:10 19:58:00,1
7704,2,120,47,5640,3852,1,2022:02:14 17:08:00,1
7705,1,100,40,4000,3853,1,2022:11:01 16:17:00,1
7706,2,120,33,3960,3853,1,2020:08:23 17:25:00,1
7707,1,100,35,3500,3854,1,2020:03:17 17:59:00,1
7708,2,120,11,1320,3854,1,2022:10:31 13:55:00,1
7709,1,100,17,1700,3855,1,2020:01:06 16:18:00,1
7710,2,120,44,5280,3855,1,2023:09:21 18:37:00,1
7711,1,100,35,3500,3856,1,2020:02:20 16:52:00,1
7712,2,120,8,960,3856,1,2020:04:28 10:05:00,1
7713,1,100,37,3700,3857,1,2020:04:07 13:30:00,1
7714,2,120,6,720,3857,1,2020:10:21 16:36:00,1
7715,1,100,31,3100,3858,1,2019:05:12 19:34:00,1
7716,2,120,30,3600,3858,1,2023:03:26 11:48:00,1
7717,1,100,31,3100,3859,1,2023:09:15 11:05:00,1
7718,2,120,5,600,3859,1,2022:09:08 12:14:00,1
7719,1,100,29,2900,3860,1,2019:12:03 16:31:00,1
7720,2,120,16,1920,3860,1,2019:04:24 16:23:00,1
7721,1,100,45,4500,3861,1,2023:07:11 12:59:00,1
7722,2,120,44,5280,3861,1,2022:07:29 11:22:00,1
7723,1,100,2,200,3862,1,2020:08:23 14:58:00,1
7724,2,120,24,2880,3862,1,2021:12:22 10:36:00,1
7725,1,100,39,3900,3863,1,2021:11:07 10:48:00,1
7726,2,120,23,2760,3863,1,2020:12:07 10:25:00,1
7727,1,100,50,5000,3864,1,2022:09:19 14:43:00,1
7728,2,120,11,1320,3864,1,2021:11:25 10:18:00,1
7729,1,100,16,1600,3865,1,2019:10:26 19:33:00,1
7730,2,120,33,3960,3865,1,2022:01:07 13:00:00,1
7731,1,100,50,5000,3866,1,2023:09:30 13:18:00,1
7732,2,120,21,2520,3866,1,2019:03:13 12:46:00,1
7733,1,100,45,4500,3867,1,2021:06:07 12:58:00,1
7734,2,120,9,1080,3867,1,2021:03:18 15:58:00,1
7735,1,100,25,2500,3868,1,2023:11:13 12:18:00,1
7736,2,120,17,2040,3868,1,2023:09:10 10:07:00,1
7737,1,100,39,3900,3869,1,2023:08:25 14:32:00,1
7738,2,120,11,1320,3869,1,2020:09:30 14:18:00,1
7739,1,100,35,3500,3870,1,2020:11:19 15:23:00,1
7740,2,120,18,2160,3870,1,2022:07:10 13:21:00,1
7741,1,100,7,700,3871,1,2023:12:19 18:08:00,1
7742,2,120,38,4560,3871,1,2021:01:19 18:45:00,1
7743,1,100,48,4800,3872,1,2021:07:24 15:48:00,1
7744,2,120,47,5640,3872,1,2023:06:19 19:39:00,1
7745,1,100,12,1200,3873,1,2022:09:29 14:37:00,1
7746,2,120,31,3720,3873,1,2022:10:19 12:19:00,1
7747,1,100,44,4400,3874,1,2021:05:09 11:09:00,1
7748,2,120,38,4560,3874,1,2023:03:28 10:16:00,1
7749,1,100,49,4900,3875,1,2023:10:12 16:07:00,1
7750,2,120,12,1440,3875,1,2021:03:04 19:24:00,1
7751,1,100,22,2200,3876,1,2023:11:25 15:51:00,1
7752,2,120,48,5760,3876,1,2023:03:27 14:25:00,1
7753,1,100,7,700,3877,1,2019:02:18 13:42:00,1
7754,2,120,7,840,3877,1,2021:08:06 16:42:00,1
7755,1,100,16,1600,3878,1,2019:11:07 18:54:00,1
7756,2,120,33,3960,3878,1,2019:03:11 15:53:00,1
7757,1,100,5,500,3879,1,2023:08:30 12:00:00,1
7758,2,120,36,4320,3879,1,2020:05:15 10:23:00,1
7759,1,100,41,4100,3880,1,2020:04:01 13:43:00,1
7760,2,120,22,2640,3880,1,2020:04:23 14:08:00,1
7761,1,100,48,4800,3881,1,2021:05:28 12:57:00,1
7762,2,120,10,1200,3881,1,2023:08:01 15:32:00,1
7763,1,100,41,4100,3882,1,2019:12:15 11:03:00,1
7764,2,120,4,480,3882,1,2022:09:13 10:45:00,1
7765,1,100,46,4600,3883,1,2021:11:29 15:15:00,1
7766,2,120,4,480,3883,1,2019:06:19 19:08:00,1
7767,1,100,14,1400,3884,1,2023:12:25 13:49:00,1
7768,2,120,30,3600,3884,1,2022:06:22 17:34:00,1
7769,1,100,8,800,3885,1,2023:07:07 12:44:00,1
7770,2,120,12,1440,3885,1,2019:03:19 14:31:00,1
7771,1,100,3,300,3886,1,2020:10:28 16:20:00,1
7772,2,120,12,1440,3886,1,2019:04:07 17:20:00,1
7773,1,100,27,2700,3887,1,2023:12:25 14:55:00,1
7774,2,120,31,3720,3887,1,2021:08:25 13:52:00,1
7775,1,100,14,1400,3888,1,2020:02:18 13:10:00,1
7776,2,120,3,360,3888,1,2021:10:10 14:25:00,1
7777,1,100,28,2800,3889,1,2020:07:01 16:04:00,1
7778,2,120,12,1440,3889,1,2022:05:03 15:55:00,1
7779,1,100,25,2500,3890,1,2021:08:23 18:03:00,1
7780,2,120,13,1560,3890,1,2023:11:27 18:41:00,1
7781,1,100,12,1200,3891,1,2019:04:11 19:27:00,1
7782,2,120,13,1560,3891,1,2019:11:06 13:39:00,1
7783,1,100,29,2900,3892,1,2019:05:18 10:33:00,1
7784,2,120,19,2280,3892,1,2022:10:05 17:22:00,1
7785,1,100,35,3500,3893,1,2021:10:05 12:44:00,1
7786,2,120,45,5400,3893,1,2023:03:21 19:10:00,1
7787,1,100,40,4000,3894,1,2019:04:23 18:28:00,1
7788,2,120,47,5640,3894,1,2019:09:18 17:46:00,1
7789,1,100,41,4100,3895,1,2021:01:04 17:53:00,1
7790,2,120,7,840,3895,1,2020:09:11 15:36:00,1
7791,1,100,22,2200,3896,1,2019:02:26 15:30:00,1
7792,2,120,44,5280,3896,1,2020:08:18 14:22:00,1
7793,1,100,25,2500,3897,1,2021:03:20 12:53:00,1
7794,2,120,38,4560,3897,1,2019:12:04 19:19:00,1
7795,1,100,6,600,3898,1,2020:01:03 11:27:00,1
7796,2,120,43,5160,3898,1,2020:11:24 17:26:00,1
7797,1,100,37,3700,3899,1,2019:09:18 13:36:00,1
7798,2,120,5,600,3899,1,2019:03:12 16:28:00,1
7799,1,100,44,4400,3900,1,2020:03:04 17:37:00,1
7800,2,120,42,5040,3900,1,2023:04:03 19:18:00,1
7801,1,100,16,1600,3901,1,2019:02:20 15:40:00,1
7802,2,120,43,5160,3901,1,2019:05:11 19:36:00,1
7803,1,100,48,4800,3902,1,2020:02:05 11:51:00,1
7804,2,120,29,3480,3902,1,2019:12:01 18:28:00,1
7805,1,100,12,1200,3903,1,2023:08:03 11:10:00,1
7806,2,120,6,720,3903,1,2022:06:22 11:24:00,1
7807,1,100,49,4900,3904,1,2022:11:24 11:34:00,1
7808,2,120,49,5880,3904,1,2020:11:08 17:16:00,1
7809,1,100,7,700,3905,1,2022:07:22 17:17:00,1
7810,2,120,27,3240,3905,1,2020:11:02 15:15:00,1
7811,1,100,32,3200,3906,1,2022:05:30 13:10:00,1
7812,2,120,11,1320,3906,1,2020:10:15 19:53:00,1
7813,1,100,26,2600,3907,1,2019:07:26 15:55:00,1
7814,2,120,43,5160,3907,1,2020:02:26 16:16:00,1
7815,1,100,17,1700,3908,1,2022:07:05 15:47:00,1
7816,2,120,12,1440,3908,1,2022:10:19 19:53:00,1
7817,1,100,9,900,3909,1,2022:10:06 10:34:00,1
7818,2,120,30,3600,3909,1,2020:09:28 12:38:00,1
7819,1,100,46,4600,3910,1,2021:11:23 13:52:00,1
7820,2,120,39,4680,3910,1,2021:04:26 11:29:00,1
7821,1,100,13,1300,3911,1,2021:03:28 16:20:00,1
7822,2,120,42,5040,3911,1,2022:08:21 14:17:00,1
7823,1,100,43,4300,3912,1,2020:09:23 15:02:00,1
7824,2,120,21,2520,3912,1,2020:12:21 15:11:00,1
7825,1,100,13,1300,3913,1,2021:06:28 18:47:00,1
7826,2,120,23,2760,3913,1,2021:04:02 10:03:00,1
7827,1,100,22,2200,3914,1,2023:10:25 16:36:00,1
7828,2,120,44,5280,3914,1,2022:12:29 19:34:00,1
7829,1,100,37,3700,3915,1,2022:01:24 19:49:00,1
7830,2,120,39,4680,3915,1,2021:04:15 11:42:00,1
7831,1,100,43,4300,3916,1,2023:02:04 11:38:00,1
7832,2,120,12,1440,3916,1,2023:10:31 14:06:00,1
7833,1,100,32,3200,3917,1,2019:11:29 12:24:00,1
7834,2,120,9,1080,3917,1,2019:06:02 15:36:00,1
7835,1,100,39,3900,3918,1,2020:11:04 17:15:00,1
7836,2,120,13,1560,3918,1,2021:10:02 13:58:00,1
7837,1,100,25,2500,3919,1,2023:04:29 19:16:00,1
7838,2,120,1,120,3919,1,2019:12:10 12:42:00,1
7839,1,100,18,1800,3920,1,2020:07:25 15:19:00,1
7840,2,120,50,6000,3920,1,2021:05:13 11:08:00,1
7841,1,100,40,4000,3921,1,2023:10:20 14:05:00,1
7842,2,120,30,3600,3921,1,2022:06:19 19:00:00,1
7843,1,100,7,700,3922,1,2023:03:03 13:28:00,1
7844,2,120,26,3120,3922,1,2022:10:27 11:03:00,1
7845,1,100,42,4200,3923,1,2019:11:06 10:20:00,1
7846,2,120,3,360,3923,1,2019:07:13 14:30:00,1
7847,1,100,40,4000,3924,1,2021:03:04 18:43:00,1
7848,2,120,21,2520,3924,1,2019:10:26 11:24:00,1
7849,1,100,28,2800,3925,1,2021:12:11 18:38:00,1
7850,2,120,5,600,3925,1,2022:08:20 16:36:00,1
7851,1,100,34,3400,3926,1,2019:01:16 19:52:00,1
7852,2,120,3,360,3926,1,2023:01:14 19:50:00,1
7853,1,100,13,1300,3927,1,2022:12:21 14:26:00,1
7854,2,120,47,5640,3927,1,2020:10:25 16:53:00,1
7855,1,100,48,4800,3928,1,2021:02:25 11:03:00,1
7856,2,120,17,2040,3928,1,2023:03:25 14:25:00,1
7857,1,100,49,4900,3929,1,2022:09:03 10:50:00,1
7858,2,120,2,240,3929,1,2022:11:02 17:18:00,1
7859,1,100,7,700,3930,1,2023:03:31 14:29:00,1
7860,2,120,21,2520,3930,1,2023:10:23 18:45:00,1
7861,1,100,38,3800,3931,1,2021:10:09 15:26:00,1
7862,2,120,39,4680,3931,1,2023:04:01 11:49:00,1
7863,1,100,33,3300,3932,1,2019:02:23 14:23:00,1
7864,2,120,45,5400,3932,1,2022:09:29 19:59:00,1
7865,1,100,19,1900,3933,1,2021:11:28 14:45:00,1
7866,2,120,8,960,3933,1,2023:07:06 18:47:00,1
7867,1,100,46,4600,3934,1,2019:06:20 10:58:00,1
7868,2,120,30,3600,3934,1,2021:02:21 19:31:00,1
7869,1,100,47,4700,3935,1,2022:09:11 11:58:00,1
7870,2,120,44,5280,3935,1,2020:06:28 14:07:00,1
7871,1,100,15,1500,3936,1,2019:07:08 12:33:00,1
7872,2,120,22,2640,3936,1,2022:05:25 13:49:00,1
7873,1,100,25,2500,3937,1,2022:06:13 16:06:00,1
7874,2,120,25,3000,3937,1,2019:02:09 18:09:00,1
7875,1,100,33,3300,3938,1,2023:04:23 13:08:00,1
7876,2,120,25,3000,3938,1,2020:11:24 10:46:00,1
7877,1,100,40,4000,3939,1,2021:09:14 11:00:00,1
7878,2,120,3,360,3939,1,2021:08:05 18:32:00,1
7879,1,100,18,1800,3940,1,2019:04:15 10:53:00,1
7880,2,120,45,5400,3940,1,2023:10:14 15:03:00,1
7881,1,100,1,100,3941,1,2021:08:10 15:51:00,1
7882,2,120,29,3480,3941,1,2023:10:03 17:42:00,1
7883,1,100,43,4300,3942,1,2019:05:02 14:23:00,1
7884,2,120,39,4680,3942,1,2022:09:08 11:42:00,1
7885,1,100,21,2100,3943,1,2023:05:14 19:05:00,1
7886,2,120,44,5280,3943,1,2022:01:04 14:46:00,1
7887,1,100,46,4600,3944,1,2022:09:11 18:04:00,1
7888,2,120,45,5400,3944,1,2019:06:30 12:34:00,1
7889,1,100,38,3800,3945,1,2020:01:12 17:31:00,1
7890,2,120,33,3960,3945,1,2019:10:04 10:31:00,1
7891,1,100,33,3300,3946,1,2022:06:02 19:09:00,1
7892,2,120,30,3600,3946,1,2023:07:16 12:12:00,1
7893,1,100,25,2500,3947,1,2022:08:17 17:29:00,1
7894,2,120,26,3120,3947,1,2019:07:28 12:15:00,1
7895,1,100,50,5000,3948,1,2020:03:16 11:02:00,1
7896,2,120,13,1560,3948,1,2021:10:15 16:47:00,1
7897,1,100,36,3600,3949,1,2021:10:15 10:22:00,1
7898,2,120,4,480,3949,1,2023:12:15 12:16:00,1
7899,1,100,6,600,3950,1,2021:07:08 14:03:00,1
7900,2,120,6,720,3950,1,2021:06:30 10:36:00,1
7901,1,100,31,3100,3951,1,2022:04:29 15:11:00,1
7902,2,120,20,2400,3951,1,2022:07:02 18:37:00,1
7903,1,100,38,3800,3952,1,2020:12:27 11:05:00,1
7904,2,120,16,1920,3952,1,2021:02:19 13:13:00,1
7905,1,100,41,4100,3953,1,2019:06:28 12:15:00,1
7906,2,120,24,2880,3953,1,2023:08:06 16:16:00,1
7907,1,100,10,1000,3954,1,2021:08:09 12:00:00,1
7908,2,120,11,1320,3954,1,2022:10:25 19:27:00,1
7909,1,100,39,3900,3955,1,2022:05:22 19:28:00,1
7910,2,120,5,600,3955,1,2019:09:18 16:04:00,1
7911,1,100,5,500,3956,1,2023:06:30 17:17:00,1
7912,2,120,12,1440,3956,1,2020:08:15 16:36:00,1
7913,1,100,18,1800,3957,1,2021:04:28 11:14:00,1
7914,2,120,16,1920,3957,1,2023:08:24 13:10:00,1
7915,1,100,37,3700,3958,1,2020:04:25 12:26:00,1
7916,2,120,28,3360,3958,1,2021:07:10 17:01:00,1
7917,1,100,50,5000,3959,1,2023:09:30 17:26:00,1
7918,2,120,4,480,3959,1,2023:03:15 11:57:00,1
7919,1,100,37,3700,3960,1,2023:09:04 15:32:00,1
7920,2,120,14,1680,3960,1,2020:05:12 14:27:00,1
7921,1,100,48,4800,3961,1,2022:02:24 13:15:00,1
7922,2,120,42,5040,3961,1,2021:07:24 19:09:00,1
7923,1,100,8,800,3962,1,2023:01:05 12:29:00,1
7924,2,120,33,3960,3962,1,2019:09:04 10:59:00,1
7925,1,100,44,4400,3963,1,2022:02:15 17:04:00,1
7926,2,120,33,3960,3963,1,2021:05:05 15:11:00,1
7927,1,100,7,700,3964,1,2020:02:25 11:41:00,1
7928,2,120,50,6000,3964,1,2022:05:25 10:33:00,1
7929,1,100,11,1100,3965,1,2019:12:17 14:58:00,1
7930,2,120,28,3360,3965,1,2019:07:11 15:08:00,1
7931,1,100,25,2500,3966,1,2019:02:28 15:05:00,1
7932,2,120,38,4560,3966,1,2019:09:07 16:08:00,1
7933,1,100,1,100,3967,1,2022:01:15 13:11:00,1
7934,2,120,2,240,3967,1,2020:10:01 15:51:00,1
7935,1,100,10,1000,3968,1,2021:09:09 12:58:00,1
7936,2,120,32,3840,3968,1,2022:03:03 16:20:00,1
7937,1,100,27,2700,3969,1,2023:10:07 14:52:00,1
7938,2,120,11,1320,3969,1,2019:04:22 18:36:00,1
7939,1,100,37,3700,3970,1,2020:10:09 12:55:00,1
7940,2,120,36,4320,3970,1,2022:07:28 12:18:00,1
7941,1,100,37,3700,3971,1,2021:03:19 18:05:00,1
7942,2,120,34,4080,3971,1,2020:03:07 18:58:00,1
7943,1,100,10,1000,3972,1,2019:04:15 15:55:00,1
7944,2,120,36,4320,3972,1,2022:10:03 14:39:00,1
7945,1,100,7,700,3973,1,2020:10:30 18:41:00,1
7946,2,120,45,5400,3973,1,2022:02:16 15:49:00,1
7947,1,100,7,700,3974,1,2020:05:05 18:35:00,1
7948,2,120,37,4440,3974,1,2019:02:27 15:36:00,1
7949,1,100,26,2600,3975,1,2019:10:18 17:37:00,1
7950,2,120,10,1200,3975,1,2019:04:26 15:21:00,1
7951,1,100,34,3400,3976,1,2020:06:07 11:49:00,1
7952,2,120,23,2760,3976,1,2020:12:20 17:40:00,1
7953,1,100,24,2400,3977,1,2022:06:11 17:29:00,1
7954,2,120,39,4680,3977,1,2020:05:28 16:42:00,1
7955,1,100,11,1100,3978,1,2023:03:02 13:35:00,1
7956,2,120,49,5880,3978,1,2021:03:27 12:30:00,1
7957,1,100,26,2600,3979,1,2020:12:20 13:24:00,1
7958,2,120,17,2040,3979,1,2020:04:03 15:38:00,1
7959,1,100,12,1200,3980,1,2021:10:08 10:17:00,1
7960,2,120,22,2640,3980,1,2020:01:29 14:33:00,1
7961,1,100,19,1900,3981,1,2023:04:01 16:32:00,1
7962,2,120,12,1440,3981,1,2019:01:14 14:15:00,1
7963,1,100,33,3300,3982,1,2019:06:18 13:50:00,1
7964,2,120,12,1440,3982,1,2023:07:30 10:43:00,1
7965,1,100,26,2600,3983,1,2020:09:13 13:06:00,1
7966,2,120,22,2640,3983,1,2022:08:25 18:39:00,1
7967,1,100,42,4200,3984,1,2023:10:16 14:21:00,1
7968,2,120,38,4560,3984,1,2019:03:28 17:42:00,1
7969,1,100,44,4400,3985,1,2023:12:16 18:52:00,1
7970,2,120,42,5040,3985,1,2019:05:04 15:25:00,1
7971,1,100,17,1700,3986,1,2020:12:29 17:26:00,1
7972,2,120,39,4680,3986,1,2021:10:30 18:01:00,1
7973,1,100,40,4000,3987,1,2023:09:20 11:36:00,1
7974,2,120,40,4800,3987,1,2020:07:24 15:19:00,1
7975,1,100,25,2500,3988,1,2019:08:01 15:33:00,1
7976,2,120,49,5880,3988,1,2021:12:12 15:50:00,1
7977,1,100,26,2600,3989,1,2019:12:11 12:55:00,1
7978,2,120,10,1200,3989,1,2022:03:14 13:55:00,1
7979,1,100,50,5000,3990,1,2020:02:23 19:00:00,1
7980,2,120,13,1560,3990,1,2022:01:05 16:28:00,1
7981,1,100,11,1100,3991,1,2022:02:09 19:18:00,1
7982,2,120,3,360,3991,1,2021:07:24 11:44:00,1
7983,1,100,10,1000,3992,1,2022:03:25 14:56:00,1
7984,2,120,12,1440,3992,1,2019:12:30 11:06:00,1
7985,1,100,2,200,3993,1,2022:02:13 15:47:00,1
7986,2,120,24,2880,3993,1,2022:06:30 12:41:00,1
7987,1,100,39,3900,3994,1,2020:08:22 14:34:00,1
7988,2,120,46,5520,3994,1,2019:11:07 15:22:00,1
7989,1,100,9,900,3995,1,2022:06:13 13:56:00,1
7990,2,120,24,2880,3995,1,2022:12:31 11:27:00,1
7991,1,100,23,2300,3996,1,2022:01:26 13:29:00,1
7992,2,120,16,1920,3996,1,2022:08:13 18:21:00,1
7993,1,100,5,500,3997,1,2020:05:27 13:27:00,1
7994,2,120,29,3480,3997,1,2022:04:03 11:51:00,1
7995,1,100,15,1500,3998,1,2023:03:17 19:47:00,1
7996,2,120,6,720,3998,1,2023:03:29 16:54:00,1
7997,1,100,8,800,3999,1,2022:08:07 12:30:00,1
7998,2,120,21,2520,3999,1,2020:02:16 15:45:00,1
7999,1,100,45,4500,4000,1,2022:11:17 19:10:00,1
8000,2,120,20,2400,4000,1,2023:05:11 18:13:00,1
