ID,Name,CreatedBy,CreatedOn,ModifiedBy,ModifiedOn,IsActive
1,"Suman Bhatt",1,"2024-07-01 21:44:08",NULL,NULL,1
2,"Siddharth Chaudhary",1,"2024-07-02 21:44:08",NULL,NULL,1
3,"Ishaan Nair",1,"2024-07-03 21:44:08",NULL,NULL,1
4,"Meera Iyer",1,"2024-07-04 21:44:08",NULL,NULL,1
5,"Swati Jain",1,"2024-07-05 21:44:08",NULL,NULL,1
6,"Vihaan Kumar",1,"2024-07-06 21:44:08",NULL,NULL,1
7,"Aakash Gupta",1,"2024-07-07 21:44:08",NULL,NULL,1
8,"Neha Chatterjee",1,"2024-07-08 21:44:08",NULL,NULL,1
9,"Krishna Das",1,"2024-07-09 21:44:08",NULL,NULL,1
10,"Swati Bhatt",1,"2024-07-10 21:44:08",NULL,NULL,1
11,"Siddharth Mishra",1,"2024-07-11 21:44:08",NULL,NULL,1
12,"Kabir Roy",1,"2024-07-12 21:44:08",NULL,NULL,1
13,"Sneha Sharma",1,"2024-07-13 21:44:08",NULL,NULL,1
14,"Riya Roy",1,"2024-07-14 21:44:08",NULL,NULL,1
15,"Nisha Agarwal",1,"2024-07-15 21:44:08",NULL,NULL,1
16,"Komal Joshi",1,"2024-07-16 21:44:08",NULL,NULL,1
17,"Sai Rao",1,"2024-07-17 21:44:08",NULL,NULL,1
18,"Sana Kapoor",1,"2024-07-18 21:44:08",NULL,NULL,1
19,"Ayaan Bhatt",1,"2024-07-19 21:44:08",NULL,NULL,1
20,"Manan Yadav",1,"2024-07-20 21:44:08",NULL,NULL,1
21,"Ayaan Das",1,"2024-07-21 21:44:08",NULL,NULL,1
22,"Priya Saxena",1,"2024-07-22 21:44:08",NULL,NULL,1
23,"Sneha Saxena",1,"2024-07-23 21:44:08",NULL,NULL,1
24,"Priya Shetty",1,"2024-07-24 21:44:08",NULL,NULL,1
25,"Vivaan Das",1,"2024-07-25 21:44:08",NULL,NULL,1
26,"Kabir Kashyap",1,"2024-07-26 21:44:08",NULL,NULL,1
27,"Manan Gupta",1,"2024-07-27 21:44:08",NULL,NULL,1
28,"Meera Dutta",1,"2024-07-28 21:44:08",NULL,NULL,1
29,"Kabir Joshi",1,"2024-07-29 21:44:08",NULL,NULL,1
30,"Komal Gupta",1,"2024-07-30 21:44:08",NULL,NULL,1
31,"Isha Kumar",1,"2024-07-31 21:44:08",NULL,NULL,1
32,"Arjun Roy",1,"2024-08-01 21:44:08",NULL,NULL,1
33,"Neha Bhatt",1,"2024-08-02 21:44:08",NULL,NULL,1
34,"Suman Roy",1,"2024-08-03 21:44:08",NULL,NULL,1
35,"Sneha Das",1,"2024-08-04 21:44:08",NULL,NULL,1
36,"Nisha Kumar",1,"2024-08-05 21:44:08",NULL,NULL,1
37,"Swati Thakur",1,"2024-08-06 21:44:08",NULL,NULL,1
38,"Aarav Yadav",1,"2024-08-07 21:44:08",NULL,NULL,1
39,"Aditya Basu",1,"2024-08-08 21:44:08",NULL,NULL,1
40,"Anika Dutta",1,"2024-08-09 21:44:08",NULL,NULL,1
41,"Ishaan Menon",1,"2024-08-10 21:44:08",NULL,NULL,1
42,"Harsh Iyer",1,"2024-08-11 21:44:08",NULL,NULL,1
43,"Aisha Menon",1,"2024-08-12 21:44:08",NULL,NULL,1
44,"Krishna Malhotra",1,"2024-08-13 21:44:08",NULL,NULL,1
45,"Aarav Chopra",1,"2024-08-14 21:44:08",NULL,NULL,1
46,"Maya Iyer",1,"2024-08-15 21:44:08",NULL,NULL,1
47,"Aditya Dutta",1,"2024-08-16 21:44:08",NULL,NULL,1
48,"Riya Kapoor",1,"2024-08-17 21:44:08",NULL,NULL,1
49,"Isha Chatterjee",1,"2024-08-18 21:44:08",NULL,NULL,1
50,"Raghav Shetty",1,"2024-08-19 21:44:08",NULL,NULL,1
51,"Aditya Kumar",1,"2024-08-20 21:44:08",NULL,NULL,1
52,"Sneha Nair",1,"2024-08-21 21:44:08",NULL,NULL,1
53,"Krishna Bajpai",1,"2024-08-22 21:44:08",NULL,NULL,1
54,"Aakash Mishra",1,"2024-08-23 21:44:08",NULL,NULL,1
55,"Sanjana Sharma",1,"2024-08-24 21:44:08",NULL,NULL,1
56,"Nisha Pandey",1,"2024-08-25 21:44:08",NULL,NULL,1
57,"Aisha Patel",1,"2024-08-26 21:44:08",NULL,NULL,1
58,"Harsh Kapoor",1,"2024-08-27 21:44:08",NULL,NULL,1
59,"Siddharth Rao",1,"2024-08-28 21:44:08",NULL,NULL,1
60,"Siddharth Yadav",1,"2024-08-29 21:44:08",NULL,NULL,1
61,"Swati Rao",1,"2024-08-30 21:44:08",NULL,NULL,1
62,"Vivaan Chatterjee",1,"2024-08-31 21:44:08",NULL,NULL,1
63,"Neha Kumar",1,"2024-09-01 21:44:08",NULL,NULL,1
64,"Sana Gill",1,"2024-09-02 21:44:08",NULL,NULL,1
65,"Aarav Chopra",1,"2024-09-03 21:44:08",NULL,NULL,1
66,"Sanjana Kashyap",1,"2024-09-04 21:44:08",NULL,NULL,1
67,"Tara Gill",1,"2024-09-05 21:44:08",NULL,NULL,1
68,"Neha Nanda",1,"2024-09-06 21:44:08",NULL,NULL,1
69,"Siddharth Sharma",1,"2024-09-07 21:44:08",NULL,NULL,1
70,"Ragini Patel",1,"2024-09-08 21:44:08",NULL,NULL,1
71,"Meera Rao",1,"2024-09-09 21:44:08",NULL,NULL,1
72,"Ayaan Menon",1,"2024-09-10 21:44:08",NULL,NULL,1
73,"Vihaan Gill",1,"2024-09-11 21:44:08",NULL,NULL,1
74,"Priya Desai",1,"2024-09-12 21:44:08",NULL,NULL,1
75,"Vihaan Kumar",1,"2024-09-13 21:44:08",NULL,NULL,1
76,"Aakash Nanda",1,"2024-09-14 21:44:08",NULL,NULL,1
77,"Shaurya Chatterjee",1,"2024-09-15 21:44:08",NULL,NULL,1
78,"Neha Kashyap",1,"2024-09-16 21:44:08",NULL,NULL,1
79,"Ishaan Rao",1,"2024-09-17 21:44:08",NULL,NULL,1
80,"Vivaan Mehta",1,"2024-09-18 21:44:08",NULL,NULL,1
81,"Sanjana Dutta",1,"2024-09-19 21:44:08",NULL,NULL,1
82,"Manan Mehta",1,"2024-09-20 21:44:08",NULL,NULL,1
83,"Sana Yadav",1,"2024-09-21 21:44:08",NULL,NULL,1
84,"Sneha Verma",1,"2024-09-22 21:44:08",NULL,NULL,1
85,"Komal Menon",1,"2024-09-23 21:44:08",NULL,NULL,1
86,"Anika Gupta",1,"2024-09-24 21:44:08",NULL,NULL,1
87,"Vivaan Basu",1,"2024-09-25 21:44:08",NULL,NULL,1
88,"Neha Joshi",1,"2024-09-26 21:44:08",NULL,NULL,1
89,"Aakash Nanda",1,"2024-09-27 21:44:08",NULL,NULL,1
90,"Sneha Basu",1,"2024-09-28 21:44:08",NULL,NULL,1
91,"Raghav Chatterjee",1,"2024-09-29 21:44:08",NULL,NULL,1
92,"Yash Bhatia",1,"2024-09-30 21:44:08",NULL,NULL,1
93,"Ayaan Kulkarni",1,"2024-10-01 21:44:08",NULL,NULL,1
94,"Reyansh Kulkarni",1,"2024-10-02 21:44:08",NULL,NULL,1
95,"Yash Chaudhary",1,"2024-10-03 21:44:08",NULL,NULL,1
96,"Krishna Dutta",1,"2024-10-04 21:44:08",NULL,NULL,1
97,"Mudit Yadav",1,"2024-10-05 21:44:08",NULL,NULL,1
98,"Kavya Chatterjee",1,"2024-10-06 21:44:08",NULL,NULL,1
99,"Krishna Shetty",1,"2024-10-07 21:44:08",NULL,NULL,1
100,"Vihaan Jain",1,"2024-10-08 21:44:08",NULL,NULL,1
101,"Dhruv Dutta",1,"2024-10-09 21:44:08",NULL,NULL,1
102,"Vihaan Mishra",1,"2024-10-10 21:44:08",NULL,NULL,1
103,"Riya Reddy",1,"2024-10-11 21:44:08",NULL,NULL,1
104,"Kabir Kaur",1,"2024-10-12 21:44:08",NULL,NULL,1
105,"Neha Das",1,"2024-10-13 21:44:08",NULL,NULL,1
106,"Aditya Nanda",1,"2024-10-14 21:44:08",NULL,NULL,1
107,"Reyansh Thakur",1,"2024-10-15 21:44:08",NULL,NULL,1
108,"Shaurya Mishra",1,"2024-10-16 21:44:08",NULL,NULL,1
109,"Arjun Kaur",1,"2024-10-17 21:44:08",NULL,NULL,1
110,"Ayaan Patel",1,"2024-10-18 21:44:08",NULL,NULL,1
111,"Ishaan Kumar",1,"2024-10-19 21:44:08",NULL,NULL,1
112,"Reyansh Shetty",1,"2024-10-20 21:44:08",NULL,NULL,1
113,"Vihaan Gupta",1,"2024-10-21 21:44:08",NULL,NULL,1
114,"Priya Agarwal",1,"2024-10-22 21:44:08",NULL,NULL,1
115,"Swati Bajpai",1,"2024-10-23 21:44:08",NULL,NULL,1
116,"Ayaan Singh",1,"2024-10-24 21:44:08",NULL,NULL,1
117,"Ishaan Nair",1,"2024-10-25 21:44:08",NULL,NULL,1
118,"Harsh Mishra",1,"2024-10-26 21:44:08",NULL,NULL,1
119,"Aakash Dutta",1,"2024-10-27 21:44:08",NULL,NULL,1
120,"Aisha Gill",1,"2024-10-28 21:44:08",NULL,NULL,1
121,"Arjun Sharma",1,"2024-10-29 21:44:08",NULL,NULL,1
122,"Tara Kaur",1,"2024-10-30 21:44:08",NULL,NULL,1
123,"Sai Pandey",1,"2024-10-31 21:44:08",NULL,NULL,1
124,"Pooja Iyer",1,"2024-11-01 21:44:08",NULL,NULL,1
125,"Nisha Singh",1,"2024-11-02 21:44:08",NULL,NULL,1
126,"Ayaan Bajpai",1,"2024-11-03 21:44:08",NULL,NULL,1
127,"Reyansh Desai",1,"2024-11-04 21:44:08",NULL,NULL,1
128,"Reyansh Gill",1,"2024-11-05 21:44:08",NULL,NULL,1
129,"Kavya Shetty",1,"2024-11-06 21:44:08",NULL,NULL,1
130,"Dhruv Desai",1,"2024-11-07 21:44:08",NULL,NULL,1
131,"Harsh Bhatia",1,"2024-11-08 21:44:08",NULL,NULL,1
132,"Vihaan Mishra",1,"2024-11-09 21:44:08",NULL,NULL,1
133,"Maya Bhatt",1,"2024-11-10 21:44:08",NULL,NULL,1
134,"Dhruv Saxena",1,"2024-11-11 21:44:08",NULL,NULL,1
135,"Yash Nair",1,"2024-11-12 21:44:08",NULL,NULL,1
136,"Sneha Malhotra",1,"2024-11-13 21:44:08",NULL,NULL,1
137,"Pooja Thakur",1,"2024-11-14 21:44:08",NULL,NULL,1
138,"Kavya Mehta",1,"2024-11-15 21:44:08",NULL,NULL,1
139,"Priya Nanda",1,"2024-11-16 21:44:08",NULL,NULL,1
140,"Sneha Kulkarni",1,"2024-11-17 21:44:08",NULL,NULL,1
141,"Isha Sharma",1,"2024-11-18 21:44:08",NULL,NULL,1
142,"Sneha Shetty",1,"2024-11-19 21:44:08",NULL,NULL,1
143,"Nisha Desai",1,"2024-11-20 21:44:08",NULL,NULL,1
144,"Aisha Reddy",1,"2024-11-21 21:44:08",NULL,NULL,1
145,"Ayaan Bhatt",1,"2024-11-22 21:44:08",NULL,NULL,1
146,"Sanjana Saxena",1,"2024-11-23 21:44:08",NULL,NULL,1
147,"Dhruv Das",1,"2024-11-24 21:44:08",NULL,NULL,1
148,"Priya Yadav",1,"2024-11-25 21:44:08",NULL,NULL,1
149,"Aditya Mehta",1,"2024-11-26 21:44:08",NULL,NULL,1
150,"Suman Saxena",1,"2024-11-27 21:44:08",NULL,NULL,1
151,"Kavya Kashyap",1,"2024-11-28 21:44:08",NULL,NULL,1
152,"Anika Kumar",1,"2024-11-29 21:44:08",NULL,NULL,1
153,"Vivaan Mehta",1,"2024-11-30 21:44:08",NULL,NULL,1
154,"Sanjana Reddy",1,"2024-12-01 21:44:08",NULL,NULL,1
155,"Tara Iyer",1,"2024-12-02 21:44:08",NULL,NULL,1
156,"Siddharth Bhatia",1,"2024-12-03 21:44:08",NULL,NULL,1
157,"Raghav Agarwal",1,"2024-12-04 21:44:08",NULL,NULL,1
158,"Arjun Agarwal",1,"2024-12-05 21:44:08",NULL,NULL,1
159,"Ayaan Thakur",1,"2024-12-06 21:44:08",NULL,NULL,1
160,"Meera Nair",1,"2024-12-07 21:44:08",NULL,NULL,1
161,"Shaurya Basu",1,"2024-12-08 21:44:08",NULL,NULL,1
162,"Komal Bajpai",1,"2024-12-09 21:44:08",NULL,NULL,1
163,"Vihaan Kumar",1,"2024-12-10 21:44:08",NULL,NULL,1
164,"Swati Chaudhary",1,"2024-12-11 21:44:08",NULL,NULL,1
165,"Swati Gupta",1,"2024-12-12 21:44:08",NULL,NULL,1
166,"Riya Saxena",1,"2024-12-13 21:44:08",NULL,NULL,1
167,"Aarav Desai",1,"2024-12-14 21:44:08",NULL,NULL,1
168,"Sai Pandey",1,"2024-12-15 21:44:08",NULL,NULL,1
169,"Aisha Kulkarni",1,"2024-12-16 21:44:08",NULL,NULL,1
170,"Pooja Chaudhary",1,"2024-12-17 21:44:08",NULL,NULL,1
171,"Vivaan Desai",1,"2024-12-18 21:44:08",NULL,NULL,1
172,"Yash Patel",1,"2024-12-19 21:44:08",NULL,NULL,1
173,"Vihaan Thakur",1,"2024-12-20 21:44:08",NULL,NULL,1
174,"Maya Bajpai",1,"2024-12-21 21:44:08",NULL,NULL,1
175,"Vivaan Thakur",1,"2024-12-22 21:44:08",NULL,NULL,1
176,"Dhruv Saxena",1,"2024-12-23 21:44:08",NULL,NULL,1
177,"Aakash Kapoor",1,"2024-12-24 21:44:08",NULL,NULL,1
178,"Suman Agarwal",1,"2024-12-25 21:44:08",NULL,NULL,1
179,"Sai Bajpai",1,"2024-12-26 21:44:08",NULL,NULL,1
180,"Mudit Kaur",1,"2024-12-27 21:44:08",NULL,NULL,1
181,"Harsh Pandey",1,"2024-12-28 21:44:08",NULL,NULL,1
182,"Aditya Kapoor",1,"2024-12-29 21:44:08",NULL,NULL,1
183,"Sneha Chopra",1,"2024-12-30 21:44:08",NULL,NULL,1
184,"Ishaan Chaudhary",1,"2024-12-31 21:44:08",NULL,NULL,1
185,"Harsh Malhotra",1,"2025-01-01 21:44:08",NULL,NULL,1
186,"Aisha Shetty",1,"2025-01-02 21:44:08",NULL,NULL,1
187,"Kabir Desai",1,"2025-01-03 21:44:08",NULL,NULL,1
188,"Priya Bajpai",1,"2025-01-04 21:44:08",NULL,NULL,1
189,"Aditya Desai",1,"2025-01-05 21:44:08",NULL,NULL,1
190,"Ishaan Menon",1,"2025-01-06 21:44:08",NULL,NULL,1
191,"Kabir Nair",1,"2025-01-07 21:44:08",NULL,NULL,1
192,"Ishaan Singh",1,"2025-01-08 21:44:08",NULL,NULL,1
193,"Anika Chopra",1,"2025-01-09 21:44:08",NULL,NULL,1
194,"Vihaan Jain",1,"2025-01-10 21:44:08",NULL,NULL,1
195,"Aarav Mishra",1,"2025-01-11 21:44:08",NULL,NULL,1
196,"Krishna Bhatt",1,"2025-01-12 21:44:08",NULL,NULL,1
197,"Reyansh Verma",1,"2025-01-13 21:44:08",NULL,NULL,1
198,"Mudit Sharma",1,"2025-01-14 21:44:08",NULL,NULL,1
199,"Krishna Agarwal",1,"2025-01-15 21:44:08",NULL,NULL,1
200,"Harsh Sharma",1,"2025-01-16 21:44:08",NULL,NULL,1
201,"Ishaan Patel",1,"2025-01-17 21:44:08",NULL,NULL,1
202,"Mudit Bhatia",1,"2025-01-18 21:44:08",NULL,NULL,1
203,"Manan Roy",1,"2025-01-19 21:44:08",NULL,NULL,1
204,"Aarav Chatterjee",1,"2025-01-20 21:44:08",NULL,NULL,1
205,"Priya Chopra",1,"2025-01-21 21:44:08",NULL,NULL,1
206,"Vihaan Pandey",1,"2025-01-22 21:44:08",NULL,NULL,1
207,"Krishna Das",1,"2025-01-23 21:44:08",NULL,NULL,1
208,"Sana Dutta",1,"2025-01-24 21:44:08",NULL,NULL,1
209,"Riya Rao",1,"2025-01-25 21:44:08",NULL,NULL,1
210,"Tara Chatterjee",1,"2025-01-26 21:44:08",NULL,NULL,1
211,"Mudit Patel",1,"2025-01-27 21:44:08",NULL,NULL,1
212,"Ishaan Yadav",1,"2025-01-28 21:44:08",NULL,NULL,1
213,"Vihaan Kapoor",1,"2025-01-29 21:44:08",NULL,NULL,1
214,"Kabir Kaur",1,"2025-01-30 21:44:08",NULL,NULL,1
215,"Suman Menon",1,"2025-01-31 21:44:08",NULL,NULL,1
216,"Raghav Joshi",1,"2025-02-01 21:44:08",NULL,NULL,1
217,"Kavya Mehta",1,"2025-02-02 21:44:08",NULL,NULL,1
218,"Ayaan Kumar",1,"2025-02-03 21:44:08",NULL,NULL,1
219,"Ayaan Chaudhary",1,"2025-02-04 21:44:08",NULL,NULL,1
220,"Meera Das",1,"2025-02-05 21:44:08",NULL,NULL,1
221,"Sanjana Desai",1,"2025-02-06 21:44:08",NULL,NULL,1
222,"Pooja Kaur",1,"2025-02-07 21:44:08",NULL,NULL,1
223,"Nisha Chaudhary",1,"2025-02-08 21:44:08",NULL,NULL,1
224,"Ishaan Chaudhary",1,"2025-02-09 21:44:08",NULL,NULL,1
225,"Kavya Saxena",1,"2025-02-10 21:44:08",NULL,NULL,1
226,"Aakash Chatterjee",1,"2025-02-11 21:44:08",NULL,NULL,1
227,"Nisha Mishra",1,"2025-02-12 21:44:08",NULL,NULL,1
228,"Harsh Kulkarni",1,"2025-02-13 21:44:08",NULL,NULL,1
229,"Isha Nanda",1,"2025-02-14 21:44:08",NULL,NULL,1
230,"Neha Bajpai",1,"2025-02-15 21:44:08",NULL,NULL,1
231,"Krishna Nanda",1,"2025-02-16 21:44:08",NULL,NULL,1
232,"Dhruv Jain",1,"2025-02-17 21:44:08",NULL,NULL,1
233,"Ishaan Rao",1,"2025-02-18 21:44:08",NULL,NULL,1
234,"Nisha Chaudhary",1,"2025-02-19 21:44:08",NULL,NULL,1
235,"Anika Verma",1,"2025-02-20 21:44:08",NULL,NULL,1
236,"Meera Kumar",1,"2025-02-21 21:44:08",NULL,NULL,1
237,"Kavya Chaudhary",1,"2025-02-22 21:44:08",NULL,NULL,1
238,"Vivaan Kaur",1,"2025-02-23 21:44:08",NULL,NULL,1
239,"Aisha Patel",1,"2025-02-24 21:44:08",NULL,NULL,1
240,"Anika Das",1,"2025-02-25 21:44:08",NULL,NULL,1
241,"Isha Jain",1,"2025-02-26 21:44:08",NULL,NULL,1
242,"Priya Desai",1,"2025-02-27 21:44:08",NULL,NULL,1
243,"Yash Kumar",1,"2025-02-28 21:44:08",NULL,NULL,1
244,"Maya Kaur",1,"2025-03-01 21:44:08",NULL,NULL,1
245,"Aisha Rao",1,"2025-03-02 21:44:08",NULL,NULL,1
246,"Ragini Mishra",1,"2025-03-03 21:44:08",NULL,NULL,1
247,"Harsh Menon",1,"2025-03-04 21:44:08",NULL,NULL,1
248,"Pooja Roy",1,"2025-03-05 21:44:08",NULL,NULL,1
249,"Neha Rao",1,"2025-03-06 21:44:08",NULL,NULL,1
250,"Sanjana Verma",1,"2025-03-07 21:44:08",NULL,NULL,1
251,"Nisha Nanda",1,"2025-03-08 21:44:08",NULL,NULL,1
252,"Sanjana Bhatia",1,"2025-03-09 21:44:08",NULL,NULL,1
253,"Neha Menon",1,"2025-03-10 21:44:08",NULL,NULL,1
254,"Kavya Shetty",1,"2025-03-11 21:44:08",NULL,NULL,1
255,"Mudit Bhatt",1,"2025-03-12 21:44:08",NULL,NULL,1
256,"Nisha Basu",1,"2025-03-13 21:44:08",NULL,NULL,1
257,"Kabir Kumar",1,"2025-03-14 21:44:08",NULL,NULL,1
258,"Suman Chaudhary",1,"2025-03-15 21:44:08",NULL,NULL,1
259,"Manan Yadav",1,"2025-03-16 21:44:08",NULL,NULL,1
260,"Neha Rao",1,"2025-03-17 21:44:08",NULL,NULL,1
261,"Ayaan Pandey",1,"2025-03-18 21:44:08",NULL,NULL,1
262,"Tara Kaur",1,"2025-03-19 21:44:08",NULL,NULL,1
263,"Anika Gupta",1,"2025-03-20 21:44:08",NULL,NULL,1
264,"Vihaan Reddy",1,"2025-03-21 21:44:08",NULL,NULL,1
265,"Krishna Gill",1,"2025-03-22 21:44:08",NULL,NULL,1
266,"Priya Gill",1,"2025-03-23 21:44:08",NULL,NULL,1
267,"Tara Bhatia",1,"2025-03-24 21:44:08",NULL,NULL,1
268,"Aditya Menon",1,"2025-03-25 21:44:08",NULL,NULL,1
269,"Reyansh Shetty",1,"2025-03-26 21:44:08",NULL,NULL,1
270,"Ragini Nanda",1,"2025-03-27 21:44:08",NULL,NULL,1
271,"Sai Gupta",1,"2025-03-28 21:44:08",NULL,NULL,1
272,"Neha Menon",1,"2025-03-29 21:44:08",NULL,NULL,1
273,"Sana Das",1,"2025-03-30 21:44:08",NULL,NULL,1
274,"Aditya Mishra",1,"2025-03-31 21:44:08",NULL,NULL,1
275,"Komal Gupta",1,"2025-04-01 21:44:08",NULL,NULL,1
276,"Sana Singh",1,"2025-04-02 21:44:08",NULL,NULL,1
277,"Vivaan Iyer",1,"2025-04-03 21:44:08",NULL,NULL,1
278,"Priya Sharma",1,"2025-04-04 21:44:08",NULL,NULL,1
279,"Vihaan Jain",1,"2025-04-05 21:44:08",NULL,NULL,1
280,"Mudit Sharma",1,"2025-04-06 21:44:08",NULL,NULL,1
281,"Swati Iyer",1,"2025-04-07 21:44:08",NULL,NULL,1
282,"Manan Kashyap",1,"2025-04-08 21:44:08",NULL,NULL,1
283,"Manan Gupta",1,"2025-04-09 21:44:08",NULL,NULL,1
284,"Meera Joshi",1,"2025-04-10 21:44:08",NULL,NULL,1
285,"Nisha Basu",1,"2025-04-11 21:44:08",NULL,NULL,1
286,"Maya Pandey",1,"2025-04-12 21:44:08",NULL,NULL,1
287,"Suman Jain",1,"2025-04-13 21:44:08",NULL,NULL,1
288,"Swati Singh",1,"2025-04-14 21:44:08",NULL,NULL,1
289,"Siddharth Verma",1,"2025-04-15 21:44:08",NULL,NULL,1
290,"Siddharth Dutta",1,"2025-04-16 21:44:08",NULL,NULL,1
291,"Yash Iyer",1,"2025-04-17 21:44:08",NULL,NULL,1
292,"Tara Sharma",1,"2025-04-18 21:44:08",NULL,NULL,1
293,"Tara Rao",1,"2025-04-19 21:44:08",NULL,NULL,1
294,"Shaurya Chopra",1,"2025-04-20 21:44:08",NULL,NULL,1
295,"Yash Agarwal",1,"2025-04-21 21:44:08",NULL,NULL,1
296,"Priya Kashyap",1,"2025-04-22 21:44:08",NULL,NULL,1
297,"Aditya Chopra",1,"2025-04-23 21:44:08",NULL,NULL,1
298,"Arjun Gill",1,"2025-04-24 21:44:08",NULL,NULL,1
299,"Aditya Reddy",1,"2025-04-25 21:44:08",NULL,NULL,1
300,"Vihaan Malhotra",1,"2025-04-26 21:44:08",NULL,NULL,1
301,"Neha Chopra",1,"2025-04-27 21:44:08",NULL,NULL,1
302,"Aakash Bhatt",1,"2025-04-28 21:44:08",NULL,NULL,1
303,"Ayaan Mehta",1,"2025-04-29 21:44:08",NULL,NULL,1
304,"Tara Jain",1,"2025-04-30 21:44:08",NULL,NULL,1
305,"Swati Nanda",1,"2025-05-01 21:44:08",NULL,NULL,1
306,"Anika Agarwal",1,"2025-05-02 21:44:08",NULL,NULL,1
307,"Vivaan Kapoor",1,"2025-05-03 21:44:08",NULL,NULL,1
308,"Shaurya Singh",1,"2025-05-04 21:44:08",NULL,NULL,1
309,"Harsh Gupta",1,"2025-05-05 21:44:08",NULL,NULL,1
310,"Vihaan Roy",1,"2025-05-06 21:44:08",NULL,NULL,1
311,"Nisha Gill",1,"2025-05-07 21:44:08",NULL,NULL,1
312,"Nisha Reddy",1,"2025-05-08 21:44:08",NULL,NULL,1
313,"Ragini Chatterjee",1,"2025-05-09 21:44:08",NULL,NULL,1
314,"Isha Rao",1,"2025-05-10 21:44:08",NULL,NULL,1
315,"Manan Saxena",1,"2025-05-11 21:44:08",NULL,NULL,1
316,"Tara Yadav",1,"2025-05-12 21:44:08",NULL,NULL,1
317,"Priya Yadav",1,"2025-05-13 21:44:08",NULL,NULL,1
318,"Neha Basu",1,"2025-05-14 21:44:08",NULL,NULL,1
319,"Dhruv Kapoor",1,"2025-05-15 21:44:08",NULL,NULL,1
320,"Swati Saxena",1,"2025-05-16 21:44:08",NULL,NULL,1
321,"Vihaan Chatterjee",1,"2025-05-17 21:44:08",NULL,NULL,1
322,"Harsh Yadav",1,"2025-05-18 21:44:08",NULL,NULL,1
323,"Vivaan Chaudhary",1,"2025-05-19 21:44:08",NULL,NULL,1
324,"Nisha Bhatt",1,"2025-05-20 21:44:08",NULL,NULL,1
325,"Sana Gupta",1,"2025-05-21 21:44:08",NULL,NULL,1
326,"Sneha Malhotra",1,"2025-05-22 21:44:08",NULL,NULL,1
327,"Aakash Kashyap",1,"2025-05-23 21:44:08",NULL,NULL,1
328,"Dhruv Chatterjee",1,"2025-05-24 21:44:08",NULL,NULL,1
329,"Aarav Patel",1,"2025-05-25 21:44:08",NULL,NULL,1
330,"Ishaan Reddy",1,"2025-05-26 21:44:08",NULL,NULL,1
331,"Swati Mehta",1,"2025-05-27 21:44:08",NULL,NULL,1
332,"Isha Desai",1,"2025-05-28 21:44:08",NULL,NULL,1
333,"Ayaan Das",1,"2025-05-29 21:44:08",NULL,NULL,1
334,"Meera Desai",1,"2025-05-30 21:44:08",NULL,NULL,1
335,"Arjun Bhatia",1,"2025-05-31 21:44:08",NULL,NULL,1
336,"Nisha Basu",1,"2025-06-01 21:44:08",NULL,NULL,1
337,"Arjun Kumar",1,"2025-06-02 21:44:08",NULL,NULL,1
338,"Meera Nanda",1,"2025-06-03 21:44:08",NULL,NULL,1
339,"Mudit Chaudhary",1,"2025-06-04 21:44:08",NULL,NULL,1
340,"Ragini Mishra",1,"2025-06-05 21:44:08",NULL,NULL,1
341,"Yash Mishra",1,"2025-06-06 21:44:08",NULL,NULL,1
342,"Sanjana Pandey",1,"2025-06-07 21:44:08",NULL,NULL,1
343,"Komal Verma",1,"2025-06-08 21:44:08",NULL,NULL,1
344,"Raghav Mehta",1,"2025-06-09 21:44:08",NULL,NULL,1
345,"Sanjana Jain",1,"2025-06-10 21:44:08",NULL,NULL,1
346,"Ayaan Reddy",1,"2025-06-11 21:44:08",NULL,NULL,1
347,"Vivaan Singh",1,"2025-06-12 21:44:08",NULL,NULL,1
348,"Meera Jain",1,"2025-06-13 21:44:08",NULL,NULL,1
349,"Vivaan Pandey",1,"2025-06-14 21:44:08",NULL,NULL,1
350,"Manan Patel",1,"2025-06-15 21:44:08",NULL,NULL,1
351,"Raghav Chatterjee",1,"2025-06-16 21:44:08",NULL,NULL,1
352,"Reyansh Chopra",1,"2025-06-17 21:44:08",NULL,NULL,1
353,"Vihaan Mishra",1,"2025-06-18 21:44:08",NULL,NULL,1
354,"Pooja Yadav",1,"2025-06-19 21:44:08",NULL,NULL,1
355,"Siddharth Gill",1,"2025-06-20 21:44:08",NULL,NULL,1
356,"Manan Agarwal",1,"2025-06-21 21:44:08",NULL,NULL,1
357,"Aisha Roy",1,"2025-06-22 21:44:08",NULL,NULL,1
358,"Sanjana Verma",1,"2025-06-23 21:44:08",NULL,NULL,1
359,"Priya Bajpai",1,"2025-06-24 21:44:08",NULL,NULL,1
360,"Sana Sharma",1,"2025-06-25 21:44:08",NULL,NULL,1
361,"Komal Mehta",1,"2025-06-26 21:44:08",NULL,NULL,1
362,"Meera Agarwal",1,"2025-06-27 21:44:08",NULL,NULL,1
363,"Vihaan Kashyap",1,"2025-06-28 21:44:08",NULL,NULL,1
364,"Manan Kumar",1,"2025-06-29 21:44:08",NULL,NULL,1
365,"Krishna Chopra",1,"2025-06-30 21:44:08",NULL,NULL,1
366,"Pooja Saxena",1,"2025-07-01 21:44:08",NULL,NULL,1
367,"Siddharth Gupta",1,"2025-07-02 21:44:08",NULL,NULL,1
368,"Aisha Chaudhary",1,"2025-07-03 21:44:08",NULL,NULL,1
369,"Kabir Mishra",1,"2025-07-04 21:44:08",NULL,NULL,1
370,"Vivaan Iyer",1,"2025-07-05 21:44:08",NULL,NULL,1
371,"Siddharth Agarwal",1,"2025-07-06 21:44:08",NULL,NULL,1
372,"Manan Gupta",1,"2025-07-07 21:44:08",NULL,NULL,1
373,"Mudit Bhatt",1,"2025-07-08 21:44:08",NULL,NULL,1
374,"Maya Singh",1,"2025-07-09 21:44:08",NULL,NULL,1
375,"Ishaan Dutta",1,"2025-07-10 21:44:08",NULL,NULL,1
376,"Isha Nair",1,"2025-07-11 21:44:08",NULL,NULL,1
377,"Nisha Chopra",1,"2025-07-12 21:44:08",NULL,NULL,1
378,"Riya Kaur",1,"2025-07-13 21:44:08",NULL,NULL,1
379,"Sana Thakur",1,"2025-07-14 21:44:08",NULL,NULL,1
380,"Manan Kulkarni",1,"2025-07-15 21:44:08",NULL,NULL,1
381,"Anika Joshi",1,"2025-07-16 21:44:08",NULL,NULL,1
382,"Aisha Kumar",1,"2025-07-17 21:44:08",NULL,NULL,1
383,"Isha Pandey",1,"2025-07-18 21:44:08",NULL,NULL,1
384,"Swati Patel",1,"2025-07-19 21:44:08",NULL,NULL,1
385,"Ishaan Das",1,"2025-07-20 21:44:08",NULL,NULL,1
386,"Aarav Bajpai",1,"2025-07-21 21:44:08",NULL,NULL,1
387,"Aisha Patel",1,"2025-07-22 21:44:08",NULL,NULL,1
388,"Shaurya Mehta",1,"2025-07-23 21:44:08",NULL,NULL,1
389,"Arjun Roy",1,"2025-07-24 21:44:08",NULL,NULL,1
390,"Vihaan Saxena",1,"2025-07-25 21:44:08",NULL,NULL,1
391,"Ragini Kulkarni",1,"2025-07-26 21:44:08",NULL,NULL,1
392,"Aditya Chatterjee",1,"2025-07-27 21:44:08",NULL,NULL,1
393,"Harsh Kaur",1,"2025-07-28 21:44:08",NULL,NULL,1
394,"Sai Mishra",1,"2025-07-29 21:44:08",NULL,NULL,1
395,"Sanjana Kapoor",1,"2025-07-30 21:44:08",NULL,NULL,1
396,"Krishna Reddy",1,"2025-07-31 21:44:08",NULL,NULL,1
397,"Maya Mehta",1,"2025-08-01 21:44:08",NULL,NULL,1
398,"Pooja Das",1,"2025-08-02 21:44:08",NULL,NULL,1
399,"Meera Kaur",1,"2025-08-03 21:44:08",NULL,NULL,1
400,"Nisha Bhatia",1,"2025-08-04 21:44:08",NULL,NULL,1
401,"Aarav Menon",1,"2025-08-05 21:44:08",NULL,NULL,1
402,"Manan Gill",1,"2025-08-06 21:44:08",NULL,NULL,1
403,"Vihaan Bajpai",1,"2025-08-07 21:44:08",NULL,NULL,1
404,"Sai Patel",1,"2025-08-08 21:44:08",NULL,NULL,1
405,"Isha Dutta",1,"2025-08-09 21:44:08",NULL,NULL,1
406,"Nisha Das",1,"2025-08-10 21:44:08",NULL,NULL,1
407,"Aisha Kapoor",1,"2025-08-11 21:44:08",NULL,NULL,1
408,"Ragini Roy",1,"2025-08-12 21:44:08",NULL,NULL,1
409,"Priya Bajpai",1,"2025-08-13 21:44:08",NULL,NULL,1
410,"Sanjana Mehta",1,"2025-08-14 21:44:08",NULL,NULL,1
411,"Siddharth Joshi",1,"2025-08-15 21:44:08",NULL,NULL,1
412,"Maya Chaudhary",1,"2025-08-16 21:44:08",NULL,NULL,1
413,"Mudit Agarwal",1,"2025-08-17 21:44:08",NULL,NULL,1
414,"Komal Kaur",1,"2025-08-18 21:44:08",NULL,NULL,1
415,"Suman Reddy",1,"2025-08-19 21:44:08",NULL,NULL,1
416,"Aisha Patel",1,"2025-08-20 21:44:08",NULL,NULL,1
417,"Sanjana Kashyap",1,"2025-08-21 21:44:08",NULL,NULL,1
418,"Dhruv Shetty",1,"2025-08-22 21:44:08",NULL,NULL,1
419,"Krishna Jain",1,"2025-08-23 21:44:08",NULL,NULL,1
420,"Harsh Mehta",1,"2025-08-24 21:44:08",NULL,NULL,1
421,"Aditya Iyer",1,"2025-08-25 21:44:08",NULL,NULL,1
422,"Anika Jain",1,"2025-08-26 21:44:08",NULL,NULL,1
423,"Sana Roy",1,"2025-08-27 21:44:08",NULL,NULL,1
424,"Ayaan Chatterjee",1,"2025-08-28 21:44:08",NULL,NULL,1
425,"Pooja Sharma",1,"2025-08-29 21:44:08",NULL,NULL,1
426,"Tara Singh",1,"2025-08-30 21:44:08",NULL,NULL,1
427,"Harsh Bhatia",1,"2025-08-31 21:44:08",NULL,NULL,1
428,"Harsh Kumar",1,"2025-09-01 21:44:08",NULL,NULL,1
429,"Sneha Mehta",1,"2025-09-02 21:44:08",NULL,NULL,1
430,"Krishna Verma",1,"2025-09-03 21:44:08",NULL,NULL,1
431,"Kabir Thakur",1,"2025-09-04 21:44:08",NULL,NULL,1
432,"Ragini Nanda",1,"2025-09-05 21:44:08",NULL,NULL,1
433,"Aakash Agarwal",1,"2025-09-06 21:44:08",NULL,NULL,1
434,"Manan Joshi",1,"2025-09-07 21:44:08",NULL,NULL,1
435,"Vihaan Kulkarni",1,"2025-09-08 21:44:08",NULL,NULL,1
436,"Harsh Bhatia",1,"2025-09-09 21:44:08",NULL,NULL,1
437,"Vihaan Iyer",1,"2025-09-10 21:44:08",NULL,NULL,1
438,"Kabir Pandey",1,"2025-09-11 21:44:08",NULL,NULL,1
439,"Pooja Jain",1,"2025-09-12 21:44:08",NULL,NULL,1
440,"Nisha Patel",1,"2025-09-13 21:44:08",NULL,NULL,1
441,"Aisha Roy",1,"2025-09-14 21:44:08",NULL,NULL,1
442,"Pooja Yadav",1,"2025-09-15 21:44:08",NULL,NULL,1
443,"Priya Malhotra",1,"2025-09-16 21:44:08",NULL,NULL,1
444,"Krishna Saxena",1,"2025-09-17 21:44:08",NULL,NULL,1
445,"Swati Yadav",1,"2025-09-18 21:44:08",NULL,NULL,1
446,"Pooja Pandey",1,"2025-09-19 21:44:08",NULL,NULL,1
447,"Swati Gupta",1,"2025-09-20 21:44:08",NULL,NULL,1
448,"Shaurya Jain",1,"2025-09-21 21:44:08",NULL,NULL,1
449,"Maya Bhatt",1,"2025-09-22 21:44:08",NULL,NULL,1
450,"Nisha Mehta",1,"2025-09-23 21:44:08",NULL,NULL,1
451,"Manan Verma",1,"2025-09-24 21:44:08",NULL,NULL,1
452,"Kabir Basu",1,"2025-09-25 21:44:08",NULL,NULL,1
453,"Krishna Patel",1,"2025-09-26 21:44:08",NULL,NULL,1
454,"Mudit Nair",1,"2025-09-27 21:44:08",NULL,NULL,1
455,"Dhruv Bajpai",1,"2025-09-28 21:44:08",NULL,NULL,1
456,"Reyansh Jain",1,"2025-09-29 21:44:08",NULL,NULL,1
457,"Harsh Desai",1,"2025-09-30 21:44:08",NULL,NULL,1
458,"Kabir Saxena",1,"2025-10-01 21:44:08",NULL,NULL,1
459,"Aakash Thakur",1,"2025-10-02 21:44:08",NULL,NULL,1
460,"Meera Menon",1,"2025-10-03 21:44:08",NULL,NULL,1
461,"Reyansh Chaudhary",1,"2025-10-04 21:44:08",NULL,NULL,1
462,"Aditya Chaudhary",1,"2025-10-05 21:44:08",NULL,NULL,1
463,"Aakash Roy",1,"2025-10-06 21:44:08",NULL,NULL,1
464,"Tara Roy",1,"2025-10-07 21:44:08",NULL,NULL,1
465,"Aditya Bhatt",1,"2025-10-08 21:44:08",NULL,NULL,1
466,"Ishaan Kapoor",1,"2025-10-09 21:44:08",NULL,NULL,1
467,"Anika Chopra",1,"2025-10-10 21:44:08",NULL,NULL,1
468,"Pooja Kumar",1,"2025-10-11 21:44:08",NULL,NULL,1
469,"Aarav Sharma",1,"2025-10-12 21:44:08",NULL,NULL,1
470,"Aditya Basu",1,"2025-10-13 21:44:08",NULL,NULL,1
471,"Krishna Bhatia",1,"2025-10-14 21:44:08",NULL,NULL,1
472,"Raghav Yadav",1,"2025-10-15 21:44:08",NULL,NULL,1
473,"Nisha Kumar",1,"2025-10-16 21:44:08",NULL,NULL,1
474,"Kavya Saxena",1,"2025-10-17 21:44:08",NULL,NULL,1
475,"Aarav Nair",1,"2025-10-18 21:44:08",NULL,NULL,1
476,"Swati Roy",1,"2025-10-19 21:44:08",NULL,NULL,1
477,"Reyansh Sharma",1,"2025-10-20 21:44:08",NULL,NULL,1
478,"Suman Roy",1,"2025-10-21 21:44:08",NULL,NULL,1
479,"Mudit Pandey",1,"2025-10-22 21:44:08",NULL,NULL,1
480,"Yash Kumar",1,"2025-10-23 21:44:08",NULL,NULL,1
481,"Manan Kaur",1,"2025-10-24 21:44:08",NULL,NULL,1
482,"Sai Pandey",1,"2025-10-25 21:44:08",NULL,NULL,1
483,"Mudit Kaur",1,"2025-10-26 21:44:08",NULL,NULL,1
484,"Aarav Reddy",1,"2025-10-27 21:44:08",NULL,NULL,1
485,"Komal Singh",1,"2025-10-28 21:44:08",NULL,NULL,1
486,"Sneha Kashyap",1,"2025-10-29 21:44:08",NULL,NULL,1
487,"Kabir Sharma",1,"2025-10-30 21:44:08",NULL,NULL,1
488,"Siddharth Malhotra",1,"2025-10-31 21:44:08",NULL,NULL,1
489,"Sneha Kaur",1,"2025-11-01 21:44:08",NULL,NULL,1
490,"Tara Sharma",1,"2025-11-02 21:44:08",NULL,NULL,1
491,"Neha Patel",1,"2025-11-03 21:44:08",NULL,NULL,1
492,"Aisha Thakur",1,"2025-11-04 21:44:08",NULL,NULL,1
493,"Reyansh Mehta",1,"2025-11-05 21:44:08",NULL,NULL,1
494,"Aisha Chopra",1,"2025-11-06 21:44:08",NULL,NULL,1
495,"Krishna Jain",1,"2025-11-07 21:44:08",NULL,NULL,1
496,"Aisha Malhotra",1,"2025-11-08 21:44:08",NULL,NULL,1
497,"Dhruv Jain",1,"2025-11-09 21:44:08",NULL,NULL,1
498,"Dhruv Kulkarni",1,"2025-11-10 21:44:08",NULL,NULL,1
499,"Mudit Singh",1,"2025-11-11 21:44:08",NULL,NULL,1
500,"Nisha Singh",1,"2025-11-12 21:44:08",NULL,NULL,1
501,"Anika Yadav",1,"2025-11-13 21:44:08",NULL,NULL,1
502,"Vivaan Rao",1,"2025-11-14 21:44:08",NULL,NULL,1
503,"Raghav Jain",1,"2025-11-15 21:44:08",NULL,NULL,1
504,"Isha Kapoor",1,"2025-11-16 21:44:08",NULL,NULL,1
505,"Isha Nair",1,"2025-11-17 21:44:08",NULL,NULL,1
506,"Sai Joshi",1,"2025-11-18 21:44:08",NULL,NULL,1
507,"Swati Joshi",1,"2025-11-19 21:44:08",NULL,NULL,1
508,"Meera Reddy",1,"2025-11-20 21:44:08",NULL,NULL,1
509,"Ishaan Bhatt",1,"2025-11-21 21:44:08",NULL,NULL,1
510,"Aditya Malhotra",1,"2025-11-22 21:44:08",NULL,NULL,1
511,"Tara Kulkarni",1,"2025-11-23 21:44:08",NULL,NULL,1
512,"Aisha Kulkarni",1,"2025-11-24 21:44:08",NULL,NULL,1
513,"Sana Malhotra",1,"2025-11-25 21:44:08",NULL,NULL,1
514,"Manan Basu",1,"2025-11-26 21:44:08",NULL,NULL,1
515,"Anika Sharma",1,"2025-11-27 21:44:08",NULL,NULL,1
516,"Harsh Kulkarni",1,"2025-11-28 21:44:08",NULL,NULL,1
517,"Manan Yadav",1,"2025-11-29 21:44:08",NULL,NULL,1
518,"Vihaan Nair",1,"2025-11-30 21:44:08",NULL,NULL,1
519,"Harsh Chatterjee",1,"2025-12-01 21:44:08",NULL,NULL,1
520,"Riya Reddy",1,"2025-12-02 21:44:08",NULL,NULL,1
521,"Harsh Malhotra",1,"2025-12-03 21:44:08",NULL,NULL,1
522,"Neha Rao",1,"2025-12-04 21:44:08",NULL,NULL,1
523,"Harsh Saxena",1,"2025-12-05 21:44:08",NULL,NULL,1
524,"Shaurya Gupta",1,"2025-12-06 21:44:08",NULL,NULL,1
525,"Yash Kapoor",1,"2025-12-07 21:44:08",NULL,NULL,1
526,"Aakash Patel",1,"2025-12-08 21:44:08",NULL,NULL,1
527,"Aakash Roy",1,"2025-12-09 21:44:08",NULL,NULL,1
528,"Pooja Patel",1,"2025-12-10 21:44:08",NULL,NULL,1
529,"Maya Verma",1,"2025-12-11 21:44:08",NULL,NULL,1
530,"Shaurya Iyer",1,"2025-12-12 21:44:08",NULL,NULL,1
531,"Siddharth Kaur",1,"2025-12-13 21:44:08",NULL,NULL,1
532,"Dhruv Chatterjee",1,"2025-12-14 21:44:08",NULL,NULL,1
533,"Ragini Kulkarni",1,"2025-12-15 21:44:08",NULL,NULL,1
534,"Ayaan Desai",1,"2025-12-16 21:44:08",NULL,NULL,1
535,"Sai Agarwal",1,"2025-12-17 21:44:08",NULL,NULL,1
536,"Aisha Bhatt",1,"2025-12-18 21:44:08",NULL,NULL,1
537,"Komal Dutta",1,"2025-12-19 21:44:08",NULL,NULL,1
538,"Sai Rao",1,"2025-12-20 21:44:08",NULL,NULL,1
539,"Reyansh Desai",1,"2025-12-21 21:44:08",NULL,NULL,1
540,"Isha Gupta",1,"2025-12-22 21:44:08",NULL,NULL,1
541,"Kabir Iyer",1,"2025-12-23 21:44:08",NULL,NULL,1
542,"Shaurya Kumar",1,"2025-12-24 21:44:08",NULL,NULL,1
543,"Aakash Chatterjee",1,"2025-12-25 21:44:08",NULL,NULL,1
544,"Sanjana Desai",1,"2025-12-26 21:44:08",NULL,NULL,1
545,"Tara Kapoor",1,"2025-12-27 21:44:08",NULL,NULL,1
546,"Kavya Gill",1,"2025-12-28 21:44:08",NULL,NULL,1
547,"Ishaan Basu",1,"2025-12-29 21:44:08",NULL,NULL,1
548,"Raghav Bhatia",1,"2025-12-30 21:44:08",NULL,NULL,1
549,"Vihaan Iyer",1,"2025-12-31 21:44:08",NULL,NULL,1
550,"Raghav Thakur",1,"2026-01-01 21:44:08",NULL,NULL,1
551,"Maya Saxena",1,"2026-01-02 21:44:08",NULL,NULL,1
552,"Yash Sharma",1,"2026-01-03 21:44:08",NULL,NULL,1
553,"Sanjana Mishra",1,"2026-01-04 21:44:08",NULL,NULL,1
554,"Maya Menon",1,"2026-01-05 21:44:08",NULL,NULL,1
555,"Harsh Verma",1,"2026-01-06 21:44:08",NULL,NULL,1
556,"Isha Patel",1,"2026-01-07 21:44:08",NULL,NULL,1
557,"Harsh Saxena",1,"2026-01-08 21:44:08",NULL,NULL,1
558,"Ayaan Thakur",1,"2026-01-09 21:44:08",NULL,NULL,1
559,"Ishaan Bhatt",1,"2026-01-10 21:44:08",NULL,NULL,1
560,"Krishna Dutta",1,"2026-01-11 21:44:08",NULL,NULL,1
561,"Aarav Joshi",1,"2026-01-12 21:44:08",NULL,NULL,1
562,"Mudit Gill",1,"2026-01-13 21:44:08",NULL,NULL,1
563,"Ishaan Iyer",1,"2026-01-14 21:44:08",NULL,NULL,1
564,"Aarav Kaur",1,"2026-01-15 21:44:08",NULL,NULL,1
565,"Mudit Rao",1,"2026-01-16 21:44:08",NULL,NULL,1
566,"Meera Nanda",1,"2026-01-17 21:44:08",NULL,NULL,1
567,"Siddharth Saxena",1,"2026-01-18 21:44:08",NULL,NULL,1
568,"Reyansh Shetty",1,"2026-01-19 21:44:08",NULL,NULL,1
569,"Sana Rao",1,"2026-01-20 21:44:08",NULL,NULL,1
570,"Ayaan Singh",1,"2026-01-21 21:44:08",NULL,NULL,1
571,"Kabir Sharma",1,"2026-01-22 21:44:08",NULL,NULL,1
572,"Ishaan Das",1,"2026-01-23 21:44:08",NULL,NULL,1
573,"Shaurya Desai",1,"2026-01-24 21:44:08",NULL,NULL,1
574,"Kabir Bajpai",1,"2026-01-25 21:44:08",NULL,NULL,1
575,"Nisha Mehta",1,"2026-01-26 21:44:08",NULL,NULL,1
576,"Reyansh Patel",1,"2026-01-27 21:44:08",NULL,NULL,1
577,"Sneha Rao",1,"2026-01-28 21:44:08",NULL,NULL,1
578,"Swati Chopra",1,"2026-01-29 21:44:08",NULL,NULL,1
579,"Aakash Bhatt",1,"2026-01-30 21:44:08",NULL,NULL,1
580,"Isha Bhatt",1,"2026-01-31 21:44:08",NULL,NULL,1
581,"Yash Bhatia",1,"2026-02-01 21:44:08",NULL,NULL,1
582,"Sana Gill",1,"2026-02-02 21:44:08",NULL,NULL,1
583,"Harsh Yadav",1,"2026-02-03 21:44:08",NULL,NULL,1
584,"Ishaan Kashyap",1,"2026-02-04 21:44:08",NULL,NULL,1
585,"Manan Jain",1,"2026-02-05 21:44:08",NULL,NULL,1
586,"Priya Reddy",1,"2026-02-06 21:44:08",NULL,NULL,1
587,"Krishna Thakur",1,"2026-02-07 21:44:08",NULL,NULL,1
588,"Harsh Roy",1,"2026-02-08 21:44:08",NULL,NULL,1
589,"Yash Mehta",1,"2026-02-09 21:44:08",NULL,NULL,1
590,"Aakash Bhatia",1,"2026-02-10 21:44:08",NULL,NULL,1
591,"Siddharth Saxena",1,"2026-02-11 21:44:08",NULL,NULL,1
592,"Suman Kashyap",1,"2026-02-12 21:44:08",NULL,NULL,1
593,"Sai Nanda",1,"2026-02-13 21:44:08",NULL,NULL,1
594,"Vihaan Pandey",1,"2026-02-14 21:44:08",NULL,NULL,1
595,"Aakash Gill",1,"2026-02-15 21:44:08",NULL,NULL,1
596,"Kabir Agarwal",1,"2026-02-16 21:44:08",NULL,NULL,1
597,"Kavya Nanda",1,"2026-02-17 21:44:08",NULL,NULL,1
598,"Ragini Kumar",1,"2026-02-18 21:44:08",NULL,NULL,1
599,"Tara Singh",1,"2026-02-19 21:44:08",NULL,NULL,1
600,"Aditya Kulkarni",1,"2026-02-20 21:44:08",NULL,NULL,1
601,"Kabir Kumar",1,"2026-02-21 21:44:08",NULL,NULL,1
602,"Aisha Gill",1,"2026-02-22 21:44:08",NULL,NULL,1
603,"Nisha Shetty",1,"2026-02-23 21:44:08",NULL,NULL,1
604,"Sneha Dutta",1,"2026-02-24 21:44:08",NULL,NULL,1
605,"Aisha Yadav",1,"2026-02-25 21:44:08",NULL,NULL,1
606,"Shaurya Jain",1,"2026-02-26 21:44:08",NULL,NULL,1
607,"Priya Thakur",1,"2026-02-27 21:44:08",NULL,NULL,1
608,"Maya Desai",1,"2026-02-28 21:44:08",NULL,NULL,1
609,"Dhruv Singh",1,"2026-03-01 21:44:08",NULL,NULL,1
610,"Raghav Pandey",1,"2026-03-02 21:44:08",NULL,NULL,1
611,"Krishna Saxena",1,"2026-03-03 21:44:08",NULL,NULL,1
612,"Kavya Gupta",1,"2026-03-04 21:44:08",NULL,NULL,1
613,"Sanjana Bajpai",1,"2026-03-05 21:44:08",NULL,NULL,1
614,"Aakash Nair",1,"2026-03-06 21:44:08",NULL,NULL,1
615,"Anika Singh",1,"2026-03-07 21:44:08",NULL,NULL,1
616,"Raghav Kashyap",1,"2026-03-08 21:44:08",NULL,NULL,1
617,"Priya Iyer",1,"2026-03-09 21:44:08",NULL,NULL,1
618,"Ishaan Dutta",1,"2026-03-10 21:44:08",NULL,NULL,1
619,"Meera Saxena",1,"2026-03-11 21:44:08",NULL,NULL,1
620,"Kavya Das",1,"2026-03-12 21:44:08",NULL,NULL,1
621,"Sana Rao",1,"2026-03-13 21:44:08",NULL,NULL,1
622,"Aarav Jain",1,"2026-03-14 21:44:08",NULL,NULL,1
623,"Anika Nanda",1,"2026-03-15 21:44:08",NULL,NULL,1
624,"Harsh Malhotra",1,"2026-03-16 21:44:08",NULL,NULL,1
625,"Ishaan Gupta",1,"2026-03-17 21:44:08",NULL,NULL,1
626,"Dhruv Roy",1,"2026-03-18 21:44:08",NULL,NULL,1
627,"Sai Gupta",1,"2026-03-19 21:44:08",NULL,NULL,1
628,"Vivaan Singh",1,"2026-03-20 21:44:08",NULL,NULL,1
629,"Kabir Joshi",1,"2026-03-21 21:44:08",NULL,NULL,1
630,"Harsh Chopra",1,"2026-03-22 21:44:08",NULL,NULL,1
631,"Aarav Bajpai",1,"2026-03-23 21:44:08",NULL,NULL,1
632,"Kabir Dutta",1,"2026-03-24 21:44:08",NULL,NULL,1
633,"Meera Chopra",1,"2026-03-25 21:44:08",NULL,NULL,1
634,"Krishna Jain",1,"2026-03-26 21:44:08",NULL,NULL,1
635,"Kavya Pandey",1,"2026-03-27 21:44:08",NULL,NULL,1
636,"Shaurya Kumar",1,"2026-03-28 21:44:08",NULL,NULL,1
637,"Tara Reddy",1,"2026-03-29 21:44:08",NULL,NULL,1
638,"Ragini Bajpai",1,"2026-03-30 21:44:08",NULL,NULL,1
639,"Riya Chaudhary",1,"2026-03-31 21:44:08",NULL,NULL,1
640,"Priya Kumar",1,"2026-04-01 21:44:08",NULL,NULL,1
641,"Sanjana Kapoor",1,"2026-04-02 21:44:08",NULL,NULL,1
642,"Krishna Gill",1,"2026-04-03 21:44:08",NULL,NULL,1
643,"Swati Agarwal",1,"2026-04-04 21:44:08",NULL,NULL,1
644,"Aakash Gupta",1,"2026-04-05 21:44:08",NULL,NULL,1
645,"Sanjana Kaur",1,"2026-04-06 21:44:08",NULL,NULL,1
646,"Komal Bhatia",1,"2026-04-07 21:44:08",NULL,NULL,1
647,"Sneha Chaudhary",1,"2026-04-08 21:44:08",NULL,NULL,1
648,"Mudit Kumar",1,"2026-04-09 21:44:08",NULL,NULL,1
649,"Sai Reddy",1,"2026-04-10 21:44:08",NULL,NULL,1
650,"Vihaan Kaur",1,"2026-04-11 21:44:08",NULL,NULL,1
651,"Ragini Singh",1,"2026-04-12 21:44:08",NULL,NULL,1
652,"Aarav Shetty",1,"2026-04-13 21:44:08",NULL,NULL,1
653,"Sana Iyer",1,"2026-04-14 21:44:08",NULL,NULL,1
654,"Aisha Nanda",1,"2026-04-15 21:44:08",NULL,NULL,1
655,"Tara Roy",1,"2026-04-16 21:44:08",NULL,NULL,1
656,"Aditya Agarwal",1,"2026-04-17 21:44:08",NULL,NULL,1
657,"Mudit Patel",1,"2026-04-18 21:44:08",NULL,NULL,1
658,"Yash Malhotra",1,"2026-04-19 21:44:08",NULL,NULL,1
659,"Pooja Roy",1,"2026-04-20 21:44:08",NULL,NULL,1
660,"Sanjana Pandey",1,"2026-04-21 21:44:08",NULL,NULL,1
661,"Sai Yadav",1,"2026-04-22 21:44:08",NULL,NULL,1
662,"Siddharth Menon",1,"2026-04-23 21:44:08",NULL,NULL,1
663,"Sneha Bhatt",1,"2026-04-24 21:44:08",NULL,NULL,1
664,"Vivaan Nair",1,"2026-04-25 21:44:08",NULL,NULL,1
665,"Sneha Saxena",1,"2026-04-26 21:44:08",NULL,NULL,1
666,"Shaurya Das",1,"2026-04-27 21:44:08",NULL,NULL,1
667,"Ayaan Rao",1,"2026-04-28 21:44:08",NULL,NULL,1
668,"Aisha Dutta",1,"2026-04-29 21:44:08",NULL,NULL,1
669,"Priya Verma",1,"2026-04-30 21:44:08",NULL,NULL,1
670,"Tara Rao",1,"2026-05-01 21:44:08",NULL,NULL,1
671,"Raghav Mehta",1,"2026-05-02 21:44:08",NULL,NULL,1
672,"Aakash Nair",1,"2026-05-03 21:44:08",NULL,NULL,1
673,"Meera Kaur",1,"2026-05-04 21:44:08",NULL,NULL,1
674,"Kabir Bhatt",1,"2026-05-05 21:44:08",NULL,NULL,1
675,"Isha Joshi",1,"2026-05-06 21:44:08",NULL,NULL,1
676,"Dhruv Agarwal",1,"2026-05-07 21:44:08",NULL,NULL,1
677,"Kavya Kaur",1,"2026-05-08 21:44:08",NULL,NULL,1
678,"Maya Singh",1,"2026-05-09 21:44:08",NULL,NULL,1
679,"Tara Chopra",1,"2026-05-10 21:44:08",NULL,NULL,1
680,"Raghav Jain",1,"2026-05-11 21:44:08",NULL,NULL,1
681,"Reyansh Rao",1,"2026-05-12 21:44:08",NULL,NULL,1
682,"Maya Bajpai",1,"2026-05-13 21:44:08",NULL,NULL,1
683,"Ayaan Gupta",1,"2026-05-14 21:44:08",NULL,NULL,1
684,"Krishna Singh",1,"2026-05-15 21:44:08",NULL,NULL,1
685,"Aisha Nair",1,"2026-05-16 21:44:08",NULL,NULL,1
686,"Nisha Iyer",1,"2026-05-17 21:44:08",NULL,NULL,1
687,"Suman Iyer",1,"2026-05-18 21:44:08",NULL,NULL,1
688,"Sai Bhatia",1,"2026-05-19 21:44:08",NULL,NULL,1
689,"Aditya Joshi",1,"2026-05-20 21:44:08",NULL,NULL,1
690,"Yash Dutta",1,"2026-05-21 21:44:08",NULL,NULL,1
691,"Tara Mishra",1,"2026-05-22 21:44:08",NULL,NULL,1
692,"Tara Kaur",1,"2026-05-23 21:44:08",NULL,NULL,1
693,"Nisha Singh",1,"2026-05-24 21:44:08",NULL,NULL,1
694,"Nisha Kashyap",1,"2026-05-25 21:44:08",NULL,NULL,1
695,"Meera Basu",1,"2026-05-26 21:44:08",NULL,NULL,1
696,"Siddharth Jain",1,"2026-05-27 21:44:08",NULL,NULL,1
697,"Reyansh Bajpai",1,"2026-05-28 21:44:08",NULL,NULL,1
698,"Aakash Rao",1,"2026-05-29 21:44:08",NULL,NULL,1
699,"Reyansh Reddy",1,"2026-05-30 21:44:08",NULL,NULL,1
700,"Ishaan Bajpai",1,"2026-05-31 21:44:08",NULL,NULL,1
701,"Kavya Yadav",1,"2026-06-01 21:44:08",NULL,NULL,1
702,"Suman Chaudhary",1,"2026-06-02 21:44:08",NULL,NULL,1
703,"Priya Basu",1,"2026-06-03 21:44:08",NULL,NULL,1
704,"Siddharth Malhotra",1,"2026-06-04 21:44:08",NULL,NULL,1
705,"Swati Singh",1,"2026-06-05 21:44:08",NULL,NULL,1
706,"Swati Agarwal",1,"2026-06-06 21:44:08",NULL,NULL,1
707,"Swati Singh",1,"2026-06-07 21:44:08",NULL,NULL,1
708,"Dhruv Mishra",1,"2026-06-08 21:44:08",NULL,NULL,1
709,"Vihaan Iyer",1,"2026-06-09 21:44:08",NULL,NULL,1
710,"Aakash Bhatt",1,"2026-06-10 21:44:08",NULL,NULL,1
711,"Yash Roy",1,"2026-06-11 21:44:08",NULL,NULL,1
712,"Manan Kaur",1,"2026-06-12 21:44:08",NULL,NULL,1
713,"Mudit Yadav",1,"2026-06-13 21:44:08",NULL,NULL,1
714,"Neha Kulkarni",1,"2026-06-14 21:44:08",NULL,NULL,1
715,"Ragini Bhatia",1,"2026-06-15 21:44:08",NULL,NULL,1
716,"Ayaan Chopra",1,"2026-06-16 21:44:08",NULL,NULL,1
717,"Siddharth Das",1,"2026-06-17 21:44:08",NULL,NULL,1
718,"Kabir Chaudhary",1,"2026-06-18 21:44:08",NULL,NULL,1
719,"Swati Kapoor",1,"2026-06-19 21:44:08",NULL,NULL,1
720,"Neha Mishra",1,"2026-06-20 21:44:08",NULL,NULL,1
721,"Reyansh Kapoor",1,"2026-06-21 21:44:08",NULL,NULL,1
722,"Kavya Roy",1,"2026-06-22 21:44:08",NULL,NULL,1
723,"Mudit Desai",1,"2026-06-23 21:44:08",NULL,NULL,1
724,"Arjun Gupta",1,"2026-06-24 21:44:08",NULL,NULL,1
725,"Nisha Bajpai",1,"2026-06-25 21:44:08",NULL,NULL,1
726,"Ragini Rao",1,"2026-06-26 21:44:08",NULL,NULL,1
727,"Komal Basu",1,"2026-06-27 21:44:08",NULL,NULL,1
728,"Vivaan Das",1,"2026-06-28 21:44:08",NULL,NULL,1
729,"Isha Kulkarni",1,"2026-06-29 21:44:08",NULL,NULL,1
730,"Harsh Reddy",1,"2026-06-30 21:44:08",NULL,NULL,1
731,"Ayaan Kumar",1,"2026-07-01 21:44:08",NULL,NULL,1
732,"Sai Sharma",1,"2026-07-02 21:44:08",NULL,NULL,1
733,"Raghav Reddy",1,"2026-07-03 21:44:08",NULL,NULL,1
734,"Nisha Thakur",1,"2026-07-04 21:44:08",NULL,NULL,1
735,"Komal Kumar",1,"2026-07-05 21:44:08",NULL,NULL,1
736,"Swati Kashyap",1,"2026-07-06 21:44:08",NULL,NULL,1
737,"Dhruv Reddy",1,"2021-08-12 11:47:14",NULL,NULL,1
738,"Anika Iyer",1,"2022-02-22 20:43:23",NULL,NULL,1
739,"Siddharth Bajpai",1,"2019-06-13 11:33:23",NULL,NULL,1
740,"Siddharth Sharma",1,"2023-02-05 19:29:42",NULL,NULL,1
741,"Riya Reddy",1,"2020-07-02 14:56:13",NULL,NULL,1
742,"Ishaan Reddy",1,"2023-12-25 09:16:52",NULL,NULL,1
743,"Kavya Mishra",1,"2023-10-13 09:45:57",NULL,NULL,1
744,"Harsh Agarwal",1,"2019-12-07 20:07:06",NULL,NULL,1
745,"Harsh Gill",1,"2019-04-26 18:48:02",NULL,NULL,1
746,"Sai Chopra",1,"2023-11-22 19:55:19",NULL,NULL,1
747,"Neha Singh",1,"2022-03-26 12:15:11",NULL,NULL,1
748,"Suman Iyer",1,"2022-03-14 09:46:24",NULL,NULL,1
749,"Aisha Malhotra",1,"2020-06-18 10:30:54",NULL,NULL,1
750,"Pooja Chopra",1,"2022-10-05 19:32:40",NULL,NULL,1
751,"Ragini Rao",1,"2022-06-24 14:56:21",NULL,NULL,1
752,"Meera Kashyap",1,"2024-03-10 13:19:41",NULL,NULL,1
753,"Yash Mishra",1,"2024-01-15 11:23:14",NULL,NULL,1
754,"Ayaan Verma",1,"2021-05-13 12:05:18",NULL,NULL,1
755,"Nisha Chopra",1,"2024-09-03 15:29:34",NULL,NULL,1
756,"Ragini Nanda",1,"2020-08-08 15:44:23",NULL,NULL,1
757,"Aarav Roy",1,"2022-03-21 12:17:35",NULL,NULL,1
758,"Pooja Kashyap",1,"2020-02-18 19:22:48",NULL,NULL,1
759,"Riya Chaudhary",1,"2024-01-17 21:29:49",NULL,NULL,1
760,"Ayaan Verma",1,"2023-11-02 16:36:02",NULL,NULL,1
761,"Siddharth Saxena",1,"2019-01-17 13:11:40",NULL,NULL,1
762,"Nisha Bajpai",1,"2019-04-14 19:10:59",NULL,NULL,1
763,"Priya Patel",1,"2024-02-09 18:45:09",NULL,NULL,1
764,"Shaurya Gill",1,"2023-06-18 20:42:37",NULL,NULL,1
765,"Kabir Shetty",1,"2023-09-27 14:14:34",NULL,NULL,1
766,"Nisha Bhatia",1,"2023-12-08 12:01:23",NULL,NULL,1
767,"Aakash Patel",1,"2021-03-03 16:14:18",NULL,NULL,1
768,"Priya Kaur",1,"2021-03-10 20:47:42",NULL,NULL,1
769,"Arjun Mehta",1,"2022-11-19 19:13:11",NULL,NULL,1
770,"Anika Jain",1,"2022-05-29 10:28:08",NULL,NULL,1
771,"Harsh Malhotra",1,"2024-06-03 09:53:37",NULL,NULL,1
772,"Anika Joshi",1,"2023-02-09 15:47:43",NULL,NULL,1
773,"Aditya Agarwal",1,"2024-09-08 17:08:58",NULL,NULL,1
774,"Ishaan Dutta",1,"2022-05-30 21:47:16",NULL,NULL,1
775,"Neha Desai",1,"2021-01-21 21:24:16",NULL,NULL,1
776,"Neha Nair",1,"2019-12-03 10:11:15",NULL,NULL,1
777,"Sana Chatterjee",1,"2020-04-14 15:06:31",NULL,NULL,1
778,"Aakash Yadav",1,"2020-03-27 20:31:57",NULL,NULL,1
779,"Vihaan Joshi",1,"2021-01-25 11:36:00",NULL,NULL,1
780,"Isha Kaur",1,"2022-11-15 15:53:54",NULL,NULL,1
781,"Riya Singh",1,"2019-06-08 17:47:29",NULL,NULL,1
782,"Anika Saxena",1,"2021-06-20 18:44:23",NULL,NULL,1
783,"Raghav Reddy",1,"2021-09-06 11:16:25",NULL,NULL,1
784,"Ayaan Gupta",1,"2021-11-26 19:05:52",NULL,NULL,1
785,"Kabir Jain",1,"2020-06-14 14:01:46",NULL,NULL,1
786,"Mudit Bhatia",1,"2019-02-15 10:48:55",NULL,NULL,1
787,"Reyansh Singh",1,"2020-04-14 18:49:16",NULL,NULL,1
788,"Kabir Jain",1,"2020-06-06 11:52:52",NULL,NULL,1
789,"Raghav Sharma",1,"2019-04-08 13:12:46",NULL,NULL,1
790,"Sana Chatterjee",1,"2023-01-16 14:33:43",NULL,NULL,1
791,"Ragini Roy",1,"2023-06-24 16:15:47",NULL,NULL,1
792,"Ragini Gill",1,"2019-10-02 12:02:46",NULL,NULL,1
793,"Aisha Chatterjee",1,"2023-09-07 18:20:01",NULL,NULL,1
794,"Aakash Das",1,"2019-06-26 15:38:55",NULL,NULL,1
795,"Yash Desai",1,"2019-03-05 09:35:00",NULL,NULL,1
796,"Manan Shetty",1,"2020-01-09 14:36:33",NULL,NULL,1
797,"Siddharth Bajpai",1,"2024-07-15 20:18:59",NULL,NULL,1
798,"Aarav Yadav",1,"2023-11-18 17:49:49",NULL,NULL,1
799,"Sneha Desai",1,"2019-08-17 19:59:05",NULL,NULL,1
800,"Ragini Patel",1,"2024-07-31 10:59:32",NULL,NULL,1
801,"Shaurya Das",1,"2020-05-28 20:44:07",NULL,NULL,1
802,"Vivaan Bajpai",1,"2022-01-17 20:12:12",NULL,NULL,1
803,"Manan Iyer",1,"2023-01-17 14:43:52",NULL,NULL,1
804,"Tara Iyer",1,"2024-07-30 12:42:36",NULL,NULL,1
805,"Isha Mishra",1,"2023-04-25 12:20:51",NULL,NULL,1
806,"Shaurya Shetty",1,"2023-10-05 12:23:06",NULL,NULL,1
807,"Sneha Reddy",1,"2021-08-31 12:58:35",NULL,NULL,1
808,"Dhruv Nair",1,"2022-07-18 09:44:04",NULL,NULL,1
809,"Raghav Nanda",1,"2020-10-03 09:54:36",NULL,NULL,1
810,"Suman Chaudhary",1,"2019-10-12 19:08:18",NULL,NULL,1
811,"Sana Shetty",1,"2019-12-28 13:51:49",NULL,NULL,1
812,"Sai Rao",1,"2022-01-10 11:54:31",NULL,NULL,1
813,"Sai Dutta",1,"2024-08-13 16:36:15",NULL,NULL,1
814,"Aarav Chopra",1,"2024-09-13 12:31:18",NULL,NULL,1
815,"Anika Joshi",1,"2022-10-04 21:27:01",NULL,NULL,1
816,"Ayaan Bhatt",1,"2019-08-21 17:41:37",NULL,NULL,1
817,"Harsh Jain",1,"2024-04-29 18:16:49",NULL,NULL,1
818,"Reyansh Desai",1,"2022-02-10 20:04:19",NULL,NULL,1
819,"Neha Iyer",1,"2024-04-29 16:33:59",NULL,NULL,1
820,"Pooja Bhatt",1,"2022-06-29 10:20:10",NULL,NULL,1
821,"Pooja Singh",1,"2024-09-16 12:09:05",NULL,NULL,1
822,"Vivaan Rao",1,"2021-02-06 10:29:47",NULL,NULL,1
823,"Maya Nanda",1,"2021-01-22 15:01:35",NULL,NULL,1
824,"Isha Nanda",1,"2024-06-15 09:33:28",NULL,NULL,1
825,"Priya Gupta",1,"2020-03-22 09:27:06",NULL,NULL,1
826,"Aditya Verma",1,"2024-07-02 15:29:55",NULL,NULL,1
827,"Harsh Gupta",1,"2023-03-18 14:36:58",NULL,NULL,1
828,"Manan Kulkarni",1,"2020-04-05 09:15:56",NULL,NULL,1
829,"Anika Verma",1,"2024-08-06 19:52:29",NULL,NULL,1
830,"Ragini Kumar",1,"2019-07-15 11:47:09",NULL,NULL,1
831,"Anika Nair",1,"2020-09-15 12:04:50",NULL,NULL,1
832,"Sai Shetty",1,"2020-07-31 19:00:02",NULL,NULL,1
833,"Sana Rao",1,"2020-03-17 16:31:57",NULL,NULL,1
834,"Nisha Reddy",1,"2021-10-14 12:37:26",NULL,NULL,1
835,"Anika Bajpai",1,"2019-07-25 20:16:38",NULL,NULL,1
836,"Priya Joshi",1,"2019-02-08 12:36:13",NULL,NULL,1
837,"Nisha Bhatia",1,"2020-09-26 17:43:39",NULL,NULL,1
838,"Vivaan Agarwal",1,"2022-07-21 15:10:55",NULL,NULL,1
839,"Aisha Nair",1,"2023-06-01 15:55:13",NULL,NULL,1
840,"Yash Desai",1,"2019-01-04 11:26:09",NULL,NULL,1
841,"Raghav Malhotra",1,"2022-01-11 13:11:18",NULL,NULL,1
842,"Maya Thakur",1,"2022-01-12 10:18:28",NULL,NULL,1
843,"Kabir Patel",1,"2023-05-11 17:40:05",NULL,NULL,1
844,"Nisha Verma",1,"2021-06-10 15:23:27",NULL,NULL,1
845,"Ayaan Desai",1,"2021-07-05 10:17:48",NULL,NULL,1
846,"Nisha Mishra",1,"2019-04-07 11:36:31",NULL,NULL,1
847,"Kavya Yadav",1,"2024-10-08 17:42:37",NULL,NULL,1
848,"Manan Roy",1,"2022-05-20 10:09:47",NULL,NULL,1
849,"Sana Verma",1,"2019-01-21 13:46:09",NULL,NULL,1
850,"Siddharth Nair",1,"2020-02-06 18:44:22",NULL,NULL,1
851,"Komal Nair",1,"2020-05-11 12:12:17",NULL,NULL,1
852,"Kabir Das",1,"2021-04-11 18:03:19",NULL,NULL,1
853,"Yash Nanda",1,"2019-09-16 20:52:09",NULL,NULL,1
854,"Ragini Singh",1,"2023-06-02 21:36:01",NULL,NULL,1
855,"Harsh Reddy",1,"2019-07-17 17:46:15",NULL,NULL,1
856,"Sneha Chopra",1,"2023-04-14 13:37:36",NULL,NULL,1
857,"Aarav Pandey",1,"2022-01-17 10:30:59",NULL,NULL,1
858,"Aakash Bhatt",1,"2020-12-23 21:21:03",NULL,NULL,1
859,"Sai Saxena",1,"2019-12-17 13:58:58",NULL,NULL,1
860,"Sai Kumar",1,"2024-08-14 16:24:29",NULL,NULL,1
861,"Priya Kulkarni",1,"2021-05-31 10:36:05",NULL,NULL,1
862,"Arjun Bhatia",1,"2019-08-19 10:44:44",NULL,NULL,1
863,"Sneha Agarwal",1,"2022-01-14 12:10:22",NULL,NULL,1
864,"Mudit Chaudhary",1,"2023-08-09 13:12:03",NULL,NULL,1
865,"Isha Agarwal",1,"2024-03-21 16:35:14",NULL,NULL,1
866,"Swati Das",1,"2022-11-20 21:04:24",NULL,NULL,1
867,"Meera Rao",1,"2024-01-27 17:45:36",NULL,NULL,1
868,"Isha Nanda",1,"2021-06-21 19:29:36",NULL,NULL,1
869,"Isha Kaur",1,"2019-01-07 19:46:31",NULL,NULL,1
870,"Ragini Kumar",1,"2021-09-07 11:30:50",NULL,NULL,1
871,"Priya Kaur",1,"2019-05-18 17:51:10",NULL,NULL,1
872,"Mudit Verma",1,"2024-03-12 21:57:51",NULL,NULL,1
873,"Aisha Iyer",1,"2023-05-17 15:23:42",NULL,NULL,1
874,"Aakash Roy",1,"2023-06-16 11:04:13",NULL,NULL,1
875,"Anika Jain",1,"2020-02-02 12:56:53",NULL,NULL,1
876,"Raghav Gupta",1,"2023-03-30 16:09:47",NULL,NULL,1
877,"Ishaan Thakur",1,"2020-09-10 13:37:40",NULL,NULL,1
878,"Swati Singh",1,"2019-10-24 11:31:36",NULL,NULL,1
879,"Meera Kaur",1,"2021-08-28 09:13:06",NULL,NULL,1
880,"Suman Chopra",1,"2020-02-19 18:08:57",NULL,NULL,1
881,"Arjun Kumar",1,"2021-03-04 21:44:05",NULL,NULL,1
882,"Kavya Malhotra",1,"2023-07-15 09:06:05",NULL,NULL,1
883,"Sanjana Patel",1,"2024-08-05 15:58:18",NULL,NULL,1
884,"Yash Dutta",1,"2020-06-29 11:24:35",NULL,NULL,1
885,"Vihaan Patel",1,"2021-12-12 16:40:49",NULL,NULL,1
886,"Sana Iyer",1,"2019-11-05 18:04:37",NULL,NULL,1
887,"Ayaan Jain",1,"2021-02-25 09:50:21",NULL,NULL,1
888,"Dhruv Kulkarni",1,"2023-02-11 15:43:24",NULL,NULL,1
889,"Sneha Bhatt",1,"2019-08-17 10:25:04",NULL,NULL,1
890,"Aisha Bajpai",1,"2022-06-07 17:29:37",NULL,NULL,1
891,"Isha Chopra",1,"2022-09-14 09:44:54",NULL,NULL,1
892,"Kavya Thakur",1,"2019-10-20 16:20:51",NULL,NULL,1
893,"Raghav Yadav",1,"2021-03-13 12:24:07",NULL,NULL,1
894,"Aarav Verma",1,"2021-04-07 19:17:37",NULL,NULL,1
895,"Aisha Gupta",1,"2021-05-17 13:41:39",NULL,NULL,1
896,"Priya Patel",1,"2019-07-06 16:12:41",NULL,NULL,1
897,"Aditya Roy",1,"2024-09-11 19:59:31",NULL,NULL,1
898,"Maya Chaudhary",1,"2022-05-11 11:20:15",NULL,NULL,1
899,"Vivaan Desai",1,"2019-09-09 09:58:46",NULL,NULL,1
900,"Komal Kumar",1,"2024-10-14 19:03:15",NULL,NULL,1
901,"Manan Kapoor",1,"2019-05-26 19:38:22",NULL,NULL,1
902,"Swati Singh",1,"2020-05-10 16:30:12",NULL,NULL,1
903,"Yash Mehta",1,"2020-11-30 12:48:15",NULL,NULL,1
904,"Vivaan Mehta",1,"2022-08-01 15:50:04",NULL,NULL,1
905,"Dhruv Malhotra",1,"2019-05-10 19:54:36",NULL,NULL,1
906,"Vihaan Desai",1,"2020-06-09 16:47:06",NULL,NULL,1
907,"Isha Singh",1,"2020-01-28 15:03:12",NULL,NULL,1
908,"Pooja Singh",1,"2022-08-02 13:13:29",NULL,NULL,1
909,"Aditya Malhotra",1,"2019-12-30 13:58:01",NULL,NULL,1
910,"Ayaan Shetty",1,"2022-12-31 11:18:41",NULL,NULL,1
911,"Sanjana Yadav",1,"2022-10-09 17:31:22",NULL,NULL,1
912,"Siddharth Jain",1,"2024-04-03 10:09:04",NULL,NULL,1
913,"Raghav Malhotra",1,"2020-09-27 10:07:39",NULL,NULL,1
914,"Riya Malhotra",1,"2022-09-16 15:49:51",NULL,NULL,1
915,"Maya Bhatt",1,"2022-10-16 10:35:18",NULL,NULL,1
916,"Vivaan Menon",1,"2021-09-27 20:22:47",NULL,NULL,1
917,"Aarav Sharma",1,"2021-09-20 16:44:04",NULL,NULL,1
918,"Shaurya Saxena",1,"2022-09-03 09:16:14",NULL,NULL,1
919,"Nisha Dutta",1,"2020-03-02 16:46:11",NULL,NULL,1
920,"Raghav Mishra",1,"2023-08-25 20:42:50",NULL,NULL,1
921,"Shaurya Dutta",1,"2022-07-15 13:31:18",NULL,NULL,1
922,"Reyansh Gupta",1,"2023-04-29 20:16:39",NULL,NULL,1
923,"Reyansh Kapoor",1,"2021-06-04 21:34:44",NULL,NULL,1
924,"Kavya Reddy",1,"2019-02-04 19:13:16",NULL,NULL,1
925,"Aakash Nair",1,"2019-12-08 20:02:08",NULL,NULL,1
926,"Yash Malhotra",1,"2024-06-04 21:53:29",NULL,NULL,1
927,"Ayaan Roy",1,"2020-12-04 09:06:05",NULL,NULL,1
928,"Priya Chatterjee",1,"2021-02-21 17:20:56",NULL,NULL,1
929,"Siddharth Dutta",1,"2021-01-12 19:42:32",NULL,NULL,1
930,"Vihaan Pandey",1,"2024-08-09 13:45:05",NULL,NULL,1
931,"Ragini Nanda",1,"2020-01-04 14:20:11",NULL,NULL,1
932,"Pooja Pandey",1,"2023-09-10 18:38:06",NULL,NULL,1
933,"Siddharth Mishra",1,"2020-12-08 21:18:20",NULL,NULL,1
934,"Yash Verma",1,"2020-09-25 19:37:04",NULL,NULL,1
935,"Raghav Malhotra",1,"2021-09-13 10:33:52",NULL,NULL,1
936,"Raghav Desai",1,"2022-11-12 15:08:41",NULL,NULL,1
937,"Mudit Nair",1,"2023-01-31 12:54:35",NULL,NULL,1
938,"Ishaan Das",1,"2021-01-14 13:50:48",NULL,NULL,1
939,"Ayaan Malhotra",1,"2021-09-17 20:14:37",NULL,NULL,1
940,"Manan Pandey",1,"2023-06-28 12:37:54",NULL,NULL,1
941,"Ishaan Bhatia",1,"2021-06-11 10:58:20",NULL,NULL,1
942,"Sai Malhotra",1,"2020-08-22 15:45:32",NULL,NULL,1
943,"Ayaan Bhatt",1,"2022-12-03 15:34:29",NULL,NULL,1
944,"Shaurya Kulkarni",1,"2019-02-02 14:21:37",NULL,NULL,1
945,"Riya Chatterjee",1,"2024-02-07 11:10:25",NULL,NULL,1
946,"Aarav Yadav",1,"2024-09-09 16:05:05",NULL,NULL,1
947,"Komal Shetty",1,"2021-06-11 11:07:38",NULL,NULL,1
948,"Aisha Kumar",1,"2020-08-07 11:20:11",NULL,NULL,1
949,"Kavya Thakur",1,"2021-06-05 19:24:21",NULL,NULL,1
950,"Aakash Bhatt",1,"2023-05-23 21:51:59",NULL,NULL,1
951,"Kavya Gill",1,"2023-01-11 21:55:10",NULL,NULL,1
952,"Meera Rao",1,"2019-06-27 09:06:59",NULL,NULL,1
953,"Aisha Yadav",1,"2023-02-16 16:33:41",NULL,NULL,1
954,"Komal Roy",1,"2019-04-16 21:32:22",NULL,NULL,1
955,"Shaurya Patel",1,"2022-06-18 21:44:32",NULL,NULL,1
956,"Pooja Chatterjee",1,"2023-05-07 10:33:40",NULL,NULL,1
957,"Kavya Sharma",1,"2019-10-22 13:44:46",NULL,NULL,1
958,"Suman Chopra",1,"2023-01-09 17:46:26",NULL,NULL,1
959,"Isha Kulkarni",1,"2024-02-24 13:45:14",NULL,NULL,1
960,"Siddharth Basu",1,"2022-10-03 14:44:43",NULL,NULL,1
961,"Vivaan Kashyap",1,"2019-07-05 09:58:27",NULL,NULL,1
962,"Aarav Thakur",1,"2020-09-03 11:21:06",NULL,NULL,1
963,"Sana Nair",1,"2024-05-13 21:27:39",NULL,NULL,1
964,"Pooja Gupta",1,"2021-10-30 12:31:26",NULL,NULL,1
965,"Manan Das",1,"2021-08-22 15:34:54",NULL,NULL,1
966,"Vihaan Nanda",1,"2024-01-24 09:14:50",NULL,NULL,1
967,"Arjun Sharma",1,"2023-08-05 13:18:56",NULL,NULL,1
968,"Isha Gupta",1,"2020-10-31 11:18:08",NULL,NULL,1
969,"Siddharth Bhatt",1,"2019-02-06 21:00:47",NULL,NULL,1
970,"Siddharth Shetty",1,"2021-05-25 18:39:27",NULL,NULL,1
971,"Shaurya Agarwal",1,"2020-08-19 09:55:00",NULL,NULL,1
972,"Aakash Kashyap",1,"2023-05-22 12:01:32",NULL,NULL,1
973,"Vivaan Iyer",1,"2021-10-01 16:59:20",NULL,NULL,1
974,"Vihaan Chopra",1,"2021-07-07 16:04:56",NULL,NULL,1
975,"Harsh Gill",1,"2021-09-30 21:55:11",NULL,NULL,1
976,"Suman Verma",1,"2023-08-25 16:58:15",NULL,NULL,1
977,"Ishaan Chatterjee",1,"2024-09-26 20:40:28",NULL,NULL,1
978,"Suman Saxena",1,"2022-08-06 11:35:01",NULL,NULL,1
979,"Manan Das",1,"2024-04-19 21:26:42",NULL,NULL,1
980,"Krishna Kumar",1,"2022-08-25 19:56:26",NULL,NULL,1
981,"Sai Thakur",1,"2019-01-20 17:50:49",NULL,NULL,1
982,"Harsh Patel",1,"2022-01-19 20:27:04",NULL,NULL,1
983,"Harsh Joshi",1,"2019-03-04 15:41:14",NULL,NULL,1
984,"Aditya Sharma",1,"2024-07-18 17:13:47",NULL,NULL,1
985,"Krishna Basu",1,"2019-04-29 15:24:53",NULL,NULL,1
986,"Tara Malhotra",1,"2021-11-02 13:04:06",NULL,NULL,1
987,"Meera Patel",1,"2024-05-31 12:56:44",NULL,NULL,1
988,"Sai Chaudhary",1,"2022-02-26 19:58:38",NULL,NULL,1
989,"Reyansh Nanda",1,"2021-12-03 15:44:13",NULL,NULL,1
990,"Shaurya Rao",1,"2022-11-04 21:23:22",NULL,NULL,1
991,"Priya Basu",1,"2023-07-27 14:15:03",NULL,NULL,1
992,"Suman Singh",1,"2020-08-08 21:36:55",NULL,NULL,1
993,"Ishaan Sharma",1,"2022-06-10 15:11:09",NULL,NULL,1
994,"Shaurya Nanda",1,"2024-04-09 13:28:35",NULL,NULL,1
995,"Manan Bhatt",1,"2023-04-06 14:15:54",NULL,NULL,1
996,"Nisha Mishra",1,"2023-06-02 15:19:01",NULL,NULL,1
997,"Ayaan Kulkarni",1,"2019-02-27 12:00:38",NULL,NULL,1
998,"Vihaan Pandey",1,"2022-03-02 15:32:36",NULL,NULL,1
999,"Vihaan Dutta",1,"2019-02-14 21:04:16",NULL,NULL,1
1000,"Sanjana Jain",1,"2019-05-18 11:36:31",NULL,NULL,1
1001,"Arjun Thakur",1,"2024-06-07 21:23:53",NULL,NULL,1
1002,"Ishaan Patel",1,"2021-11-18 19:44:39",NULL,NULL,1
1003,"Ragini Das",1,"2019-07-19 10:48:03",NULL,NULL,1
1004,"Shaurya Kulkarni",1,"2020-10-13 09:47:46",NULL,NULL,1
1005,"Anika Mishra",1,"2023-09-20 21:49:16",NULL,NULL,1
1006,"Harsh Chatterjee",1,"2023-11-06 21:41:24",NULL,NULL,1
1007,"Nisha Bhatt",1,"2024-04-05 14:07:39",NULL,NULL,1
1008,"Suman Joshi",1,"2022-09-03 16:18:46",NULL,NULL,1
1009,"Sana Saxena",1,"2023-02-16 14:32:10",NULL,NULL,1
1010,"Komal Kashyap",1,"2022-05-24 19:43:03",NULL,NULL,1
1011,"Vihaan Kashyap",1,"2023-03-28 20:49:38",NULL,NULL,1
1012,"Swati Shetty",1,"2021-09-25 09:43:47",NULL,NULL,1
1013,"Aisha Sharma",1,"2021-04-03 17:03:24",NULL,NULL,1
1014,"Nisha Rao",1,"2020-11-13 17:21:55",NULL,NULL,1
1015,"Suman Menon",1,"2021-06-30 13:36:03",NULL,NULL,1
1016,"Dhruv Rao",1,"2024-04-17 16:56:11",NULL,NULL,1
1017,"Ragini Kulkarni",1,"2020-01-30 09:13:14",NULL,NULL,1
1018,"Meera Joshi",1,"2023-04-07 20:38:59",NULL,NULL,1
1019,"Siddharth Shetty",1,"2020-04-25 17:08:01",NULL,NULL,1
1020,"Komal Kashyap",1,"2019-11-21 10:46:44",NULL,NULL,1
1021,"Dhruv Das",1,"2023-07-04 20:54:55",NULL,NULL,1
1022,"Aisha Nanda",1,"2022-03-27 15:05:00",NULL,NULL,1
1023,"Reyansh Singh",1,"2019-04-14 09:00:07",NULL,NULL,1
1024,"Anika Kulkarni",1,"2022-03-02 11:41:22",NULL,NULL,1
1025,"Aakash Bajpai",1,"2020-04-29 20:36:04",NULL,NULL,1
1026,"Suman Sharma",1,"2021-11-05 16:02:13",NULL,NULL,1
1027,"Meera Kashyap",1,"2022-10-24 15:43:28",NULL,NULL,1
1028,"Neha Roy",1,"2023-11-10 09:50:43",NULL,NULL,1
1029,"Aisha Iyer",1,"2020-03-13 11:02:44",NULL,NULL,1
1030,"Isha Mehta",1,"2020-09-22 13:39:10",NULL,NULL,1
1031,"Manan Basu",1,"2022-09-27 13:56:03",NULL,NULL,1
1032,"Aarav Bhatt",1,"2021-11-04 13:51:23",NULL,NULL,1
1033,"Tara Basu",1,"2024-08-06 21:47:44",NULL,NULL,1
1034,"Manan Reddy",1,"2021-11-11 18:34:18",NULL,NULL,1
1035,"Swati Mishra",1,"2022-10-14 17:28:07",NULL,NULL,1
1036,"Neha Bajpai",1,"2024-05-23 11:59:24",NULL,NULL,1
1037,"Anika Kashyap",1,"2022-12-06 21:44:09",NULL,NULL,1
1038,"Vivaan Agarwal",1,"2021-10-13 12:22:15",NULL,NULL,1
1039,"Aisha Shetty",1,"2020-08-08 20:04:56",NULL,NULL,1
1040,"Vivaan Thakur",1,"2023-02-04 20:11:46",NULL,NULL,1
1041,"Ayaan Desai",1,"2022-09-14 15:57:41",NULL,NULL,1
1042,"Krishna Nair",1,"2022-10-20 10:40:57",NULL,NULL,1
1043,"Priya Bhatia",1,"2023-06-21 14:31:52",NULL,NULL,1
1044,"Nisha Singh",1,"2019-09-13 10:18:38",NULL,NULL,1
1045,"Harsh Das",1,"2019-11-15 14:58:37",NULL,NULL,1
1046,"Dhruv Gupta",1,"2019-06-21 12:15:03",NULL,NULL,1
1047,"Dhruv Chaudhary",1,"2023-06-25 14:39:52",NULL,NULL,1
1048,"Aakash Chopra",1,"2024-10-04 13:50:50",NULL,NULL,1
1049,"Neha Gill",1,"2023-12-01 19:19:12",NULL,NULL,1
1050,"Suman Pandey",1,"2021-11-27 09:41:59",NULL,NULL,1
1051,"Reyansh Kapoor",1,"2019-02-24 12:34:11",NULL,NULL,1
1052,"Swati Gupta",1,"2020-12-28 18:58:22",NULL,NULL,1
1053,"Aisha Desai",1,"2020-02-09 19:58:52",NULL,NULL,1
1054,"Vivaan Yadav",1,"2022-01-06 16:10:54",NULL,NULL,1
1055,"Manan Dutta",1,"2020-11-28 11:54:25",NULL,NULL,1
1056,"Isha Gill",1,"2022-12-25 15:31:15",NULL,NULL,1
1057,"Anika Chaudhary",1,"2024-04-18 09:19:35",NULL,NULL,1
1058,"Dhruv Gill",1,"2020-04-21 19:40:55",NULL,NULL,1
1059,"Priya Yadav",1,"2021-06-07 09:42:51",NULL,NULL,1
1060,"Kabir Shetty",1,"2021-03-23 18:24:25",NULL,NULL,1
1061,"Shaurya Kumar",1,"2023-08-11 21:31:05",NULL,NULL,1
1062,"Swati Kashyap",1,"2020-06-12 14:24:39",NULL,NULL,1
1063,"Aarav Verma",1,"2020-07-04 17:02:33",NULL,NULL,1
1064,"Komal Joshi",1,"2024-07-04 13:25:02",NULL,NULL,1
1065,"Pooja Gill",1,"2020-05-10 20:52:51",NULL,NULL,1
1066,"Komal Bhatia",1,"2019-11-24 18:27:13",NULL,NULL,1
1067,"Nisha Chatterjee",1,"2023-10-31 19:31:49",NULL,NULL,1
1068,"Priya Kapoor",1,"2020-08-09 10:31:10",NULL,NULL,1
1069,"Vihaan Das",1,"2024-01-30 19:58:12",NULL,NULL,1
1070,"Tara Iyer",1,"2019-04-12 12:49:27",NULL,NULL,1
1071,"Vihaan Kumar",1,"2024-01-05 21:36:49",NULL,NULL,1
1072,"Mudit Thakur",1,"2023-01-22 12:30:16",NULL,NULL,1
1073,"Maya Das",1,"2019-12-16 09:03:30",NULL,NULL,1
1074,"Siddharth Kapoor",1,"2024-06-24 16:20:49",NULL,NULL,1
1075,"Pooja Chaudhary",1,"2019-09-03 15:24:53",NULL,NULL,1
1076,"Raghav Bhatia",1,"2021-07-30 10:36:26",NULL,NULL,1
1077,"Maya Chaudhary",1,"2020-05-26 10:58:35",NULL,NULL,1
1078,"Sanjana Rao",1,"2024-10-01 14:35:51",NULL,NULL,1
1079,"Aditya Patel",1,"2021-09-30 16:16:43",NULL,NULL,1
1080,"Krishna Mehta",1,"2023-02-24 19:56:19",NULL,NULL,1
1081,"Arjun Das",1,"2024-02-28 12:46:14",NULL,NULL,1
1082,"Sneha Chatterjee",1,"2022-01-17 12:50:02",NULL,NULL,1
1083,"Sneha Bhatia",1,"2023-08-04 17:51:58",NULL,NULL,1
1084,"Vihaan Kumar",1,"2019-09-13 11:52:30",NULL,NULL,1
1085,"Maya Das",1,"2019-12-14 19:45:46",NULL,NULL,1
1086,"Suman Jain",1,"2021-11-03 20:25:25",NULL,NULL,1
1087,"Siddharth Pandey",1,"2021-02-08 21:09:23",NULL,NULL,1
1088,"Arjun Mishra",1,"2023-06-09 17:36:37",NULL,NULL,1
1089,"Pooja Kaur",1,"2022-03-09 20:40:00",NULL,NULL,1
1090,"Manan Das",1,"2022-06-03 14:42:50",NULL,NULL,1
1091,"Vihaan Rao",1,"2021-02-16 14:56:43",NULL,NULL,1
1092,"Manan Yadav",1,"2024-09-28 11:16:31",NULL,NULL,1
1093,"Isha Bhatia",1,"2022-05-01 12:12:04",NULL,NULL,1
1094,"Pooja Chatterjee",1,"2019-02-01 16:40:24",NULL,NULL,1
1095,"Manan Bhatia",1,"2023-03-23 17:10:04",NULL,NULL,1
1096,"Vihaan Nair",1,"2022-09-25 10:40:32",NULL,NULL,1
1097,"Dhruv Pandey",1,"2022-03-08 13:22:29",NULL,NULL,1
1098,"Aditya Agarwal",1,"2024-02-28 16:02:31",NULL,NULL,1
1099,"Anika Mehta",1,"2020-11-09 11:35:21",NULL,NULL,1
1100,"Siddharth Bhatt",1,"2023-04-24 21:08:38",NULL,NULL,1
1101,"Tara Kaur",1,"2019-10-28 15:23:50",NULL,NULL,1
1102,"Tara Bajpai",1,"2023-05-12 18:25:35",NULL,NULL,1
1103,"Sai Kashyap",1,"2024-05-19 14:12:00",NULL,NULL,1
1104,"Kabir Rao",1,"2019-10-31 21:52:43",NULL,NULL,1
1105,"Priya Singh",1,"2019-11-16 21:10:37",NULL,NULL,1
1106,"Siddharth Bajpai",1,"2019-12-19 16:20:23",NULL,NULL,1
1107,"Isha Patel",1,"2022-09-07 15:56:18",NULL,NULL,1
1108,"Mudit Patel",1,"2023-03-15 20:49:37",NULL,NULL,1
1109,"Aarav Malhotra",1,"2020-03-05 13:41:13",NULL,NULL,1
1110,"Manan Das",1,"2019-01-29 15:20:51",NULL,NULL,1
1111,"Pooja Kashyap",1,"2021-12-30 09:30:44",NULL,NULL,1
1112,"Sanjana Saxena",1,"2020-06-15 19:58:01",NULL,NULL,1
1113,"Meera Yadav",1,"2019-04-30 21:10:06",NULL,NULL,1
1114,"Shaurya Kumar",1,"2020-11-09 14:34:13",NULL,NULL,1
1115,"Kavya Kashyap",1,"2022-09-16 20:04:35",NULL,NULL,1
1116,"Dhruv Kumar",1,"2020-01-27 20:21:39",NULL,NULL,1
1117,"Priya Jain",1,"2019-10-04 12:41:11",NULL,NULL,1
1118,"Suman Basu",1,"2022-10-13 21:39:18",NULL,NULL,1
1119,"Maya Patel",1,"2024-05-25 13:36:26",NULL,NULL,1
1120,"Ragini Kaur",1,"2023-03-28 20:17:48",NULL,NULL,1
1121,"Harsh Bhatia",1,"2020-06-09 21:43:32",NULL,NULL,1
1122,"Aarav Das",1,"2021-10-24 13:14:26",NULL,NULL,1
1123,"Vihaan Sharma",1,"2022-09-20 18:26:24",NULL,NULL,1
1124,"Yash Dutta",1,"2022-04-13 13:50:17",NULL,NULL,1
1125,"Suman Jain",1,"2022-10-05 17:53:34",NULL,NULL,1
1126,"Mudit Nanda",1,"2019-01-23 20:28:24",NULL,NULL,1
1127,"Komal Joshi",1,"2020-09-01 15:49:12",NULL,NULL,1
1128,"Swati Kaur",1,"2020-12-27 13:18:11",NULL,NULL,1
1129,"Yash Yadav",1,"2023-02-06 10:00:18",NULL,NULL,1
1130,"Krishna Chopra",1,"2023-03-16 15:15:35",NULL,NULL,1
1131,"Swati Pandey",1,"2022-10-05 10:10:48",NULL,NULL,1
1132,"Nisha Nair",1,"2022-05-17 17:32:11",NULL,NULL,1
1133,"Sana Kashyap",1,"2019-11-20 18:57:43",NULL,NULL,1
1134,"Pooja Pandey",1,"2020-04-19 18:52:07",NULL,NULL,1
1135,"Aarav Desai",1,"2023-02-24 18:44:32",NULL,NULL,1
1136,"Neha Chopra",1,"2023-11-17 12:55:56",NULL,NULL,1
1137,"Ayaan Shetty",1,"2019-01-02 14:53:59",NULL,NULL,1
1138,"Neha Roy",1,"2020-10-07 15:12:23",NULL,NULL,1
1139,"Suman Iyer",1,"2020-07-24 12:18:45",NULL,NULL,1
1140,"Mudit Mehta",1,"2024-06-18 09:24:43",NULL,NULL,1
1141,"Aarav Yadav",1,"2024-08-30 09:24:37",NULL,NULL,1
1142,"Aisha Das",1,"2021-11-09 21:52:00",NULL,NULL,1
1143,"Aarav Yadav",1,"2021-03-25 10:40:34",NULL,NULL,1
1144,"Anika Dutta",1,"2022-10-07 14:07:08",NULL,NULL,1
1145,"Maya Nanda",1,"2022-09-11 14:49:07",NULL,NULL,1
1146,"Neha Joshi",1,"2022-10-26 18:30:26",NULL,NULL,1
1147,"Maya Iyer",1,"2021-12-23 20:18:58",NULL,NULL,1
1148,"Anika Saxena",1,"2020-10-11 12:21:05",NULL,NULL,1
1149,"Isha Menon",1,"2019-03-04 15:04:34",NULL,NULL,1
1150,"Priya Menon",1,"2024-01-30 12:24:43",NULL,NULL,1
1151,"Arjun Sharma",1,"2022-11-06 16:21:09",NULL,NULL,1
1152,"Isha Mishra",1,"2024-02-11 14:37:46",NULL,NULL,1
1153,"Vivaan Pandey",1,"2024-05-15 19:29:57",NULL,NULL,1
1154,"Kabir Menon",1,"2021-07-18 14:25:14",NULL,NULL,1
1155,"Sanjana Das",1,"2022-05-02 12:33:56",NULL,NULL,1
1156,"Maya Roy",1,"2020-03-11 18:01:41",NULL,NULL,1
1157,"Arjun Kapoor",1,"2020-12-03 17:05:04",NULL,NULL,1
1158,"Neha Singh",1,"2019-09-02 12:17:39",NULL,NULL,1
1159,"Shaurya Nair",1,"2021-08-10 19:37:18",NULL,NULL,1
1160,"Aarav Yadav",1,"2020-01-03 14:35:12",NULL,NULL,1
1161,"Kavya Nair",1,"2020-07-21 12:33:29",NULL,NULL,1
1162,"Nisha Kumar",1,"2020-10-08 18:15:14",NULL,NULL,1
1163,"Isha Verma",1,"2023-12-29 15:05:30",NULL,NULL,1
1164,"Isha Iyer",1,"2019-10-15 21:00:23",NULL,NULL,1
1165,"Sneha Pandey",1,"2024-09-15 19:38:13",NULL,NULL,1
1166,"Sanjana Nair",1,"2024-08-17 21:22:21",NULL,NULL,1
1167,"Priya Verma",1,"2022-08-31 09:59:56",NULL,NULL,1
1168,"Aarav Saxena",1,"2023-03-06 20:48:24",NULL,NULL,1
1169,"Swati Singh",1,"2023-07-19 11:22:48",NULL,NULL,1
1170,"Neha Basu",1,"2023-03-13 17:22:00",NULL,NULL,1
1171,"Ishaan Kaur",1,"2020-10-02 12:57:26",NULL,NULL,1
1172,"Meera Basu",1,"2023-12-11 19:13:24",NULL,NULL,1
1173,"Kabir Thakur",1,"2020-03-31 19:44:19",NULL,NULL,1
1174,"Siddharth Basu",1,"2024-02-19 09:08:50",NULL,NULL,1
1175,"Shaurya Das",1,"2022-08-08 12:33:46",NULL,NULL,1
1176,"Sana Nanda",1,"2023-01-30 21:23:43",NULL,NULL,1
1177,"Riya Chopra",1,"2020-09-08 16:40:48",NULL,NULL,1
1178,"Maya Verma",1,"2023-01-26 18:40:46",NULL,NULL,1
1179,"Sai Gupta",1,"2024-06-22 12:13:48",NULL,NULL,1
1180,"Anika Kashyap",1,"2022-01-11 13:38:14",NULL,NULL,1
1181,"Manan Chopra",1,"2019-09-17 16:56:44",NULL,NULL,1
1182,"Riya Nanda",1,"2022-01-31 19:49:52",NULL,NULL,1
1183,"Sai Bajpai",1,"2023-03-19 17:17:28",NULL,NULL,1
1184,"Vihaan Desai",1,"2019-07-16 20:51:08",NULL,NULL,1
1185,"Reyansh Iyer",1,"2020-03-27 18:53:24",NULL,NULL,1
1186,"Arjun Das",1,"2023-12-21 10:19:22",NULL,NULL,1
1187,"Anika Kulkarni",1,"2019-02-28 15:52:43",NULL,NULL,1
1188,"Yash Thakur",1,"2024-03-18 16:07:03",NULL,NULL,1
1189,"Vivaan Chopra",1,"2022-05-20 21:39:14",NULL,NULL,1
1190,"Kavya Mehta",1,"2022-08-03 15:32:25",NULL,NULL,1
1191,"Aisha Patel",1,"2019-10-18 20:39:53",NULL,NULL,1
1192,"Mudit Gill",1,"2021-01-29 18:23:48",NULL,NULL,1
1193,"Swati Chopra",1,"2022-07-16 18:38:10",NULL,NULL,1
1194,"Tara Verma",1,"2019-11-03 13:51:34",NULL,NULL,1
1195,"Nisha Gupta",1,"2021-07-29 16:38:04",NULL,NULL,1
1196,"Krishna Shetty",1,"2019-05-01 19:30:21",NULL,NULL,1
1197,"Komal Chopra",1,"2024-08-29 10:04:31",NULL,NULL,1
1198,"Reyansh Kaur",1,"2024-08-26 17:02:45",NULL,NULL,1
1199,"Nisha Basu",1,"2020-11-19 16:14:47",NULL,NULL,1
1200,"Kabir Nair",1,"2024-04-01 14:07:54",NULL,NULL,1
1201,"Mudit Nanda",1,"2023-03-19 15:55:44",NULL,NULL,1
1202,"Isha Kashyap",1,"2020-08-01 15:50:02",NULL,NULL,1
1203,"Meera Menon",1,"2020-11-30 15:16:09",NULL,NULL,1
1204,"Aditya Gupta",1,"2023-06-22 20:03:30",NULL,NULL,1
1205,"Aditya Mehta",1,"2021-06-12 15:03:52",NULL,NULL,1
1206,"Yash Jain",1,"2021-08-26 17:29:16",NULL,NULL,1
1207,"Aisha Roy",1,"2024-04-10 20:57:59",NULL,NULL,1
1208,"Mudit Chaudhary",1,"2021-10-04 12:26:28",NULL,NULL,1
1209,"Kabir Gupta",1,"2022-11-24 11:03:52",NULL,NULL,1
1210,"Swati Dutta",1,"2021-01-31 11:22:40",NULL,NULL,1
1211,"Komal Verma",1,"2019-05-28 14:48:19",NULL,NULL,1
1212,"Sanjana Kapoor",1,"2019-06-18 09:06:04",NULL,NULL,1
1213,"Priya Roy",1,"2022-11-03 14:39:24",NULL,NULL,1
1214,"Tara Roy",1,"2019-09-13 14:03:28",NULL,NULL,1
1215,"Vivaan Malhotra",1,"2023-11-07 13:02:03",NULL,NULL,1
1216,"Kavya Roy",1,"2021-02-03 21:42:12",NULL,NULL,1
1217,"Arjun Agarwal",1,"2019-10-13 15:19:48",NULL,NULL,1
1218,"Harsh Saxena",1,"2021-09-22 19:04:38",NULL,NULL,1
1219,"Riya Roy",1,"2021-03-07 10:32:11",NULL,NULL,1
1220,"Aditya Chaudhary",1,"2020-06-03 15:38:17",NULL,NULL,1
1221,"Yash Kumar",1,"2023-10-11 12:35:59",NULL,NULL,1
1222,"Riya Agarwal",1,"2021-03-05 10:53:48",NULL,NULL,1
1223,"Mudit Patel",1,"2019-07-31 20:43:25",NULL,NULL,1
1224,"Aditya Kaur",1,"2024-08-29 16:00:56",NULL,NULL,1
1225,"Swati Chopra",1,"2019-12-02 20:30:18",NULL,NULL,1
1226,"Reyansh Gupta",1,"2020-05-25 16:36:48",NULL,NULL,1
1227,"Sana Pandey",1,"2019-09-08 14:40:30",NULL,NULL,1
1228,"Dhruv Menon",1,"2022-05-21 20:02:37",NULL,NULL,1
1229,"Suman Nair",1,"2021-05-20 15:16:58",NULL,NULL,1
1230,"Mudit Das",1,"2021-09-17 12:35:46",NULL,NULL,1
1231,"Reyansh Das",1,"2021-01-26 09:52:26",NULL,NULL,1
1232,"Manan Kapoor",1,"2019-04-30 20:22:04",NULL,NULL,1
1233,"Sneha Kumar",1,"2023-07-20 15:57:48",NULL,NULL,1
1234,"Sneha Singh",1,"2020-12-13 15:20:36",NULL,NULL,1
1235,"Maya Yadav",1,"2019-12-03 18:58:33",NULL,NULL,1
1236,"Tara Shetty",1,"2022-11-21 16:09:00",NULL,NULL,1
1237,"Neha Singh",1,"2021-07-11 20:28:29",NULL,NULL,1
1238,"Shaurya Gill",1,"2022-03-30 16:22:05",NULL,NULL,1
1239,"Siddharth Rao",1,"2021-07-02 15:48:03",NULL,NULL,1
1240,"Mudit Bhatt",1,"2019-11-17 21:12:21",NULL,NULL,1
1241,"Vihaan Chatterjee",1,"2021-01-10 13:13:23",NULL,NULL,1
1242,"Raghav Bhatt",1,"2024-05-25 11:48:12",NULL,NULL,1
1243,"Arjun Shetty",1,"2021-01-30 20:43:29",NULL,NULL,1
1244,"Mudit Nanda",1,"2021-11-03 21:46:50",NULL,NULL,1
1245,"Swati Bhatt",1,"2022-01-12 16:52:16",NULL,NULL,1
1246,"Nisha Desai",1,"2021-05-07 10:04:52",NULL,NULL,1
1247,"Sana Chopra",1,"2020-05-31 12:53:14",NULL,NULL,1
1248,"Manan Shetty",1,"2020-02-05 19:20:20",NULL,NULL,1
1249,"Priya Kapoor",1,"2024-02-29 15:12:34",NULL,NULL,1
1250,"Sai Thakur",1,"2023-08-09 14:59:06",NULL,NULL,1
1251,"Neha Kaur",1,"2023-09-23 12:42:30",NULL,NULL,1
1252,"Maya Mehta",1,"2022-01-27 09:12:10",NULL,NULL,1
1253,"Sana Rao",1,"2022-05-13 21:37:14",NULL,NULL,1
1254,"Swati Chatterjee",1,"2022-09-05 11:47:52",NULL,NULL,1
1255,"Ragini Mehta",1,"2024-03-29 13:30:02",NULL,NULL,1
1256,"Ishaan Bhatia",1,"2023-02-03 16:08:28",NULL,NULL,1
1257,"Sana Gupta",1,"2022-10-27 15:21:59",NULL,NULL,1
1258,"Anika Bajpai",1,"2023-08-27 09:44:15",NULL,NULL,1
1259,"Vihaan Chopra",1,"2023-10-11 13:38:20",NULL,NULL,1
1260,"Ishaan Agarwal",1,"2021-09-10 20:03:50",NULL,NULL,1
1261,"Sneha Mishra",1,"2023-03-09 12:37:13",NULL,NULL,1
1262,"Anika Bajpai",1,"2023-01-11 15:03:21",NULL,NULL,1
1263,"Arjun Chatterjee",1,"2024-03-02 19:23:46",NULL,NULL,1
1264,"Isha Kumar",1,"2023-06-15 10:34:36",NULL,NULL,1
1265,"Ayaan Kashyap",1,"2022-10-28 12:25:45",NULL,NULL,1
1266,"Siddharth Saxena",1,"2021-06-02 13:43:13",NULL,NULL,1
1267,"Aisha Gupta",1,"2021-01-15 12:05:51",NULL,NULL,1
1268,"Komal Pandey",1,"2019-09-04 18:20:25",NULL,NULL,1
1269,"Sana Basu",1,"2019-09-17 21:59:32",NULL,NULL,1
1270,"Ayaan Kapoor",1,"2020-03-22 20:54:48",NULL,NULL,1
1271,"Isha Rao",1,"2022-02-19 17:54:26",NULL,NULL,1
1272,"Suman Kulkarni",1,"2019-03-11 21:06:22",NULL,NULL,1
1273,"Sanjana Kapoor",1,"2019-01-31 11:37:36",NULL,NULL,1
1274,"Shaurya Bajpai",1,"2021-09-21 12:52:47",NULL,NULL,1
1275,"Neha Reddy",1,"2021-06-26 19:42:56",NULL,NULL,1
1276,"Raghav Menon",1,"2019-07-12 09:43:25",NULL,NULL,1
1277,"Riya Chatterjee",1,"2023-12-10 16:18:18",NULL,NULL,1
1278,"Aisha Gupta",1,"2019-07-19 21:33:54",NULL,NULL,1
1279,"Shaurya Gupta",1,"2022-04-21 12:54:43",NULL,NULL,1
1280,"Priya Malhotra",1,"2022-08-21 19:05:59",NULL,NULL,1
1281,"Ishaan Rao",1,"2021-01-13 16:39:32",NULL,NULL,1
1282,"Meera Pandey",1,"2022-10-07 18:19:20",NULL,NULL,1
1283,"Aarav Jain",1,"2021-01-27 19:55:03",NULL,NULL,1
1284,"Aarav Mehta",1,"2020-05-04 11:50:18",NULL,NULL,1
1285,"Sana Gupta",1,"2022-04-24 19:12:48",NULL,NULL,1
1286,"Arjun Singh",1,"2021-03-07 11:06:40",NULL,NULL,1
1287,"Reyansh Reddy",1,"2023-05-05 20:02:18",NULL,NULL,1
1288,"Yash Kumar",1,"2020-09-02 13:48:16",NULL,NULL,1
1289,"Aisha Chopra",1,"2020-12-21 12:59:30",NULL,NULL,1
1290,"Aditya Yadav",1,"2023-09-26 14:24:13",NULL,NULL,1
1291,"Swati Nanda",1,"2023-12-12 11:33:51",NULL,NULL,1
1292,"Kabir Nair",1,"2022-03-08 18:37:30",NULL,NULL,1
1293,"Ishaan Sharma",1,"2019-11-02 09:22:38",NULL,NULL,1
1294,"Aarav Bhatia",1,"2022-10-13 16:06:45",NULL,NULL,1
1295,"Sanjana Bajpai",1,"2023-07-16 10:23:55",NULL,NULL,1
1296,"Sanjana Menon",1,"2021-10-26 10:36:28",NULL,NULL,1
1297,"Mudit Sharma",1,"2020-07-22 20:52:38",NULL,NULL,1
1298,"Harsh Chaudhary",1,"2023-10-18 20:20:27",NULL,NULL,1
1299,"Aakash Thakur",1,"2020-11-29 17:09:30",NULL,NULL,1
1300,"Reyansh Kashyap",1,"2019-08-17 21:24:56",NULL,NULL,1
1301,"Sana Malhotra",1,"2021-04-12 16:24:54",NULL,NULL,1
1302,"Sanjana Gill",1,"2020-05-16 21:42:07",NULL,NULL,1
1303,"Harsh Pandey",1,"2023-11-16 16:10:56",NULL,NULL,1
1304,"Manan Bajpai",1,"2022-07-28 15:22:06",NULL,NULL,1
1305,"Aisha Menon",1,"2019-04-10 10:07:58",NULL,NULL,1
1306,"Komal Kapoor",1,"2019-10-02 16:17:53",NULL,NULL,1
1307,"Aakash Thakur",1,"2022-05-26 16:48:33",NULL,NULL,1
1308,"Riya Malhotra",1,"2021-10-28 09:25:01",NULL,NULL,1
1309,"Sanjana Nair",1,"2020-11-02 12:03:06",NULL,NULL,1
1310,"Aakash Saxena",1,"2022-04-11 10:43:46",NULL,NULL,1
1311,"Raghav Bajpai",1,"2019-06-10 21:38:51",NULL,NULL,1
1312,"Reyansh Reddy",1,"2024-07-14 19:14:20",NULL,NULL,1
1313,"Isha Agarwal",1,"2019-12-27 19:14:29",NULL,NULL,1
1314,"Harsh Menon",1,"2022-12-03 18:20:03",NULL,NULL,1
1315,"Suman Sharma",1,"2023-08-03 12:45:34",NULL,NULL,1
1316,"Aakash Shetty",1,"2020-12-17 18:29:37",NULL,NULL,1
1317,"Aisha Saxena",1,"2021-11-30 19:35:52",NULL,NULL,1
1318,"Aisha Roy",1,"2023-09-18 18:33:29",NULL,NULL,1
1319,"Manan Basu",1,"2021-06-04 16:49:52",NULL,NULL,1
1320,"Kavya Reddy",1,"2020-05-20 11:41:51",NULL,NULL,1
1321,"Ragini Kumar",1,"2022-08-06 12:14:12",NULL,NULL,1
1322,"Kavya Nair",1,"2021-02-12 16:37:59",NULL,NULL,1
1323,"Raghav Joshi",1,"2021-05-11 16:27:28",NULL,NULL,1
1324,"Raghav Sharma",1,"2019-12-04 15:03:45",NULL,NULL,1
1325,"Ishaan Kumar",1,"2022-07-07 15:37:05",NULL,NULL,1
1326,"Maya Nair",1,"2024-01-01 14:30:10",NULL,NULL,1
1327,"Komal Kumar",1,"2021-03-24 20:21:05",NULL,NULL,1
1328,"Vihaan Nanda",1,"2023-12-28 13:03:20",NULL,NULL,1
1329,"Ayaan Reddy",1,"2023-09-08 12:31:36",NULL,NULL,1
1330,"Riya Shetty",1,"2021-06-20 18:36:16",NULL,NULL,1
1331,"Aisha Joshi",1,"2021-09-20 16:30:15",NULL,NULL,1
1332,"Shaurya Joshi",1,"2023-03-30 13:51:58",NULL,NULL,1
1333,"Sneha Das",1,"2023-07-18 17:14:31",NULL,NULL,1
1334,"Komal Mishra",1,"2022-10-01 19:43:21",NULL,NULL,1
1335,"Nisha Chaudhary",1,"2021-06-17 10:35:19",NULL,NULL,1
1336,"Ragini Bhatt",1,"2020-10-12 14:06:07",NULL,NULL,1
1337,"Dhruv Sharma",1,"2022-05-22 18:45:15",NULL,NULL,1
1338,"Sana Pandey",1,"2024-05-27 19:37:48",NULL,NULL,1
1339,"Krishna Singh",1,"2020-05-02 15:03:28",NULL,NULL,1
1340,"Vivaan Agarwal",1,"2022-09-03 09:39:44",NULL,NULL,1
1341,"Riya Kaur",1,"2024-04-18 17:20:37",NULL,NULL,1
1342,"Aarav Kashyap",1,"2019-08-03 16:04:04",NULL,NULL,1
1343,"Aakash Das",1,"2021-07-19 14:38:24",NULL,NULL,1
1344,"Sana Pandey",1,"2024-02-15 20:56:23",NULL,NULL,1
1345,"Aakash Chatterjee",1,"2021-09-25 20:13:29",NULL,NULL,1
1346,"Swati Basu",1,"2022-06-12 20:29:40",NULL,NULL,1
1347,"Meera Das",1,"2020-10-24 19:31:31",NULL,NULL,1
1348,"Siddharth Agarwal",1,"2020-05-10 09:09:52",NULL,NULL,1
1349,"Swati Kaur",1,"2020-09-04 11:18:34",NULL,NULL,1
1350,"Swati Agarwal",1,"2022-05-13 10:42:34",NULL,NULL,1
1351,"Mudit Chaudhary",1,"2023-01-30 17:07:35",NULL,NULL,1
1352,"Neha Saxena",1,"2024-08-12 09:21:18",NULL,NULL,1
1353,"Ragini Singh",1,"2021-12-14 16:36:30",NULL,NULL,1
1354,"Suman Malhotra",1,"2019-11-13 10:10:35",NULL,NULL,1
1355,"Tara Bhatt",1,"2022-07-16 11:20:26",NULL,NULL,1
1356,"Sanjana Chatterjee",1,"2024-05-13 11:46:14",NULL,NULL,1
1357,"Anika Nair",1,"2019-01-22 21:29:27",NULL,NULL,1
1358,"Kabir Kapoor",1,"2021-07-16 15:16:44",NULL,NULL,1
1359,"Krishna Desai",1,"2023-04-18 12:19:03",NULL,NULL,1
1360,"Ayaan Basu",1,"2020-08-09 17:12:29",NULL,NULL,1
1361,"Ragini Shetty",1,"2021-04-19 09:59:28",NULL,NULL,1
1362,"Reyansh Patel",1,"2021-09-16 16:25:53",NULL,NULL,1
1363,"Meera Chatterjee",1,"2023-03-24 19:50:02",NULL,NULL,1
1364,"Ishaan Saxena",1,"2022-06-22 16:07:20",NULL,NULL,1
1365,"Aditya Chatterjee",1,"2021-07-11 16:16:33",NULL,NULL,1
1366,"Meera Basu",1,"2021-11-06 10:44:54",NULL,NULL,1
1367,"Kavya Iyer",1,"2019-10-08 11:53:47",NULL,NULL,1
1368,"Riya Dutta",1,"2020-01-07 10:03:21",NULL,NULL,1
1369,"Aditya Chopra",1,"2023-03-31 09:29:15",NULL,NULL,1
1370,"Ayaan Sharma",1,"2022-05-11 20:22:47",NULL,NULL,1
1371,"Vivaan Jain",1,"2021-09-19 14:21:07",NULL,NULL,1
1372,"Aisha Dutta",1,"2020-04-19 11:59:48",NULL,NULL,1
1373,"Aarav Kulkarni",1,"2019-02-12 16:06:56",NULL,NULL,1
1374,"Sneha Iyer",1,"2023-12-22 18:44:18",NULL,NULL,1
1375,"Siddharth Kaur",1,"2023-03-03 19:53:13",NULL,NULL,1
1376,"Vivaan Kapoor",1,"2021-04-08 11:27:02",NULL,NULL,1
1377,"Ishaan Reddy",1,"2024-06-24 11:27:23",NULL,NULL,1
1378,"Yash Roy",1,"2020-12-14 19:55:20",NULL,NULL,1
1379,"Reyansh Jain",1,"2024-08-21 21:07:29",NULL,NULL,1
1380,"Aisha Agarwal",1,"2020-06-19 12:15:24",NULL,NULL,1
1381,"Mudit Mehta",1,"2021-10-10 11:56:19",NULL,NULL,1
1382,"Vivaan Kashyap",1,"2021-06-11 16:23:14",NULL,NULL,1
1383,"Riya Bhatia",1,"2019-05-03 17:23:37",NULL,NULL,1
1384,"Ayaan Singh",1,"2024-08-21 18:15:44",NULL,NULL,1
1385,"Raghav Bhatt",1,"2020-02-13 13:19:05",NULL,NULL,1
1386,"Aditya Nair",1,"2022-11-10 20:16:31",NULL,NULL,1
1387,"Reyansh Singh",1,"2021-01-03 17:56:49",NULL,NULL,1
1388,"Aakash Mehta",1,"2022-05-24 16:38:27",NULL,NULL,1
1389,"Priya Chatterjee",1,"2021-01-30 11:51:27",NULL,NULL,1
1390,"Swati Gill",1,"2022-02-05 20:49:20",NULL,NULL,1
1391,"Sneha Verma",1,"2022-07-31 16:57:43",NULL,NULL,1
1392,"Sana Yadav",1,"2024-08-28 09:47:49",NULL,NULL,1
1393,"Yash Joshi",1,"2020-03-21 14:54:20",NULL,NULL,1
1394,"Tara Agarwal",1,"2022-06-02 18:35:31",NULL,NULL,1
1395,"Krishna Shetty",1,"2021-03-28 13:14:28",NULL,NULL,1
1396,"Mudit Malhotra",1,"2020-05-03 09:07:29",NULL,NULL,1
1397,"Harsh Kumar",1,"2019-08-07 15:13:24",NULL,NULL,1
1398,"Shaurya Sharma",1,"2019-01-05 14:49:32",NULL,NULL,1
1399,"Sana Mehta",1,"2023-02-10 15:48:51",NULL,NULL,1
1400,"Tara Yadav",1,"2022-10-27 16:08:50",NULL,NULL,1
1401,"Aisha Saxena",1,"2023-05-18 12:36:25",NULL,NULL,1
1402,"Arjun Sharma",1,"2022-01-24 10:32:08",NULL,NULL,1
1403,"Sanjana Verma",1,"2021-12-26 17:12:58",NULL,NULL,1
1404,"Riya Shetty",1,"2022-06-09 15:56:31",NULL,NULL,1
1405,"Sana Malhotra",1,"2023-04-01 09:32:08",NULL,NULL,1
1406,"Neha Kulkarni",1,"2022-08-03 19:08:50",NULL,NULL,1
1407,"Neha Kashyap",1,"2024-03-15 16:22:38",NULL,NULL,1
1408,"Suman Kulkarni",1,"2020-09-27 18:02:39",NULL,NULL,1
1409,"Anika Chatterjee",1,"2019-06-10 15:25:22",NULL,NULL,1
1410,"Tara Bhatt",1,"2023-04-13 21:17:30",NULL,NULL,1
1411,"Krishna Agarwal",1,"2022-07-06 17:25:15",NULL,NULL,1
1412,"Shaurya Kaur",1,"2020-12-09 21:15:51",NULL,NULL,1
1413,"Manan Basu",1,"2022-01-07 13:59:29",NULL,NULL,1
1414,"Suman Nanda",1,"2019-06-27 14:04:40",NULL,NULL,1
1415,"Swati Desai",1,"2023-11-29 21:32:38",NULL,NULL,1
1416,"Siddharth Dutta",1,"2020-09-19 17:04:23",NULL,NULL,1
1417,"Aarav Nair",1,"2024-10-13 12:22:07",NULL,NULL,1
1418,"Meera Roy",1,"2019-09-09 19:16:12",NULL,NULL,1
1419,"Kabir Mishra",1,"2024-03-07 17:48:40",NULL,NULL,1
1420,"Ayaan Kashyap",1,"2022-11-24 13:27:56",NULL,NULL,1
1421,"Ishaan Kashyap",1,"2022-03-31 10:10:27",NULL,NULL,1
1422,"Krishna Gill",1,"2019-04-09 10:12:42",NULL,NULL,1
1423,"Aisha Gill",1,"2022-08-02 12:11:24",NULL,NULL,1
1424,"Pooja Chaudhary",1,"2024-09-08 17:09:45",NULL,NULL,1
1425,"Komal Malhotra",1,"2022-07-10 10:52:35",NULL,NULL,1
1426,"Pooja Joshi",1,"2021-09-03 15:56:46",NULL,NULL,1
1427,"Swati Singh",1,"2022-07-11 11:16:57",NULL,NULL,1
1428,"Pooja Agarwal",1,"2022-03-02 12:13:15",NULL,NULL,1
1429,"Aakash Singh",1,"2021-05-30 15:11:37",NULL,NULL,1
1430,"Raghav Yadav",1,"2020-07-17 17:49:21",NULL,NULL,1
1431,"Yash Bajpai",1,"2023-05-17 16:14:10",NULL,NULL,1
1432,"Kavya Agarwal",1,"2019-09-20 21:16:27",NULL,NULL,1
1433,"Vivaan Mehta",1,"2021-11-23 14:59:52",NULL,NULL,1
1434,"Neha Kumar",1,"2021-09-22 13:01:55",NULL,NULL,1
1435,"Anika Pandey",1,"2020-02-03 09:16:04",NULL,NULL,1
1436,"Maya Das",1,"2022-11-08 13:41:33",NULL,NULL,1
1437,"Ayaan Kapoor",1,"2020-06-04 19:14:53",NULL,NULL,1
1438,"Isha Reddy",1,"2024-09-11 18:07:29",NULL,NULL,1
1439,"Vivaan Shetty",1,"2020-01-05 10:33:15",NULL,NULL,1
1440,"Sanjana Sharma",1,"2020-02-04 20:50:04",NULL,NULL,1
1441,"Sneha Iyer",1,"2023-12-07 11:36:28",NULL,NULL,1
1442,"Harsh Dutta",1,"2021-11-16 21:58:38",NULL,NULL,1
1443,"Ayaan Menon",1,"2024-10-07 18:46:35",NULL,NULL,1
1444,"Riya Kaur",1,"2021-10-08 21:25:03",NULL,NULL,1
1445,"Aakash Kumar",1,"2023-09-22 20:44:44",NULL,NULL,1
1446,"Mudit Gupta",1,"2023-09-04 13:06:54",NULL,NULL,1
1447,"Vivaan Rao",1,"2021-10-16 12:09:54",NULL,NULL,1
1448,"Raghav Jain",1,"2022-04-28 20:41:44",NULL,NULL,1
1449,"Maya Roy",1,"2024-06-27 13:45:32",NULL,NULL,1
1450,"Aisha Nanda",1,"2020-04-09 21:07:10",NULL,NULL,1
1451,"Sneha Iyer",1,"2023-01-20 12:53:01",NULL,NULL,1
1452,"Sana Joshi",1,"2022-02-02 18:16:05",NULL,NULL,1
1453,"Yash Chopra",1,"2024-03-24 14:52:57",NULL,NULL,1
1454,"Maya Reddy",1,"2019-09-24 14:44:28",NULL,NULL,1
1455,"Komal Gill",1,"2023-02-02 10:35:42",NULL,NULL,1
1456,"Meera Chopra",1,"2022-03-04 16:07:22",NULL,NULL,1
1457,"Suman Rao",1,"2021-08-06 15:03:23",NULL,NULL,1
1458,"Suman Kashyap",1,"2019-01-20 15:56:58",NULL,NULL,1
1459,"Siddharth Iyer",1,"2022-05-22 11:42:41",NULL,NULL,1
1460,"Sanjana Menon",1,"2021-04-06 16:35:01",NULL,NULL,1
1461,"Riya Malhotra",1,"2019-10-02 19:37:13",NULL,NULL,1
1462,"Siddharth Rao",1,"2023-06-07 14:27:05",NULL,NULL,1
1463,"Meera Malhotra",1,"2020-08-29 12:25:28",NULL,NULL,1
1464,"Krishna Chopra",1,"2022-08-28 19:09:42",NULL,NULL,1
1465,"Riya Nanda",1,"2020-02-22 10:04:27",NULL,NULL,1
1466,"Swati Kaur",1,"2024-08-23 18:49:06",NULL,NULL,1
1467,"Kavya Iyer",1,"2021-08-23 09:40:32",NULL,NULL,1
1468,"Meera Das",1,"2021-01-15 11:25:02",NULL,NULL,1
1469,"Krishna Kapoor",1,"2023-12-29 11:32:47",NULL,NULL,1
1470,"Aakash Bhatt",1,"2024-04-30 13:28:07",NULL,NULL,1
1471,"Sanjana Dutta",1,"2022-07-02 15:33:16",NULL,NULL,1
1472,"Aakash Pandey",1,"2021-07-16 17:17:49",NULL,NULL,1
1473,"Suman Nanda",1,"2020-09-24 19:48:52",NULL,NULL,1
1474,"Kabir Chaudhary",1,"2019-10-04 19:24:09",NULL,NULL,1
1475,"Yash Menon",1,"2022-11-24 14:28:24",NULL,NULL,1
1476,"Ishaan Jain",1,"2021-10-30 11:23:13",NULL,NULL,1
1477,"Dhruv Verma",1,"2024-09-03 12:25:54",NULL,NULL,1
1478,"Raghav Reddy",1,"2024-07-11 12:15:15",NULL,NULL,1
1479,"Krishna Nanda",1,"2021-04-18 18:03:58",NULL,NULL,1
1480,"Ragini Yadav",1,"2021-12-01 14:53:34",NULL,NULL,1
1481,"Meera Jain",1,"2019-01-24 11:17:56",NULL,NULL,1
1482,"Aisha Mehta",1,"2021-10-16 15:51:27",NULL,NULL,1
1483,"Aakash Saxena",1,"2020-09-25 19:59:36",NULL,NULL,1
1484,"Mudit Gill",1,"2022-04-14 18:21:45",NULL,NULL,1
1485,"Tara Kaur",1,"2024-07-23 18:26:04",NULL,NULL,1
1486,"Vivaan Kaur",1,"2022-01-09 17:55:35",NULL,NULL,1
1487,"Anika Roy",1,"2019-12-08 20:43:41",NULL,NULL,1
1488,"Aditya Jain",1,"2022-07-22 13:24:21",NULL,NULL,1
1489,"Anika Nanda",1,"2023-06-02 10:01:06",NULL,NULL,1
1490,"Riya Agarwal",1,"2019-03-29 16:55:32",NULL,NULL,1
1491,"Suman Gill",1,"2022-11-21 13:12:44",NULL,NULL,1
1492,"Raghav Menon",1,"2021-10-18 15:57:38",NULL,NULL,1
1493,"Aarav Kumar",1,"2022-04-04 12:31:00",NULL,NULL,1
1494,"Aisha Mishra",1,"2022-05-26 15:23:34",NULL,NULL,1
1495,"Pooja Joshi",1,"2022-01-28 14:51:42",NULL,NULL,1
1496,"Tara Kashyap",1,"2022-06-25 11:07:11",NULL,NULL,1
1497,"Yash Bajpai",1,"2024-07-20 15:56:59",NULL,NULL,1
1498,"Ragini Iyer",1,"2023-05-21 09:14:08",NULL,NULL,1
1499,"Ishaan Bhatia",1,"2021-02-23 11:41:42",NULL,NULL,1
1500,"Mudit Sharma",1,"2019-07-11 17:57:05",NULL,NULL,1
1501,"Swati Yadav",1,"2024-07-13 21:07:33",NULL,NULL,1
1502,"Harsh Bhatia",1,"2022-05-14 09:20:29",NULL,NULL,1
1503,"Riya Dutta",1,"2019-02-20 17:47:17",NULL,NULL,1
1504,"Maya Chatterjee",1,"2023-04-03 14:48:20",NULL,NULL,1
1505,"Dhruv Iyer",1,"2019-01-05 19:17:48",NULL,NULL,1
1506,"Arjun Malhotra",1,"2019-10-22 16:52:28",NULL,NULL,1
1507,"Swati Chopra",1,"2019-10-08 11:34:21",NULL,NULL,1
1508,"Harsh Basu",1,"2021-03-19 12:01:06",NULL,NULL,1
1509,"Aarav Roy",1,"2019-10-24 18:52:14",NULL,NULL,1
1510,"Anika Patel",1,"2020-06-28 18:00:02",NULL,NULL,1
1511,"Sneha Patel",1,"2021-09-30 14:19:45",NULL,NULL,1
1512,"Aakash Thakur",1,"2024-04-13 09:24:02",NULL,NULL,1
1513,"Komal Malhotra",1,"2021-06-27 12:03:20",NULL,NULL,1
1514,"Tara Kulkarni",1,"2021-06-05 13:22:41",NULL,NULL,1
1515,"Aditya Nair",1,"2023-11-10 11:10:20",NULL,NULL,1
1516,"Sanjana Menon",1,"2021-03-01 20:38:10",NULL,NULL,1
1517,"Sana Basu",1,"2023-05-19 17:32:52",NULL,NULL,1
1518,"Manan Shetty",1,"2023-03-01 18:15:25",NULL,NULL,1
1519,"Kabir Singh",1,"2020-07-12 09:47:20",NULL,NULL,1
1520,"Vivaan Thakur",1,"2021-09-05 10:46:31",NULL,NULL,1
1521,"Vihaan Basu",1,"2022-09-11 17:47:13",NULL,NULL,1
1522,"Nisha Chopra",1,"2019-10-17 19:20:39",NULL,NULL,1
1523,"Swati Bhatt",1,"2023-02-26 12:25:25",NULL,NULL,1
1524,"Kavya Sharma",1,"2020-05-28 14:04:13",NULL,NULL,1
1525,"Aakash Nair",1,"2021-05-28 16:31:48",NULL,NULL,1
1526,"Aakash Bhatia",1,"2022-03-05 21:25:28",NULL,NULL,1
1527,"Kavya Dutta",1,"2022-03-21 10:19:07",NULL,NULL,1
1528,"Sai Gupta",1,"2021-01-17 21:39:46",NULL,NULL,1
1529,"Sana Pandey",1,"2020-06-21 15:03:20",NULL,NULL,1
1530,"Mudit Bhatia",1,"2023-10-15 15:57:07",NULL,NULL,1
1531,"Anika Menon",1,"2023-08-21 09:23:00",NULL,NULL,1
1532,"Dhruv Bajpai",1,"2023-02-13 18:37:33",NULL,NULL,1
1533,"Sanjana Rao",1,"2022-07-11 09:53:56",NULL,NULL,1
1534,"Ishaan Kaur",1,"2021-12-29 15:38:37",NULL,NULL,1
1535,"Ragini Jain",1,"2022-10-26 13:31:31",NULL,NULL,1
1536,"Suman Kashyap",1,"2024-03-19 14:09:36",NULL,NULL,1
1537,"Sanjana Bajpai",1,"2022-04-02 10:03:51",NULL,NULL,1
1538,"Komal Reddy",1,"2019-12-11 12:36:33",NULL,NULL,1
1539,"Arjun Chopra",1,"2020-02-02 15:10:20",NULL,NULL,1
1540,"Reyansh Mehta",1,"2023-07-21 12:00:44",NULL,NULL,1
1541,"Dhruv Agarwal",1,"2023-04-10 13:53:24",NULL,NULL,1
1542,"Aarav Kashyap",1,"2023-01-31 15:03:46",NULL,NULL,1
1543,"Swati Sharma",1,"2022-05-16 19:47:10",NULL,NULL,1
1544,"Neha Chatterjee",1,"2023-12-23 17:52:51",NULL,NULL,1
1545,"Aakash Kapoor",1,"2020-11-26 15:21:02",NULL,NULL,1
1546,"Tara Bhatia",1,"2022-12-28 16:13:27",NULL,NULL,1
1547,"Neha Menon",1,"2023-01-31 14:12:20",NULL,NULL,1
1548,"Kavya Nanda",1,"2021-04-26 12:15:45",NULL,NULL,1
1549,"Kavya Chaudhary",1,"2024-01-27 13:39:35",NULL,NULL,1
1550,"Neha Dutta",1,"2019-04-06 18:08:47",NULL,NULL,1
1551,"Mudit Dutta",1,"2021-07-08 09:28:57",NULL,NULL,1
1552,"Aakash Nanda",1,"2023-07-04 10:38:18",NULL,NULL,1
1553,"Neha Joshi",1,"2019-09-10 16:58:42",NULL,NULL,1
1554,"Aakash Roy",1,"2020-12-27 19:15:29",NULL,NULL,1
1555,"Harsh Patel",1,"2023-09-24 16:12:53",NULL,NULL,1
1556,"Aakash Pandey",1,"2021-10-31 18:55:01",NULL,NULL,1
1557,"Ishaan Singh",1,"2019-02-12 13:18:49",NULL,NULL,1
1558,"Aakash Thakur",1,"2019-12-08 19:57:50",NULL,NULL,1
1559,"Vihaan Kashyap",1,"2020-11-09 21:11:17",NULL,NULL,1
1560,"Komal Nanda",1,"2024-09-29 17:17:51",NULL,NULL,1
1561,"Aisha Menon",1,"2021-01-19 12:46:53",NULL,NULL,1
1562,"Riya Chatterjee",1,"2023-05-14 12:09:25",NULL,NULL,1
1563,"Sanjana Gupta",1,"2024-02-26 19:16:01",NULL,NULL,1
1564,"Vivaan Agarwal",1,"2021-07-04 21:57:16",NULL,NULL,1
1565,"Mudit Bajpai",1,"2019-08-06 21:32:32",NULL,NULL,1
1566,"Krishna Kulkarni",1,"2023-09-05 21:33:42",NULL,NULL,1
1567,"Aakash Bhatt",1,"2022-11-06 16:35:45",NULL,NULL,1
1568,"Harsh Pandey",1,"2021-12-29 14:02:31",NULL,NULL,1
1569,"Kabir Thakur",1,"2022-03-12 11:25:51",NULL,NULL,1
1570,"Sai Shetty",1,"2022-07-05 19:15:09",NULL,NULL,1
1571,"Riya Mishra",1,"2023-12-10 18:44:23",NULL,NULL,1
1572,"Suman Verma",1,"2023-02-24 14:22:06",NULL,NULL,1
1573,"Ayaan Kaur",1,"2020-06-23 11:41:16",NULL,NULL,1
1574,"Tara Kaur",1,"2021-05-23 21:09:25",NULL,NULL,1
1575,"Meera Kapoor",1,"2019-05-20 18:41:00",NULL,NULL,1
1576,"Anika Kapoor",1,"2021-12-27 21:14:54",NULL,NULL,1
1577,"Arjun Sharma",1,"2023-03-09 15:32:14",NULL,NULL,1
1578,"Aakash Das",1,"2022-02-28 19:11:18",NULL,NULL,1
1579,"Arjun Menon",1,"2019-05-23 09:21:06",NULL,NULL,1
1580,"Aakash Roy",1,"2019-05-26 20:08:21",NULL,NULL,1
1581,"Neha Bhatt",1,"2020-08-24 10:57:04",NULL,NULL,1
1582,"Yash Chaudhary",1,"2023-11-28 12:57:55",NULL,NULL,1
1583,"Sneha Sharma",1,"2020-03-04 10:04:37",NULL,NULL,1
1584,"Sai Reddy",1,"2021-01-28 13:35:49",NULL,NULL,1
1585,"Dhruv Bajpai",1,"2019-05-31 10:20:43",NULL,NULL,1
1586,"Pooja Pandey",1,"2023-01-24 14:48:38",NULL,NULL,1
1587,"Priya Jain",1,"2020-11-03 14:28:38",NULL,NULL,1
1588,"Vihaan Bhatia",1,"2023-03-06 15:05:37",NULL,NULL,1
1589,"Arjun Reddy",1,"2024-03-05 11:52:04",NULL,NULL,1
1590,"Ishaan Iyer",1,"2023-05-03 10:53:26",NULL,NULL,1
1591,"Vivaan Joshi",1,"2021-10-29 11:15:05",NULL,NULL,1
1592,"Dhruv Chatterjee",1,"2023-06-22 16:26:37",NULL,NULL,1
1593,"Swati Kashyap",1,"2022-12-18 18:22:06",NULL,NULL,1
1594,"Sanjana Bhatt",1,"2023-08-30 16:17:19",NULL,NULL,1
1595,"Sanjana Malhotra",1,"2021-04-04 15:36:47",NULL,NULL,1
1596,"Vihaan Sharma",1,"2020-08-01 21:31:03",NULL,NULL,1
1597,"Anika Verma",1,"2021-11-12 20:27:50",NULL,NULL,1
1598,"Isha Dutta",1,"2022-12-15 19:45:40",NULL,NULL,1
1599,"Dhruv Menon",1,"2021-04-05 16:45:02",NULL,NULL,1
1600,"Swati Chaudhary",1,"2021-08-08 16:25:42",NULL,NULL,1
1601,"Mudit Singh",1,"2019-12-05 18:36:56",NULL,NULL,1
1602,"Raghav Desai",1,"2022-04-04 15:52:55",NULL,NULL,1
1603,"Reyansh Thakur",1,"2024-02-23 11:22:56",NULL,NULL,1
1604,"Riya Kulkarni",1,"2021-04-19 21:39:16",NULL,NULL,1
1605,"Riya Nair",1,"2019-11-08 13:47:00",NULL,NULL,1
1606,"Aarav Dutta",1,"2021-10-05 20:27:28",NULL,NULL,1
1607,"Sanjana Saxena",1,"2022-08-11 18:37:07",NULL,NULL,1
1608,"Shaurya Nanda",1,"2022-03-05 14:09:23",NULL,NULL,1
1609,"Reyansh Kulkarni",1,"2019-05-29 21:18:46",NULL,NULL,1
1610,"Dhruv Malhotra",1,"2019-07-28 16:36:45",NULL,NULL,1
1611,"Arjun Bhatia",1,"2023-12-04 13:35:19",NULL,NULL,1
1612,"Nisha Kaur",1,"2023-10-11 19:05:21",NULL,NULL,1
1613,"Sneha Roy",1,"2022-05-15 12:18:55",NULL,NULL,1
1614,"Shaurya Kumar",1,"2020-11-01 16:15:05",NULL,NULL,1
1615,"Sanjana Saxena",1,"2020-03-16 17:10:41",NULL,NULL,1
1616,"Ayaan Basu",1,"2022-12-30 15:29:32",NULL,NULL,1
1617,"Priya Shetty",1,"2019-09-30 17:32:22",NULL,NULL,1
1618,"Ragini Nair",1,"2021-08-18 10:38:17",NULL,NULL,1
1619,"Arjun Kulkarni",1,"2020-01-23 17:51:26",NULL,NULL,1
1620,"Aarav Patel",1,"2022-03-09 12:52:23",NULL,NULL,1
1621,"Dhruv Bajpai",1,"2020-01-31 20:29:56",NULL,NULL,1
1622,"Dhruv Saxena",1,"2023-10-01 11:23:02",NULL,NULL,1
1623,"Shaurya Mishra",1,"2021-06-10 12:28:37",NULL,NULL,1
1624,"Ragini Mishra",1,"2019-01-30 20:22:08",NULL,NULL,1
1625,"Suman Gill",1,"2021-07-25 15:15:30",NULL,NULL,1
1626,"Isha Das",1,"2024-05-12 13:04:52",NULL,NULL,1
1627,"Tara Agarwal",1,"2021-12-30 18:36:52",NULL,NULL,1
1628,"Arjun Bajpai",1,"2021-05-29 15:07:52",NULL,NULL,1
1629,"Siddharth Joshi",1,"2022-03-28 19:01:34",NULL,NULL,1
1630,"Anika Shetty",1,"2022-01-26 20:48:10",NULL,NULL,1
1631,"Harsh Nanda",1,"2024-04-22 20:18:31",NULL,NULL,1
1632,"Krishna Sharma",1,"2022-11-06 19:45:01",NULL,NULL,1
1633,"Siddharth Nanda",1,"2022-01-11 10:01:43",NULL,NULL,1
1634,"Swati Chaudhary",1,"2019-11-13 09:22:35",NULL,NULL,1
1635,"Swati Bhatia",1,"2023-03-07 09:56:06",NULL,NULL,1
1636,"Sanjana Kapoor",1,"2022-12-15 15:17:16",NULL,NULL,1
1637,"Siddharth Kumar",1,"2021-07-11 18:29:03",NULL,NULL,1
1638,"Arjun Nair",1,"2023-05-01 18:55:02",NULL,NULL,1
1639,"Yash Iyer",1,"2022-10-11 21:38:00",NULL,NULL,1
1640,"Arjun Gupta",1,"2023-10-09 14:46:50",NULL,NULL,1
1641,"Harsh Thakur",1,"2021-08-05 21:29:12",NULL,NULL,1
1642,"Ishaan Yadav",1,"2020-06-04 10:21:38",NULL,NULL,1
1643,"Aisha Mishra",1,"2021-05-09 12:25:33",NULL,NULL,1
1644,"Suman Pandey",1,"2023-01-27 10:48:05",NULL,NULL,1
1645,"Krishna Kaur",1,"2019-02-06 15:41:26",NULL,NULL,1
1646,"Sana Gill",1,"2024-04-27 21:27:27",NULL,NULL,1
1647,"Meera Chatterjee",1,"2023-08-28 18:10:32",NULL,NULL,1
1648,"Mudit Verma",1,"2020-01-31 14:45:53",NULL,NULL,1
1649,"Komal Bajpai",1,"2023-10-15 17:36:47",NULL,NULL,1
1650,"Raghav Jain",1,"2024-08-13 19:48:55",NULL,NULL,1
1651,"Sana Thakur",1,"2023-09-30 17:03:02",NULL,NULL,1
1652,"Aarav Desai",1,"2019-09-19 09:36:57",NULL,NULL,1
1653,"Anika Bhatia",1,"2021-12-12 20:21:22",NULL,NULL,1
1654,"Yash Singh",1,"2023-04-08 10:27:45",NULL,NULL,1
1655,"Aditya Desai",1,"2019-01-15 10:20:42",NULL,NULL,1
1656,"Kabir Bhatt",1,"2019-02-26 15:37:22",NULL,NULL,1
1657,"Anika Agarwal",1,"2023-03-03 10:40:20",NULL,NULL,1
1658,"Maya Reddy",1,"2019-03-09 09:55:22",NULL,NULL,1
1659,"Sneha Reddy",1,"2024-02-04 14:45:01",NULL,NULL,1
1660,"Ishaan Patel",1,"2023-09-19 09:11:39",NULL,NULL,1
1661,"Swati Verma",1,"2019-05-17 17:31:32",NULL,NULL,1
1662,"Kabir Mehta",1,"2021-05-17 13:12:10",NULL,NULL,1
1663,"Sana Jain",1,"2021-04-08 16:09:25",NULL,NULL,1
1664,"Vihaan Jain",1,"2019-02-24 14:01:36",NULL,NULL,1
1665,"Siddharth Jain",1,"2024-08-19 19:33:15",NULL,NULL,1
1666,"Kabir Nair",1,"2022-05-20 14:02:52",NULL,NULL,1
1667,"Mudit Gupta",1,"2022-04-25 18:29:00",NULL,NULL,1
1668,"Neha Agarwal",1,"2019-07-26 18:50:16",NULL,NULL,1
1669,"Maya Nair",1,"2022-11-08 18:15:52",NULL,NULL,1
1670,"Arjun Nanda",1,"2021-01-27 20:04:51",NULL,NULL,1
1671,"Reyansh Bajpai",1,"2019-02-02 19:30:23",NULL,NULL,1
1672,"Swati Kapoor",1,"2024-01-29 19:19:08",NULL,NULL,1
1673,"Priya Mishra",1,"2022-01-05 19:10:40",NULL,NULL,1
1674,"Arjun Agarwal",1,"2024-07-07 15:08:00",NULL,NULL,1
1675,"Shaurya Chaudhary",1,"2020-08-14 13:09:01",NULL,NULL,1
1676,"Aarav Chatterjee",1,"2022-07-29 21:38:47",NULL,NULL,1
1677,"Ayaan Yadav",1,"2021-11-28 09:08:38",NULL,NULL,1
1678,"Reyansh Bhatia",1,"2021-02-21 11:14:06",NULL,NULL,1
1679,"Suman Agarwal",1,"2024-03-16 16:59:18",NULL,NULL,1
1680,"Aisha Bajpai",1,"2024-04-28 13:16:16",NULL,NULL,1
1681,"Meera Kulkarni",1,"2023-02-18 10:36:05",NULL,NULL,1
1682,"Shaurya Kumar",1,"2021-05-30 11:39:38",NULL,NULL,1
1683,"Meera Basu",1,"2021-04-18 20:52:15",NULL,NULL,1
1684,"Meera Saxena",1,"2023-03-11 20:47:00",NULL,NULL,1
1685,"Ragini Chatterjee",1,"2023-05-19 20:17:05",NULL,NULL,1
1686,"Arjun Kulkarni",1,"2019-02-07 13:17:33",NULL,NULL,1
1687,"Swati Joshi",1,"2022-04-25 12:28:39",NULL,NULL,1
1688,"Ragini Sharma",1,"2020-03-06 17:30:44",NULL,NULL,1
1689,"Aarav Pandey",1,"2023-04-06 11:34:36",NULL,NULL,1
1690,"Komal Agarwal",1,"2022-05-24 21:47:31",NULL,NULL,1
1691,"Siddharth Yadav",1,"2022-11-24 15:13:09",NULL,NULL,1
1692,"Komal Kumar",1,"2020-04-22 13:37:36",NULL,NULL,1
1693,"Kabir Menon",1,"2022-11-18 21:28:47",NULL,NULL,1
1694,"Tara Desai",1,"2023-06-18 09:46:51",NULL,NULL,1
1695,"Riya Mehta",1,"2023-12-29 10:22:26",NULL,NULL,1
1696,"Arjun Reddy",1,"2022-03-21 13:52:31",NULL,NULL,1
1697,"Neha Nair",1,"2024-07-08 19:55:11",NULL,NULL,1
1698,"Aakash Bajpai",1,"2021-11-17 15:47:29",NULL,NULL,1
1699,"Vivaan Bajpai",1,"2023-02-17 19:37:57",NULL,NULL,1
1700,"Pooja Yadav",1,"2021-11-15 16:30:49",NULL,NULL,1
1701,"Dhruv Nair",1,"2024-01-29 16:28:59",NULL,NULL,1
1702,"Sai Singh",1,"2022-09-28 19:54:24",NULL,NULL,1
1703,"Dhruv Kulkarni",1,"2024-08-02 19:57:39",NULL,NULL,1
1704,"Komal Nanda",1,"2019-06-27 11:19:48",NULL,NULL,1
1705,"Ishaan Reddy",1,"2019-07-21 21:53:25",NULL,NULL,1
1706,"Aditya Jain",1,"2019-09-10 21:19:38",NULL,NULL,1
1707,"Tara Chopra",1,"2023-06-04 18:00:11",NULL,NULL,1
1708,"Raghav Reddy",1,"2020-07-03 12:04:38",NULL,NULL,1
1709,"Swati Sharma",1,"2022-03-27 20:51:00",NULL,NULL,1
1710,"Maya Kaur",1,"2019-03-27 20:46:43",NULL,NULL,1
1711,"Raghav Rao",1,"2019-11-04 15:58:49",NULL,NULL,1
1712,"Harsh Reddy",1,"2019-03-30 20:57:43",NULL,NULL,1
1713,"Reyansh Verma",1,"2020-08-24 16:40:55",NULL,NULL,1
1714,"Krishna Bhatia",1,"2021-01-23 11:58:23",NULL,NULL,1
1715,"Vivaan Kumar",1,"2024-08-21 13:56:14",NULL,NULL,1
1716,"Kabir Mishra",1,"2022-10-05 13:51:27",NULL,NULL,1
1717,"Vivaan Mishra",1,"2023-01-01 20:07:44",NULL,NULL,1
1718,"Arjun Gupta",1,"2024-03-20 19:38:47",NULL,NULL,1
1719,"Sanjana Gill",1,"2021-02-14 11:15:57",NULL,NULL,1
1720,"Anika Dutta",1,"2019-01-24 10:25:22",NULL,NULL,1
1721,"Sana Yadav",1,"2020-12-18 13:46:47",NULL,NULL,1
1722,"Priya Patel",1,"2023-11-25 13:45:29",NULL,NULL,1
1723,"Harsh Jain",1,"2023-12-11 10:57:18",NULL,NULL,1
1724,"Aakash Roy",1,"2023-12-28 18:40:47",NULL,NULL,1
1725,"Komal Agarwal",1,"2024-03-08 12:04:04",NULL,NULL,1
1726,"Raghav Verma",1,"2020-07-22 21:57:37",NULL,NULL,1
1727,"Kabir Bajpai",1,"2019-12-05 14:29:30",NULL,NULL,1
1728,"Dhruv Kulkarni",1,"2019-02-03 19:15:12",NULL,NULL,1
1729,"Suman Sharma",1,"2024-04-15 15:21:43",NULL,NULL,1
1730,"Shaurya Gupta",1,"2024-02-05 16:56:55",NULL,NULL,1
1731,"Riya Nanda",1,"2022-09-02 13:46:39",NULL,NULL,1
1732,"Krishna Bajpai",1,"2023-07-20 12:06:13",NULL,NULL,1
1733,"Komal Kapoor",1,"2021-06-12 14:27:18",NULL,NULL,1
1734,"Nisha Menon",1,"2019-07-03 11:39:56",NULL,NULL,1
1735,"Shaurya Gill",1,"2023-04-12 15:19:31",NULL,NULL,1
1736,"Arjun Agarwal",1,"2019-04-25 20:56:42",NULL,NULL,1
1737,"Aakash Kaur",1,"2023-07-13 14:33:03",NULL,NULL,1
1738,"Mudit Thakur",1,"2020-10-06 12:21:55",NULL,NULL,1
1739,"Sana Kulkarni",1,"2022-07-03 18:29:30",NULL,NULL,1
1740,"Kavya Chatterjee",1,"2022-05-15 15:27:54",NULL,NULL,1
1741,"Ragini Iyer",1,"2019-02-06 16:25:36",NULL,NULL,1
1742,"Maya Rao",1,"2020-08-26 11:32:25",NULL,NULL,1
1743,"Pooja Pandey",1,"2024-07-16 14:05:33",NULL,NULL,1
1744,"Raghav Joshi",1,"2022-08-25 10:43:04",NULL,NULL,1
1745,"Reyansh Pandey",1,"2020-02-08 10:19:03",NULL,NULL,1
1746,"Aakash Chatterjee",1,"2024-03-16 12:27:39",NULL,NULL,1
1747,"Suman Chaudhary",1,"2022-05-24 11:56:25",NULL,NULL,1
1748,"Kavya Kashyap",1,"2024-01-05 14:04:07",NULL,NULL,1
1749,"Swati Nair",1,"2024-05-15 12:15:56",NULL,NULL,1
1750,"Sai Jain",1,"2020-05-08 13:54:47",NULL,NULL,1
1751,"Nisha Joshi",1,"2024-04-01 10:32:41",NULL,NULL,1
1752,"Ishaan Verma",1,"2021-04-18 19:43:21",NULL,NULL,1
1753,"Priya Patel",1,"2022-07-21 11:54:22",NULL,NULL,1
1754,"Suman Nair",1,"2020-12-18 09:46:25",NULL,NULL,1
1755,"Dhruv Nair",1,"2019-03-24 17:05:56",NULL,NULL,1
1756,"Priya Malhotra",1,"2020-12-02 16:39:45",NULL,NULL,1
1757,"Dhruv Joshi",1,"2023-06-13 21:17:31",NULL,NULL,1
1758,"Harsh Desai",1,"2020-10-15 09:40:44",NULL,NULL,1
1759,"Harsh Mishra",1,"2024-05-31 21:12:40",NULL,NULL,1
1760,"Anika Chatterjee",1,"2023-08-19 11:02:36",NULL,NULL,1
1761,"Vivaan Menon",1,"2021-04-13 14:23:49",NULL,NULL,1
1762,"Tara Patel",1,"2019-04-25 16:08:08",NULL,NULL,1
1763,"Ayaan Chopra",1,"2024-01-01 19:00:04",NULL,NULL,1
1764,"Krishna Desai",1,"2020-10-18 16:10:09",NULL,NULL,1
1765,"Isha Rao",1,"2022-08-31 10:48:39",NULL,NULL,1
1766,"Anika Agarwal",1,"2023-07-13 10:33:48",NULL,NULL,1
1767,"Sana Reddy",1,"2020-05-28 18:30:01",NULL,NULL,1
1768,"Komal Thakur",1,"2024-03-29 15:26:04",NULL,NULL,1
1769,"Aisha Kulkarni",1,"2019-10-07 16:37:01",NULL,NULL,1
1770,"Aisha Kulkarni",1,"2019-05-21 10:23:02",NULL,NULL,1
1771,"Aisha Nair",1,"2023-12-10 14:16:23",NULL,NULL,1
1772,"Shaurya Das",1,"2021-09-09 13:36:30",NULL,NULL,1
1773,"Aisha Sharma",1,"2022-07-25 10:07:34",NULL,NULL,1
1774,"Sana Gupta",1,"2020-06-28 21:37:30",NULL,NULL,1
1775,"Riya Menon",1,"2020-12-21 11:48:06",NULL,NULL,1
1776,"Yash Gill",1,"2021-03-29 11:15:51",NULL,NULL,1
1777,"Ayaan Saxena",1,"2021-03-09 13:12:33",NULL,NULL,1
1778,"Vivaan Kumar",1,"2019-12-08 11:20:52",NULL,NULL,1
1779,"Siddharth Verma",1,"2019-11-07 11:29:40",NULL,NULL,1
1780,"Neha Chopra",1,"2022-10-03 16:42:36",NULL,NULL,1
1781,"Sai Joshi",1,"2022-09-14 18:21:14",NULL,NULL,1
1782,"Ragini Das",1,"2021-11-29 16:20:22",NULL,NULL,1
1783,"Aisha Malhotra",1,"2023-04-07 11:01:45",NULL,NULL,1
1784,"Dhruv Verma",1,"2022-06-12 13:49:53",NULL,NULL,1
1785,"Aditya Patel",1,"2023-01-15 12:32:57",NULL,NULL,1
1786,"Swati Bhatt",1,"2023-04-04 09:18:30",NULL,NULL,1
1787,"Harsh Jain",1,"2020-01-28 18:35:37",NULL,NULL,1
1788,"Ayaan Malhotra",1,"2021-07-31 19:16:00",NULL,NULL,1
1789,"Aditya Roy",1,"2021-03-20 10:31:14",NULL,NULL,1
1790,"Harsh Mishra",1,"2019-03-03 16:00:24",NULL,NULL,1
1791,"Kavya Kulkarni",1,"2023-03-31 21:45:38",NULL,NULL,1
1792,"Manan Kulkarni",1,"2020-10-13 19:23:57",NULL,NULL,1
1793,"Neha Bajpai",1,"2024-03-14 18:16:32",NULL,NULL,1
1794,"Ishaan Menon",1,"2023-09-09 11:06:12",NULL,NULL,1
1795,"Siddharth Kashyap",1,"2024-09-13 15:32:20",NULL,NULL,1
1796,"Swati Kumar",1,"2019-01-28 11:19:56",NULL,NULL,1
1797,"Dhruv Chaudhary",1,"2022-08-27 17:21:22",NULL,NULL,1
1798,"Shaurya Gill",1,"2021-05-28 16:07:44",NULL,NULL,1
1799,"Suman Agarwal",1,"2019-12-16 17:27:15",NULL,NULL,1
1800,"Dhruv Reddy",1,"2021-02-16 09:31:47",NULL,NULL,1
1801,"Arjun Gupta",1,"2019-06-27 14:32:01",NULL,NULL,1
1802,"Aisha Iyer",1,"2020-07-17 15:18:33",NULL,NULL,1
1803,"Aarav Basu",1,"2021-03-01 16:19:04",NULL,NULL,1
1804,"Shaurya Nanda",1,"2024-01-03 15:17:07",NULL,NULL,1
1805,"Reyansh Kashyap",1,"2023-01-27 21:46:50",NULL,NULL,1
1806,"Kavya Malhotra",1,"2020-12-16 13:36:55",NULL,NULL,1
1807,"Krishna Jain",1,"2019-07-26 18:19:42",NULL,NULL,1
1808,"Maya Kumar",1,"2019-05-20 17:35:45",NULL,NULL,1
1809,"Aarav Nanda",1,"2020-11-23 12:51:40",NULL,NULL,1
1810,"Komal Gupta",1,"2023-11-07 11:24:46",NULL,NULL,1
1811,"Ragini Nair",1,"2020-04-09 20:53:18",NULL,NULL,1
1812,"Mudit Desai",1,"2022-10-24 15:13:56",NULL,NULL,1
1813,"Tara Mehta",1,"2019-10-08 20:54:53",NULL,NULL,1
1814,"Reyansh Desai",1,"2022-03-02 10:44:12",NULL,NULL,1
1815,"Ishaan Kumar",1,"2021-04-23 14:06:44",NULL,NULL,1
1816,"Sai Thakur",1,"2020-07-25 11:35:46",NULL,NULL,1
1817,"Anika Gill",1,"2023-04-02 16:05:30",NULL,NULL,1
1818,"Aakash Gill",1,"2022-01-30 20:21:47",NULL,NULL,1
1819,"Vivaan Menon",1,"2019-09-24 13:49:03",NULL,NULL,1
1820,"Shaurya Agarwal",1,"2020-01-22 16:20:27",NULL,NULL,1
1821,"Kavya Pandey",1,"2023-10-11 19:36:28",NULL,NULL,1
1822,"Tara Dutta",1,"2024-02-12 09:17:04",NULL,NULL,1
1823,"Sneha Sharma",1,"2024-06-14 13:19:17",NULL,NULL,1
1824,"Sana Mehta",1,"2022-10-28 18:17:46",NULL,NULL,1
1825,"Harsh Nanda",1,"2019-05-10 13:01:12",NULL,NULL,1
1826,"Siddharth Gupta",1,"2024-05-03 19:07:29",NULL,NULL,1
1827,"Dhruv Bhatia",1,"2024-08-23 13:59:32",NULL,NULL,1
1828,"Suman Nanda",1,"2020-01-30 12:58:40",NULL,NULL,1
1829,"Meera Kumar",1,"2022-11-13 14:04:45",NULL,NULL,1
1830,"Ishaan Chaudhary",1,"2021-11-26 19:38:09",NULL,NULL,1
1831,"Komal Dutta",1,"2022-02-25 09:51:52",NULL,NULL,1
1832,"Komal Das",1,"2019-10-01 17:34:16",NULL,NULL,1
1833,"Sneha Singh",1,"2020-05-27 11:49:27",NULL,NULL,1
1834,"Isha Chopra",1,"2020-06-04 11:09:49",NULL,NULL,1
1835,"Sana Singh",1,"2021-10-28 11:40:19",NULL,NULL,1
1836,"Meera Thakur",1,"2020-04-09 14:18:50",NULL,NULL,1
1837,"Sana Bajpai",1,"2020-02-24 13:05:25",NULL,NULL,1
1838,"Sanjana Kashyap",1,"2020-03-08 11:31:54",NULL,NULL,1
1839,"Suman Jain",1,"2020-12-18 15:49:22",NULL,NULL,1
1840,"Isha Verma",1,"2022-08-17 17:58:13",NULL,NULL,1
1841,"Maya Verma",1,"2019-09-07 19:29:54",NULL,NULL,1
1842,"Kavya Chaudhary",1,"2021-01-17 11:45:25",NULL,NULL,1
1843,"Aarav Kapoor",1,"2022-02-10 21:02:13",NULL,NULL,1
1844,"Yash Reddy",1,"2024-02-21 16:41:38",NULL,NULL,1
1845,"Vihaan Sharma",1,"2022-09-25 15:14:00",NULL,NULL,1
1846,"Siddharth Basu",1,"2020-08-19 10:03:40",NULL,NULL,1
1847,"Aisha Shetty",1,"2021-09-15 12:17:38",NULL,NULL,1
1848,"Krishna Saxena",1,"2021-05-09 20:53:08",NULL,NULL,1
1849,"Sana Dutta",1,"2021-11-25 18:45:19",NULL,NULL,1
1850,"Suman Iyer",1,"2020-02-18 10:03:49",NULL,NULL,1
1851,"Vivaan Chopra",1,"2024-07-31 15:41:23",NULL,NULL,1
1852,"Dhruv Shetty",1,"2024-08-12 20:06:26",NULL,NULL,1
1853,"Kavya Singh",1,"2019-01-16 13:12:16",NULL,NULL,1
1854,"Maya Chopra",1,"2022-01-08 15:17:57",NULL,NULL,1
1855,"Harsh Bhatt",1,"2020-01-31 12:32:42",NULL,NULL,1
1856,"Priya Roy",1,"2019-05-28 20:58:58",NULL,NULL,1
1857,"Maya Bajpai",1,"2022-05-01 18:52:24",NULL,NULL,1
1858,"Raghav Nanda",1,"2020-06-22 18:02:04",NULL,NULL,1
1859,"Swati Pandey",1,"2019-02-24 12:44:24",NULL,NULL,1
1860,"Ragini Roy",1,"2022-04-20 19:01:49",NULL,NULL,1
1861,"Vihaan Bhatt",1,"2019-06-01 18:20:32",NULL,NULL,1
1862,"Harsh Desai",1,"2023-07-10 19:48:28",NULL,NULL,1
1863,"Maya Saxena",1,"2020-02-08 18:07:57",NULL,NULL,1
1864,"Ragini Das",1,"2022-02-18 09:59:30",NULL,NULL,1
1865,"Pooja Kapoor",1,"2024-02-24 20:52:19",NULL,NULL,1
1866,"Swati Mehta",1,"2023-07-02 10:45:33",NULL,NULL,1
1867,"Vivaan Chopra",1,"2022-08-09 10:27:31",NULL,NULL,1
1868,"Aditya Mishra",1,"2024-01-26 17:47:31",NULL,NULL,1
1869,"Shaurya Kapoor",1,"2020-02-14 20:49:29",NULL,NULL,1
1870,"Pooja Dutta",1,"2022-01-14 16:51:53",NULL,NULL,1
1871,"Harsh Menon",1,"2021-08-22 16:23:44",NULL,NULL,1
1872,"Dhruv Bhatt",1,"2024-03-25 12:31:23",NULL,NULL,1
1873,"Ayaan Shetty",1,"2021-01-03 12:21:54",NULL,NULL,1
1874,"Pooja Bhatt",1,"2021-06-18 20:20:20",NULL,NULL,1
1875,"Swati Dutta",1,"2023-05-01 09:48:03",NULL,NULL,1
1876,"Sana Kumar",1,"2022-12-20 14:05:02",NULL,NULL,1
1877,"Raghav Desai",1,"2024-01-05 18:53:59",NULL,NULL,1
1878,"Ayaan Chaudhary",1,"2019-04-01 20:11:35",NULL,NULL,1
1879,"Neha Kapoor",1,"2020-04-09 16:24:07",NULL,NULL,1
1880,"Sai Kumar",1,"2022-08-29 14:23:13",NULL,NULL,1
1881,"Meera Rao",1,"2022-11-10 14:57:34",NULL,NULL,1
1882,"Sai Shetty",1,"2022-10-08 13:31:14",NULL,NULL,1
1883,"Suman Nair",1,"2021-09-09 21:07:55",NULL,NULL,1
1884,"Kavya Kashyap",1,"2019-02-23 13:20:18",NULL,NULL,1
1885,"Sana Yadav",1,"2021-11-03 11:44:42",NULL,NULL,1
1886,"Manan Kashyap",1,"2020-12-20 14:13:06",NULL,NULL,1
1887,"Reyansh Dutta",1,"2019-09-08 12:40:05",NULL,NULL,1
1888,"Raghav Kumar",1,"2019-12-26 14:12:28",NULL,NULL,1
1889,"Aisha Das",1,"2024-07-05 21:18:08",NULL,NULL,1
1890,"Arjun Bhatt",1,"2024-04-19 17:09:12",NULL,NULL,1
1891,"Arjun Jain",1,"2021-08-12 17:10:49",NULL,NULL,1
1892,"Sneha Nanda",1,"2021-11-28 21:56:28",NULL,NULL,1
1893,"Ishaan Roy",1,"2023-10-21 14:46:18",NULL,NULL,1
1894,"Kavya Kashyap",1,"2020-06-17 11:10:36",NULL,NULL,1
1895,"Raghav Chopra",1,"2023-11-30 17:17:25",NULL,NULL,1
1896,"Tara Kumar",1,"2021-11-14 16:17:31",NULL,NULL,1
1897,"Priya Pandey",1,"2020-11-23 10:45:19",NULL,NULL,1
1898,"Manan Sharma",1,"2022-10-14 20:36:44",NULL,NULL,1
1899,"Kavya Saxena",1,"2021-11-25 16:58:40",NULL,NULL,1
1900,"Anika Pandey",1,"2021-07-07 19:45:20",NULL,NULL,1
1901,"Suman Chaudhary",1,"2019-09-29 15:02:07",NULL,NULL,1
1902,"Meera Yadav",1,"2022-05-15 12:57:03",NULL,NULL,1
1903,"Pooja Das",1,"2020-07-05 12:04:57",NULL,NULL,1
1904,"Aarav Patel",1,"2019-12-13 21:07:44",NULL,NULL,1
1905,"Aisha Mehta",1,"2020-07-11 11:17:47",NULL,NULL,1
1906,"Priya Das",1,"2021-11-17 19:25:49",NULL,NULL,1
1907,"Kabir Gupta",1,"2021-04-10 16:14:49",NULL,NULL,1
1908,"Shaurya Shetty",1,"2019-06-20 19:16:30",NULL,NULL,1
1909,"Ragini Menon",1,"2022-07-02 17:06:45",NULL,NULL,1
1910,"Ragini Kapoor",1,"2021-11-26 16:40:42",NULL,NULL,1
1911,"Priya Bhatia",1,"2023-10-08 19:28:44",NULL,NULL,1
1912,"Suman Mehta",1,"2023-10-25 11:30:55",NULL,NULL,1
1913,"Swati Chopra",1,"2020-03-29 15:31:41",NULL,NULL,1
1914,"Tara Mishra",1,"2021-10-14 17:44:50",NULL,NULL,1
1915,"Ishaan Iyer",1,"2019-10-17 14:20:33",NULL,NULL,1
1916,"Suman Joshi",1,"2019-11-05 16:19:16",NULL,NULL,1
1917,"Dhruv Reddy",1,"2022-08-24 16:23:11",NULL,NULL,1
1918,"Vihaan Rao",1,"2024-03-07 21:11:30",NULL,NULL,1
1919,"Siddharth Kapoor",1,"2024-07-24 13:55:15",NULL,NULL,1
1920,"Sana Chaudhary",1,"2022-10-01 09:36:12",NULL,NULL,1
1921,"Isha Bhatt",1,"2021-09-03 12:23:32",NULL,NULL,1
1922,"Manan Rao",1,"2021-11-16 13:51:18",NULL,NULL,1
1923,"Sai Verma",1,"2020-01-03 15:19:00",NULL,NULL,1
1924,"Siddharth Iyer",1,"2021-06-02 17:41:24",NULL,NULL,1
1925,"Komal Menon",1,"2022-12-21 15:29:46",NULL,NULL,1
1926,"Sneha Yadav",1,"2020-09-13 10:56:03",NULL,NULL,1
1927,"Arjun Nanda",1,"2022-11-16 17:36:01",NULL,NULL,1
1928,"Siddharth Yadav",1,"2020-03-04 16:36:26",NULL,NULL,1
1929,"Kabir Mishra",1,"2021-01-25 13:28:59",NULL,NULL,1
1930,"Mudit Dutta",1,"2024-05-25 16:13:04",NULL,NULL,1
1931,"Sana Desai",1,"2021-12-18 11:43:30",NULL,NULL,1
1932,"Vivaan Verma",1,"2019-12-24 16:47:06",NULL,NULL,1
1933,"Krishna Kulkarni",1,"2019-01-12 12:13:56",NULL,NULL,1
1934,"Vihaan Basu",1,"2019-11-20 09:00:32",NULL,NULL,1
1935,"Aditya Joshi",1,"2021-02-12 17:12:08",NULL,NULL,1
1936,"Suman Kaur",1,"2019-01-03 14:28:18",NULL,NULL,1
1937,"Sneha Patel",1,"2022-04-26 09:09:33",NULL,NULL,1
1938,"Anika Pandey",1,"2021-06-29 10:59:49",NULL,NULL,1
1939,"Krishna Saxena",1,"2020-02-03 13:36:17",NULL,NULL,1
1940,"Arjun Sharma",1,"2022-04-02 16:02:18",NULL,NULL,1
1941,"Nisha Rao",1,"2020-03-10 15:01:08",NULL,NULL,1
1942,"Aisha Bhatt",1,"2019-05-26 11:18:49",NULL,NULL,1
1943,"Dhruv Nanda",1,"2021-03-12 15:41:24",NULL,NULL,1
1944,"Sneha Menon",1,"2019-10-04 14:07:10",NULL,NULL,1
1945,"Aarav Thakur",1,"2023-12-07 14:50:36",NULL,NULL,1
1946,"Siddharth Kashyap",1,"2020-10-13 19:31:50",NULL,NULL,1
1947,"Vivaan Kaur",1,"2023-11-05 12:01:27",NULL,NULL,1
1948,"Ragini Chatterjee",1,"2019-09-17 09:05:25",NULL,NULL,1
1949,"Sai Joshi",1,"2021-12-23 16:18:23",NULL,NULL,1
1950,"Neha Kashyap",1,"2019-12-08 10:04:41",NULL,NULL,1
1951,"Nisha Das",1,"2020-08-08 19:43:51",NULL,NULL,1
1952,"Yash Saxena",1,"2020-12-25 19:25:44",NULL,NULL,1
1953,"Sana Kashyap",1,"2023-08-11 09:32:29",NULL,NULL,1
1954,"Arjun Menon",1,"2023-10-14 18:27:49",NULL,NULL,1
1955,"Meera Bajpai",1,"2022-07-21 14:50:20",NULL,NULL,1
1956,"Shaurya Kapoor",1,"2020-02-10 17:40:09",NULL,NULL,1
1957,"Shaurya Pandey",1,"2020-05-08 16:28:34",NULL,NULL,1
1958,"Siddharth Malhotra",1,"2024-02-06 15:10:08",NULL,NULL,1
1959,"Krishna Chaudhary",1,"2022-07-15 16:12:04",NULL,NULL,1
1960,"Riya Nanda",1,"2023-08-22 21:14:44",NULL,NULL,1
1961,"Sneha Shetty",1,"2020-08-19 13:29:50",NULL,NULL,1
1962,"Kabir Rao",1,"2023-07-02 14:05:22",NULL,NULL,1
1963,"Priya Menon",1,"2019-10-23 17:04:23",NULL,NULL,1
1964,"Suman Das",1,"2021-11-27 18:53:25",NULL,NULL,1
1965,"Sai Singh",1,"2023-04-15 16:21:17",NULL,NULL,1
1966,"Ishaan Joshi",1,"2022-12-30 11:34:03",NULL,NULL,1
1967,"Aditya Saxena",1,"2023-01-07 20:05:47",NULL,NULL,1
1968,"Sai Chopra",1,"2021-07-24 13:27:16",NULL,NULL,1
1969,"Neha Pandey",1,"2024-02-12 17:51:43",NULL,NULL,1
1970,"Isha Malhotra",1,"2022-04-18 10:19:37",NULL,NULL,1
1971,"Ishaan Reddy",1,"2021-03-04 18:10:44",NULL,NULL,1
1972,"Harsh Kulkarni",1,"2022-08-29 21:56:49",NULL,NULL,1
1973,"Riya Gupta",1,"2023-04-20 20:16:44",NULL,NULL,1
1974,"Vivaan Kashyap",1,"2021-06-23 13:14:20",NULL,NULL,1
1975,"Komal Gill",1,"2020-01-23 13:25:01",NULL,NULL,1
1976,"Swati Kulkarni",1,"2022-07-02 13:22:00",NULL,NULL,1
1977,"Shaurya Dutta",1,"2021-03-31 16:29:24",NULL,NULL,1
1978,"Sneha Singh",1,"2023-07-06 13:43:11",NULL,NULL,1
1979,"Raghav Chopra",1,"2020-01-15 18:12:27",NULL,NULL,1
1980,"Yash Desai",1,"2021-02-16 19:02:18",NULL,NULL,1
1981,"Sana Das",1,"2021-11-02 12:46:37",NULL,NULL,1
1982,"Arjun Agarwal",1,"2024-10-12 13:40:07",NULL,NULL,1
1983,"Sana Singh",1,"2024-02-22 13:00:43",NULL,NULL,1
1984,"Pooja Gill",1,"2020-07-06 10:48:43",NULL,NULL,1
1985,"Sanjana Kaur",1,"2022-06-18 15:09:55",NULL,NULL,1
1986,"Sai Reddy",1,"2023-10-02 18:44:27",NULL,NULL,1
1987,"Harsh Chopra",1,"2024-07-01 12:10:31",NULL,NULL,1
1988,"Sana Shetty",1,"2019-12-03 12:08:34",NULL,NULL,1
1989,"Manan Basu",1,"2022-12-09 19:30:50",NULL,NULL,1
1990,"Ragini Desai",1,"2022-03-11 13:33:48",NULL,NULL,1
1991,"Pooja Singh",1,"2024-09-06 17:46:56",NULL,NULL,1
1992,"Vivaan Basu",1,"2019-03-03 09:02:40",NULL,NULL,1
1993,"Sanjana Iyer",1,"2023-09-07 15:55:48",NULL,NULL,1
1994,"Yash Mishra",1,"2023-03-01 22:00:00",NULL,NULL,1
1995,"Maya Gupta",1,"2021-12-01 12:39:32",NULL,NULL,1
1996,"Tara Das",1,"2022-07-23 11:29:18",NULL,NULL,1
1997,"Anika Nair",1,"2024-01-18 14:36:54",NULL,NULL,1
1998,"Krishna Desai",1,"2021-09-20 16:59:16",NULL,NULL,1
1999,"Raghav Kulkarni",1,"2021-09-05 16:12:01",NULL,NULL,1
2000,"Sanjana Gupta",1,"2022-11-27 09:56:33",NULL,NULL,1
2001,"Krishna Roy",1,"2021-06-25 19:29:13",NULL,NULL,1
2002,"Sana Yadav",1,"2024-05-16 09:27:58",NULL,NULL,1
2003,"Aarav Bhatia",1,"2023-10-29 14:55:26",NULL,NULL,1
2004,"Isha Kumar",1,"2022-05-27 21:19:54",NULL,NULL,1
2005,"Sai Chopra",1,"2019-05-09 10:59:35",NULL,NULL,1
2006,"Isha Bhatia",1,"2020-12-07 13:13:26",NULL,NULL,1
2007,"Manan Kaur",1,"2022-12-11 21:41:05",NULL,NULL,1
2008,"Isha Jain",1,"2021-06-20 21:58:18",NULL,NULL,1
2009,"Tara Saxena",1,"2021-12-08 10:57:30",NULL,NULL,1
2010,"Harsh Menon",1,"2023-09-09 10:39:33",NULL,NULL,1
2011,"Dhruv Basu",1,"2020-12-13 15:06:01",NULL,NULL,1
2012,"Meera Das",1,"2020-06-09 21:53:24",NULL,NULL,1
2013,"Aditya Shetty",1,"2019-07-24 14:09:36",NULL,NULL,1
2014,"Harsh Malhotra",1,"2019-09-07 13:14:55",NULL,NULL,1
2015,"Anika Mehta",1,"2024-02-09 16:18:49",NULL,NULL,1
2016,"Tara Bajpai",1,"2019-05-13 20:56:18",NULL,NULL,1
2017,"Shaurya Rao",1,"2020-01-09 16:44:26",NULL,NULL,1
2018,"Meera Agarwal",1,"2024-09-10 10:18:36",NULL,NULL,1
2019,"Raghav Chopra",1,"2020-05-12 19:25:15",NULL,NULL,1
2020,"Mudit Shetty",1,"2023-05-31 16:06:29",NULL,NULL,1
2021,"Anika Chopra",1,"2024-03-03 17:05:31",NULL,NULL,1
2022,"Swati Patel",1,"2024-01-30 11:40:21",NULL,NULL,1
2023,"Sneha Mehta",1,"2020-12-20 20:51:59",NULL,NULL,1
2024,"Siddharth Iyer",1,"2020-03-28 21:59:07",NULL,NULL,1
2025,"Dhruv Saxena",1,"2024-10-04 14:25:15",NULL,NULL,1
2026,"Harsh Gupta",1,"2024-07-18 16:55:28",NULL,NULL,1
2027,"Aisha Patel",1,"2024-07-03 18:39:11",NULL,NULL,1
2028,"Nisha Gupta",1,"2021-03-31 14:10:17",NULL,NULL,1
2029,"Vihaan Mishra",1,"2020-04-11 13:17:37",NULL,NULL,1
2030,"Harsh Roy",1,"2022-11-25 16:47:28",NULL,NULL,1
2031,"Manan Kashyap",1,"2022-01-14 12:27:56",NULL,NULL,1
2032,"Vivaan Basu",1,"2021-08-31 19:38:51",NULL,NULL,1
2033,"Priya Menon",1,"2020-01-27 15:57:48",NULL,NULL,1
2034,"Krishna Singh",1,"2023-07-28 11:15:29",NULL,NULL,1
2035,"Yash Malhotra",1,"2024-07-24 16:27:23",NULL,NULL,1
2036,"Reyansh Chatterjee",1,"2022-02-19 15:01:25",NULL,NULL,1
2037,"Meera Dutta",1,"2021-08-24 14:57:12",NULL,NULL,1
2038,"Riya Singh",1,"2021-03-25 09:10:35",NULL,NULL,1
2039,"Ishaan Mishra",1,"2023-06-06 13:26:47",NULL,NULL,1
2040,"Manan Basu",1,"2022-11-20 12:13:54",NULL,NULL,1
2041,"Siddharth Verma",1,"2020-06-20 11:45:31",NULL,NULL,1
2042,"Neha Reddy",1,"2023-05-24 13:57:25",NULL,NULL,1
2043,"Riya Nanda",1,"2020-11-08 18:45:40",NULL,NULL,1
2044,"Ayaan Das",1,"2023-04-10 17:34:01",NULL,NULL,1
2045,"Mudit Chaudhary",1,"2021-12-04 18:13:41",NULL,NULL,1
2046,"Maya Jain",1,"2024-09-15 20:38:43",NULL,NULL,1
2047,"Komal Gupta",1,"2021-10-03 20:18:22",NULL,NULL,1
2048,"Kavya Jain",1,"2021-08-06 20:19:04",NULL,NULL,1
2049,"Mudit Menon",1,"2022-08-29 11:26:51",NULL,NULL,1
2050,"Dhruv Dutta",1,"2022-07-29 15:54:13",NULL,NULL,1
2051,"Isha Kashyap",1,"2019-10-22 20:51:34",NULL,NULL,1
2052,"Suman Das",1,"2020-01-18 13:52:20",NULL,NULL,1
2053,"Aakash Shetty",1,"2023-10-12 13:16:30",NULL,NULL,1
2054,"Ragini Saxena",1,"2021-10-28 16:31:54",NULL,NULL,1
2055,"Komal Joshi",1,"2019-04-12 21:20:18",NULL,NULL,1
2056,"Suman Gupta",1,"2020-04-07 09:12:16",NULL,NULL,1
2057,"Meera Rao",1,"2019-01-01 14:10:40",NULL,NULL,1
2058,"Harsh Kaur",1,"2022-06-25 16:17:36",NULL,NULL,1
2059,"Reyansh Kumar",1,"2019-10-14 17:25:52",NULL,NULL,1
2060,"Riya Chopra",1,"2020-06-19 15:03:25",NULL,NULL,1
2061,"Vivaan Agarwal",1,"2020-05-30 16:36:39",NULL,NULL,1
2062,"Sneha Basu",1,"2023-01-18 17:33:01",NULL,NULL,1
2063,"Kabir Gill",1,"2023-07-04 13:42:15",NULL,NULL,1
2064,"Dhruv Dutta",1,"2019-01-26 17:57:37",NULL,NULL,1
2065,"Dhruv Agarwal",1,"2022-07-24 13:55:45",NULL,NULL,1
2066,"Shaurya Malhotra",1,"2021-12-22 15:25:51",NULL,NULL,1
2067,"Suman Nanda",1,"2020-04-13 14:47:12",NULL,NULL,1
2068,"Harsh Bhatia",1,"2022-02-11 19:29:53",NULL,NULL,1
2069,"Reyansh Yadav",1,"2020-07-05 13:27:25",NULL,NULL,1
2070,"Kabir Reddy",1,"2022-06-11 19:40:56",NULL,NULL,1
2071,"Dhruv Sharma",1,"2022-05-18 21:02:20",NULL,NULL,1
2072,"Sai Nanda",1,"2024-04-07 10:12:48",NULL,NULL,1
2073,"Dhruv Kumar",1,"2020-01-18 09:13:59",NULL,NULL,1
2074,"Arjun Gupta",1,"2024-10-02 12:51:59",NULL,NULL,1
2075,"Harsh Pandey",1,"2022-03-12 12:17:53",NULL,NULL,1
2076,"Kavya Kaur",1,"2023-04-17 21:08:56",NULL,NULL,1
2077,"Kabir Desai",1,"2019-04-05 18:47:40",NULL,NULL,1
2078,"Aditya Joshi",1,"2022-08-04 16:21:58",NULL,NULL,1
2079,"Aakash Nair",1,"2020-02-28 18:26:46",NULL,NULL,1
2080,"Mudit Kashyap",1,"2023-01-20 14:11:00",NULL,NULL,1
2081,"Kavya Verma",1,"2024-06-12 18:42:24",NULL,NULL,1
2082,"Aditya Malhotra",1,"2020-09-17 13:50:10",NULL,NULL,1
2083,"Aarav Sharma",1,"2020-08-22 20:51:55",NULL,NULL,1
2084,"Shaurya Pandey",1,"2019-01-21 17:16:52",NULL,NULL,1
2085,"Sana Bajpai",1,"2020-10-04 14:24:42",NULL,NULL,1
2086,"Kabir Bhatt",1,"2024-02-03 19:44:23",NULL,NULL,1
2087,"Kavya Verma",1,"2022-04-18 18:26:33",NULL,NULL,1
2088,"Sanjana Chopra",1,"2020-03-21 18:17:00",NULL,NULL,1
2089,"Komal Reddy",1,"2021-08-22 14:32:29",NULL,NULL,1
2090,"Shaurya Basu",1,"2019-01-23 17:02:35",NULL,NULL,1
2091,"Riya Malhotra",1,"2022-03-16 11:43:08",NULL,NULL,1
2092,"Krishna Bajpai",1,"2021-10-30 18:21:22",NULL,NULL,1
2093,"Sai Bhatia",1,"2023-04-08 14:45:15",NULL,NULL,1
2094,"Swati Chatterjee",1,"2019-07-17 20:39:13",NULL,NULL,1
2095,"Kabir Pandey",1,"2021-07-02 10:47:24",NULL,NULL,1
2096,"Raghav Menon",1,"2019-04-08 17:25:18",NULL,NULL,1
2097,"Yash Yadav",1,"2023-05-18 17:50:47",NULL,NULL,1
2098,"Neha Chatterjee",1,"2024-09-23 19:00:20",NULL,NULL,1
2099,"Kabir Reddy",1,"2021-10-17 20:46:48",NULL,NULL,1
2100,"Aakash Kaur",1,"2021-11-29 10:33:37",NULL,NULL,1
2101,"Ayaan Singh",1,"2021-02-12 13:59:50",NULL,NULL,1
2102,"Aisha Kumar",1,"2021-10-17 18:30:29",NULL,NULL,1
2103,"Komal Bhatt",1,"2022-07-30 17:20:08",NULL,NULL,1
2104,"Krishna Rao",1,"2019-06-30 21:06:59",NULL,NULL,1
2105,"Aarav Gill",1,"2020-08-11 09:18:48",NULL,NULL,1
2106,"Sneha Bhatia",1,"2020-10-11 17:05:41",NULL,NULL,1
2107,"Neha Kashyap",1,"2022-01-14 14:50:14",NULL,NULL,1
2108,"Aditya Nanda",1,"2021-08-16 19:11:50",NULL,NULL,1
2109,"Meera Mehta",1,"2024-03-05 21:56:36",NULL,NULL,1
2110,"Shaurya Bhatia",1,"2019-08-19 15:45:41",NULL,NULL,1
2111,"Ishaan Desai",1,"2022-04-06 16:37:48",NULL,NULL,1
2112,"Pooja Verma",1,"2024-06-01 11:15:20",NULL,NULL,1
2113,"Suman Gill",1,"2019-09-05 17:59:39",NULL,NULL,1
2114,"Aarav Verma",1,"2023-08-02 16:42:31",NULL,NULL,1
2115,"Aakash Chatterjee",1,"2021-03-16 15:08:18",NULL,NULL,1
2116,"Tara Thakur",1,"2024-05-21 20:15:32",NULL,NULL,1
2117,"Vivaan Patel",1,"2021-06-07 15:13:35",NULL,NULL,1
2118,"Isha Yadav",1,"2020-04-29 12:28:42",NULL,NULL,1
2119,"Komal Agarwal",1,"2022-07-28 17:39:02",NULL,NULL,1
2120,"Kavya Chatterjee",1,"2022-11-12 16:25:59",NULL,NULL,1
2121,"Aarav Iyer",1,"2020-07-31 18:21:04",NULL,NULL,1
2122,"Aditya Bhatt",1,"2020-03-13 16:35:59",NULL,NULL,1
2123,"Aakash Malhotra",1,"2019-03-19 10:43:21",NULL,NULL,1
2124,"Krishna Verma",1,"2022-02-25 18:44:04",NULL,NULL,1
2125,"Aisha Jain",1,"2020-04-20 20:52:37",NULL,NULL,1
2126,"Meera Kumar",1,"2020-07-13 21:12:45",NULL,NULL,1
2127,"Sai Desai",1,"2022-07-15 17:20:47",NULL,NULL,1
2128,"Raghav Jain",1,"2019-12-12 17:05:49",NULL,NULL,1
2129,"Vihaan Roy",1,"2020-01-25 20:48:01",NULL,NULL,1
2130,"Vivaan Joshi",1,"2023-04-17 18:23:30",NULL,NULL,1
2131,"Sanjana Kumar",1,"2024-07-27 17:00:08",NULL,NULL,1
2132,"Komal Chaudhary",1,"2023-02-04 11:01:54",NULL,NULL,1
2133,"Sana Kulkarni",1,"2021-02-27 14:15:14",NULL,NULL,1
2134,"Meera Chopra",1,"2020-10-24 16:45:33",NULL,NULL,1
2135,"Siddharth Kaur",1,"2024-09-14 14:51:20",NULL,NULL,1
2136,"Krishna Kashyap",1,"2022-09-06 18:29:32",NULL,NULL,1
2137,"Tara Kashyap",1,"2020-08-09 14:28:07",NULL,NULL,1
2138,"Neha Desai",1,"2020-04-17 16:15:59",NULL,NULL,1
2139,"Nisha Mishra",1,"2022-12-03 09:15:34",NULL,NULL,1
2140,"Reyansh Mishra",1,"2019-04-06 16:59:53",NULL,NULL,1
2141,"Priya Roy",1,"2023-12-23 18:25:03",NULL,NULL,1
2142,"Pooja Kapoor",1,"2021-07-25 17:56:40",NULL,NULL,1
2143,"Sana Kulkarni",1,"2023-07-16 12:14:28",NULL,NULL,1
2144,"Manan Saxena",1,"2019-12-14 12:51:40",NULL,NULL,1
2145,"Harsh Mehta",1,"2022-04-27 15:51:03",NULL,NULL,1
2146,"Krishna Mishra",1,"2021-10-03 20:06:50",NULL,NULL,1
2147,"Riya Nanda",1,"2023-07-28 17:01:08",NULL,NULL,1
2148,"Kavya Kaur",1,"2022-01-12 11:56:18",NULL,NULL,1
2149,"Neha Gill",1,"2024-06-01 17:27:37",NULL,NULL,1
2150,"Swati Agarwal",1,"2022-03-06 11:58:46",NULL,NULL,1
2151,"Arjun Kulkarni",1,"2022-09-09 11:43:54",NULL,NULL,1
2152,"Komal Verma",1,"2021-03-06 15:52:05",NULL,NULL,1
2153,"Aarav Kaur",1,"2022-03-15 19:14:28",NULL,NULL,1
2154,"Tara Saxena",1,"2023-06-01 21:02:38",NULL,NULL,1
2155,"Aditya Shetty",1,"2024-05-11 14:48:08",NULL,NULL,1
2156,"Sneha Sharma",1,"2022-02-27 16:45:04",NULL,NULL,1
2157,"Yash Menon",1,"2020-03-26 12:44:17",NULL,NULL,1
2158,"Ishaan Das",1,"2021-03-24 16:14:53",NULL,NULL,1
2159,"Priya Mehta",1,"2019-06-28 19:49:41",NULL,NULL,1
2160,"Pooja Mishra",1,"2022-12-23 18:04:41",NULL,NULL,1
2161,"Swati Nair",1,"2020-07-09 17:28:18",NULL,NULL,1
2162,"Aditya Chaudhary",1,"2024-04-14 16:04:56",NULL,NULL,1
2163,"Aditya Mishra",1,"2019-08-11 10:26:34",NULL,NULL,1
2164,"Krishna Rao",1,"2020-09-16 19:00:37",NULL,NULL,1
2165,"Vihaan Kaur",1,"2020-11-26 21:25:15",NULL,NULL,1
2166,"Manan Bajpai",1,"2019-05-22 13:13:24",NULL,NULL,1
2167,"Mudit Chatterjee",1,"2021-01-31 19:43:36",NULL,NULL,1
2168,"Komal Verma",1,"2020-05-01 21:09:45",NULL,NULL,1
2169,"Raghav Dutta",1,"2019-02-16 09:31:16",NULL,NULL,1
2170,"Sana Thakur",1,"2022-05-02 11:49:42",NULL,NULL,1
2171,"Kavya Bhatt",1,"2023-11-03 21:56:29",NULL,NULL,1
2172,"Isha Roy",1,"2021-04-02 16:57:56",NULL,NULL,1
2173,"Vivaan Reddy",1,"2022-08-05 14:04:12",NULL,NULL,1
2174,"Swati Bhatt",1,"2020-07-27 17:55:06",NULL,NULL,1
2175,"Ishaan Pandey",1,"2020-04-21 12:46:59",NULL,NULL,1
2176,"Priya Mehta",1,"2021-04-02 16:38:20",NULL,NULL,1
2177,"Sai Mishra",1,"2020-12-12 11:58:28",NULL,NULL,1
2178,"Manan Menon",1,"2024-05-30 17:53:53",NULL,NULL,1
2179,"Swati Gill",1,"2024-05-20 11:47:39",NULL,NULL,1
2180,"Swati Kaur",1,"2019-01-11 14:25:34",NULL,NULL,1
2181,"Arjun Kashyap",1,"2019-08-22 19:34:15",NULL,NULL,1
2182,"Anika Joshi",1,"2021-01-10 10:56:30",NULL,NULL,1
2183,"Aditya Bhatt",1,"2021-12-10 11:07:27",NULL,NULL,1
2184,"Swati Gill",1,"2023-02-02 16:39:20",NULL,NULL,1
2185,"Sana Yadav",1,"2021-01-11 10:55:40",NULL,NULL,1
2186,"Isha Gill",1,"2024-02-07 12:32:13",NULL,NULL,1
2187,"Mudit Rao",1,"2021-07-24 20:31:11",NULL,NULL,1
2188,"Isha Verma",1,"2020-08-06 13:01:20",NULL,NULL,1
2189,"Manan Bajpai",1,"2019-02-18 10:59:36",NULL,NULL,1
2190,"Riya Menon",1,"2022-09-03 10:32:51",NULL,NULL,1
2191,"Komal Gill",1,"2019-04-07 13:53:28",NULL,NULL,1
2192,"Sneha Thakur",1,"2020-04-13 09:37:29",NULL,NULL,1
2193,"Harsh Thakur",1,"2023-11-11 12:32:20",NULL,NULL,1
2194,"Anika Kashyap",1,"2023-05-27 15:57:51",NULL,NULL,1
2195,"Sanjana Singh",1,"2022-05-03 17:46:38",NULL,NULL,1
2196,"Vivaan Chaudhary",1,"2023-04-12 15:29:46",NULL,NULL,1
2197,"Priya Roy",1,"2024-04-14 10:16:58",NULL,NULL,1
2198,"Aakash Kapoor",1,"2021-04-19 16:30:20",NULL,NULL,1
2199,"Krishna Verma",1,"2019-05-15 17:51:13",NULL,NULL,1
2200,"Ayaan Joshi",1,"2020-03-14 10:55:18",NULL,NULL,1
2201,"Sneha Bhatia",1,"2022-02-20 14:30:44",NULL,NULL,1
2202,"Suman Dutta",1,"2019-10-29 10:00:38",NULL,NULL,1
2203,"Ragini Pandey",1,"2019-12-01 16:35:54",NULL,NULL,1
2204,"Meera Chatterjee",1,"2022-11-27 12:52:49",NULL,NULL,1
2205,"Aarav Joshi",1,"2024-06-07 09:40:01",NULL,NULL,1
2206,"Manan Kashyap",1,"2024-06-09 16:43:28",NULL,NULL,1
2207,"Krishna Singh",1,"2020-05-03 21:07:55",NULL,NULL,1
2208,"Aisha Gill",1,"2020-11-03 10:58:15",NULL,NULL,1
2209,"Aarav Chatterjee",1,"2020-11-03 17:46:31",NULL,NULL,1
2210,"Sneha Kaur",1,"2023-02-27 16:43:49",NULL,NULL,1
2211,"Nisha Mishra",1,"2020-04-02 18:43:44",NULL,NULL,1
2212,"Anika Chopra",1,"2022-05-24 12:35:41",NULL,NULL,1
2213,"Ishaan Rao",1,"2022-04-17 17:51:09",NULL,NULL,1
2214,"Pooja Chaudhary",1,"2021-12-11 19:33:59",NULL,NULL,1
2215,"Mudit Kashyap",1,"2024-05-06 10:57:29",NULL,NULL,1
2216,"Ragini Yadav",1,"2021-11-30 14:30:21",NULL,NULL,1
2217,"Komal Rao",1,"2022-08-16 20:02:13",NULL,NULL,1
2218,"Vivaan Yadav",1,"2024-01-14 19:38:42",NULL,NULL,1
2219,"Kabir Malhotra",1,"2021-03-25 13:16:04",NULL,NULL,1
2220,"Aisha Kaur",1,"2023-10-27 14:42:36",NULL,NULL,1
2221,"Reyansh Basu",1,"2019-09-30 15:32:16",NULL,NULL,1
2222,"Krishna Kumar",1,"2019-03-19 20:27:32",NULL,NULL,1
2223,"Komal Patel",1,"2022-07-24 11:21:25",NULL,NULL,1
2224,"Krishna Das",1,"2020-03-14 17:30:26",NULL,NULL,1
2225,"Riya Kapoor",1,"2022-03-28 11:12:29",NULL,NULL,1
2226,"Vihaan Dutta",1,"2020-05-27 21:57:57",NULL,NULL,1
2227,"Meera Reddy",1,"2020-04-19 18:52:46",NULL,NULL,1
2228,"Harsh Desai",1,"2021-10-03 19:59:48",NULL,NULL,1
2229,"Pooja Singh",1,"2024-01-09 18:00:13",NULL,NULL,1
2230,"Pooja Rao",1,"2021-01-28 20:29:04",NULL,NULL,1
2231,"Sana Jain",1,"2022-10-18 12:30:29",NULL,NULL,1
2232,"Mudit Iyer",1,"2024-01-13 12:53:51",NULL,NULL,1
2233,"Riya Chaudhary",1,"2021-11-04 11:10:20",NULL,NULL,1
2234,"Mudit Malhotra",1,"2021-10-05 12:04:10",NULL,NULL,1
2235,"Reyansh Bhatt",1,"2020-11-10 11:54:34",NULL,NULL,1
2236,"Isha Kulkarni",1,"2023-05-18 16:46:17",NULL,NULL,1
2237,"Nisha Nair",1,"2021-02-28 20:48:04",NULL,NULL,1
2238,"Siddharth Menon",1,"2021-12-10 20:50:21",NULL,NULL,1
2239,"Meera Reddy",1,"2019-09-18 17:48:10",NULL,NULL,1
2240,"Sana Kumar",1,"2024-03-25 17:52:07",NULL,NULL,1
2241,"Vihaan Reddy",1,"2022-08-27 20:23:59",NULL,NULL,1
2242,"Raghav Bhatt",1,"2021-08-27 09:27:36",NULL,NULL,1
2243,"Krishna Thakur",1,"2022-10-12 18:53:14",NULL,NULL,1
2244,"Riya Gupta",1,"2023-07-21 19:16:25",NULL,NULL,1
2245,"Manan Roy",1,"2019-09-29 18:53:08",NULL,NULL,1
2246,"Neha Kapoor",1,"2022-07-17 18:51:33",NULL,NULL,1
2247,"Maya Das",1,"2023-04-10 17:17:04",NULL,NULL,1
2248,"Vivaan Kapoor",1,"2022-07-07 12:11:02",NULL,NULL,1
2249,"Komal Kaur",1,"2019-07-09 15:24:45",NULL,NULL,1
2250,"Harsh Chaudhary",1,"2022-02-15 16:05:19",NULL,NULL,1
2251,"Isha Bajpai",1,"2021-07-18 15:42:22",NULL,NULL,1
2252,"Reyansh Das",1,"2020-05-24 21:16:05",NULL,NULL,1
2253,"Arjun Basu",1,"2023-04-13 17:22:22",NULL,NULL,1
2254,"Aditya Nair",1,"2019-01-09 21:50:11",NULL,NULL,1
2255,"Manan Singh",1,"2020-10-12 14:20:59",NULL,NULL,1
2256,"Kabir Agarwal",1,"2020-11-26 16:20:11",NULL,NULL,1
2257,"Aarav Rao",1,"2023-05-05 12:28:51",NULL,NULL,1
2258,"Anika Gill",1,"2023-03-19 14:41:10",NULL,NULL,1
2259,"Aditya Nair",1,"2024-04-24 13:38:49",NULL,NULL,1
2260,"Siddharth Joshi",1,"2019-02-02 18:35:30",NULL,NULL,1
2261,"Ragini Shetty",1,"2021-01-18 13:53:57",NULL,NULL,1
2262,"Pooja Bajpai",1,"2022-01-12 10:57:05",NULL,NULL,1
2263,"Sana Kulkarni",1,"2023-07-05 12:44:48",NULL,NULL,1
2264,"Krishna Rao",1,"2019-03-24 09:39:56",NULL,NULL,1
2265,"Aditya Das",1,"2023-09-27 10:31:11",NULL,NULL,1
2266,"Anika Sharma",1,"2022-12-15 21:13:56",NULL,NULL,1
2267,"Aditya Nair",1,"2023-05-20 09:52:43",NULL,NULL,1
2268,"Priya Desai",1,"2023-07-07 16:18:52",NULL,NULL,1
2269,"Reyansh Singh",1,"2020-11-03 09:25:03",NULL,NULL,1
2270,"Priya Dutta",1,"2021-01-20 10:50:01",NULL,NULL,1
2271,"Swati Chatterjee",1,"2021-07-18 19:36:34",NULL,NULL,1
2272,"Aakash Sharma",1,"2019-12-29 12:26:15",NULL,NULL,1
2273,"Neha Joshi",1,"2024-02-10 16:50:11",NULL,NULL,1
2274,"Aisha Kapoor",1,"2020-06-11 16:48:22",NULL,NULL,1
2275,"Ragini Jain",1,"2021-09-23 09:38:23",NULL,NULL,1
2276,"Ragini Das",1,"2019-03-23 10:51:02",NULL,NULL,1
2277,"Vihaan Reddy",1,"2023-11-16 18:40:18",NULL,NULL,1
2278,"Isha Chopra",1,"2024-02-26 10:08:24",NULL,NULL,1
2279,"Kavya Joshi",1,"2019-09-22 21:44:29",NULL,NULL,1
2280,"Siddharth Menon",1,"2022-07-23 21:18:56",NULL,NULL,1
2281,"Ragini Basu",1,"2020-07-10 10:40:08",NULL,NULL,1
2282,"Sai Kulkarni",1,"2019-08-21 14:59:45",NULL,NULL,1
2283,"Shaurya Kashyap",1,"2022-11-26 12:14:17",NULL,NULL,1
2284,"Aisha Das",1,"2023-07-14 12:45:24",NULL,NULL,1
2285,"Aisha Verma",1,"2023-02-09 09:21:10",NULL,NULL,1
2286,"Sana Reddy",1,"2024-07-08 13:31:51",NULL,NULL,1
2287,"Aditya Mehta",1,"2019-07-01 16:51:49",NULL,NULL,1
2288,"Aisha Das",1,"2023-12-04 12:31:04",NULL,NULL,1
2289,"Vihaan Joshi",1,"2023-11-30 19:36:31",NULL,NULL,1
2290,"Sana Desai",1,"2021-04-12 16:54:52",NULL,NULL,1
2291,"Ayaan Joshi",1,"2022-10-26 17:59:37",NULL,NULL,1
2292,"Ishaan Sharma",1,"2023-02-04 13:33:06",NULL,NULL,1
2293,"Nisha Nair",1,"2023-06-04 16:46:27",NULL,NULL,1
2294,"Meera Bajpai",1,"2020-11-06 19:41:24",NULL,NULL,1
2295,"Siddharth Kashyap",1,"2024-06-26 20:57:59",NULL,NULL,1
2296,"Siddharth Kulkarni",1,"2020-03-23 11:24:35",NULL,NULL,1
2297,"Reyansh Kapoor",1,"2020-11-24 10:40:06",NULL,NULL,1
2298,"Kabir Gill",1,"2021-03-11 13:42:16",NULL,NULL,1
2299,"Shaurya Yadav",1,"2022-01-28 10:39:19",NULL,NULL,1
2300,"Anika Chatterjee",1,"2020-10-02 11:40:23",NULL,NULL,1
2301,"Meera Bhatia",1,"2021-01-28 17:46:31",NULL,NULL,1
2302,"Meera Nanda",1,"2022-10-12 11:25:27",NULL,NULL,1
2303,"Vivaan Shetty",1,"2023-10-18 20:48:11",NULL,NULL,1
2304,"Isha Roy",1,"2020-01-27 21:00:52",NULL,NULL,1
2305,"Riya Kapoor",1,"2020-02-11 14:41:36",NULL,NULL,1
2306,"Anika Gupta",1,"2020-06-19 13:02:21",NULL,NULL,1
2307,"Aisha Singh",1,"2022-02-25 14:05:35",NULL,NULL,1
2308,"Sneha Kumar",1,"2023-03-25 20:44:00",NULL,NULL,1
2309,"Pooja Roy",1,"2021-09-22 11:36:46",NULL,NULL,1
2310,"Aditya Das",1,"2019-11-19 12:32:21",NULL,NULL,1
2311,"Krishna Singh",1,"2020-02-10 10:07:54",NULL,NULL,1
2312,"Aarav Sharma",1,"2023-09-11 19:36:19",NULL,NULL,1
2313,"Vihaan Kapoor",1,"2020-11-24 11:09:52",NULL,NULL,1
2314,"Ayaan Chatterjee",1,"2023-03-26 10:40:47",NULL,NULL,1
2315,"Meera Chopra",1,"2022-02-02 11:22:40",NULL,NULL,1
2316,"Vihaan Patel",1,"2023-10-29 21:34:31",NULL,NULL,1
2317,"Sai Kaur",1,"2023-08-07 17:39:53",NULL,NULL,1
2318,"Siddharth Verma",1,"2024-04-07 18:49:35",NULL,NULL,1
2319,"Anika Bajpai",1,"2022-08-31 14:32:55",NULL,NULL,1
2320,"Pooja Bhatt",1,"2021-11-19 12:29:24",NULL,NULL,1
2321,"Suman Kapoor",1,"2020-12-13 19:36:50",NULL,NULL,1
2322,"Arjun Bhatia",1,"2024-01-07 09:04:22",NULL,NULL,1
2323,"Swati Bhatt",1,"2020-10-01 09:10:48",NULL,NULL,1
2324,"Suman Reddy",1,"2024-08-13 10:49:47",NULL,NULL,1
2325,"Anika Thakur",1,"2022-09-05 18:05:19",NULL,NULL,1
2326,"Sneha Rao",1,"2021-08-12 21:53:05",NULL,NULL,1
2327,"Isha Shetty",1,"2023-10-09 19:40:13",NULL,NULL,1
2328,"Isha Jain",1,"2021-12-03 21:27:37",NULL,NULL,1
2329,"Maya Jain",1,"2023-10-03 18:07:12",NULL,NULL,1
2330,"Suman Das",1,"2022-12-21 14:31:09",NULL,NULL,1
2331,"Kavya Basu",1,"2019-04-03 20:37:15",NULL,NULL,1
2332,"Reyansh Nair",1,"2022-02-27 19:09:51",NULL,NULL,1
2333,"Komal Chopra",1,"2024-05-24 21:09:09",NULL,NULL,1
2334,"Kavya Menon",1,"2019-08-12 13:25:55",NULL,NULL,1
2335,"Arjun Roy",1,"2022-07-03 10:20:09",NULL,NULL,1
2336,"Yash Desai",1,"2022-12-14 20:45:51",NULL,NULL,1
2337,"Sanjana Chaudhary",1,"2019-04-13 15:48:46",NULL,NULL,1
2338,"Anika Chatterjee",1,"2024-08-10 14:53:41",NULL,NULL,1
2339,"Manan Verma",1,"2021-11-30 13:55:13",NULL,NULL,1
2340,"Vivaan Joshi",1,"2021-05-17 09:55:12",NULL,NULL,1
2341,"Priya Kumar",1,"2019-08-09 11:26:37",NULL,NULL,1
2342,"Maya Basu",1,"2020-01-27 18:27:50",NULL,NULL,1
2343,"Anika Roy",1,"2024-07-16 13:00:12",NULL,NULL,1
2344,"Maya Mishra",1,"2022-05-12 13:15:04",NULL,NULL,1
2345,"Riya Chaudhary",1,"2023-06-01 21:09:57",NULL,NULL,1
2346,"Siddharth Pandey",1,"2019-12-10 10:30:57",NULL,NULL,1
2347,"Kabir Iyer",1,"2023-07-22 14:21:01",NULL,NULL,1
2348,"Kavya Kulkarni",1,"2023-08-04 20:30:20",NULL,NULL,1
2349,"Krishna Desai",1,"2021-08-14 13:21:03",NULL,NULL,1
2350,"Ayaan Iyer",1,"2020-03-18 12:20:27",NULL,NULL,1
2351,"Mudit Kapoor",1,"2024-06-17 15:50:17",NULL,NULL,1
2352,"Vivaan Shetty",1,"2024-09-21 19:18:31",NULL,NULL,1
2353,"Ragini Menon",1,"2022-10-30 19:06:13",NULL,NULL,1
2354,"Sana Kaur",1,"2019-11-15 16:32:55",NULL,NULL,1
2355,"Komal Mishra",1,"2024-02-08 09:29:26",NULL,NULL,1
2356,"Reyansh Yadav",1,"2023-05-09 15:22:12",NULL,NULL,1
2357,"Suman Yadav",1,"2021-11-24 10:55:17",NULL,NULL,1
2358,"Kabir Pandey",1,"2021-08-23 16:20:18",NULL,NULL,1
2359,"Nisha Pandey",1,"2024-05-23 10:15:53",NULL,NULL,1
2360,"Riya Chaudhary",1,"2021-01-08 11:08:40",NULL,NULL,1
2361,"Kabir Verma",1,"2019-07-24 20:28:46",NULL,NULL,1
2362,"Ayaan Bhatia",1,"2022-09-25 19:26:02",NULL,NULL,1
2363,"Anika Nanda",1,"2023-09-12 16:13:59",NULL,NULL,1
2364,"Komal Kashyap",1,"2019-04-15 20:39:44",NULL,NULL,1
2365,"Krishna Iyer",1,"2023-11-14 14:22:17",NULL,NULL,1
2366,"Aarav Thakur",1,"2020-10-16 13:12:01",NULL,NULL,1
2367,"Meera Gill",1,"2023-12-08 11:19:38",NULL,NULL,1
2368,"Ayaan Chatterjee",1,"2020-05-24 11:56:16",NULL,NULL,1
2369,"Dhruv Menon",1,"2024-04-30 14:48:11",NULL,NULL,1
2370,"Mudit Reddy",1,"2023-06-09 09:37:05",NULL,NULL,1
2371,"Manan Singh",1,"2024-01-27 09:47:23",NULL,NULL,1
2372,"Krishna Joshi",1,"2019-10-30 13:55:11",NULL,NULL,1
2373,"Ishaan Bhatia",1,"2021-03-07 13:30:16",NULL,NULL,1
2374,"Maya Rao",1,"2024-06-30 13:33:41",NULL,NULL,1
2375,"Nisha Bajpai",1,"2023-04-06 12:48:06",NULL,NULL,1
2376,"Ishaan Basu",1,"2022-04-22 14:18:21",NULL,NULL,1
2377,"Ishaan Menon",1,"2022-06-15 11:21:30",NULL,NULL,1
2378,"Ragini Kumar",1,"2020-11-04 17:40:42",NULL,NULL,1
2379,"Nisha Sharma",1,"2022-04-12 21:28:02",NULL,NULL,1
2380,"Arjun Gupta",1,"2024-03-06 17:20:23",NULL,NULL,1
2381,"Mudit Jain",1,"2020-09-06 21:44:43",NULL,NULL,1
2382,"Aisha Joshi",1,"2020-04-20 11:55:54",NULL,NULL,1
2383,"Shaurya Kapoor",1,"2024-04-27 20:08:01",NULL,NULL,1
2384,"Meera Joshi",1,"2024-04-30 18:59:41",NULL,NULL,1
2385,"Raghav Bhatia",1,"2019-07-04 20:18:32",NULL,NULL,1
2386,"Yash Dutta",1,"2019-04-05 17:10:20",NULL,NULL,1
2387,"Maya Malhotra",1,"2021-06-03 21:39:39",NULL,NULL,1
2388,"Kabir Chaudhary",1,"2023-02-28 19:21:48",NULL,NULL,1
2389,"Tara Nair",1,"2021-10-02 11:58:17",NULL,NULL,1
2390,"Kabir Thakur",1,"2022-02-14 20:50:45",NULL,NULL,1
2391,"Harsh Desai",1,"2024-10-10 17:12:10",NULL,NULL,1
2392,"Vivaan Malhotra",1,"2020-06-18 17:54:08",NULL,NULL,1
2393,"Swati Kaur",1,"2023-09-30 09:29:50",NULL,NULL,1
2394,"Raghav Chaudhary",1,"2021-01-01 16:29:38",NULL,NULL,1
2395,"Riya Basu",1,"2024-07-13 14:45:44",NULL,NULL,1
2396,"Aarav Bhatt",1,"2020-09-01 19:43:34",NULL,NULL,1
2397,"Maya Chatterjee",1,"2019-07-01 19:55:04",NULL,NULL,1
2398,"Mudit Nair",1,"2022-06-04 16:05:02",NULL,NULL,1
2399,"Dhruv Kaur",1,"2023-05-11 21:27:27",NULL,NULL,1
2400,"Neha Kashyap",1,"2023-06-08 11:10:52",NULL,NULL,1
2401,"Siddharth Desai",1,"2022-03-29 11:55:01",NULL,NULL,1
2402,"Aakash Gill",1,"2020-08-21 15:12:09",NULL,NULL,1
2403,"Aditya Iyer",1,"2024-03-29 10:51:17",NULL,NULL,1
2404,"Sanjana Saxena",1,"2020-02-04 16:04:02",NULL,NULL,1
2405,"Shaurya Thakur",1,"2023-10-12 20:40:45",NULL,NULL,1
2406,"Siddharth Yadav",1,"2022-05-18 21:14:31",NULL,NULL,1
2407,"Arjun Sharma",1,"2024-05-04 21:39:38",NULL,NULL,1
2408,"Sanjana Jain",1,"2024-05-05 13:19:58",NULL,NULL,1
2409,"Sai Iyer",1,"2020-05-27 11:59:12",NULL,NULL,1
2410,"Shaurya Menon",1,"2020-06-02 12:52:36",NULL,NULL,1
2411,"Harsh Bhatia",1,"2022-03-04 16:27:10",NULL,NULL,1
2412,"Suman Desai",1,"2020-10-01 20:38:24",NULL,NULL,1
2413,"Mudit Gupta",1,"2022-04-17 15:40:11",NULL,NULL,1
2414,"Ragini Kapoor",1,"2022-07-19 16:32:59",NULL,NULL,1
2415,"Raghav Gupta",1,"2020-08-31 13:03:03",NULL,NULL,1
2416,"Sana Saxena",1,"2023-12-20 19:55:37",NULL,NULL,1
2417,"Suman Pandey",1,"2020-02-05 09:11:20",NULL,NULL,1
2418,"Ishaan Shetty",1,"2020-05-06 16:04:47",NULL,NULL,1
2419,"Komal Jain",1,"2019-03-09 19:23:46",NULL,NULL,1
2420,"Vihaan Rao",1,"2022-04-02 17:55:50",NULL,NULL,1
2421,"Ragini Malhotra",1,"2020-11-20 14:53:43",NULL,NULL,1
2422,"Maya Verma",1,"2020-04-16 12:24:40",NULL,NULL,1
2423,"Aisha Mishra",1,"2021-04-14 18:36:07",NULL,NULL,1
2424,"Krishna Verma",1,"2019-03-25 12:26:33",NULL,NULL,1
2425,"Anika Gill",1,"2024-07-14 09:07:15",NULL,NULL,1
2426,"Sanjana Roy",1,"2024-09-21 18:51:02",NULL,NULL,1
2427,"Ragini Jain",1,"2023-03-29 10:32:06",NULL,NULL,1
2428,"Suman Das",1,"2020-11-17 19:37:42",NULL,NULL,1
2429,"Aisha Singh",1,"2023-03-07 10:58:03",NULL,NULL,1
2430,"Aarav Shetty",1,"2024-08-12 19:15:07",NULL,NULL,1
2431,"Anika Dutta",1,"2021-06-12 17:35:39",NULL,NULL,1
2432,"Manan Kashyap",1,"2022-12-11 19:55:10",NULL,NULL,1
2433,"Priya Kaur",1,"2021-05-10 19:19:16",NULL,NULL,1
2434,"Aisha Kulkarni",1,"2024-03-30 15:52:00",NULL,NULL,1
2435,"Arjun Kaur",1,"2021-08-21 16:27:07",NULL,NULL,1
2436,"Aakash Rao",1,"2021-11-06 14:11:47",NULL,NULL,1
2437,"Manan Saxena",1,"2019-03-10 15:42:41",NULL,NULL,1
2438,"Arjun Singh",1,"2019-06-11 13:20:08",NULL,NULL,1
2439,"Krishna Shetty",1,"2020-01-14 16:05:26",NULL,NULL,1
2440,"Yash Shetty",1,"2023-10-10 21:24:08",NULL,NULL,1
2441,"Vihaan Joshi",1,"2024-07-30 18:06:48",NULL,NULL,1
2442,"Anika Mishra",1,"2023-11-23 19:33:49",NULL,NULL,1
2443,"Reyansh Yadav",1,"2020-01-20 17:09:01",NULL,NULL,1
2444,"Manan Basu",1,"2019-09-08 13:18:24",NULL,NULL,1
2445,"Harsh Kaur",1,"2023-08-17 14:16:02",NULL,NULL,1
2446,"Sneha Pandey",1,"2021-03-10 10:26:07",NULL,NULL,1
2447,"Ragini Kumar",1,"2023-10-21 14:35:02",NULL,NULL,1
2448,"Pooja Mehta",1,"2020-10-17 15:16:02",NULL,NULL,1
2449,"Priya Bhatt",1,"2019-05-05 19:02:53",NULL,NULL,1
2450,"Sneha Verma",1,"2021-12-02 20:41:34",NULL,NULL,1
2451,"Kabir Reddy",1,"2021-01-02 19:02:30",NULL,NULL,1
2452,"Kabir Sharma",1,"2023-05-04 15:35:59",NULL,NULL,1
2453,"Siddharth Kaur",1,"2023-07-02 13:40:49",NULL,NULL,1
2454,"Harsh Reddy",1,"2020-05-18 14:30:08",NULL,NULL,1
2455,"Shaurya Malhotra",1,"2022-04-06 14:22:19",NULL,NULL,1
2456,"Ayaan Gill",1,"2023-05-03 15:55:24",NULL,NULL,1
2457,"Nisha Basu",1,"2023-10-07 18:27:59",NULL,NULL,1
2458,"Shaurya Singh",1,"2020-03-09 10:57:50",NULL,NULL,1
2459,"Komal Kumar",1,"2024-07-09 17:38:43",NULL,NULL,1
2460,"Mudit Kulkarni",1,"2020-01-31 10:00:55",NULL,NULL,1
2461,"Reyansh Saxena",1,"2019-11-22 11:59:37",NULL,NULL,1
2462,"Isha Bhatt",1,"2023-06-11 12:22:31",NULL,NULL,1
2463,"Sana Singh",1,"2022-12-11 17:47:43",NULL,NULL,1
2464,"Reyansh Singh",1,"2024-06-07 19:36:43",NULL,NULL,1
2465,"Dhruv Bajpai",1,"2019-12-15 16:25:01",NULL,NULL,1
2466,"Aakash Kaur",1,"2020-07-10 11:31:19",NULL,NULL,1
2467,"Manan Gupta",1,"2020-12-13 12:09:15",NULL,NULL,1
2468,"Sanjana Verma",1,"2022-02-05 21:45:46",NULL,NULL,1
2469,"Priya Pandey",1,"2020-05-23 17:17:17",NULL,NULL,1
2470,"Aisha Desai",1,"2021-12-06 13:16:56",NULL,NULL,1
2471,"Komal Menon",1,"2024-05-31 10:26:49",NULL,NULL,1
2472,"Isha Chaudhary",1,"2022-03-24 16:58:44",NULL,NULL,1
2473,"Manan Chopra",1,"2019-11-12 21:13:29",NULL,NULL,1
2474,"Neha Singh",1,"2019-01-27 21:29:50",NULL,NULL,1
2475,"Neha Pandey",1,"2021-03-10 18:48:08",NULL,NULL,1
2476,"Aisha Roy",1,"2023-02-28 20:49:29",NULL,NULL,1
2477,"Maya Nanda",1,"2021-12-14 18:02:35",NULL,NULL,1
2478,"Arjun Nanda",1,"2021-01-08 11:00:31",NULL,NULL,1
2479,"Kavya Kaur",1,"2019-03-18 09:11:06",NULL,NULL,1
2480,"Maya Singh",1,"2022-07-23 19:30:27",NULL,NULL,1
2481,"Pooja Bhatia",1,"2024-10-02 20:06:32",NULL,NULL,1
2482,"Siddharth Saxena",1,"2019-09-30 18:32:35",NULL,NULL,1
2483,"Ayaan Bhatt",1,"2020-06-23 09:52:17",NULL,NULL,1
2484,"Aarav Singh",1,"2022-03-08 17:09:25",NULL,NULL,1
2485,"Komal Yadav",1,"2019-05-14 10:19:14",NULL,NULL,1
2486,"Tara Singh",1,"2021-10-13 11:28:47",NULL,NULL,1
2487,"Isha Kashyap",1,"2020-10-06 18:53:26",NULL,NULL,1
2488,"Arjun Joshi",1,"2019-02-15 17:42:15",NULL,NULL,1
2489,"Ishaan Chopra",1,"2024-06-20 14:01:06",NULL,NULL,1
2490,"Kabir Basu",1,"2019-12-08 19:07:17",NULL,NULL,1
2491,"Neha Singh",1,"2019-02-13 11:45:42",NULL,NULL,1
2492,"Kabir Yadav",1,"2023-05-28 12:05:33",NULL,NULL,1
2493,"Aarav Dutta",1,"2021-09-21 09:25:29",NULL,NULL,1
2494,"Raghav Joshi",1,"2020-11-04 10:57:58",NULL,NULL,1
2495,"Kabir Singh",1,"2023-02-27 15:21:57",NULL,NULL,1
2496,"Aditya Basu",1,"2019-05-24 21:07:30",NULL,NULL,1
2497,"Sai Desai",1,"2021-02-23 12:24:42",NULL,NULL,1
2498,"Arjun Chatterjee",1,"2020-04-03 14:12:03",NULL,NULL,1
2499,"Manan Shetty",1,"2024-04-27 10:26:26",NULL,NULL,1
2500,"Pooja Reddy",1,"2022-04-23 12:59:28",NULL,NULL,1
2501,"Pooja Gill",1,"2019-04-26 15:07:37",NULL,NULL,1
2502,"Yash Jain",1,"2020-06-19 17:10:47",NULL,NULL,1
2503,"Siddharth Chatterjee",1,"2023-02-08 13:26:27",NULL,NULL,1
2504,"Sana Saxena",1,"2020-02-08 12:16:17",NULL,NULL,1
2505,"Ishaan Kumar",1,"2019-02-15 19:33:47",NULL,NULL,1
2506,"Kavya Chatterjee",1,"2019-04-13 19:14:33",NULL,NULL,1
2507,"Komal Bajpai",1,"2022-03-03 18:34:37",NULL,NULL,1
2508,"Shaurya Nanda",1,"2021-01-30 18:19:31",NULL,NULL,1
2509,"Nisha Thakur",1,"2022-11-13 09:28:37",NULL,NULL,1
2510,"Tara Saxena",1,"2024-02-22 19:55:41",NULL,NULL,1
2511,"Sneha Malhotra",1,"2019-04-17 19:32:14",NULL,NULL,1
2512,"Nisha Agarwal",1,"2020-06-06 11:37:38",NULL,NULL,1
2513,"Siddharth Singh",1,"2022-05-17 13:25:53",NULL,NULL,1
2514,"Maya Agarwal",1,"2020-10-07 19:01:01",NULL,NULL,1
2515,"Meera Reddy",1,"2023-08-01 09:44:11",NULL,NULL,1
2516,"Yash Menon",1,"2022-12-05 20:18:30",NULL,NULL,1
2517,"Raghav Malhotra",1,"2022-05-24 21:48:19",NULL,NULL,1
2518,"Siddharth Dutta",1,"2021-01-14 14:07:02",NULL,NULL,1
2519,"Meera Pandey",1,"2023-02-02 09:42:47",NULL,NULL,1
2520,"Isha Bajpai",1,"2019-04-26 16:14:58",NULL,NULL,1
2521,"Vivaan Chaudhary",1,"2023-12-26 21:57:50",NULL,NULL,1
2522,"Swati Yadav",1,"2020-09-02 19:33:23",NULL,NULL,1
2523,"Vivaan Desai",1,"2020-04-14 21:34:16",NULL,NULL,1
2524,"Kavya Mishra",1,"2022-10-19 10:37:52",NULL,NULL,1
2525,"Isha Yadav",1,"2024-02-03 16:38:28",NULL,NULL,1
2526,"Komal Gupta",1,"2022-09-20 09:16:10",NULL,NULL,1
2527,"Aakash Gupta",1,"2021-03-24 11:31:05",NULL,NULL,1
2528,"Pooja Kumar",1,"2020-07-21 17:52:31",NULL,NULL,1
2529,"Sai Rao",1,"2022-03-01 12:30:06",NULL,NULL,1
2530,"Krishna Kaur",1,"2019-01-27 16:33:09",NULL,NULL,1
2531,"Isha Kapoor",1,"2022-10-29 09:03:16",NULL,NULL,1
2532,"Nisha Das",1,"2020-08-08 12:02:04",NULL,NULL,1
2533,"Sneha Joshi",1,"2021-06-13 17:20:38",NULL,NULL,1
2534,"Reyansh Kashyap",1,"2024-01-26 21:15:24",NULL,NULL,1
2535,"Shaurya Iyer",1,"2021-08-01 15:39:16",NULL,NULL,1
2536,"Suman Menon",1,"2019-10-18 20:52:38",NULL,NULL,1
2537,"Raghav Yadav",1,"2024-03-25 09:01:47",NULL,NULL,1
2538,"Siddharth Saxena",1,"2021-10-30 16:37:55",NULL,NULL,1
2539,"Aisha Iyer",1,"2022-09-05 09:55:20",NULL,NULL,1
2540,"Vihaan Gill",1,"2019-02-24 20:23:59",NULL,NULL,1
2541,"Kavya Pandey",1,"2021-09-07 14:37:49",NULL,NULL,1
2542,"Meera Kaur",1,"2019-08-06 13:04:58",NULL,NULL,1
2543,"Priya Malhotra",1,"2020-11-15 17:53:28",NULL,NULL,1
2544,"Vivaan Mishra",1,"2021-10-16 14:38:20",NULL,NULL,1
2545,"Swati Malhotra",1,"2022-03-19 10:18:18",NULL,NULL,1
2546,"Meera Malhotra",1,"2023-02-07 13:52:55",NULL,NULL,1
2547,"Arjun Iyer",1,"2023-09-23 14:19:42",NULL,NULL,1
2548,"Komal Bajpai",1,"2023-09-09 16:09:43",NULL,NULL,1
2549,"Reyansh Chatterjee",1,"2022-06-02 20:02:43",NULL,NULL,1
2550,"Vivaan Menon",1,"2020-09-14 09:38:22",NULL,NULL,1
2551,"Manan Gill",1,"2023-06-13 13:27:17",NULL,NULL,1
2552,"Swati Chopra",1,"2021-06-28 11:47:38",NULL,NULL,1
