ID,SalesDate,CustomerID,StateID,CreatedBy,CreatedOn,IsActive
1,22-03-2019,2049,1,1,02-05-2020 19:12,1
2,07-01-2023,1319,1,1,14-12-2021 11:39,1
3,18-12-2022,1029,4,1,06-01-2023 15:18,1
4,06-10-2022,1050,3,1,14-11-2023 14:56,1
5,12-01-2020,1177,5,1,30-10-2022 10:18,1
6,18-11-2021,2378,3,1,21-06-2019 14:07,1
7,14-07-2023,439,5,1,03-03-2019 10:11,1
8,21-02-2019,63,4,1,04-06-2021 10:19,1
9,28-10-2023,2420,5,1,03-11-2023 18:24,1
10,14-08-2021,1429,5,1,09-06-2023 11:43,1
11,20-10-2019,1629,3,1,30-03-2023 12:07,1
12,22-03-2020,1172,3,1,06-07-2022 16:55,1
13,02-04-2022,1371,1,1,29-10-2019 16:25,1
14,14-08-2021,650,5,1,04-11-2022 16:17,1
15,05-10-2020,1493,4,1,01-07-2023 10:48,1
16,30-01-2023,699,3,1,03-11-2021 11:54,1
17,05-05-2021,2218,4,1,16-05-2019 15:22,1
18,24-06-2022,2219,5,1,08-04-2019 13:47,1
19,22-08-2021,2544,2,1,19-10-2020 15:51,1
20,08-05-2022,2534,4,1,30-07-2020 14:09,1
21,24-11-2021,612,5,1,17-03-2019 16:41,1
22,14-06-2022,2425,3,1,09-11-2021 16:19,1
23,07-09-2023,800,3,1,16-12-2019 14:27,1
24,29-01-2022,132,3,1,11-12-2023 12:28,1
25,01-04-2019,1532,1,1,26-03-2020 19:40,1
26,27-11-2020,10,3,1,07-09-2023 14:34,1
27,08-08-2021,1431,3,1,28-06-2022 15:14,1
28,08-05-2019,2264,1,1,11-04-2023 15:56,1
29,04-08-2022,1984,2,1,24-08-2020 19:09,1
30,18-06-2023,996,3,1,30-05-2021 12:03,1
31,13-01-2019,422,2,1,03-01-2023 11:46,1
32,25-04-2019,2134,5,1,19-05-2019 10:30,1
33,10-08-2021,964,1,1,16-01-2022 18:00,1
34,02-05-2021,1104,1,1,01-07-2022 11:54,1
35,19-11-2021,72,2,1,13-08-2019 13:37,1
36,10-04-2022,2146,4,1,09-06-2020 10:43,1
37,21-09-2022,2468,2,1,31-08-2019 10:40,1
38,17-06-2020,1991,1,1,10-10-2019 10:58,1
39,23-03-2023,908,3,1,19-09-2023 17:04,1
40,26-01-2022,2128,2,1,23-07-2020 16:25,1
41,19-10-2020,1662,4,1,08-10-2023 12:05,1
42,24-11-2022,1,5,1,19-08-2021 17:56,1
43,22-09-2019,2158,2,1,03-06-2020 17:03,1
44,31-01-2019,1271,3,1,23-03-2022 17:01,1
45,21-04-2023,1191,4,1,08-12-2019 19:18,1
46,06-02-2019,1863,5,1,06-09-2022 18:22,1
47,14-09-2023,2545,4,1,22-09-2022 10:01,1
48,20-10-2020,1013,2,1,18-08-2023 17:16,1
49,04-07-2021,1552,4,1,07-09-2023 14:57,1
50,20-01-2021,1417,2,1,09-10-2021 12:12,1
51,16-07-2022,276,4,1,15-03-2019 10:13,1
52,26-04-2021,23,5,1,03-05-2019 17:05,1
53,06-09-2020,268,4,1,16-06-2019 15:22,1
54,15-02-2019,2310,3,1,12-08-2023 12:50,1
55,19-03-2019,120,4,1,07-02-2023 18:11,1
56,02-05-2020,1453,2,1,23-05-2023 13:31,1
57,07-01-2023,906,2,1,04-06-2022 19:02,1
58,12-08-2023,517,3,1,09-12-2023 10:02,1
59,22-10-2019,1527,5,1,06-12-2022 17:37,1
60,03-11-2022,632,1,1,01-06-2021 17:49,1
61,16-05-2020,2174,3,1,10-09-2019 16:40,1
62,02-07-2020,1809,3,1,18-11-2022 18:06,1
63,21-03-2022,2001,1,1,03-05-2021 15:21,1
64,06-02-2022,704,4,1,29-12-2022 16:08,1
65,03-12-2019,1096,2,1,15-07-2022 11:38,1
66,06-03-2023,534,5,1,05-03-2019 18:42,1
67,11-10-2021,974,1,1,21-11-2020 11:20,1
68,19-10-2023,1523,1,1,10-01-2021 13:01,1
69,09-01-2019,1843,2,1,10-05-2020 10:03,1
70,08-07-2020,1983,3,1,13-08-2021 10:12,1
71,16-01-2020,1797,2,1,10-07-2020 14:41,1
72,13-07-2023,1097,5,1,13-05-2021 15:26,1
73,24-06-2019,1331,4,1,22-12-2022 15:18,1
74,26-02-2020,1944,2,1,12-07-2023 15:55,1
75,04-10-2022,2357,4,1,21-07-2019 19:58,1
76,04-12-2021,2140,1,1,06-12-2022 15:49,1
77,24-11-2020,1828,2,1,04-11-2019 12:24,1
78,29-05-2019,85,4,1,22-03-2019 10:37,1
79,05-10-2019,2504,1,1,22-02-2019 14:35,1
80,10-07-2020,2543,5,1,19-08-2019 11:48,1
81,13-10-2019,2143,5,1,02-04-2021 14:20,1
82,04-09-2019,2483,3,1,09-08-2022 10:42,1
83,11-06-2019,367,1,1,01-03-2021 11:14,1
84,26-03-2023,2003,2,1,28-01-2023 17:53,1
85,04-03-2023,1358,2,1,18-03-2021 18:02,1
86,14-06-2020,347,1,1,21-04-2019 17:59,1
87,28-02-2021,1108,3,1,10-05-2023 17:26,1
88,03-09-2020,1714,4,1,22-04-2019 18:45,1
89,03-07-2020,322,3,1,08-10-2021 15:54,1
90,24-03-2023,2534,1,1,15-11-2023 14:38,1
91,05-02-2019,1581,4,1,22-05-2020 16:47,1
92,25-08-2020,2378,4,1,23-01-2022 10:48,1
93,14-11-2019,1302,1,1,15-02-2021 15:28,1
94,29-11-2023,211,4,1,19-05-2021 12:29,1
95,22-03-2023,1692,5,1,11-11-2023 12:21,1
96,13-07-2022,2505,5,1,22-02-2019 16:00,1
97,25-07-2020,706,5,1,07-06-2021 11:07,1
98,29-04-2023,448,2,1,09-12-2022 15:34,1
99,15-07-2021,1833,1,1,03-07-2019 13:06,1
100,02-03-2023,1648,1,1,18-07-2023 14:28,1
101,24-01-2023,1034,5,1,13-04-2022 15:08,1
102,25-12-2020,2311,3,1,21-10-2023 17:57,1
103,23-07-2020,2082,3,1,02-04-2019 16:38,1
104,07-08-2020,1643,5,1,08-09-2020 19:25,1
105,15-10-2021,668,3,1,20-11-2022 10:04,1
106,21-10-2019,1056,4,1,07-01-2019 14:47,1
107,22-08-2023,1524,5,1,06-11-2019 10:17,1
108,21-04-2022,785,2,1,24-11-2021 19:29,1
109,08-10-2021,2293,2,1,30-08-2022 15:16,1
110,04-03-2020,350,2,1,16-11-2019 10:02,1
111,23-11-2021,1334,2,1,01-11-2020 19:50,1
112,21-06-2023,333,2,1,29-03-2023 11:04,1
113,05-06-2021,1632,4,1,10-08-2023 18:33,1
114,08-01-2023,2088,5,1,20-08-2021 12:42,1
115,29-07-2019,1087,3,1,14-01-2021 11:48,1
116,01-12-2019,429,3,1,20-04-2021 15:22,1
117,22-07-2023,758,4,1,21-06-2022 14:25,1
118,15-05-2021,2168,5,1,25-02-2019 13:12,1
119,06-08-2019,1383,1,1,10-06-2019 18:06,1
120,28-04-2022,132,3,1,02-11-2019 11:51,1
121,16-11-2020,1999,3,1,21-11-2021 18:32,1
122,14-04-2022,774,5,1,01-11-2023 10:46,1
123,21-03-2019,1956,4,1,14-08-2021 16:30,1
124,15-12-2021,410,4,1,19-04-2019 18:50,1
125,17-06-2021,900,3,1,01-04-2019 17:18,1
126,11-07-2021,2377,5,1,21-05-2022 10:15,1
127,06-11-2023,1355,1,1,06-06-2022 15:13,1
128,10-07-2022,1890,4,1,31-07-2022 19:34,1
129,12-01-2022,22,3,1,27-04-2022 17:10,1
130,11-11-2023,1713,1,1,04-08-2022 14:58,1
131,07-02-2022,1992,2,1,03-04-2019 18:23,1
132,17-01-2022,317,5,1,14-03-2020 19:03,1
133,01-10-2022,732,5,1,22-06-2022 16:03,1
134,07-08-2023,1153,1,1,26-05-2019 17:32,1
135,03-02-2021,1749,5,1,14-06-2022 15:31,1
136,12-03-2022,847,1,1,13-06-2022 13:57,1
137,04-07-2019,1977,2,1,07-07-2022 12:31,1
138,25-03-2022,1135,4,1,20-03-2019 18:34,1
139,05-08-2023,1359,1,1,28-05-2019 18:20,1
140,23-11-2021,502,1,1,13-07-2020 10:50,1
141,08-09-2022,1529,3,1,04-04-2019 18:43,1
142,20-09-2023,1800,4,1,13-08-2019 18:19,1
143,02-06-2023,964,1,1,19-10-2022 15:45,1
144,13-09-2020,336,3,1,06-07-2019 18:52,1
145,15-07-2022,1698,4,1,19-02-2023 15:38,1
146,30-07-2022,108,3,1,18-06-2021 17:01,1
147,20-05-2019,782,2,1,12-06-2019 18:39,1
148,14-05-2022,2404,5,1,10-06-2020 16:00,1
149,01-10-2021,880,3,1,31-12-2021 11:05,1
150,12-06-2020,2382,5,1,14-05-2022 14:08,1
151,05-03-2023,2307,5,1,11-02-2019 11:24,1
152,20-09-2020,474,1,1,01-12-2019 11:02,1
153,19-03-2019,2076,2,1,09-10-2022 19:16,1
154,24-05-2021,1074,5,1,19-03-2019 10:54,1
155,23-09-2022,2432,3,1,30-10-2023 15:07,1
156,05-09-2021,2231,3,1,09-06-2022 16:08,1
157,10-12-2020,855,3,1,03-02-2022 12:33,1
158,09-08-2022,2238,5,1,29-08-2020 13:34,1
159,28-03-2023,805,3,1,17-10-2019 19:48,1
160,09-01-2023,697,1,1,22-06-2019 18:47,1
161,21-11-2019,746,2,1,09-03-2023 14:06,1
162,23-02-2023,390,2,1,28-04-2022 15:29,1
163,12-04-2022,185,3,1,27-01-2023 14:43,1
164,22-10-2022,1346,5,1,20-09-2022 14:53,1
165,19-09-2020,168,1,1,31-05-2019 13:31,1
166,03-02-2020,384,5,1,19-06-2019 17:09,1
167,20-04-2020,1413,3,1,25-03-2020 14:10,1
168,13-12-2019,800,1,1,02-10-2023 15:49,1
169,18-04-2023,742,1,1,17-11-2023 10:15,1
170,13-07-2022,1654,3,1,18-04-2022 13:09,1
171,17-05-2022,2551,1,1,14-09-2019 13:22,1
172,24-04-2020,1174,2,1,17-09-2019 11:27,1
173,22-01-2022,2370,2,1,22-03-2020 14:54,1
174,15-01-2021,1183,3,1,15-08-2023 10:48,1
175,28-12-2021,2109,4,1,09-12-2019 12:37,1
176,14-03-2019,2518,4,1,18-08-2021 19:38,1
177,26-11-2022,1496,5,1,09-11-2019 18:34,1
178,14-03-2022,1228,3,1,03-01-2020 17:43,1
179,03-05-2021,257,4,1,12-10-2023 11:32,1
180,20-04-2021,2358,4,1,16-09-2023 16:23,1
181,16-12-2019,918,2,1,23-04-2021 16:26,1
182,29-08-2023,1133,3,1,08-05-2020 12:59,1
183,19-06-2022,1312,4,1,04-03-2023 13:50,1
184,19-11-2021,2176,3,1,27-06-2019 19:29,1
185,30-04-2019,2123,4,1,06-11-2021 18:49,1
186,20-02-2021,1229,4,1,19-01-2020 17:59,1
187,18-09-2023,1242,1,1,13-07-2022 11:29,1
188,30-09-2023,1409,4,1,17-07-2021 15:10,1
189,06-11-2019,85,4,1,05-05-2020 11:33,1
190,31-08-2022,2551,2,1,04-12-2019 19:39,1
191,21-06-2019,1256,4,1,14-08-2021 13:05,1
192,08-04-2021,419,2,1,21-06-2022 13:31,1
193,03-04-2021,596,2,1,09-03-2023 17:47,1
194,30-04-2022,1086,1,1,12-10-2023 16:09,1
195,10-07-2020,2044,1,1,08-09-2020 17:26,1
196,06-06-2022,323,1,1,16-02-2019 16:13,1
197,22-12-2022,1078,2,1,05-02-2020 16:54,1
198,05-11-2019,702,4,1,23-03-2022 11:29,1
199,28-08-2022,1315,2,1,20-02-2022 17:33,1
200,18-06-2023,1188,4,1,11-05-2022 17:50,1
201,02-08-2023,1738,4,1,26-03-2021 11:57,1
202,09-05-2019,380,4,1,04-05-2022 18:25,1
203,11-02-2023,657,5,1,09-11-2020 12:19,1
204,02-01-2020,2539,2,1,17-07-2021 10:56,1
205,13-08-2020,1213,4,1,26-01-2021 10:00,1
206,10-02-2019,1693,4,1,28-12-2019 19:23,1
207,08-01-2020,1639,2,1,29-08-2021 16:29,1
208,29-07-2020,678,4,1,24-09-2022 10:09,1
209,10-01-2020,20,2,1,10-01-2020 19:00,1
210,15-01-2019,919,5,1,18-11-2022 16:14,1
211,18-09-2019,2033,5,1,17-09-2019 11:49,1
212,28-01-2020,2010,1,1,21-02-2022 10:47,1
213,09-12-2021,2316,1,1,14-01-2019 17:44,1
214,24-11-2023,702,2,1,18-11-2021 19:24,1
215,01-08-2022,1051,4,1,04-09-2020 13:53,1
216,02-09-2023,1773,5,1,23-09-2020 19:30,1
217,14-01-2021,2262,3,1,08-02-2022 14:36,1
218,29-08-2020,634,3,1,06-10-2022 12:02,1
219,03-10-2019,1688,3,1,22-12-2023 17:41,1
220,19-03-2020,1156,4,1,21-03-2020 14:06,1
221,28-07-2023,1810,4,1,07-01-2021 10:07,1
222,11-09-2021,2023,2,1,14-02-2021 11:01,1
223,13-12-2023,1456,1,1,28-01-2023 18:32,1
224,11-12-2019,1732,4,1,23-08-2023 10:39,1
225,27-07-2020,54,5,1,19-08-2023 16:45,1
226,15-10-2019,1584,5,1,04-01-2022 13:35,1
227,10-03-2023,1631,1,1,09-09-2022 19:19,1
228,21-06-2023,1172,3,1,06-02-2019 12:29,1
229,24-08-2023,346,4,1,02-10-2020 14:29,1
230,04-07-2022,377,2,1,14-01-2020 17:11,1
231,11-06-2019,1571,1,1,05-11-2019 14:44,1
232,05-09-2021,607,1,1,26-10-2022 12:12,1
233,03-09-2021,1053,1,1,23-12-2021 10:11,1
234,12-04-2019,1095,4,1,16-06-2021 19:07,1
235,09-12-2023,2382,5,1,08-03-2021 16:23,1
236,23-07-2021,2512,5,1,22-07-2023 12:35,1
237,29-03-2022,2000,2,1,07-12-2020 10:12,1
238,17-05-2020,459,5,1,08-01-2019 13:18,1
239,05-10-2021,1762,5,1,15-02-2023 15:42,1
240,06-05-2022,36,2,1,08-02-2022 17:56,1
241,17-11-2023,409,4,1,25-04-2019 14:34,1
242,29-07-2020,229,3,1,19-02-2023 18:49,1
243,02-10-2020,2439,1,1,02-09-2020 19:01,1
244,02-10-2022,1335,4,1,19-01-2019 18:27,1
245,27-05-2022,552,4,1,16-05-2021 19:01,1
246,30-12-2021,2218,2,1,12-10-2023 17:57,1
247,12-11-2019,472,3,1,30-03-2022 14:23,1
248,20-07-2020,1538,2,1,18-09-2021 10:34,1
249,05-09-2023,757,3,1,01-06-2023 10:14,1
250,01-02-2019,1142,5,1,07-09-2022 11:58,1
251,01-05-2021,139,4,1,18-09-2023 10:47,1
252,19-06-2022,804,1,1,20-07-2023 18:40,1
253,04-02-2020,310,4,1,21-07-2019 13:22,1
254,16-09-2019,2104,4,1,12-10-2022 19:35,1
255,02-05-2021,598,3,1,03-01-2022 19:05,1
256,03-10-2019,2385,4,1,17-08-2023 18:21,1
257,27-06-2022,1320,3,1,11-10-2021 17:31,1
258,19-12-2019,770,2,1,18-04-2020 14:05,1
259,06-11-2022,2043,5,1,20-10-2019 10:53,1
260,10-01-2020,1039,4,1,03-04-2019 18:34,1
261,17-06-2022,1792,2,1,14-04-2023 12:22,1
262,06-08-2022,1179,5,1,05-09-2022 16:57,1
263,13-07-2023,2368,3,1,16-02-2019 15:45,1
264,19-07-2021,272,4,1,28-09-2022 18:07,1
265,22-09-2019,1429,4,1,17-12-2023 11:48,1
266,29-01-2023,2112,2,1,07-08-2022 15:02,1
267,28-07-2023,378,4,1,28-02-2021 18:35,1
268,19-10-2021,1211,1,1,08-07-2023 12:51,1
269,16-06-2022,1327,2,1,04-12-2020 11:31,1
270,03-02-2021,941,3,1,29-01-2020 10:58,1
271,30-11-2022,1627,1,1,01-02-2020 14:44,1
272,04-02-2023,2404,3,1,06-05-2023 16:02,1
273,18-08-2019,2247,3,1,26-09-2020 14:19,1
274,25-04-2020,2321,4,1,29-08-2021 15:06,1
275,12-08-2022,2452,2,1,08-11-2020 11:43,1
276,25-06-2021,1216,1,1,16-02-2021 15:26,1
277,21-08-2023,1217,3,1,15-02-2020 19:00,1
278,15-02-2021,811,2,1,17-12-2020 15:31,1
279,13-10-2022,1312,1,1,04-10-2022 16:27,1
280,11-05-2021,241,2,1,05-08-2019 12:19,1
281,01-10-2019,738,1,1,04-09-2020 14:40,1
282,08-01-2020,1111,3,1,24-04-2023 16:17,1
283,05-08-2021,2381,2,1,30-01-2020 19:42,1
284,03-10-2020,602,1,1,19-03-2023 16:25,1
285,30-09-2019,2540,2,1,22-07-2020 19:46,1
286,28-10-2022,1567,2,1,31-12-2021 10:33,1
287,15-11-2023,868,2,1,18-11-2022 10:26,1
288,18-02-2019,1404,3,1,27-12-2022 15:07,1
289,14-09-2023,377,3,1,18-11-2021 13:16,1
290,23-05-2021,1183,3,1,28-02-2020 18:08,1
291,10-06-2022,1913,4,1,04-04-2021 18:59,1
292,03-10-2019,829,4,1,11-04-2023 19:37,1
293,19-07-2023,1808,3,1,21-11-2019 10:35,1
294,05-01-2022,1220,1,1,21-09-2022 12:47,1
295,01-10-2019,130,5,1,19-07-2020 15:46,1
296,31-07-2019,2043,4,1,05-02-2022 16:12,1
297,28-08-2020,1594,1,1,08-03-2023 14:19,1
298,11-05-2019,112,2,1,12-05-2023 10:24,1
299,11-03-2020,389,3,1,26-03-2022 12:34,1
300,01-11-2019,1075,3,1,22-11-2019 12:20,1
301,29-11-2023,377,3,1,05-12-2020 13:34,1
302,22-07-2019,1047,1,1,19-07-2022 15:20,1
303,30-03-2022,1031,3,1,17-02-2022 11:09,1
304,26-10-2019,404,5,1,21-02-2019 19:52,1
305,19-02-2023,1098,1,1,20-08-2023 18:39,1
306,26-09-2022,1608,4,1,19-02-2020 19:26,1
307,21-04-2019,1750,5,1,27-10-2021 14:54,1
308,20-07-2020,2078,2,1,20-05-2023 17:24,1
309,26-11-2023,1564,4,1,23-03-2020 17:07,1
310,18-05-2023,2190,3,1,25-03-2019 18:07,1
311,20-04-2023,2513,1,1,02-02-2022 18:23,1
312,08-04-2020,480,1,1,25-10-2020 15:01,1
313,19-12-2021,1449,1,1,28-07-2022 12:30,1
314,31-03-2023,2040,5,1,21-07-2022 12:11,1
315,16-09-2020,1584,5,1,29-03-2020 18:30,1
316,01-08-2021,2499,4,1,17-12-2021 13:03,1
317,25-09-2020,1479,5,1,21-12-2019 11:34,1
318,04-02-2022,58,3,1,23-06-2023 10:19,1
319,09-06-2023,2440,3,1,06-04-2019 19:29,1
320,16-12-2021,1025,3,1,09-09-2020 17:20,1
321,03-12-2022,1864,2,1,16-10-2023 17:09,1
322,08-10-2023,540,5,1,12-02-2021 16:22,1
323,24-09-2022,2327,5,1,13-07-2020 13:54,1
324,23-04-2022,645,1,1,20-09-2022 11:19,1
325,08-05-2023,956,4,1,23-04-2020 13:34,1
326,28-05-2019,1865,5,1,07-02-2021 19:21,1
327,16-01-2020,1339,1,1,04-05-2023 15:50,1
328,03-04-2019,2329,2,1,15-02-2022 18:03,1
329,26-05-2023,1078,3,1,18-02-2022 12:27,1
330,10-06-2022,1414,4,1,15-03-2023 12:59,1
331,27-02-2021,1768,3,1,13-02-2020 17:08,1
332,14-06-2023,1703,2,1,11-01-2019 19:25,1
333,04-09-2021,1279,3,1,21-04-2020 18:43,1
334,15-05-2021,2174,2,1,25-11-2021 18:58,1
335,02-05-2022,2421,5,1,08-05-2021 11:10,1
336,30-04-2020,1827,4,1,17-09-2022 10:21,1
337,14-03-2023,1326,5,1,31-01-2021 13:18,1
338,02-05-2023,2113,1,1,10-10-2021 12:12,1
339,01-03-2023,2049,4,1,21-12-2020 10:57,1
340,24-09-2023,1157,2,1,13-11-2020 18:29,1
341,26-04-2023,2491,1,1,31-08-2020 14:38,1
342,06-02-2019,2270,2,1,30-01-2020 11:03,1
343,16-04-2021,395,5,1,25-06-2023 13:41,1
344,14-11-2023,457,1,1,23-01-2021 14:50,1
345,08-12-2020,1248,3,1,05-05-2019 14:09,1
346,11-05-2021,1934,1,1,16-08-2020 14:11,1
347,15-10-2023,2478,3,1,04-10-2021 19:43,1
348,08-03-2022,1883,4,1,12-05-2022 17:08,1
349,04-05-2023,1126,4,1,21-04-2020 14:53,1
350,22-07-2022,1393,2,1,02-03-2022 19:45,1
351,18-11-2022,1954,1,1,05-01-2020 13:51,1
352,29-11-2022,943,1,1,25-11-2019 14:32,1
353,18-12-2021,1297,1,1,09-06-2020 13:40,1
354,07-01-2021,2027,3,1,01-02-2022 16:59,1
355,24-05-2022,1024,1,1,11-06-2019 10:49,1
356,10-04-2020,54,3,1,17-11-2023 15:33,1
357,26-04-2023,687,5,1,02-06-2023 17:03,1
358,09-09-2020,627,4,1,19-12-2022 19:33,1
359,03-05-2022,105,2,1,20-02-2022 16:49,1
360,20-05-2020,1240,1,1,10-10-2020 17:26,1
361,18-07-2020,2298,3,1,09-07-2023 14:24,1
362,15-07-2023,1197,2,1,05-06-2021 15:46,1
363,03-11-2022,2086,3,1,20-06-2023 19:49,1
364,15-01-2019,2308,2,1,16-12-2021 15:49,1
365,23-02-2020,2455,3,1,23-11-2023 11:39,1
366,12-09-2021,2523,2,1,16-05-2023 14:40,1
367,18-03-2021,251,1,1,17-02-2022 15:54,1
368,22-09-2019,2473,2,1,26-12-2021 12:24,1
369,18-11-2021,39,1,1,06-07-2019 17:23,1
370,14-12-2021,1417,1,1,15-12-2022 18:20,1
371,26-08-2022,1888,3,1,22-02-2022 17:38,1
372,15-02-2021,311,2,1,12-06-2023 13:54,1
373,04-07-2021,115,3,1,03-02-2023 16:10,1
374,20-09-2021,1580,3,1,20-04-2022 16:24,1
375,18-05-2021,1608,2,1,17-01-2021 17:25,1
376,08-10-2021,1894,4,1,11-06-2023 19:29,1
377,04-08-2022,532,3,1,19-03-2023 12:54,1
378,11-06-2020,190,4,1,13-11-2023 14:00,1
379,14-12-2022,1395,2,1,12-06-2022 16:07,1
380,17-10-2020,1713,2,1,04-06-2022 19:06,1
381,06-06-2022,987,2,1,04-10-2022 13:25,1
382,28-03-2020,855,2,1,18-05-2021 19:36,1
383,18-04-2020,1272,4,1,03-04-2023 10:46,1
384,27-07-2023,1191,3,1,22-03-2021 12:43,1
385,27-12-2023,1047,3,1,10-06-2020 11:14,1
386,06-03-2023,1447,3,1,19-01-2021 19:46,1
387,04-03-2022,2049,4,1,08-05-2022 10:42,1
388,14-08-2022,2522,2,1,30-12-2020 14:16,1
389,31-08-2020,389,1,1,04-03-2019 17:22,1
390,09-05-2022,1171,5,1,20-12-2020 11:39,1
391,05-11-2023,300,2,1,13-04-2023 14:52,1
392,06-02-2019,2319,1,1,03-05-2020 19:26,1
393,20-07-2019,2068,1,1,30-09-2022 18:01,1
394,04-01-2023,1550,3,1,08-02-2019 13:12,1
395,07-01-2021,1661,3,1,06-05-2023 18:50,1
396,09-05-2023,408,5,1,03-04-2022 15:02,1
397,31-01-2020,88,5,1,07-06-2022 13:15,1
398,27-06-2022,1062,5,1,20-03-2023 14:15,1
399,14-09-2022,674,2,1,27-02-2021 16:47,1
400,22-05-2023,356,4,1,25-11-2023 16:14,1
401,25-08-2021,2494,5,1,06-12-2023 16:20,1
402,25-07-2023,2044,4,1,20-08-2023 17:11,1
403,07-01-2021,1749,1,1,27-10-2023 11:24,1
404,05-08-2021,2156,2,1,08-04-2021 13:38,1
405,11-08-2022,2546,2,1,13-10-2022 10:15,1
406,03-03-2019,660,5,1,08-02-2021 11:21,1
407,15-04-2023,629,2,1,07-06-2020 10:43,1
408,22-02-2023,2402,4,1,26-06-2022 16:52,1
409,18-01-2019,1218,1,1,29-04-2021 12:40,1
410,26-05-2022,1887,1,1,01-02-2023 12:51,1
411,01-03-2022,1309,1,1,26-03-2021 15:51,1
412,01-12-2022,1053,5,1,08-12-2019 12:55,1
413,29-02-2020,2008,4,1,09-09-2023 16:40,1
414,13-08-2023,563,5,1,11-09-2022 17:02,1
415,12-04-2020,1231,2,1,08-10-2021 18:52,1
416,19-11-2021,1748,4,1,26-01-2019 17:44,1
417,15-03-2020,1998,5,1,04-08-2023 10:22,1
418,29-07-2021,1155,3,1,30-12-2021 14:39,1
419,29-03-2021,2283,2,1,15-05-2023 18:42,1
420,13-03-2022,1690,2,1,08-03-2021 19:26,1
421,24-01-2019,1741,5,1,23-12-2021 12:00,1
422,28-01-2023,1401,3,1,10-12-2019 11:23,1
423,27-04-2020,1484,1,1,23-09-2021 18:03,1
424,21-11-2019,1885,3,1,14-06-2023 17:55,1
425,07-07-2022,2216,1,1,05-08-2019 17:40,1
426,21-01-2020,1086,5,1,04-03-2023 17:28,1
427,26-04-2022,1947,4,1,23-06-2019 14:47,1
428,14-12-2021,123,1,1,08-12-2023 14:33,1
429,12-08-2019,77,5,1,17-01-2023 14:09,1
430,06-08-2020,1492,3,1,01-10-2020 18:57,1
431,19-09-2023,547,5,1,24-03-2021 12:31,1
432,25-07-2021,511,5,1,06-11-2021 13:45,1
433,01-11-2023,136,3,1,11-06-2023 13:02,1
434,26-05-2019,258,1,1,18-10-2022 13:40,1
435,07-10-2019,1494,1,1,14-12-2019 17:19,1
436,25-05-2022,1257,5,1,18-05-2020 13:53,1
437,30-12-2021,2189,2,1,31-12-2020 19:25,1
438,14-09-2022,835,3,1,27-07-2019 12:59,1
439,21-02-2019,838,1,1,03-02-2021 15:26,1
440,14-06-2023,1588,1,1,26-08-2021 16:10,1
441,27-08-2023,931,3,1,19-11-2021 19:01,1
442,24-08-2019,1065,3,1,30-03-2021 12:13,1
443,26-09-2022,1929,5,1,01-12-2019 17:06,1
444,02-04-2020,1608,1,1,23-08-2020 14:03,1
445,07-10-2019,1584,4,1,28-02-2021 13:18,1
446,27-05-2019,1696,5,1,23-03-2023 17:22,1
447,17-11-2021,1634,1,1,05-11-2019 17:35,1
448,15-01-2022,2545,2,1,30-10-2019 18:53,1
449,22-09-2019,1894,1,1,02-02-2019 12:22,1
450,15-10-2023,292,4,1,02-12-2021 18:40,1
451,22-09-2020,1254,1,1,24-08-2021 14:36,1
452,26-07-2022,1746,4,1,19-04-2020 15:43,1
453,13-08-2021,940,5,1,18-06-2023 12:50,1
454,17-10-2020,1336,4,1,13-06-2020 14:26,1
455,03-04-2020,308,2,1,24-02-2022 19:01,1
456,09-04-2019,1648,4,1,22-05-2019 19:27,1
457,12-02-2022,1447,5,1,22-06-2022 14:41,1
458,26-08-2023,2359,5,1,15-12-2021 14:24,1
459,11-06-2023,1363,4,1,30-10-2020 16:04,1
460,14-07-2020,2212,2,1,17-01-2023 16:11,1
461,12-09-2023,721,3,1,29-02-2020 12:44,1
462,17-03-2019,524,2,1,30-09-2020 12:46,1
463,27-09-2023,2222,4,1,29-11-2022 14:59,1
464,05-02-2022,1966,2,1,10-07-2021 13:09,1
465,25-11-2023,2270,1,1,12-02-2022 17:06,1
466,11-08-2023,1863,5,1,03-02-2021 10:16,1
467,21-11-2022,1822,4,1,27-07-2023 11:43,1
468,03-05-2021,265,4,1,29-11-2019 15:45,1
469,28-12-2020,2077,5,1,24-04-2019 13:58,1
470,02-03-2019,780,4,1,11-04-2021 16:50,1
471,19-03-2020,937,4,1,26-04-2023 11:06,1
472,09-08-2022,2231,5,1,28-12-2022 15:18,1
473,15-03-2021,1957,2,1,18-12-2022 10:00,1
474,10-01-2022,1770,5,1,06-12-2021 10:41,1
475,15-04-2022,1267,2,1,13-11-2023 17:30,1
476,14-02-2019,1714,4,1,13-05-2022 11:23,1
477,02-06-2021,1592,2,1,06-03-2019 13:40,1
478,11-09-2021,2171,2,1,04-07-2022 18:19,1
479,13-01-2021,499,1,1,07-02-2023 11:51,1
480,07-05-2020,1606,2,1,14-06-2020 15:08,1
481,08-09-2023,1755,1,1,08-08-2021 13:15,1
482,19-09-2022,2361,4,1,16-01-2022 12:22,1
483,27-10-2020,1658,3,1,28-01-2019 16:19,1
484,05-02-2021,334,2,1,31-12-2020 17:21,1
485,17-10-2023,447,1,1,11-05-2019 15:25,1
486,23-11-2022,864,3,1,27-10-2021 13:22,1
487,26-12-2020,2171,1,1,18-11-2023 15:25,1
488,28-06-2023,2492,1,1,02-07-2020 18:10,1
489,05-04-2021,884,3,1,22-11-2020 16:26,1
490,10-11-2023,2283,5,1,20-10-2020 12:06,1
491,28-10-2022,1283,2,1,21-01-2020 13:32,1
492,18-02-2021,1285,2,1,03-11-2020 12:18,1
493,31-12-2019,150,3,1,07-01-2022 15:16,1
494,01-05-2020,512,3,1,24-09-2020 18:18,1
495,29-06-2022,1976,5,1,22-05-2023 16:54,1
496,23-12-2022,2390,4,1,11-09-2021 12:22,1
497,17-04-2019,1636,1,1,16-03-2019 12:42,1
498,16-04-2021,2115,1,1,21-12-2019 12:50,1
499,25-09-2019,2463,1,1,03-06-2022 17:10,1
500,11-10-2021,2192,1,1,27-12-2021 10:14,1
501,23-10-2019,1324,2,1,17-06-2019 15:05,1
502,19-06-2020,1150,5,1,21-02-2020 19:11,1
503,28-06-2020,1132,4,1,18-09-2020 11:08,1
504,06-11-2023,1481,5,1,08-07-2022 10:36,1
505,18-05-2019,2052,5,1,29-05-2019 10:32,1
506,09-06-2022,303,3,1,29-12-2020 10:36,1
507,28-02-2022,1369,3,1,13-09-2022 13:03,1
508,05-07-2019,689,3,1,11-08-2021 13:17,1
509,04-10-2020,938,3,1,30-10-2023 13:46,1
510,19-02-2023,521,1,1,19-07-2023 11:25,1
511,10-12-2023,691,2,1,22-02-2023 13:04,1
512,11-10-2020,2019,3,1,15-06-2022 10:40,1
513,29-07-2019,652,4,1,12-11-2022 19:45,1
514,06-04-2021,1340,2,1,11-05-2021 16:53,1
515,12-10-2019,1612,5,1,29-04-2019 10:52,1
516,27-12-2020,1543,4,1,28-12-2023 17:46,1
517,04-10-2021,867,1,1,21-05-2021 15:10,1
518,02-11-2023,1290,2,1,19-03-2019 14:44,1
519,18-03-2022,924,2,1,21-05-2019 16:11,1
520,09-09-2021,1277,5,1,01-01-2022 12:09,1
521,06-05-2020,567,4,1,29-03-2023 15:53,1
522,17-03-2020,438,1,1,11-09-2019 15:57,1
523,14-10-2023,1483,1,1,05-07-2021 15:09,1
524,28-12-2021,1241,5,1,31-05-2020 11:39,1
525,19-03-2021,1283,5,1,09-05-2021 13:44,1
526,18-12-2020,1431,3,1,30-07-2019 14:18,1
527,06-11-2020,2223,2,1,06-11-2019 17:07,1
528,27-02-2021,1766,5,1,19-07-2022 12:12,1
529,28-04-2019,742,1,1,10-01-2023 11:53,1
530,21-11-2023,1335,3,1,08-03-2022 12:07,1
531,08-12-2023,1540,5,1,07-10-2022 12:00,1
532,11-05-2019,2184,5,1,15-09-2020 10:21,1
533,22-04-2021,2214,3,1,11-08-2020 13:44,1
534,26-10-2021,1093,3,1,23-07-2023 16:25,1
535,30-04-2019,2438,3,1,15-01-2023 13:39,1
536,22-08-2019,2136,2,1,13-04-2021 19:54,1
537,14-03-2023,579,1,1,23-07-2023 10:29,1
538,17-06-2021,1854,3,1,04-05-2019 16:39,1
539,24-01-2021,2074,5,1,01-02-2019 13:30,1
540,29-04-2023,2059,5,1,15-06-2021 17:51,1
541,21-11-2021,2353,4,1,29-10-2021 19:36,1
542,14-06-2020,154,1,1,21-07-2020 14:13,1
543,09-11-2020,2265,2,1,30-05-2022 16:24,1
544,26-11-2019,313,3,1,09-06-2023 11:22,1
545,18-08-2019,1732,5,1,05-10-2019 10:54,1
546,05-08-2020,1537,4,1,10-06-2023 10:28,1
547,19-07-2022,2371,5,1,12-06-2020 13:38,1
548,12-10-2021,1731,3,1,18-07-2020 15:50,1
549,27-11-2023,1726,2,1,20-12-2021 17:09,1
550,28-07-2022,600,1,1,08-08-2023 15:42,1
551,16-08-2019,2438,5,1,27-10-2020 16:20,1
552,18-07-2023,2285,1,1,11-08-2023 13:11,1
553,25-04-2023,1120,2,1,15-10-2022 17:59,1
554,12-12-2019,501,4,1,02-07-2019 12:42,1
555,27-03-2019,802,5,1,11-07-2022 13:44,1
556,26-09-2022,2205,5,1,17-12-2023 11:22,1
557,07-01-2022,25,1,1,05-02-2022 10:53,1
558,08-02-2023,291,4,1,01-04-2020 12:46,1
559,30-04-2021,197,2,1,21-09-2023 10:04,1
560,13-10-2023,2290,1,1,05-04-2023 18:21,1
561,25-01-2023,2014,1,1,16-06-2020 15:23,1
562,10-09-2019,2327,3,1,12-04-2021 17:01,1
563,09-06-2023,1204,2,1,10-08-2020 18:58,1
564,20-10-2019,1306,2,1,11-12-2019 15:25,1
565,13-03-2021,1567,1,1,13-12-2020 11:22,1
566,21-03-2019,1223,3,1,27-09-2020 13:42,1
567,24-06-2023,2132,5,1,24-09-2022 10:16,1
568,15-05-2021,675,4,1,28-06-2020 12:37,1
569,01-02-2020,1589,3,1,03-12-2022 13:35,1
570,13-11-2020,340,1,1,18-12-2022 12:22,1
571,29-11-2022,1050,4,1,15-04-2023 15:35,1
572,24-08-2019,538,2,1,11-05-2021 10:12,1
573,16-12-2019,563,4,1,27-06-2022 14:47,1
574,09-11-2019,75,1,1,24-07-2019 11:51,1
575,22-02-2021,1845,1,1,25-07-2023 14:12,1
576,24-03-2022,567,1,1,10-10-2020 13:10,1
577,02-10-2021,4,5,1,06-01-2022 11:49,1
578,22-05-2019,2054,4,1,24-02-2020 16:09,1
579,08-10-2022,1608,3,1,16-09-2023 16:27,1
580,05-05-2019,2150,4,1,13-12-2022 10:11,1
581,25-05-2022,2051,4,1,20-04-2019 14:44,1
582,23-11-2023,1391,3,1,26-06-2020 12:44,1
583,23-10-2021,2459,4,1,19-05-2020 19:28,1
584,06-03-2022,2152,4,1,10-03-2022 14:05,1
585,27-07-2019,99,4,1,24-04-2020 11:27,1
586,06-01-2022,649,1,1,26-04-2023 12:44,1
587,12-12-2022,1951,1,1,15-02-2022 17:10,1
588,13-12-2023,1237,3,1,11-01-2023 19:38,1
589,12-02-2023,1430,1,1,22-04-2020 13:43,1
590,19-06-2023,2373,1,1,20-04-2021 10:39,1
591,15-03-2021,5,1,1,08-04-2020 18:32,1
592,12-12-2023,322,4,1,21-05-2022 14:10,1
593,24-09-2020,1351,4,1,08-01-2022 15:14,1
594,07-02-2019,1747,1,1,15-03-2020 18:43,1
595,12-08-2022,770,5,1,30-09-2023 19:57,1
596,20-11-2019,2345,5,1,13-05-2021 10:34,1
597,13-09-2021,794,3,1,16-11-2021 18:44,1
598,03-06-2023,846,2,1,26-04-2021 10:43,1
599,03-11-2021,2389,4,1,15-02-2019 19:13,1
600,13-06-2022,315,5,1,10-12-2023 18:14,1
601,13-05-2020,1019,4,1,03-08-2020 12:49,1
602,31-12-2020,1788,3,1,10-02-2019 16:03,1
603,30-05-2023,2124,2,1,04-06-2020 15:46,1
604,11-05-2021,1238,2,1,05-07-2022 17:50,1
605,14-11-2023,2329,2,1,10-02-2022 18:56,1
606,21-01-2023,941,3,1,16-10-2023 18:30,1
607,01-08-2020,908,1,1,30-08-2022 16:43,1
608,04-11-2021,2239,4,1,09-02-2022 16:02,1
609,14-02-2023,1089,2,1,26-09-2023 10:28,1
610,27-02-2023,1544,4,1,01-07-2023 12:39,1
611,27-11-2020,129,4,1,13-02-2021 17:48,1
612,29-08-2021,1380,2,1,19-11-2022 15:45,1
613,18-08-2022,1668,3,1,22-03-2021 12:56,1
614,19-08-2019,1037,4,1,29-12-2019 19:18,1
615,03-11-2022,529,3,1,19-12-2019 11:03,1
616,03-07-2019,2321,4,1,09-12-2023 15:34,1
617,03-04-2022,196,1,1,25-10-2020 16:20,1
618,26-01-2021,404,2,1,05-03-2019 12:40,1
619,04-03-2019,1035,3,1,05-10-2020 17:37,1
620,04-02-2021,838,3,1,04-07-2023 11:57,1
621,10-09-2021,304,3,1,16-03-2022 14:50,1
622,31-10-2020,2531,1,1,02-03-2021 11:52,1
623,20-05-2022,626,5,1,19-04-2019 17:56,1
624,13-01-2021,2205,3,1,23-06-2019 13:59,1
625,09-01-2021,994,4,1,04-01-2019 16:50,1
626,01-01-2023,1472,5,1,23-12-2021 10:33,1
627,27-01-2023,888,5,1,05-11-2022 13:25,1
628,11-03-2019,56,3,1,06-09-2020 19:17,1
629,03-08-2022,644,2,1,15-05-2023 13:51,1
630,29-08-2019,239,3,1,18-04-2022 14:50,1
631,23-11-2021,363,4,1,15-05-2019 14:20,1
632,03-12-2023,1319,4,1,27-08-2020 19:26,1
633,18-11-2022,928,5,1,08-09-2019 16:14,1
634,12-02-2020,2340,5,1,18-07-2022 18:38,1
635,18-02-2019,329,5,1,17-10-2022 14:46,1
636,11-03-2020,1442,1,1,09-06-2023 12:40,1
637,12-03-2021,1869,3,1,05-01-2020 16:27,1
638,06-03-2022,120,1,1,17-10-2020 17:03,1
639,23-05-2022,1345,4,1,12-10-2021 11:42,1
640,02-06-2023,1870,2,1,17-01-2022 19:45,1
641,25-08-2019,614,2,1,06-12-2022 14:12,1
642,10-02-2022,1083,2,1,29-03-2022 18:47,1
643,17-07-2021,1969,2,1,14-12-2019 10:08,1
644,13-07-2023,2173,3,1,04-01-2023 18:35,1
645,25-07-2022,1928,2,1,20-07-2021 17:46,1
646,27-06-2023,1770,4,1,02-05-2023 11:47,1
647,23-03-2019,79,4,1,15-12-2022 10:05,1
648,11-12-2022,1214,3,1,18-10-2022 16:39,1
649,15-11-2021,1007,4,1,21-01-2022 13:41,1
650,20-12-2023,2197,4,1,03-04-2020 11:33,1
651,21-06-2022,1325,2,1,22-05-2019 17:11,1
652,10-11-2019,765,4,1,14-04-2019 15:45,1
653,27-02-2022,1303,5,1,17-08-2021 15:25,1
654,11-01-2022,1484,3,1,04-01-2020 17:44,1
655,13-04-2019,491,4,1,06-05-2019 15:21,1
656,29-12-2022,1424,4,1,20-01-2023 19:27,1
657,12-03-2019,2177,2,1,20-12-2019 11:50,1
658,09-01-2022,194,2,1,07-03-2019 19:38,1
659,01-09-2022,404,3,1,20-08-2020 14:44,1
660,26-02-2022,676,2,1,07-07-2023 19:14,1
661,11-12-2023,2224,1,1,09-01-2019 10:51,1
662,25-03-2022,427,3,1,01-03-2022 18:25,1
663,02-03-2019,683,2,1,17-08-2021 10:57,1
664,16-12-2021,971,3,1,18-12-2019 12:39,1
665,31-12-2022,2159,4,1,28-05-2020 15:45,1
666,20-12-2022,168,2,1,30-07-2022 10:05,1
667,21-01-2022,312,5,1,01-11-2019 17:52,1
668,22-09-2022,300,5,1,27-01-2022 19:24,1
669,17-10-2020,2013,4,1,22-05-2021 11:52,1
670,15-10-2021,1236,2,1,02-04-2022 17:56,1
671,10-04-2023,447,5,1,27-03-2023 11:05,1
672,30-06-2022,570,4,1,10-10-2023 19:02,1
673,28-07-2019,2453,4,1,17-10-2019 18:05,1
674,06-02-2022,907,4,1,07-08-2022 13:41,1
675,01-12-2019,983,5,1,13-01-2021 16:09,1
676,10-09-2019,1252,4,1,03-05-2020 10:32,1
677,14-04-2020,1528,2,1,21-02-2022 12:47,1
678,01-12-2021,1429,2,1,05-11-2023 15:23,1
679,26-07-2022,286,1,1,14-05-2023 18:50,1
680,28-06-2019,1904,3,1,11-03-2020 15:23,1
681,16-08-2022,2242,1,1,02-08-2021 14:54,1
682,24-04-2019,1888,5,1,14-07-2020 13:42,1
683,15-10-2022,298,4,1,01-01-2019 13:47,1
684,26-02-2019,1794,4,1,30-11-2023 10:24,1
685,25-01-2022,645,1,1,19-01-2020 12:32,1
686,23-05-2023,2091,5,1,04-12-2020 17:58,1
687,30-12-2023,15,1,1,24-05-2022 18:39,1
688,09-05-2021,885,3,1,07-03-2021 15:51,1
689,25-05-2023,1279,5,1,10-08-2019 17:06,1
690,01-02-2023,1156,4,1,14-04-2023 16:46,1
691,29-07-2021,1892,4,1,16-04-2020 14:56,1
692,01-09-2019,2141,5,1,17-06-2021 17:41,1
693,03-10-2019,2485,5,1,04-07-2020 17:16,1
694,15-12-2019,1982,3,1,29-12-2020 17:52,1
695,07-02-2021,524,2,1,20-07-2022 19:06,1
696,18-08-2022,399,4,1,08-07-2020 10:28,1
697,13-07-2023,876,3,1,17-01-2019 10:37,1
698,29-12-2019,1814,2,1,12-01-2023 13:11,1
699,05-02-2021,2349,3,1,15-04-2022 12:30,1
700,28-02-2021,380,4,1,02-04-2021 16:27,1
701,30-01-2020,625,5,1,17-05-2019 10:48,1
702,07-11-2023,2348,1,1,27-06-2020 11:13,1
703,18-02-2023,557,1,1,25-08-2019 17:40,1
704,19-11-2020,950,4,1,16-02-2020 13:29,1
705,05-05-2021,428,5,1,06-01-2021 14:46,1
706,12-04-2023,154,4,1,14-11-2020 13:59,1
707,13-04-2022,844,5,1,13-02-2020 10:37,1
708,02-07-2022,1958,1,1,03-07-2021 11:21,1
709,08-10-2020,341,5,1,30-04-2019 18:31,1
710,01-07-2021,774,3,1,28-02-2019 19:02,1
711,18-05-2021,178,1,1,07-02-2023 15:14,1
712,21-11-2020,1119,5,1,28-02-2020 16:25,1
713,20-05-2019,1303,1,1,22-10-2023 14:58,1
714,08-10-2019,195,2,1,20-12-2022 17:22,1
715,25-07-2019,1825,3,1,11-02-2022 11:14,1
716,11-01-2021,676,2,1,23-04-2019 17:45,1
717,19-06-2023,1682,1,1,06-05-2021 18:10,1
718,20-11-2021,1714,5,1,05-01-2019 18:15,1
719,25-02-2021,2296,1,1,16-11-2021 19:24,1
720,28-06-2022,1407,5,1,13-01-2020 12:01,1
721,16-01-2023,1853,2,1,28-11-2022 13:36,1
722,12-11-2020,803,4,1,19-06-2022 18:47,1
723,21-09-2019,7,5,1,30-10-2019 17:52,1
724,25-10-2021,2460,5,1,23-06-2021 11:49,1
725,04-04-2019,1624,1,1,18-10-2019 11:47,1
726,15-03-2021,48,5,1,05-02-2022 12:43,1
727,23-02-2023,1491,2,1,12-11-2022 18:53,1
728,14-01-2022,1983,1,1,05-03-2022 18:00,1
729,21-05-2023,2388,4,1,20-02-2021 12:41,1
730,05-10-2020,1351,2,1,07-11-2022 10:53,1
731,26-05-2022,1068,4,1,12-12-2022 19:48,1
732,02-06-2023,1191,5,1,25-06-2020 15:06,1
733,01-09-2019,27,1,1,19-09-2019 15:10,1
734,19-07-2021,961,2,1,08-02-2020 16:12,1
735,15-06-2022,112,3,1,03-04-2020 18:33,1
736,14-12-2021,2449,4,1,25-11-2020 13:22,1
737,16-04-2020,2542,2,1,09-07-2021 15:56,1
738,07-04-2023,526,3,1,10-08-2022 11:20,1
739,19-02-2022,2147,5,1,30-11-2023 16:06,1
740,29-08-2022,2294,5,1,29-11-2021 14:44,1
741,10-03-2019,2117,1,1,24-10-2021 19:32,1
742,27-07-2020,1196,1,1,23-01-2019 18:44,1
743,18-10-2020,2240,1,1,06-07-2020 11:26,1
744,12-04-2021,517,5,1,15-07-2019 18:23,1
745,12-09-2023,2326,2,1,21-06-2019 18:05,1
746,04-07-2019,2520,4,1,12-07-2020 18:27,1
747,22-12-2022,1583,4,1,15-09-2023 18:57,1
748,19-02-2022,1315,5,1,15-09-2020 10:12,1
749,24-01-2021,2244,3,1,18-11-2022 15:13,1
750,13-02-2019,1392,3,1,12-11-2023 11:31,1
751,21-05-2020,1399,1,1,13-08-2023 10:35,1
752,26-05-2020,2458,2,1,30-06-2022 13:17,1
753,11-07-2019,2259,5,1,16-12-2022 10:56,1
754,18-07-2019,1344,3,1,15-12-2019 19:57,1
755,07-06-2021,1689,1,1,20-12-2022 17:31,1
756,12-02-2022,1390,5,1,07-11-2022 16:02,1
757,07-08-2023,2200,4,1,12-05-2023 14:44,1
758,07-01-2020,1524,4,1,09-08-2023 18:46,1
759,27-01-2021,1619,5,1,20-07-2022 12:20,1
760,10-05-2022,537,5,1,07-01-2019 19:39,1
761,28-08-2020,2218,2,1,29-02-2020 10:09,1
762,17-05-2020,863,3,1,20-09-2020 17:54,1
763,20-12-2019,1222,1,1,05-05-2020 19:50,1
764,06-02-2021,2357,2,1,18-01-2021 14:50,1
765,05-08-2019,1813,4,1,13-08-2019 15:28,1
766,06-06-2022,1020,2,1,05-09-2021 12:45,1
767,16-12-2019,2088,2,1,25-06-2022 18:38,1
768,12-08-2019,1679,1,1,23-11-2019 11:57,1
769,07-06-2022,1993,3,1,21-04-2020 14:03,1
770,15-10-2019,2334,3,1,29-12-2020 10:30,1
771,22-01-2019,1288,1,1,19-11-2020 14:26,1
772,20-01-2023,1621,2,1,30-06-2022 16:58,1
773,07-04-2023,269,5,1,24-10-2023 17:29,1
774,06-12-2023,1760,4,1,12-01-2020 12:44,1
775,22-05-2020,1964,1,1,26-10-2021 17:17,1
776,01-02-2022,1197,4,1,28-07-2022 10:18,1
777,05-09-2021,1769,2,1,07-12-2020 15:33,1
778,11-04-2022,2374,3,1,10-06-2021 18:41,1
779,24-05-2021,2495,5,1,10-05-2023 15:30,1
780,19-04-2023,2382,4,1,29-10-2023 14:07,1
781,07-07-2019,2408,1,1,27-09-2020 11:29,1
782,07-06-2019,1702,2,1,08-02-2021 13:39,1
783,19-03-2023,2212,4,1,21-06-2022 11:27,1
784,09-12-2019,391,3,1,08-09-2022 11:46,1
785,28-08-2019,1407,5,1,11-04-2019 10:28,1
786,22-03-2020,1211,3,1,15-12-2019 16:21,1
787,07-11-2020,1999,2,1,16-03-2021 14:28,1
788,15-11-2022,2062,3,1,02-06-2023 14:36,1
789,20-06-2021,1074,3,1,11-05-2022 18:25,1
790,09-12-2020,649,4,1,01-05-2021 16:38,1
791,06-04-2022,871,4,1,03-01-2020 16:05,1
792,26-11-2019,1324,3,1,05-02-2019 15:57,1
793,19-04-2021,547,4,1,25-01-2020 14:07,1
794,21-09-2023,584,5,1,23-10-2020 10:24,1
795,18-09-2019,1969,4,1,30-04-2022 15:45,1
796,14-09-2021,1716,4,1,27-10-2020 10:44,1
797,20-02-2022,1037,1,1,18-12-2020 13:50,1
798,07-05-2022,2170,3,1,24-05-2020 16:40,1
799,01-08-2019,1111,5,1,16-02-2019 17:52,1
800,16-12-2023,1506,5,1,31-12-2020 18:08,1
801,02-02-2020,1419,2,1,16-09-2020 10:34,1
802,21-05-2022,1179,5,1,06-11-2019 13:50,1
803,12-12-2022,1648,4,1,16-02-2021 12:30,1
804,23-07-2021,1644,5,1,16-08-2021 14:11,1
805,14-04-2022,2374,4,1,03-06-2020 12:06,1
806,12-10-2019,960,3,1,22-04-2021 15:08,1
807,26-02-2022,2309,5,1,10-07-2022 15:29,1
808,08-01-2020,610,2,1,28-01-2023 18:34,1
809,25-03-2020,2165,2,1,03-09-2023 17:49,1
810,08-02-2022,357,4,1,11-07-2021 11:47,1
811,05-04-2020,460,5,1,27-12-2020 16:35,1
812,23-08-2022,1312,5,1,28-12-2021 14:00,1
813,09-10-2021,116,2,1,02-02-2022 14:00,1
814,30-07-2020,1312,1,1,22-08-2019 17:02,1
815,09-05-2021,50,2,1,15-03-2023 12:42,1
816,06-05-2020,2311,1,1,03-05-2023 17:40,1
817,13-12-2019,1324,1,1,12-10-2022 16:11,1
818,08-01-2023,1238,1,1,20-07-2019 16:08,1
819,17-02-2022,2098,4,1,01-06-2023 19:23,1
820,12-02-2023,1324,4,1,26-11-2019 10:53,1
821,10-09-2022,1313,3,1,27-03-2023 18:38,1
822,12-06-2021,1162,4,1,24-03-2022 10:38,1
823,26-03-2021,2337,2,1,11-03-2019 18:08,1
824,22-08-2020,195,3,1,17-08-2021 10:55,1
825,10-02-2021,214,2,1,10-07-2020 10:26,1
826,30-04-2021,646,4,1,01-06-2021 18:03,1
827,17-04-2020,2033,2,1,07-11-2023 13:11,1
828,25-11-2021,1414,1,1,04-11-2023 16:23,1
829,11-06-2023,193,2,1,22-12-2023 16:19,1
830,03-02-2023,1705,1,1,23-07-2020 10:45,1
831,22-10-2022,2014,4,1,01-11-2020 17:41,1
832,21-10-2023,2407,3,1,02-02-2022 17:38,1
833,05-09-2021,2525,5,1,30-10-2022 11:14,1
834,18-11-2023,1635,4,1,07-04-2020 15:10,1
835,16-10-2019,1308,4,1,08-09-2019 19:16,1
836,28-05-2022,2262,4,1,09-03-2019 11:52,1
837,15-02-2023,1870,4,1,25-02-2019 13:46,1
838,04-07-2020,1248,1,1,14-05-2023 15:24,1
839,20-07-2020,1713,2,1,19-10-2022 13:07,1
840,10-02-2023,655,1,1,03-11-2019 10:25,1
841,14-10-2020,143,5,1,24-02-2020 16:16,1
842,14-07-2023,1345,4,1,13-05-2020 11:48,1
843,15-11-2019,251,5,1,09-10-2020 12:22,1
844,22-03-2020,1812,3,1,28-04-2020 10:42,1
845,22-01-2019,2102,3,1,08-06-2021 13:58,1
846,05-01-2022,1060,2,1,11-06-2023 12:26,1
847,03-01-2019,614,2,1,09-11-2023 10:53,1
848,22-08-2019,526,5,1,19-07-2021 14:16,1
849,30-03-2020,762,1,1,08-01-2021 16:30,1
850,29-07-2019,1552,5,1,28-04-2023 10:51,1
851,03-02-2022,2527,5,1,10-01-2023 16:59,1
852,15-05-2019,168,5,1,17-08-2022 15:38,1
853,20-05-2020,805,3,1,21-04-2021 10:24,1
854,22-08-2023,746,4,1,06-05-2019 10:07,1
855,28-05-2022,1811,1,1,28-08-2023 10:41,1
856,10-10-2019,2228,2,1,27-04-2019 19:43,1
857,31-08-2020,2425,5,1,13-01-2021 19:52,1
858,24-12-2020,747,5,1,30-03-2022 16:31,1
859,08-03-2022,692,5,1,25-05-2019 17:46,1
860,24-08-2023,617,1,1,06-06-2023 17:50,1
861,20-03-2023,1284,1,1,13-06-2021 19:56,1
862,13-11-2020,2163,2,1,11-12-2020 19:59,1
863,14-09-2019,2132,3,1,16-01-2022 10:08,1
864,01-08-2019,1012,5,1,07-04-2020 15:41,1
865,20-01-2023,1925,3,1,04-08-2021 17:45,1
866,13-09-2020,1349,2,1,06-04-2023 15:39,1
867,20-12-2020,2473,5,1,04-09-2023 11:15,1
868,15-03-2023,2061,4,1,22-12-2020 10:02,1
869,01-09-2021,204,5,1,29-02-2020 18:30,1
870,11-06-2022,1031,5,1,20-08-2019 15:11,1
871,03-05-2022,1134,3,1,16-10-2020 10:01,1
872,03-04-2020,990,5,1,24-01-2021 10:25,1
873,29-10-2020,497,3,1,26-09-2022 12:25,1
874,11-05-2023,630,4,1,25-07-2021 18:45,1
875,01-08-2020,926,2,1,28-04-2020 12:09,1
876,17-04-2023,1060,5,1,22-12-2019 14:28,1
877,21-11-2019,943,1,1,26-12-2020 19:33,1
878,31-07-2021,453,2,1,23-07-2019 12:22,1
879,29-08-2021,965,1,1,23-11-2020 17:31,1
880,26-09-2019,362,1,1,21-09-2021 18:12,1
881,23-06-2023,2444,3,1,26-07-2020 12:52,1
882,31-12-2023,573,2,1,26-08-2021 11:45,1
883,23-05-2019,1404,4,1,03-10-2022 18:17,1
884,07-11-2022,665,1,1,10-03-2022 14:41,1
885,02-09-2019,431,3,1,02-01-2019 14:00,1
886,31-07-2021,1748,1,1,03-04-2023 11:32,1
887,17-03-2019,1180,1,1,21-02-2020 13:27,1
888,25-12-2019,1309,4,1,10-04-2020 19:49,1
889,25-11-2021,343,4,1,09-11-2023 12:59,1
890,17-02-2020,2392,3,1,14-08-2020 15:42,1
891,27-06-2021,2238,1,1,16-08-2019 17:19,1
892,10-11-2019,2235,5,1,23-06-2022 14:46,1
893,08-10-2020,720,1,1,19-08-2023 19:45,1
894,09-10-2019,1882,1,1,04-08-2019 16:10,1
895,02-11-2020,2063,3,1,13-02-2022 13:45,1
896,25-01-2022,1181,4,1,26-01-2019 10:12,1
897,06-10-2023,836,3,1,11-03-2023 17:49,1
898,20-10-2023,220,2,1,02-11-2019 18:30,1
899,29-10-2019,1066,5,1,14-09-2019 10:58,1
900,24-04-2019,126,3,1,15-01-2021 11:05,1
901,12-04-2023,615,3,1,18-05-2020 13:46,1
902,15-04-2021,1564,5,1,26-10-2021 12:44,1
903,03-09-2019,1022,3,1,12-05-2019 14:56,1
904,27-07-2023,257,2,1,15-10-2020 18:41,1
905,14-05-2021,985,5,1,16-05-2022 17:06,1
906,08-07-2019,1540,5,1,20-12-2021 17:28,1
907,09-06-2023,2176,2,1,04-12-2021 13:28,1
908,21-06-2021,2017,2,1,24-07-2021 17:00,1
909,28-06-2020,1866,5,1,20-03-2019 17:25,1
910,01-10-2021,332,2,1,26-10-2020 16:48,1
911,28-04-2019,1034,3,1,07-11-2020 13:46,1
912,05-05-2020,1393,4,1,30-03-2019 16:09,1
913,26-03-2023,73,4,1,20-08-2020 14:31,1
914,03-10-2020,173,4,1,21-04-2019 18:08,1
915,10-11-2021,73,4,1,01-04-2023 17:56,1
916,22-12-2021,655,5,1,01-07-2021 19:51,1
917,29-08-2019,2190,1,1,01-07-2022 18:43,1
918,09-10-2020,1257,1,1,29-09-2022 15:28,1
919,15-12-2022,700,4,1,05-10-2019 11:36,1
920,17-02-2020,1815,3,1,17-03-2023 17:11,1
921,10-02-2021,189,3,1,04-01-2021 12:45,1
922,10-08-2023,1773,3,1,16-12-2023 12:09,1
923,11-04-2022,800,1,1,27-10-2023 13:07,1
924,22-01-2021,1132,5,1,22-11-2020 16:04,1
925,30-01-2019,835,4,1,21-07-2022 19:55,1
926,02-02-2019,1076,2,1,15-05-2021 17:55,1
927,01-09-2021,1167,3,1,07-09-2020 11:08,1
928,27-06-2023,625,3,1,03-10-2023 11:28,1
929,22-08-2021,1426,1,1,24-04-2019 11:26,1
930,28-06-2019,2541,3,1,20-01-2021 18:26,1
931,10-02-2023,854,3,1,08-03-2022 17:50,1
932,14-01-2023,2161,3,1,26-01-2023 12:21,1
933,17-04-2020,1728,3,1,26-06-2022 14:14,1
934,18-11-2020,2523,4,1,15-08-2019 19:51,1
935,24-01-2021,1791,3,1,01-03-2020 13:57,1
936,17-09-2023,1073,3,1,06-06-2021 14:20,1
937,25-07-2021,67,4,1,10-07-2022 16:52,1
938,08-01-2019,2524,5,1,04-09-2019 18:44,1
939,04-09-2022,1628,4,1,21-12-2020 10:10,1
940,02-06-2020,1383,5,1,11-12-2021 15:04,1
941,10-06-2022,2103,4,1,16-02-2019 19:23,1
942,27-11-2022,2448,3,1,06-08-2023 18:46,1
943,08-02-2023,1395,2,1,12-02-2019 10:52,1
944,15-06-2022,2539,2,1,01-05-2023 14:45,1
945,28-08-2022,639,4,1,04-03-2023 16:01,1
946,21-02-2019,307,2,1,21-08-2019 10:47,1
947,27-08-2020,783,3,1,22-05-2020 14:38,1
948,23-09-2019,2282,4,1,12-02-2022 15:05,1
949,29-03-2021,321,5,1,12-10-2022 18:01,1
950,25-01-2023,2074,2,1,27-05-2020 11:41,1
951,20-08-2022,2061,5,1,19-06-2019 16:56,1
952,18-02-2022,1686,5,1,02-03-2019 11:57,1
953,13-11-2019,2116,3,1,30-09-2019 11:06,1
954,16-11-2022,1487,5,1,11-01-2021 10:37,1
955,14-04-2021,789,5,1,05-10-2019 15:47,1
956,18-07-2021,391,2,1,19-07-2019 14:13,1
957,15-09-2022,1283,5,1,15-10-2022 14:06,1
958,21-01-2022,1908,4,1,09-11-2019 17:58,1
959,09-04-2019,2514,1,1,17-02-2023 17:11,1
960,12-05-2020,1291,5,1,20-12-2019 16:21,1
961,10-11-2022,1248,4,1,07-01-2021 14:30,1
962,02-01-2021,2344,3,1,18-12-2022 10:35,1
963,02-07-2023,1232,3,1,29-06-2019 10:24,1
964,30-05-2022,2276,1,1,21-09-2022 18:13,1
965,08-02-2020,1845,1,1,18-07-2020 15:00,1
966,06-10-2022,537,4,1,08-06-2023 11:53,1
967,17-11-2020,972,3,1,07-01-2021 18:18,1
968,11-04-2020,2481,1,1,19-06-2019 16:47,1
969,10-04-2023,825,4,1,18-11-2023 12:04,1
970,14-06-2021,205,2,1,29-12-2022 15:28,1
971,08-07-2022,810,1,1,14-06-2021 13:14,1
972,21-10-2023,1251,3,1,15-03-2023 10:43,1
973,25-04-2021,2012,4,1,04-07-2022 16:24,1
974,19-10-2021,2545,1,1,02-07-2020 10:28,1
975,04-04-2021,2158,4,1,28-06-2020 11:11,1
976,13-01-2020,1778,3,1,01-11-2022 14:19,1
977,20-05-2021,455,3,1,04-03-2023 19:59,1
978,21-07-2020,2190,1,1,15-06-2020 13:37,1
979,08-12-2023,325,5,1,31-03-2023 17:36,1
980,06-12-2020,620,2,1,08-09-2023 16:18,1
981,31-08-2021,2087,1,1,10-08-2022 16:14,1
982,23-05-2020,8,4,1,12-05-2022 15:18,1
983,23-09-2020,1131,2,1,29-06-2019 12:17,1
984,20-10-2019,2186,4,1,30-05-2019 16:50,1
985,12-07-2020,291,3,1,24-12-2019 18:07,1
986,26-11-2020,1509,3,1,27-09-2019 11:36,1
987,20-02-2022,171,2,1,15-04-2020 15:16,1
988,06-12-2020,2183,3,1,17-04-2022 16:08,1
989,26-10-2021,723,3,1,23-10-2022 18:16,1
990,16-10-2022,997,1,1,28-03-2021 10:18,1
991,20-03-2022,195,2,1,10-08-2020 19:53,1
992,09-12-2022,1404,3,1,16-01-2021 13:53,1
993,11-12-2022,316,4,1,18-06-2020 12:40,1
994,27-12-2022,382,4,1,14-09-2021 15:57,1
995,20-03-2019,1344,4,1,28-07-2020 16:06,1
996,18-11-2020,468,2,1,06-12-2020 11:12,1
997,08-04-2019,157,1,1,12-10-2023 17:47,1
998,21-09-2020,2345,5,1,28-08-2023 19:23,1
999,08-05-2019,687,2,1,09-05-2022 12:04,1
1000,09-03-2023,218,3,1,25-10-2021 19:18,1
1001,07-04-2022,279,3,1,22-01-2020 11:04,1
1002,14-08-2023,303,1,1,21-04-2020 10:55,1
1003,07-12-2021,222,3,1,30-03-2022 19:51,1
1004,12-11-2021,26,5,1,30-08-2020 15:41,1
1005,02-10-2023,1966,1,1,17-01-2021 14:22,1
1006,22-09-2022,2053,5,1,09-05-2022 10:08,1
1007,30-10-2023,2439,5,1,03-03-2019 17:21,1
1008,29-01-2020,1780,4,1,15-09-2022 14:22,1
1009,29-10-2021,1025,3,1,08-05-2019 12:26,1
1010,19-01-2023,2421,4,1,02-08-2020 13:04,1
1011,13-09-2020,284,5,1,22-12-2022 11:41,1
1012,10-07-2021,1176,2,1,14-12-2023 11:16,1
1013,19-12-2020,349,3,1,07-12-2019 16:16,1
1014,23-12-2021,840,3,1,29-06-2020 15:41,1
1015,12-04-2019,2189,3,1,30-07-2022 19:09,1
1016,02-04-2023,1867,1,1,03-03-2020 10:19,1
1017,23-12-2020,1894,1,1,18-09-2021 16:45,1
1018,31-03-2023,2372,4,1,03-02-2019 11:40,1
1019,16-04-2020,2159,4,1,14-05-2021 12:40,1
1020,22-11-2022,1110,3,1,16-03-2019 14:41,1
1021,17-02-2021,24,1,1,10-06-2020 13:23,1
1022,27-04-2020,150,3,1,19-02-2023 18:54,1
1023,15-09-2021,1059,2,1,12-12-2022 13:04,1
1024,14-02-2019,1494,2,1,23-09-2021 18:35,1
1025,13-04-2020,781,4,1,02-02-2020 19:26,1
1026,15-09-2022,1985,4,1,22-03-2021 13:17,1
1027,07-04-2022,1182,3,1,29-02-2020 14:43,1
1028,28-02-2021,2236,4,1,13-05-2021 17:57,1
1029,26-04-2023,1696,4,1,16-07-2023 16:41,1
1030,12-03-2021,1545,3,1,22-10-2020 19:31,1
1031,08-04-2020,1495,5,1,10-06-2020 19:33,1
1032,15-12-2022,1179,5,1,29-06-2022 19:57,1
1033,24-12-2023,2332,2,1,26-03-2022 14:52,1
1034,24-07-2020,76,1,1,02-09-2019 12:16,1
1035,10-04-2022,1255,5,1,10-11-2021 14:08,1
1036,22-12-2023,437,4,1,10-07-2020 10:43,1
1037,25-06-2023,701,3,1,13-02-2022 12:23,1
1038,03-06-2021,1027,3,1,11-11-2023 18:08,1
1039,25-11-2021,1707,5,1,08-09-2020 16:41,1
1040,02-04-2023,2162,3,1,28-03-2020 10:32,1
1041,14-04-2023,1733,3,1,10-10-2022 11:21,1
1042,29-11-2020,1863,1,1,16-12-2021 15:37,1
1043,04-05-2022,391,4,1,25-02-2021 17:26,1
1044,10-06-2019,1378,5,1,25-04-2019 10:14,1
1045,01-11-2022,857,1,1,23-06-2021 18:02,1
1046,29-01-2022,1415,2,1,24-12-2023 14:27,1
1047,29-05-2023,843,1,1,10-10-2019 13:25,1
1048,13-01-2021,1280,5,1,08-02-2021 11:50,1
1049,26-08-2022,1047,1,1,03-05-2019 13:43,1
1050,10-11-2023,1913,3,1,23-09-2022 13:31,1
1051,29-07-2019,866,4,1,11-08-2019 10:31,1
1052,21-06-2019,397,3,1,23-04-2021 18:39,1
1053,31-08-2020,1927,5,1,05-07-2021 12:29,1
1054,13-02-2022,1970,5,1,17-01-2023 15:27,1
1055,09-05-2021,566,1,1,15-04-2022 11:14,1
1056,09-04-2022,1614,1,1,21-05-2023 11:31,1
1057,27-01-2021,536,1,1,02-04-2023 14:53,1
1058,16-06-2020,1508,2,1,23-11-2021 19:46,1
1059,12-03-2021,2403,3,1,26-01-2023 12:47,1
1060,21-02-2022,1506,3,1,08-04-2023 14:24,1
1061,17-06-2020,2111,5,1,09-01-2021 10:14,1
1062,30-11-2021,1032,5,1,20-08-2019 17:58,1
1063,01-03-2022,1846,2,1,01-08-2022 19:26,1
1064,17-03-2019,947,3,1,16-04-2022 17:54,1
1065,05-01-2023,2362,3,1,13-02-2019 16:36,1
1066,16-08-2019,1862,4,1,30-04-2019 11:51,1
1067,29-05-2020,618,5,1,28-01-2023 10:41,1
1068,19-03-2019,1112,1,1,03-02-2020 17:49,1
1069,12-02-2020,11,1,1,04-03-2021 11:26,1
1070,25-09-2020,2341,3,1,01-08-2019 11:14,1
1071,20-02-2019,782,4,1,27-08-2019 12:55,1
1072,06-12-2021,1213,1,1,25-01-2021 19:38,1
1073,28-08-2021,996,2,1,08-06-2023 10:16,1
1074,24-11-2022,989,1,1,08-09-2023 19:38,1
1075,03-10-2021,1605,5,1,30-07-2020 14:47,1
1076,08-05-2021,1009,3,1,27-08-2023 18:12,1
1077,28-02-2021,140,1,1,06-10-2022 18:57,1
1078,03-04-2022,319,4,1,06-04-2023 18:00,1
1079,13-01-2023,157,4,1,30-05-2021 13:09,1
1080,05-02-2019,1445,4,1,13-03-2019 17:35,1
1081,11-02-2021,1371,1,1,24-03-2019 15:24,1
1082,02-04-2020,1413,4,1,03-03-2021 11:38,1
1083,22-06-2023,197,1,1,29-03-2022 17:29,1
1084,23-09-2020,2287,2,1,28-08-2021 18:54,1
1085,01-04-2019,1337,3,1,20-10-2023 17:54,1
1086,01-09-2023,54,5,1,05-03-2020 18:30,1
1087,19-02-2021,605,1,1,03-01-2022 12:21,1
1088,20-01-2021,344,4,1,14-07-2021 18:19,1
1089,25-10-2022,1123,5,1,09-12-2019 10:25,1
1090,12-06-2022,799,2,1,28-03-2019 17:57,1
1091,16-09-2019,1534,4,1,16-12-2022 15:29,1
1092,26-11-2020,1280,2,1,20-12-2019 19:56,1
1093,11-01-2020,736,2,1,17-09-2021 11:39,1
1094,12-10-2020,799,3,1,17-06-2020 18:08,1
1095,27-10-2021,2384,5,1,28-09-2022 13:39,1
1096,17-03-2023,1531,2,1,31-03-2022 11:09,1
1097,20-07-2019,901,1,1,03-06-2023 19:39,1
1098,20-10-2022,336,1,1,09-07-2021 10:08,1
1099,25-07-2022,194,1,1,10-09-2023 17:34,1
1100,19-02-2020,1430,1,1,30-05-2023 14:41,1
1101,12-09-2020,636,5,1,07-09-2019 11:52,1
1102,09-01-2022,1297,1,1,03-05-2021 13:02,1
1103,13-12-2019,804,3,1,04-05-2019 18:26,1
1104,08-12-2020,2181,3,1,07-05-2022 19:16,1
1105,26-06-2021,1161,4,1,14-11-2020 17:35,1
1106,09-11-2019,2398,2,1,21-02-2020 12:02,1
1107,20-11-2019,1872,2,1,28-07-2019 18:03,1
1108,15-07-2022,125,4,1,28-01-2021 14:33,1
1109,08-11-2022,307,4,1,16-01-2022 14:17,1
1110,12-01-2021,746,2,1,01-06-2019 10:08,1
1111,06-09-2020,2169,2,1,02-09-2020 17:08,1
1112,04-04-2020,1287,4,1,02-11-2022 14:31,1
1113,03-11-2019,967,3,1,12-03-2023 19:20,1
1114,22-01-2022,604,3,1,23-08-2021 17:46,1
1115,06-04-2019,1787,4,1,04-01-2022 18:07,1
1116,18-01-2020,2021,3,1,15-12-2020 14:21,1
1117,25-12-2023,1811,5,1,30-12-2020 15:37,1
1118,30-03-2020,497,3,1,07-05-2019 11:29,1
1119,27-01-2019,854,3,1,01-08-2020 15:55,1
1120,10-11-2020,2028,3,1,09-05-2023 19:17,1
1121,26-04-2019,1839,3,1,29-12-2019 13:17,1
1122,30-06-2020,642,4,1,01-08-2021 12:42,1
1123,28-05-2021,1009,2,1,09-05-2022 10:45,1
1124,13-02-2019,667,2,1,22-06-2021 12:59,1
1125,22-06-2021,2384,3,1,03-02-2022 14:48,1
1126,11-09-2019,1081,2,1,19-04-2019 12:47,1
1127,23-04-2023,127,2,1,22-12-2021 15:13,1
1128,28-01-2021,2482,3,1,17-06-2021 19:31,1
1129,01-07-2021,1048,1,1,11-02-2022 11:59,1
1130,12-09-2021,2420,4,1,26-03-2023 11:30,1
1131,12-11-2019,2173,2,1,03-03-2021 10:04,1
1132,05-01-2019,577,4,1,12-10-2020 17:05,1
1133,18-11-2022,1575,3,1,27-07-2020 14:19,1
1134,27-09-2019,788,2,1,25-05-2023 16:48,1
1135,22-07-2020,2276,4,1,16-06-2022 11:24,1
1136,16-10-2020,820,4,1,02-11-2023 12:35,1
1137,01-08-2022,85,4,1,06-10-2023 10:44,1
1138,15-07-2021,81,3,1,15-10-2019 17:56,1
1139,11-03-2022,991,5,1,02-09-2021 10:44,1
1140,27-06-2021,1992,2,1,16-12-2021 18:29,1
1141,03-06-2023,465,3,1,22-03-2020 13:23,1
1142,13-07-2019,1239,3,1,29-05-2023 14:57,1
1143,28-01-2021,1512,5,1,11-06-2022 11:34,1
1144,16-04-2022,1370,5,1,02-01-2020 17:35,1
1145,23-11-2020,232,3,1,03-11-2023 17:59,1
1146,31-12-2022,1385,5,1,24-12-2022 18:25,1
1147,26-11-2021,9,4,1,18-09-2019 18:48,1
1148,10-12-2022,1373,1,1,26-11-2020 17:03,1
1149,09-04-2019,100,5,1,26-04-2020 13:21,1
1150,30-09-2019,252,3,1,13-09-2022 15:56,1
1151,26-01-2021,2335,1,1,19-07-2023 13:43,1
1152,01-03-2020,335,4,1,04-03-2022 17:09,1
1153,28-10-2019,2220,2,1,26-02-2019 10:59,1
1154,28-02-2021,695,5,1,10-06-2022 16:40,1
1155,03-06-2023,1411,1,1,17-01-2022 10:25,1
1156,28-03-2021,1404,1,1,13-12-2022 16:58,1
1157,08-01-2023,485,4,1,06-07-2020 14:43,1
1158,25-06-2022,1227,5,1,30-11-2019 17:37,1
1159,01-03-2023,2506,4,1,15-09-2023 19:51,1
1160,29-11-2022,2534,3,1,13-01-2019 12:23,1
1161,30-06-2022,954,5,1,16-10-2021 11:16,1
1162,16-12-2023,1779,3,1,07-07-2022 11:19,1
1163,18-12-2019,976,5,1,25-05-2022 15:11,1
1164,10-12-2020,1215,3,1,23-01-2019 12:16,1
1165,09-07-2019,485,3,1,04-01-2019 15:07,1
1166,10-01-2020,1600,1,1,19-11-2021 13:03,1
1167,05-10-2022,137,1,1,03-01-2021 19:25,1
1168,28-07-2021,2250,1,1,09-05-2023 12:01,1
1169,15-03-2021,9,4,1,09-12-2023 14:16,1
1170,05-04-2022,2281,5,1,21-10-2021 18:41,1
1171,18-01-2020,2008,3,1,07-04-2019 11:24,1
1172,16-02-2022,770,4,1,17-12-2020 19:40,1
1173,05-11-2022,1305,1,1,17-05-2021 13:20,1
1174,22-09-2022,1211,5,1,10-11-2020 14:18,1
1175,30-10-2023,1050,2,1,07-05-2020 12:23,1
1176,18-02-2020,666,4,1,12-05-2022 18:58,1
1177,28-09-2019,2300,5,1,16-08-2022 19:04,1
1178,19-01-2021,2352,3,1,12-09-2022 12:40,1
1179,12-12-2023,1658,4,1,22-08-2019 10:10,1
1180,19-05-2020,1118,5,1,25-03-2022 12:51,1
1181,20-12-2023,505,2,1,27-11-2019 16:15,1
1182,16-09-2020,622,1,1,08-12-2019 10:25,1
1183,01-02-2020,566,3,1,23-08-2020 11:08,1
1184,08-04-2023,2434,5,1,25-12-2023 15:13,1
1185,21-05-2019,1907,3,1,14-09-2020 12:40,1
1186,02-01-2021,637,1,1,15-03-2023 13:56,1
1187,02-01-2022,2476,5,1,01-05-2019 18:03,1
1188,31-07-2019,992,4,1,27-05-2022 10:25,1
1189,28-08-2022,2279,2,1,27-01-2021 18:25,1
1190,03-11-2020,1,3,1,22-05-2020 19:50,1
1191,15-01-2019,156,2,1,10-07-2022 14:02,1
1192,17-02-2021,86,5,1,13-05-2020 18:59,1
1193,22-08-2020,2105,1,1,05-04-2022 18:25,1
1194,15-07-2019,2198,5,1,18-07-2020 10:05,1
1195,04-02-2021,1204,4,1,19-07-2019 10:48,1
1196,20-12-2020,1836,1,1,13-03-2020 12:20,1
1197,20-08-2022,692,2,1,15-09-2021 18:44,1
1198,01-09-2022,1012,1,1,29-02-2020 17:14,1
1199,10-02-2020,1019,3,1,21-09-2022 13:43,1
1200,08-07-2020,187,2,1,02-11-2019 17:35,1
1201,10-07-2023,47,2,1,12-04-2022 16:07,1
1202,22-02-2021,2429,5,1,15-04-2019 15:01,1
1203,11-06-2021,401,5,1,15-03-2021 14:43,1
1204,04-11-2021,1586,5,1,01-07-2021 18:52,1
1205,08-12-2020,1747,3,1,03-09-2019 18:54,1
1206,03-03-2022,2256,1,1,09-10-2021 18:27,1
1207,02-10-2022,854,1,1,28-07-2021 14:20,1
1208,04-01-2022,1881,1,1,29-06-2022 17:21,1
1209,24-10-2022,1985,5,1,19-09-2023 11:09,1
1210,20-08-2023,675,5,1,01-12-2022 16:08,1
1211,05-06-2022,1443,2,1,25-09-2019 19:08,1
1212,02-09-2023,1127,2,1,26-02-2021 12:53,1
1213,16-10-2019,1939,5,1,26-11-2019 15:41,1
1214,17-07-2023,410,4,1,24-10-2022 14:38,1
1215,03-12-2022,1801,4,1,01-12-2022 17:02,1
1216,04-02-2022,1291,2,1,21-01-2023 19:25,1
1217,23-10-2019,1115,3,1,21-01-2023 12:04,1
1218,05-03-2022,1468,3,1,19-04-2022 14:32,1
1219,19-12-2020,1610,2,1,20-07-2023 13:48,1
1220,03-07-2021,97,5,1,14-04-2023 11:53,1
1221,25-09-2023,1062,2,1,30-03-2023 12:16,1
1222,14-09-2019,1124,3,1,22-11-2022 16:16,1
1223,30-04-2022,136,4,1,09-12-2022 11:33,1
1224,02-05-2022,1474,3,1,28-11-2020 18:57,1
1225,15-04-2022,852,5,1,16-12-2019 16:27,1
1226,11-11-2019,1293,4,1,13-10-2023 12:54,1
1227,12-08-2023,1548,1,1,31-07-2022 17:38,1
1228,11-10-2022,1114,2,1,01-11-2022 17:20,1
1229,26-05-2022,584,3,1,29-09-2023 10:59,1
1230,24-03-2020,696,4,1,20-09-2020 17:08,1
1231,13-01-2020,17,1,1,07-06-2022 12:05,1
1232,19-08-2021,1621,2,1,16-02-2022 19:26,1
1233,02-08-2022,201,4,1,07-03-2022 11:56,1
1234,20-01-2022,1647,3,1,21-11-2023 13:07,1
1235,21-04-2019,2480,5,1,05-07-2019 17:12,1
1236,29-01-2019,1079,2,1,26-05-2022 18:34,1
1237,21-07-2021,2270,2,1,09-01-2019 10:32,1
1238,12-07-2023,1060,1,1,18-10-2023 18:07,1
1239,05-09-2020,494,5,1,06-03-2023 14:22,1
1240,22-11-2020,1514,1,1,30-04-2022 14:30,1
1241,20-09-2023,536,5,1,05-02-2021 10:07,1
1242,28-01-2022,2327,5,1,31-03-2022 14:32,1
1243,25-02-2023,970,3,1,10-08-2022 15:22,1
1244,07-12-2022,803,5,1,22-08-2020 11:01,1
1245,03-01-2021,872,3,1,24-04-2021 14:55,1
1246,20-08-2023,645,3,1,03-07-2020 10:11,1
1247,27-07-2022,850,2,1,11-04-2020 10:52,1
1248,21-05-2022,1786,3,1,11-04-2022 10:35,1
1249,11-08-2019,364,2,1,20-11-2023 18:14,1
1250,06-01-2023,1771,4,1,29-01-2022 16:26,1
1251,26-12-2023,1340,1,1,31-03-2023 18:27,1
1252,12-08-2022,186,3,1,05-12-2023 13:52,1
1253,08-04-2021,1691,3,1,30-06-2022 19:02,1
1254,09-09-2022,2322,5,1,17-09-2019 12:03,1
1255,20-05-2019,551,4,1,25-08-2021 15:27,1
1256,04-07-2020,1424,4,1,12-11-2019 14:12,1
1257,08-02-2021,2386,4,1,11-07-2022 11:06,1
1258,01-12-2020,1079,2,1,04-08-2023 19:39,1
1259,16-01-2021,186,3,1,26-05-2021 13:20,1
1260,05-04-2021,30,5,1,22-10-2021 10:48,1
1261,26-08-2023,1613,3,1,13-06-2022 10:20,1
1262,04-04-2019,1865,1,1,01-12-2021 18:18,1
1263,16-04-2019,1340,2,1,02-03-2021 11:07,1
1264,06-08-2023,215,3,1,27-03-2019 15:38,1
1265,03-02-2022,427,3,1,17-10-2021 13:22,1
1266,26-08-2020,2071,2,1,25-08-2022 17:43,1
1267,01-11-2023,389,4,1,15-10-2023 18:53,1
1268,12-06-2020,2432,1,1,15-03-2021 14:12,1
1269,21-03-2022,1596,3,1,05-02-2022 10:56,1
1270,29-09-2022,1000,2,1,23-06-2019 16:21,1
1271,07-02-2019,494,5,1,10-11-2021 15:35,1
1272,08-02-2021,934,4,1,26-04-2022 13:01,1
1273,30-10-2022,2511,3,1,16-08-2019 11:52,1
1274,12-05-2019,807,3,1,06-03-2019 11:10,1
1275,05-12-2021,2017,5,1,28-12-2019 19:43,1
1276,19-06-2019,1659,4,1,21-03-2022 12:16,1
1277,10-02-2022,1208,3,1,30-12-2023 17:21,1
1278,18-02-2021,1759,5,1,24-06-2020 13:27,1
1279,05-12-2020,410,3,1,12-05-2021 12:57,1
1280,14-09-2020,1871,1,1,16-02-2023 10:02,1
1281,18-10-2020,1132,3,1,06-11-2022 16:27,1
1282,21-03-2020,2353,4,1,17-10-2023 10:33,1
1283,04-07-2019,1280,1,1,26-05-2021 14:28,1
1284,08-03-2022,2274,3,1,04-08-2019 11:55,1
1285,31-08-2019,1220,3,1,09-09-2021 16:55,1
1286,08-08-2021,1644,3,1,20-02-2019 16:14,1
1287,17-07-2023,2453,4,1,16-09-2023 12:57,1
1288,28-03-2020,1665,4,1,06-07-2019 19:18,1
1289,13-06-2019,1004,3,1,07-07-2019 14:36,1
1290,27-12-2020,792,5,1,27-03-2020 14:24,1
1291,21-11-2019,1724,5,1,10-01-2019 16:51,1
1292,04-10-2023,1847,5,1,21-02-2021 11:55,1
1293,25-01-2021,2256,1,1,13-03-2021 18:59,1
1294,29-06-2020,357,3,1,17-11-2021 19:57,1
1295,31-12-2020,1233,2,1,15-03-2022 15:56,1
1296,26-06-2020,2031,3,1,17-09-2020 15:39,1
1297,26-06-2022,510,2,1,29-09-2022 15:01,1
1298,16-07-2022,1526,1,1,17-04-2022 13:43,1
1299,04-01-2023,326,2,1,30-09-2021 13:58,1
1300,19-01-2023,2505,5,1,07-05-2022 13:13,1
1301,23-07-2023,352,3,1,25-05-2020 11:07,1
1302,14-03-2020,234,4,1,16-06-2020 13:00,1
1303,15-07-2022,700,4,1,24-06-2021 15:25,1
1304,03-03-2021,236,1,1,13-02-2021 16:46,1
1305,04-05-2021,823,4,1,06-03-2019 17:22,1
1306,24-10-2022,1726,2,1,12-11-2023 19:29,1
1307,25-01-2019,1037,2,1,09-09-2022 19:25,1
1308,09-01-2019,2533,5,1,19-11-2020 14:03,1
1309,15-11-2020,1524,5,1,09-06-2023 15:50,1
1310,10-02-2019,1987,5,1,07-04-2021 10:38,1
1311,28-03-2023,722,2,1,21-10-2021 18:45,1
1312,01-05-2023,1411,2,1,23-10-2021 19:55,1
1313,14-11-2022,1742,2,1,18-02-2020 12:33,1
1314,29-07-2021,1521,4,1,26-03-2023 18:58,1
1315,07-10-2019,2054,4,1,17-12-2022 10:52,1
1316,14-12-2020,1776,4,1,27-03-2020 14:00,1
1317,22-06-2021,1795,4,1,19-06-2021 19:22,1
1318,17-10-2023,2085,2,1,16-11-2022 12:41,1
1319,02-11-2021,2384,5,1,13-01-2019 12:53,1
1320,03-09-2021,2092,4,1,25-01-2022 13:12,1
1321,09-07-2023,2527,3,1,25-07-2022 19:02,1
1322,07-12-2023,2119,5,1,20-02-2020 15:52,1
1323,17-08-2020,420,4,1,29-05-2023 13:18,1
1324,06-11-2022,1771,4,1,08-08-2019 18:52,1
1325,04-05-2022,133,3,1,06-08-2021 14:55,1
1326,20-09-2020,1448,4,1,18-03-2023 13:34,1
1327,22-02-2023,867,1,1,24-12-2022 10:10,1
1328,20-09-2020,257,3,1,21-05-2020 19:42,1
1329,08-07-2019,1006,4,1,30-11-2021 18:02,1
1330,23-04-2022,1441,2,1,23-03-2022 19:18,1
1331,06-10-2019,1456,4,1,15-08-2023 13:42,1
1332,15-07-2021,2388,3,1,12-06-2021 12:53,1
1333,27-11-2022,1788,4,1,29-09-2020 19:45,1
1334,21-08-2021,1837,1,1,02-10-2022 19:09,1
1335,06-02-2023,683,5,1,29-08-2019 18:53,1
1336,23-06-2021,2105,3,1,20-03-2021 10:22,1
1337,12-08-2021,1376,1,1,09-08-2022 14:09,1
1338,31-07-2022,1916,2,1,27-10-2019 15:20,1
1339,24-11-2022,816,3,1,20-10-2021 15:41,1
1340,22-11-2020,316,2,1,16-01-2020 16:36,1
1341,04-04-2020,2508,4,1,15-12-2023 17:37,1
1342,25-08-2022,2024,5,1,11-11-2023 13:49,1
1343,08-05-2021,2396,4,1,25-11-2019 14:57,1
1344,03-11-2020,7,1,1,19-05-2023 10:00,1
1345,18-06-2022,1932,5,1,12-01-2023 11:30,1
1346,13-06-2021,1397,2,1,31-12-2020 15:55,1
1347,26-08-2019,1263,5,1,25-04-2023 17:23,1
1348,27-08-2022,949,2,1,03-09-2021 14:37,1
1349,01-07-2021,2396,3,1,07-01-2023 13:53,1
1350,26-04-2023,1512,2,1,06-12-2021 18:51,1
1351,29-03-2019,1269,4,1,24-12-2021 16:00,1
1352,01-06-2021,509,1,1,01-07-2020 19:09,1
1353,03-12-2021,680,4,1,23-06-2023 13:20,1
1354,15-01-2021,148,1,1,05-08-2021 12:48,1
1355,19-07-2021,2267,3,1,06-11-2020 10:53,1
1356,20-03-2020,840,5,1,14-06-2022 10:16,1
1357,02-09-2023,2125,5,1,20-08-2022 11:44,1
1358,26-01-2021,1647,4,1,08-05-2023 17:04,1
1359,16-08-2020,1039,1,1,03-09-2023 13:41,1
1360,10-04-2021,2402,4,1,10-08-2021 12:24,1
1361,10-06-2022,1311,1,1,16-09-2023 15:53,1
1362,23-11-2019,2325,4,1,04-07-2022 13:05,1
1363,02-10-2022,825,1,1,28-08-2023 19:52,1
1364,15-07-2022,1530,4,1,06-04-2021 16:58,1
1365,20-06-2023,621,2,1,22-11-2020 10:54,1
1366,26-12-2022,1020,4,1,04-06-2022 13:37,1
1367,16-11-2019,1541,2,1,17-06-2019 16:24,1
1368,13-05-2022,15,3,1,30-05-2021 15:59,1
1369,08-10-2023,754,4,1,09-08-2019 13:27,1
1370,26-04-2020,413,3,1,29-12-2020 12:56,1
1371,23-09-2021,273,3,1,26-07-2019 10:31,1
1372,19-06-2019,1525,1,1,28-09-2023 17:42,1
1373,11-10-2022,1899,2,1,27-09-2023 19:55,1
1374,05-11-2023,2257,5,1,07-07-2019 17:41,1
1375,17-10-2023,375,4,1,18-03-2022 14:29,1
1376,06-07-2019,579,5,1,30-12-2023 13:17,1
1377,31-10-2020,300,1,1,28-12-2021 14:16,1
1378,01-03-2021,2251,2,1,04-08-2023 11:44,1
1379,16-05-2019,967,5,1,01-08-2023 17:51,1
1380,26-10-2023,1121,4,1,04-12-2021 14:20,1
1381,18-10-2020,1998,1,1,08-10-2023 12:10,1
1382,05-08-2019,744,1,1,13-05-2022 15:33,1
1383,21-07-2019,1407,2,1,07-04-2022 15:21,1
1384,10-06-2021,1809,1,1,06-07-2022 19:09,1
1385,28-01-2022,2429,4,1,25-12-2023 16:35,1
1386,24-11-2021,2511,2,1,26-01-2020 14:26,1
1387,21-07-2019,36,5,1,15-05-2020 15:08,1
1388,12-09-2021,21,2,1,07-08-2020 18:58,1
1389,31-10-2020,2141,1,1,22-10-2022 12:27,1
1390,29-09-2021,2305,1,1,25-07-2022 11:52,1
1391,18-02-2020,221,2,1,30-05-2023 16:13,1
1392,10-02-2021,94,5,1,23-12-2022 19:46,1
1393,23-02-2020,506,1,1,07-01-2022 16:33,1
1394,27-08-2020,1318,5,1,07-08-2022 15:43,1
1395,28-05-2022,1639,1,1,29-10-2020 12:08,1
1396,20-01-2023,1691,3,1,14-11-2020 19:19,1
1397,15-07-2020,1569,2,1,27-01-2022 15:32,1
1398,20-04-2023,769,2,1,23-08-2020 10:38,1
1399,01-09-2019,807,4,1,26-01-2023 10:25,1
1400,24-05-2019,874,2,1,19-01-2021 16:00,1
1401,27-07-2020,1797,1,1,12-08-2021 15:29,1
1402,17-06-2020,1593,3,1,27-10-2021 13:25,1
1403,17-04-2019,2082,1,1,30-10-2021 17:30,1
1404,24-06-2019,624,3,1,28-11-2019 14:13,1
1405,27-09-2023,873,3,1,13-10-2022 11:37,1
1406,21-06-2020,938,4,1,12-02-2023 17:53,1
1407,11-12-2021,1233,3,1,11-07-2022 12:55,1
1408,25-03-2023,1036,4,1,10-10-2023 18:16,1
1409,23-12-2021,796,2,1,05-01-2022 19:57,1
1410,26-09-2019,305,2,1,27-07-2020 19:39,1
1411,28-05-2020,2041,3,1,04-09-2021 14:58,1
1412,24-09-2019,2523,4,1,22-02-2019 10:41,1
1413,06-07-2021,654,5,1,06-10-2021 10:48,1
1414,31-03-2023,2102,5,1,24-07-2020 19:46,1
1415,26-06-2020,533,5,1,04-04-2022 12:19,1
1416,06-10-2021,241,4,1,20-02-2022 13:03,1
1417,21-08-2020,789,4,1,09-04-2023 13:15,1
1418,26-12-2023,2461,2,1,20-05-2023 14:52,1
1419,20-08-2022,451,2,1,14-08-2023 19:56,1
1420,09-09-2020,715,1,1,15-09-2022 15:56,1
1421,10-04-2022,1139,1,1,29-10-2021 16:08,1
1422,10-10-2019,444,2,1,23-09-2022 12:25,1
1423,25-08-2021,286,1,1,31-08-2021 19:06,1
1424,20-03-2022,2532,3,1,16-10-2022 16:31,1
1425,07-03-2021,975,2,1,01-05-2021 14:12,1
1426,02-09-2023,1734,1,1,22-07-2023 18:13,1
1427,15-10-2019,1511,1,1,10-01-2021 12:48,1
1428,18-04-2022,1279,2,1,10-05-2020 18:52,1
1429,05-06-2020,1113,4,1,09-08-2021 18:54,1
1430,30-08-2020,916,4,1,24-08-2023 16:32,1
1431,16-12-2019,668,2,1,30-10-2021 13:52,1
1432,12-11-2019,824,4,1,13-01-2020 11:10,1
1433,28-11-2021,1813,2,1,17-07-2022 13:45,1
1434,09-04-2021,1096,4,1,11-06-2020 19:02,1
1435,22-04-2020,234,5,1,24-01-2022 10:07,1
1436,06-10-2021,917,5,1,27-09-2020 13:44,1
1437,14-03-2021,1709,3,1,25-08-2019 16:03,1
1438,22-10-2020,1145,4,1,15-05-2023 14:21,1
1439,28-06-2023,903,4,1,08-08-2022 19:53,1
1440,13-06-2019,618,3,1,17-05-2021 10:38,1
1441,03-08-2021,1153,4,1,21-06-2022 13:54,1
1442,24-05-2021,2363,3,1,22-02-2019 10:58,1
1443,25-10-2020,737,3,1,29-03-2020 19:53,1
1444,11-09-2022,862,3,1,07-01-2021 10:30,1
1445,23-07-2021,1573,4,1,23-09-2019 17:42,1
1446,08-08-2021,237,3,1,27-09-2021 13:26,1
1447,02-10-2023,2261,1,1,19-10-2021 16:45,1
1448,15-05-2021,1362,1,1,04-01-2023 14:21,1
1449,20-06-2023,608,3,1,23-03-2020 19:49,1
1450,15-12-2022,2435,3,1,07-11-2021 12:03,1
1451,28-05-2023,19,5,1,24-11-2023 13:33,1
1452,05-11-2019,2259,5,1,23-07-2020 14:56,1
1453,17-08-2022,1654,2,1,14-05-2019 12:12,1
1454,11-08-2020,1222,4,1,24-10-2019 10:41,1
1455,19-10-2019,511,3,1,08-07-2023 12:09,1
1456,01-07-2021,2146,5,1,05-05-2023 15:02,1
1457,05-03-2021,114,5,1,24-12-2021 13:50,1
1458,26-07-2023,1916,3,1,12-10-2019 19:32,1
1459,16-03-2020,2292,1,1,03-12-2022 16:45,1
1460,12-10-2020,1421,1,1,24-09-2019 11:00,1
1461,22-11-2023,1017,1,1,17-08-2022 12:10,1
1462,08-02-2020,2395,4,1,10-02-2019 15:10,1
1463,25-08-2020,545,2,1,27-07-2023 17:38,1
1464,30-01-2022,1654,1,1,09-03-2019 10:04,1
1465,12-01-2021,2111,4,1,02-01-2019 16:22,1
1466,29-03-2019,414,1,1,04-03-2022 12:51,1
1467,13-04-2019,386,1,1,16-12-2022 15:48,1
1468,02-04-2022,2445,2,1,21-01-2019 13:59,1
1469,06-11-2020,1969,3,1,14-05-2022 19:17,1
1470,29-06-2020,489,4,1,17-04-2019 18:51,1
1471,10-11-2020,1310,5,1,15-07-2023 13:15,1
1472,03-08-2021,1,5,1,13-10-2023 19:22,1
1473,28-02-2023,2133,5,1,18-07-2019 16:58,1
1474,26-01-2023,299,1,1,02-06-2021 15:35,1
1475,23-09-2022,282,5,1,24-11-2022 17:47,1
1476,29-07-2020,2342,2,1,12-08-2021 13:49,1
1477,02-08-2022,734,1,1,01-06-2020 15:14,1
1478,28-07-2021,1417,2,1,12-12-2019 15:41,1
1479,15-08-2023,2426,3,1,03-01-2020 19:35,1
1480,26-09-2021,961,1,1,05-11-2021 18:50,1
1481,11-04-2022,2,5,1,04-11-2019 12:09,1
1482,17-06-2019,1630,2,1,15-09-2019 12:24,1
1483,23-09-2021,1180,5,1,18-01-2019 19:06,1
1484,17-05-2019,2076,1,1,13-02-2022 19:25,1
1485,12-05-2022,1532,3,1,12-06-2019 16:19,1
1486,24-07-2019,1919,3,1,29-11-2022 13:19,1
1487,19-10-2022,984,2,1,28-10-2019 16:55,1
1488,12-12-2022,1589,1,1,26-07-2020 15:20,1
1489,25-08-2023,484,5,1,20-12-2021 10:45,1
1490,14-05-2022,2294,3,1,01-01-2019 13:45,1
1491,29-12-2021,1914,2,1,15-03-2022 10:39,1
1492,27-12-2020,1165,5,1,01-09-2021 18:24,1
1493,11-05-2022,306,3,1,21-09-2022 16:46,1
1494,30-10-2022,2057,4,1,02-03-2022 14:17,1
1495,29-01-2023,1739,2,1,20-02-2019 17:45,1
1496,01-03-2021,1502,5,1,11-04-2019 19:32,1
1497,20-12-2023,866,5,1,10-03-2020 15:32,1
1498,14-05-2022,1704,2,1,21-12-2023 17:09,1
1499,02-02-2020,1478,3,1,29-01-2019 12:25,1
1500,30-07-2020,1420,4,1,16-07-2019 11:43,1
1501,03-05-2019,154,1,1,09-07-2020 12:09,1
1502,01-01-2019,2391,3,1,01-01-2020 18:34,1
1503,11-04-2019,1944,3,1,16-09-2023 19:07,1
1504,30-06-2022,1132,5,1,01-10-2021 15:11,1
1505,12-09-2019,701,4,1,14-01-2020 18:16,1
1506,28-12-2022,1153,1,1,08-12-2021 12:19,1
1507,14-06-2019,2484,5,1,25-01-2021 15:40,1
1508,27-02-2020,619,3,1,11-12-2019 16:38,1
1509,03-03-2023,210,3,1,09-01-2019 19:16,1
1510,19-09-2023,339,3,1,05-12-2021 19:53,1
1511,01-05-2020,1056,1,1,22-11-2022 19:39,1
1512,17-09-2020,1132,1,1,23-09-2022 13:21,1
1513,10-04-2019,1656,5,1,24-07-2020 15:10,1
1514,25-03-2022,2296,2,1,24-01-2023 16:34,1
1515,18-06-2019,682,1,1,23-07-2023 18:40,1
1516,09-01-2021,236,3,1,03-09-2021 19:11,1
1517,07-01-2021,1777,5,1,29-06-2023 15:54,1
1518,07-10-2023,2334,4,1,24-09-2019 18:10,1
1519,22-07-2021,1591,2,1,04-06-2021 15:37,1
1520,04-01-2022,174,3,1,08-11-2021 19:57,1
1521,22-03-2021,1418,5,1,11-10-2021 16:06,1
1522,12-06-2021,816,2,1,06-10-2019 11:17,1
1523,31-07-2020,1181,2,1,06-06-2020 13:56,1
1524,29-09-2019,982,1,1,16-11-2022 16:40,1
1525,01-01-2023,1267,1,1,07-10-2020 12:41,1
1526,15-08-2019,1014,4,1,20-04-2019 11:26,1
1527,08-01-2020,1815,3,1,12-02-2022 12:20,1
1528,16-05-2019,1012,3,1,10-02-2020 18:52,1
1529,06-04-2019,1604,3,1,16-09-2023 16:27,1
1530,02-09-2023,1895,5,1,06-11-2021 18:01,1
1531,15-02-2021,1250,2,1,19-02-2020 14:07,1
1532,06-01-2021,1169,1,1,06-03-2021 13:22,1
1533,13-10-2019,861,3,1,25-05-2021 11:33,1
1534,14-05-2023,1052,3,1,06-07-2021 18:08,1
1535,04-06-2020,351,2,1,23-05-2022 16:56,1
1536,22-07-2020,1952,3,1,17-02-2019 16:02,1
1537,20-02-2021,919,4,1,24-04-2022 17:02,1
1538,12-03-2023,233,1,1,01-01-2019 15:26,1
1539,16-10-2022,589,1,1,23-08-2023 19:12,1
1540,26-02-2023,1599,3,1,29-10-2023 11:16,1
1541,14-01-2022,966,3,1,14-02-2023 13:16,1
1542,07-08-2021,2510,3,1,03-03-2021 11:45,1
1543,25-10-2022,2007,4,1,21-07-2023 15:14,1
1544,07-02-2021,1484,4,1,12-03-2019 17:17,1
1545,08-02-2023,111,5,1,30-04-2021 11:28,1
1546,01-03-2020,213,1,1,07-02-2019 10:43,1
1547,01-10-2020,1113,2,1,27-05-2022 19:23,1
1548,06-12-2019,1171,1,1,21-08-2023 10:35,1
1549,28-01-2023,723,5,1,24-02-2022 14:23,1
1550,10-07-2021,2329,1,1,28-05-2021 19:46,1
1551,27-10-2022,526,3,1,08-11-2022 10:14,1
1552,25-03-2019,2459,5,1,16-11-2021 12:56,1
1553,06-07-2022,405,5,1,30-12-2020 14:16,1
1554,09-07-2021,515,2,1,07-05-2023 18:59,1
1555,17-05-2020,251,4,1,29-07-2019 12:38,1
1556,05-02-2019,64,4,1,06-12-2022 16:55,1
1557,30-08-2020,881,3,1,27-01-2022 12:47,1
1558,21-10-2020,647,5,1,01-01-2019 17:10,1
1559,27-10-2019,478,4,1,27-09-2019 19:20,1
1560,21-03-2020,768,1,1,16-02-2019 12:01,1
1561,25-01-2023,303,3,1,24-03-2021 14:17,1
1562,28-05-2020,1680,4,1,17-09-2020 11:01,1
1563,22-08-2020,441,3,1,07-07-2022 14:02,1
1564,25-01-2019,2212,1,1,23-08-2019 16:50,1
1565,30-07-2023,1994,1,1,22-10-2020 18:07,1
1566,19-10-2020,1304,3,1,19-04-2023 14:02,1
1567,03-03-2021,1106,2,1,03-05-2021 19:15,1
1568,09-07-2022,985,1,1,08-10-2021 15:42,1
1569,26-01-2022,1350,5,1,16-05-2019 16:50,1
1570,02-11-2023,2291,4,1,14-10-2019 17:50,1
1571,02-01-2020,938,4,1,28-02-2019 10:45,1
1572,19-06-2022,423,3,1,02-11-2022 17:41,1
1573,06-11-2021,1392,3,1,24-10-2023 16:23,1
1574,23-08-2022,2345,3,1,24-04-2023 15:29,1
1575,23-01-2022,2243,3,1,07-10-2022 18:30,1
1576,04-11-2020,547,5,1,01-10-2019 17:27,1
1577,25-12-2020,1871,5,1,01-04-2023 11:45,1
1578,31-12-2020,1923,3,1,04-07-2023 17:50,1
1579,11-01-2020,1980,2,1,27-08-2020 15:11,1
1580,06-04-2019,1368,2,1,19-08-2019 12:25,1
1581,22-11-2021,1412,2,1,18-12-2023 19:55,1
1582,15-06-2021,2368,5,1,29-12-2020 16:44,1
1583,04-11-2020,1509,3,1,31-10-2022 14:56,1
1584,06-09-2023,828,5,1,24-06-2023 14:05,1
1585,30-08-2019,618,2,1,19-09-2022 14:39,1
1586,20-06-2021,1378,4,1,02-04-2023 18:58,1
1587,28-07-2022,974,3,1,15-07-2023 16:34,1
1588,23-09-2023,356,3,1,12-05-2020 11:19,1
1589,30-11-2023,1069,4,1,07-09-2022 12:07,1
1590,30-01-2021,1431,1,1,12-12-2021 17:24,1
1591,19-01-2019,875,3,1,15-02-2022 16:21,1
1592,31-07-2020,2416,3,1,14-02-2020 10:48,1
1593,12-09-2019,1062,3,1,09-12-2020 10:39,1
1594,17-05-2020,1582,2,1,15-02-2023 14:56,1
1595,28-10-2019,1276,1,1,01-06-2020 11:49,1
1596,10-09-2022,1487,3,1,30-09-2019 15:09,1
1597,29-12-2020,2346,4,1,26-11-2021 16:42,1
1598,16-12-2023,745,4,1,19-05-2019 11:14,1
1599,16-11-2021,1831,2,1,10-04-2021 19:26,1
1600,11-06-2022,1266,4,1,29-03-2023 16:00,1
1601,09-02-2021,1930,4,1,08-08-2022 18:49,1
1602,12-08-2019,1345,1,1,04-03-2020 19:51,1
1603,05-04-2021,2516,5,1,04-07-2020 11:48,1
1604,24-01-2023,1563,3,1,17-12-2019 10:52,1
1605,03-09-2021,1109,4,1,10-01-2023 15:55,1
1606,02-02-2021,728,3,1,25-08-2019 13:23,1
1607,19-07-2021,1507,3,1,17-10-2022 12:58,1
1608,22-09-2021,2431,4,1,27-06-2021 14:06,1
1609,09-09-2021,1849,3,1,02-09-2021 10:56,1
1610,23-09-2020,1190,1,1,30-05-2019 10:04,1
1611,02-03-2019,2503,2,1,13-01-2023 15:02,1
1612,24-11-2022,763,3,1,07-09-2019 18:19,1
1613,14-04-2023,243,5,1,11-04-2022 17:58,1
1614,06-05-2020,295,2,1,12-04-2020 13:59,1
1615,04-08-2021,1204,2,1,21-03-2021 13:02,1
1616,28-08-2020,2347,5,1,03-05-2020 16:28,1
1617,17-03-2020,765,1,1,23-11-2020 18:26,1
1618,17-07-2021,2230,5,1,09-02-2021 18:43,1
1619,15-06-2021,1905,3,1,06-10-2019 17:50,1
1620,03-06-2021,654,1,1,01-03-2022 13:50,1
1621,09-04-2020,2032,4,1,07-12-2019 11:22,1
1622,03-10-2021,1940,2,1,21-05-2019 16:40,1
1623,10-07-2019,2312,4,1,09-02-2019 19:18,1
1624,19-10-2019,1312,2,1,24-11-2021 12:29,1
1625,31-03-2022,462,1,1,15-09-2022 17:56,1
1626,28-05-2019,1829,5,1,15-05-2022 11:40,1
1627,16-08-2021,739,5,1,12-09-2020 18:37,1
1628,21-12-2023,1876,1,1,20-02-2021 14:45,1
1629,24-11-2019,2338,2,1,17-09-2021 15:58,1
1630,10-10-2019,1650,3,1,06-07-2023 19:40,1
1631,18-06-2022,72,2,1,02-08-2019 15:55,1
1632,07-02-2021,325,2,1,09-01-2023 11:55,1
1633,20-12-2021,123,5,1,04-09-2021 13:33,1
1634,03-12-2023,397,3,1,08-01-2019 16:24,1
1635,03-10-2023,1765,2,1,22-11-2020 17:30,1
1636,23-10-2019,1689,4,1,16-05-2021 17:46,1
1637,23-12-2020,1228,5,1,18-08-2020 11:40,1
1638,14-02-2020,638,3,1,05-06-2021 13:08,1
1639,04-01-2022,2456,5,1,23-08-2019 16:11,1
1640,20-05-2021,1969,1,1,15-10-2019 18:00,1
1641,20-08-2022,879,4,1,23-11-2020 19:26,1
1642,21-12-2021,2310,2,1,19-05-2023 16:14,1
1643,01-04-2023,715,2,1,01-09-2021 12:31,1
1644,19-09-2023,149,4,1,19-12-2019 18:45,1
1645,06-06-2019,849,3,1,23-10-2021 12:33,1
1646,11-04-2021,1200,3,1,29-12-2020 16:57,1
1647,23-09-2021,557,3,1,10-05-2020 15:46,1
1648,05-08-2020,114,1,1,01-08-2021 17:31,1
1649,11-03-2020,1007,1,1,14-02-2020 14:52,1
1650,04-07-2021,124,4,1,17-06-2022 14:03,1
1651,07-03-2019,194,1,1,27-10-2021 16:31,1
1652,26-08-2023,765,1,1,05-09-2023 18:17,1
1653,23-07-2022,2284,1,1,08-03-2019 13:24,1
1654,26-01-2022,8,3,1,07-08-2023 14:07,1
1655,01-06-2021,2213,4,1,31-10-2021 16:26,1
1656,25-08-2020,948,5,1,14-10-2021 17:18,1
1657,24-11-2022,2511,3,1,18-11-2021 19:54,1
1658,07-03-2020,1058,5,1,10-12-2019 15:09,1
1659,06-10-2023,420,2,1,28-07-2020 15:37,1
1660,22-09-2023,1019,3,1,23-09-2022 16:47,1
1661,29-04-2019,507,4,1,25-07-2020 10:26,1
1662,20-09-2023,819,5,1,16-03-2020 18:46,1
1663,21-11-2021,1970,1,1,11-06-2022 14:08,1
1664,21-08-2019,2448,4,1,30-01-2021 19:36,1
1665,03-12-2021,533,4,1,13-12-2022 13:41,1
1666,10-03-2023,1409,3,1,10-08-2021 12:48,1
1667,24-12-2021,482,2,1,02-10-2021 10:28,1
1668,04-12-2021,1199,1,1,20-07-2019 12:13,1
1669,15-07-2021,908,5,1,22-09-2022 19:57,1
1670,07-05-2023,648,3,1,08-04-2023 11:20,1
1671,09-09-2020,82,2,1,27-03-2023 13:04,1
1672,09-11-2022,112,1,1,25-10-2020 15:27,1
1673,12-10-2020,302,1,1,18-12-2021 18:32,1
1674,27-10-2023,1773,1,1,08-01-2022 11:21,1
1675,20-10-2020,1436,3,1,03-12-2022 13:14,1
1676,15-09-2023,2379,2,1,25-03-2019 10:26,1
1677,12-08-2022,2545,1,1,27-06-2019 10:14,1
1678,21-10-2019,79,2,1,29-05-2021 19:52,1
1679,15-01-2023,987,4,1,16-07-2021 18:49,1
1680,03-08-2020,2197,1,1,29-12-2019 15:44,1
1681,14-09-2021,1809,3,1,13-02-2020 18:54,1
1682,30-07-2021,1571,3,1,02-09-2019 17:36,1
1683,25-06-2019,1132,1,1,03-10-2020 13:08,1
1684,19-02-2020,880,2,1,26-12-2023 10:18,1
1685,18-06-2020,1130,4,1,19-02-2021 15:01,1
1686,22-09-2021,1362,5,1,13-09-2022 10:34,1
1687,25-01-2023,1443,4,1,09-11-2019 15:28,1
1688,02-01-2021,1082,3,1,10-11-2020 13:52,1
1689,27-08-2021,734,1,1,27-08-2019 19:23,1
1690,08-02-2021,2113,3,1,06-10-2023 10:07,1
1691,25-05-2019,712,5,1,10-06-2020 17:46,1
1692,04-12-2019,304,5,1,02-01-2023 12:29,1
1693,18-09-2019,708,1,1,21-02-2020 18:09,1
1694,16-03-2023,2248,4,1,27-04-2023 18:59,1
1695,03-04-2021,1776,1,1,19-05-2023 19:06,1
1696,25-03-2022,1364,4,1,01-05-2020 15:14,1
1697,24-10-2023,1312,3,1,16-01-2021 10:39,1
1698,29-12-2023,794,4,1,27-11-2022 11:22,1
1699,31-07-2021,1924,4,1,10-09-2020 11:42,1
1700,13-08-2021,1843,2,1,24-09-2022 11:10,1
1701,10-09-2022,1753,3,1,18-07-2021 10:06,1
1702,26-11-2021,2235,1,1,09-03-2022 12:10,1
1703,23-07-2022,2478,2,1,27-12-2023 11:27,1
1704,09-09-2021,1013,3,1,19-05-2021 17:08,1
1705,15-05-2021,2109,2,1,14-03-2019 11:29,1
1706,07-08-2020,1194,2,1,18-09-2021 13:44,1
1707,10-08-2020,168,5,1,29-12-2023 18:03,1
1708,26-02-2022,1024,5,1,24-04-2019 11:30,1
1709,06-10-2019,970,1,1,08-03-2021 10:19,1
1710,01-01-2022,2303,4,1,24-09-2019 14:43,1
1711,15-05-2021,1916,3,1,10-02-2019 11:46,1
1712,09-08-2023,2020,5,1,06-07-2023 10:54,1
1713,13-02-2022,1059,2,1,16-07-2021 12:58,1
1714,03-10-2020,861,4,1,03-06-2022 16:01,1
1715,22-08-2023,94,4,1,10-03-2023 18:39,1
1716,24-05-2020,1401,4,1,14-08-2022 14:56,1
1717,13-04-2023,1844,3,1,23-12-2023 16:32,1
1718,31-07-2020,1798,3,1,23-05-2021 19:09,1
1719,02-11-2020,1658,4,1,16-09-2020 15:16,1
1720,07-06-2021,28,5,1,18-04-2020 16:45,1
1721,03-10-2021,2050,5,1,14-01-2021 15:07,1
1722,07-06-2020,613,3,1,15-12-2023 19:32,1
1723,01-11-2023,185,5,1,18-10-2020 18:13,1
1724,18-06-2019,2443,4,1,08-09-2019 15:47,1
1725,05-11-2019,1538,1,1,02-01-2022 11:56,1
1726,21-02-2020,1218,4,1,05-12-2021 10:14,1
1727,18-12-2020,1808,5,1,06-08-2021 14:24,1
1728,07-05-2020,1852,5,1,11-08-2020 12:18,1
1729,07-11-2019,537,4,1,14-12-2023 14:58,1
1730,01-05-2022,599,2,1,16-01-2021 13:38,1
1731,12-02-2019,959,1,1,11-03-2023 17:00,1
1732,25-04-2022,2136,1,1,28-12-2020 15:34,1
1733,16-02-2019,1261,3,1,16-07-2020 11:13,1
1734,20-04-2019,1798,4,1,18-10-2021 19:07,1
1735,12-03-2023,189,1,1,20-09-2020 12:56,1
1736,17-11-2019,613,5,1,04-05-2022 18:12,1
1737,09-02-2019,809,2,1,03-05-2021 15:06,1
1738,30-03-2023,2490,4,1,30-04-2020 15:29,1
1739,13-10-2019,2405,4,1,12-05-2021 14:44,1
1740,18-03-2023,2341,5,1,29-06-2023 10:22,1
1741,30-04-2022,1872,1,1,28-01-2021 11:19,1
1742,14-10-2021,1655,2,1,18-10-2022 10:18,1
1743,07-05-2019,1948,1,1,22-01-2023 12:43,1
1744,07-06-2021,1688,2,1,21-09-2021 19:07,1
1745,08-05-2022,2248,3,1,15-03-2020 19:57,1
1746,06-12-2022,1473,4,1,17-12-2020 16:39,1
1747,26-08-2023,662,4,1,20-10-2019 14:45,1
1748,26-06-2021,94,2,1,24-09-2022 14:15,1
1749,23-06-2019,130,4,1,23-02-2020 10:57,1
1750,17-04-2019,288,4,1,02-02-2023 11:39,1
1751,26-10-2023,1602,3,1,02-04-2022 16:08,1
1752,29-06-2023,244,3,1,04-09-2021 17:36,1
1753,15-05-2023,1710,3,1,17-12-2019 19:07,1
1754,09-12-2021,110,2,1,12-06-2022 15:22,1
1755,09-01-2019,912,1,1,11-01-2019 15:26,1
1756,13-12-2021,2099,4,1,22-09-2021 10:39,1
1757,03-08-2021,1007,4,1,12-11-2022 10:17,1
1758,25-11-2019,1228,4,1,02-01-2022 16:02,1
1759,14-11-2022,2121,4,1,21-02-2022 16:03,1
1760,12-09-2022,205,2,1,25-10-2020 12:20,1
1761,15-05-2021,1257,4,1,09-01-2022 10:19,1
1762,16-03-2020,256,5,1,29-05-2020 16:31,1
1763,01-09-2020,2248,3,1,19-07-2019 19:28,1
1764,30-05-2020,1001,4,1,02-04-2022 11:35,1
1765,14-10-2022,1533,3,1,11-12-2019 16:58,1
1766,21-10-2020,1462,3,1,14-01-2023 17:57,1
1767,17-04-2019,1749,3,1,26-10-2022 10:13,1
1768,22-02-2023,909,3,1,07-08-2019 13:39,1
1769,28-11-2022,976,3,1,24-06-2020 13:54,1
1770,18-06-2023,1706,3,1,21-12-2023 19:53,1
1771,27-09-2020,2360,2,1,08-05-2020 12:12,1
1772,23-09-2023,2391,3,1,06-11-2022 12:27,1
1773,04-06-2020,1498,2,1,02-11-2019 18:11,1
1774,25-10-2022,2004,3,1,16-02-2020 14:59,1
1775,11-08-2021,598,2,1,19-09-2020 14:44,1
1776,10-02-2020,2421,4,1,31-08-2022 15:21,1
1777,02-02-2022,1387,4,1,13-08-2021 18:44,1
1778,22-11-2021,458,2,1,22-06-2022 10:04,1
1779,04-12-2019,400,4,1,12-03-2023 11:02,1
1780,23-09-2022,2409,1,1,09-08-2019 10:49,1
1781,05-01-2023,5,5,1,30-12-2019 16:16,1
1782,31-07-2019,628,1,1,23-01-2020 14:02,1
1783,01-05-2021,2371,1,1,21-06-2021 11:29,1
1784,15-06-2020,1645,4,1,08-08-2020 19:06,1
1785,07-01-2022,24,2,1,04-01-2022 11:35,1
1786,10-12-2023,1399,2,1,17-08-2022 19:14,1
1787,24-04-2021,2398,2,1,26-08-2020 19:53,1
1788,14-10-2020,2044,1,1,31-01-2020 14:57,1
1789,11-10-2022,548,4,1,13-11-2020 17:19,1
1790,09-09-2023,1553,4,1,01-10-2023 10:13,1
1791,06-12-2023,2141,5,1,12-05-2021 13:36,1
1792,06-03-2020,2293,2,1,25-03-2020 19:59,1
1793,21-09-2022,908,1,1,15-01-2022 16:45,1
1794,28-01-2019,3,1,1,11-09-2021 11:57,1
1795,30-05-2019,2449,3,1,23-03-2023 13:21,1
1796,02-06-2019,382,1,1,09-06-2020 19:59,1
1797,06-12-2023,2323,1,1,19-09-2020 13:05,1
1798,05-01-2019,1618,4,1,02-02-2021 10:07,1
1799,07-07-2023,597,4,1,03-03-2023 18:14,1
1800,13-02-2022,2235,4,1,10-12-2020 19:22,1
1801,12-05-2020,1304,3,1,17-09-2019 13:21,1
1802,12-10-2023,191,3,1,14-12-2021 18:33,1
1803,20-04-2020,798,4,1,27-06-2023 18:44,1
1804,08-09-2023,1671,2,1,23-01-2019 16:29,1
1805,12-12-2023,22,3,1,14-09-2023 18:30,1
1806,26-07-2020,1163,5,1,29-08-2019 10:36,1
1807,12-12-2019,1647,2,1,09-03-2021 12:51,1
1808,12-01-2021,880,2,1,30-01-2021 19:43,1
1809,22-09-2019,1925,3,1,03-04-2019 16:01,1
1810,13-10-2023,325,5,1,14-03-2019 11:05,1
1811,30-01-2019,1134,4,1,30-06-2022 17:16,1
1812,14-02-2019,216,3,1,19-07-2020 14:37,1
1813,10-12-2023,706,5,1,15-03-2020 15:59,1
1814,14-06-2020,1435,1,1,02-09-2020 16:55,1
1815,17-05-2019,27,1,1,30-12-2019 13:58,1
1816,29-12-2021,1985,3,1,06-04-2022 18:32,1
1817,31-10-2020,125,1,1,23-03-2022 19:44,1
1818,30-03-2022,1872,2,1,31-12-2019 10:30,1
1819,08-10-2021,1466,2,1,05-09-2020 18:17,1
1820,22-10-2019,2081,3,1,27-02-2023 13:15,1
1821,06-08-2019,1402,4,1,26-09-2023 13:50,1
1822,07-05-2020,2483,4,1,10-12-2021 19:37,1
1823,14-04-2023,2127,3,1,28-12-2020 15:15,1
1824,04-09-2021,689,3,1,01-09-2021 19:35,1
1825,05-05-2019,317,1,1,16-12-2019 14:22,1
1826,15-05-2022,2427,1,1,10-11-2020 15:20,1
1827,28-10-2023,1709,1,1,12-02-2021 10:46,1
1828,26-12-2019,445,1,1,04-08-2019 19:58,1
1829,09-09-2023,388,1,1,05-02-2022 11:09,1
1830,11-07-2023,2488,4,1,29-05-2021 15:11,1
1831,19-05-2023,2426,4,1,04-03-2022 18:59,1
1832,18-06-2022,991,2,1,31-12-2021 17:06,1
1833,18-03-2023,304,2,1,15-08-2020 16:53,1
1834,19-03-2020,1600,1,1,08-06-2021 10:29,1
1835,04-05-2019,216,5,1,17-07-2021 19:31,1
1836,28-12-2023,1562,3,1,17-01-2020 19:27,1
1837,07-06-2020,2395,4,1,08-10-2023 15:26,1
1838,24-06-2021,1890,4,1,11-06-2020 19:02,1
1839,22-04-2021,2439,5,1,06-05-2022 16:47,1
1840,18-03-2022,1323,3,1,29-10-2023 14:32,1
1841,02-11-2020,214,3,1,16-03-2020 14:02,1
1842,23-04-2023,2328,2,1,28-12-2021 16:40,1
1843,21-10-2020,2516,3,1,02-10-2020 16:31,1
1844,05-01-2019,417,2,1,26-12-2023 13:46,1
1845,28-01-2023,2329,5,1,19-09-2020 11:49,1
1846,10-02-2023,133,3,1,11-07-2020 15:12,1
1847,12-07-2023,1598,4,1,06-05-2023 19:50,1
1848,29-03-2019,1509,2,1,11-10-2020 18:34,1
1849,15-06-2023,315,5,1,20-07-2021 14:08,1
1850,25-11-2021,1513,3,1,11-04-2022 13:00,1
1851,18-07-2020,1405,3,1,10-04-2019 10:15,1
1852,20-12-2023,993,3,1,14-08-2023 16:59,1
1853,19-10-2021,356,1,1,10-02-2020 18:44,1
1854,10-07-2020,1101,2,1,16-01-2022 13:04,1
1855,14-09-2021,1888,1,1,12-10-2020 17:44,1
1856,16-07-2020,493,5,1,03-06-2023 13:26,1
1857,03-11-2023,2546,5,1,04-12-2022 11:27,1
1858,05-02-2021,2539,1,1,02-10-2022 16:46,1
1859,29-10-2022,2534,4,1,30-11-2020 11:42,1
1860,14-12-2019,892,1,1,04-03-2021 10:39,1
1861,30-12-2021,1809,2,1,17-08-2021 14:11,1
1862,21-02-2021,2095,1,1,03-04-2020 14:43,1
1863,06-10-2020,2183,3,1,29-11-2020 17:44,1
1864,15-12-2019,1937,5,1,22-03-2020 13:37,1
1865,22-03-2019,2541,1,1,24-11-2020 15:00,1
1866,05-11-2022,1995,5,1,04-08-2019 17:00,1
1867,22-09-2022,9,4,1,03-05-2022 16:27,1
1868,24-01-2020,1807,1,1,10-08-2021 11:53,1
1869,04-06-2023,342,2,1,12-11-2019 17:08,1
1870,09-05-2021,213,3,1,02-11-2020 18:47,1
1871,12-03-2020,538,5,1,04-09-2019 12:21,1
1872,22-07-2020,2030,3,1,08-12-2019 15:28,1
1873,17-07-2021,1995,4,1,01-09-2019 13:34,1
1874,01-06-2022,1639,3,1,08-12-2022 18:03,1
1875,01-04-2021,1893,4,1,16-01-2021 11:24,1
1876,02-06-2019,2549,4,1,29-12-2021 17:21,1
1877,30-06-2023,1115,3,1,19-11-2023 16:55,1
1878,16-08-2019,1635,4,1,28-01-2020 17:43,1
1879,18-05-2021,2528,1,1,30-05-2019 12:08,1
1880,15-08-2020,114,4,1,06-08-2022 14:26,1
1881,03-01-2022,1137,3,1,04-06-2021 19:28,1
1882,23-03-2021,9,5,1,31-10-2019 12:16,1
1883,23-02-2019,83,2,1,07-10-2021 16:31,1
1884,18-09-2023,2326,1,1,16-03-2022 14:24,1
1885,05-10-2022,1265,3,1,17-10-2019 16:44,1
1886,14-03-2019,782,1,1,23-09-2021 19:51,1
1887,24-12-2021,1319,5,1,10-11-2019 15:31,1
1888,31-07-2019,463,4,1,14-07-2022 12:49,1
1889,21-04-2022,2108,4,1,02-01-2021 13:05,1
1890,03-05-2023,525,2,1,20-06-2019 14:00,1
1891,01-02-2019,1523,3,1,18-07-2022 14:48,1
1892,11-02-2023,942,5,1,10-08-2021 17:35,1
1893,24-07-2020,1455,4,1,15-07-2022 10:11,1
1894,25-07-2022,1798,3,1,27-01-2019 13:17,1
1895,15-08-2023,2445,5,1,17-11-2021 19:03,1
1896,17-12-2022,2546,4,1,16-08-2022 16:55,1
1897,29-11-2019,1962,1,1,07-08-2022 15:43,1
1898,12-11-2019,1471,2,1,04-04-2021 18:56,1
1899,13-07-2022,892,1,1,19-09-2021 17:30,1
1900,14-01-2020,2468,3,1,08-09-2021 15:43,1
1901,17-10-2021,1154,5,1,16-06-2021 17:56,1
1902,02-02-2019,1671,3,1,15-11-2020 12:19,1
1903,12-10-2020,2182,3,1,04-05-2023 19:29,1
1904,08-10-2022,430,4,1,23-01-2021 17:58,1
1905,02-03-2020,238,2,1,13-02-2022 19:06,1
1906,13-01-2019,415,3,1,16-07-2020 15:43,1
1907,22-04-2020,2444,1,1,09-02-2022 12:50,1
1908,05-07-2019,1263,5,1,11-06-2020 16:51,1
1909,28-07-2020,1708,5,1,23-06-2020 19:25,1
1910,09-10-2021,45,4,1,20-11-2020 16:58,1
1911,18-10-2019,1143,4,1,31-08-2020 19:18,1
1912,22-09-2021,670,2,1,18-01-2021 11:54,1
1913,30-05-2020,440,2,1,07-10-2019 19:29,1
1914,26-07-2022,540,4,1,03-10-2022 16:02,1
1915,28-12-2019,546,4,1,05-09-2019 11:56,1
1916,21-05-2021,2380,4,1,24-11-2019 10:01,1
1917,06-04-2022,2042,1,1,19-04-2021 19:36,1
1918,25-06-2023,293,5,1,30-08-2019 17:15,1
1919,25-07-2021,912,3,1,03-12-2019 17:10,1
1920,30-04-2020,2244,5,1,11-09-2019 17:08,1
1921,08-08-2019,730,5,1,27-07-2019 14:49,1
1922,20-03-2021,1902,2,1,28-10-2023 17:39,1
1923,29-07-2019,507,2,1,18-03-2022 13:59,1
1924,09-01-2022,1069,2,1,29-12-2021 19:42,1
1925,08-06-2022,1595,4,1,01-04-2022 19:02,1
1926,24-05-2019,1643,3,1,01-04-2021 11:13,1
1927,30-12-2019,1349,3,1,02-12-2019 10:24,1
1928,23-08-2020,1592,4,1,16-06-2020 19:10,1
1929,23-01-2022,1944,5,1,26-11-2020 14:33,1
1930,24-09-2021,2285,4,1,19-08-2020 13:17,1
1931,04-08-2022,894,2,1,16-06-2019 17:24,1
1932,04-04-2021,216,3,1,04-06-2022 18:23,1
1933,29-06-2019,547,2,1,11-01-2020 12:16,1
1934,15-03-2021,1464,1,1,28-01-2022 17:33,1
1935,23-07-2020,106,4,1,21-06-2019 15:34,1
1936,06-11-2019,1543,5,1,15-01-2022 11:01,1
1937,20-08-2021,854,5,1,20-03-2022 19:44,1
1938,18-09-2019,545,5,1,08-07-2021 11:44,1
1939,14-04-2022,1032,3,1,14-05-2020 11:16,1
1940,16-06-2023,154,1,1,30-03-2022 10:20,1
1941,23-05-2019,334,2,1,02-11-2019 13:51,1
1942,15-12-2022,1129,1,1,12-03-2020 11:08,1
1943,13-06-2019,1111,1,1,30-12-2021 10:22,1
1944,29-06-2019,1899,3,1,27-07-2023 10:30,1
1945,10-02-2022,2207,2,1,06-04-2021 17:55,1
1946,20-03-2022,36,3,1,09-09-2023 17:53,1
1947,11-01-2023,1712,5,1,03-04-2022 14:14,1
1948,21-03-2020,804,4,1,07-01-2020 14:13,1
1949,23-09-2021,2058,5,1,08-06-2021 18:40,1
1950,30-09-2023,1265,5,1,09-06-2021 10:27,1
1951,08-03-2019,650,1,1,18-04-2021 14:29,1
1952,12-04-2022,304,4,1,20-11-2021 14:52,1
1953,27-05-2020,1780,2,1,28-06-2021 10:41,1
1954,27-06-2022,2514,5,1,16-12-2023 11:22,1
1955,31-12-2022,2253,2,1,28-05-2019 12:27,1
1956,07-04-2020,1938,1,1,12-03-2022 11:30,1
1957,04-07-2022,271,1,1,28-05-2021 14:44,1
1958,02-09-2019,1553,1,1,05-04-2021 19:56,1
1959,04-04-2021,1019,4,1,13-09-2020 19:36,1
1960,05-09-2020,456,2,1,27-04-2019 14:51,1
1961,30-11-2022,1926,3,1,18-04-2019 17:16,1
1962,28-02-2019,840,5,1,19-11-2021 18:02,1
1963,20-10-2019,1187,2,1,02-11-2019 12:04,1
1964,28-10-2022,2321,2,1,31-08-2019 16:27,1
1965,16-08-2021,109,2,1,06-02-2023 12:32,1
1966,26-04-2021,754,3,1,15-09-2020 17:16,1
1967,10-12-2022,1560,2,1,27-05-2022 11:22,1
1968,03-06-2019,1918,2,1,04-04-2019 19:57,1
1969,14-10-2023,1006,2,1,17-11-2022 11:35,1
1970,02-04-2019,2300,4,1,20-12-2023 14:22,1
1971,10-07-2019,2013,4,1,02-07-2021 13:15,1
1972,28-02-2023,2297,5,1,27-11-2023 15:26,1
1973,23-11-2021,1431,1,1,20-03-2019 15:21,1
1974,28-11-2019,956,4,1,23-04-2021 15:40,1
1975,18-02-2022,2389,2,1,04-11-2020 17:41,1
1976,13-02-2019,2314,2,1,17-12-2023 18:27,1
1977,26-08-2023,1078,2,1,19-03-2023 14:21,1
1978,22-11-2022,1142,5,1,03-04-2023 17:27,1
1979,21-07-2021,1372,5,1,29-12-2021 17:33,1
1980,04-11-2019,1492,1,1,18-09-2022 15:04,1
1981,11-06-2023,1852,2,1,17-10-2022 11:33,1
1982,08-03-2019,67,3,1,08-02-2023 15:05,1
1983,05-07-2020,505,3,1,01-09-2021 14:43,1
1984,17-05-2022,1783,4,1,07-04-2019 17:57,1
1985,24-04-2022,1381,3,1,11-08-2021 19:23,1
1986,22-05-2022,66,5,1,03-08-2020 11:08,1
1987,13-01-2019,933,1,1,24-09-2022 11:27,1
1988,10-02-2022,427,4,1,01-02-2021 11:05,1
1989,26-03-2023,1107,5,1,05-10-2020 11:13,1
1990,22-08-2019,2308,1,1,05-10-2021 19:06,1
1991,20-07-2022,1492,5,1,20-08-2021 12:56,1
1992,19-09-2023,1548,2,1,24-12-2020 19:42,1
1993,02-10-2023,1418,4,1,08-03-2021 13:14,1
1994,29-09-2019,1458,1,1,21-11-2020 10:03,1
1995,20-10-2019,1326,1,1,23-04-2021 16:44,1
1996,17-05-2021,23,4,1,25-09-2020 18:18,1
1997,04-03-2019,329,3,1,11-12-2020 12:36,1
1998,18-05-2021,292,5,1,04-04-2019 19:21,1
1999,18-01-2022,853,5,1,12-11-2022 18:21,1
2000,08-06-2021,2068,3,1,25-03-2021 11:15,1
2001,18-01-2020,314,1,1,30-09-2021 17:12,1
2002,27-04-2022,1018,5,1,07-04-2020 11:24,1
2003,17-02-2020,90,4,1,19-07-2019 10:02,1
2004,17-10-2023,404,2,1,17-02-2022 17:40,1
2005,05-12-2023,578,2,1,28-07-2021 12:39,1
2006,17-11-2022,1351,2,1,19-08-2022 18:31,1
2007,06-09-2019,2435,4,1,19-07-2023 15:36,1
2008,01-02-2022,668,5,1,18-08-2023 14:14,1
2009,23-10-2023,1191,5,1,20-08-2019 17:38,1
2010,08-07-2020,989,4,1,16-10-2023 12:16,1
2011,17-01-2021,2453,2,1,26-01-2021 12:29,1
2012,20-02-2022,1705,5,1,04-06-2020 17:48,1
2013,20-09-2019,2242,2,1,31-03-2023 10:43,1
2014,12-09-2021,2331,1,1,26-04-2021 17:04,1
2015,11-02-2022,2105,3,1,19-12-2023 15:07,1
2016,21-03-2019,2337,2,1,03-09-2021 18:42,1
2017,18-02-2021,242,1,1,18-02-2020 16:00,1
2018,20-10-2022,2324,5,1,14-07-2022 15:44,1
2019,20-01-2023,1703,1,1,26-04-2021 16:08,1
2020,17-06-2020,1544,1,1,18-02-2020 12:06,1
2021,09-12-2019,1092,2,1,18-02-2021 19:06,1
2022,18-01-2020,1039,2,1,02-02-2022 15:38,1
2023,08-04-2023,1640,2,1,08-04-2022 19:23,1
2024,22-05-2020,2338,1,1,14-02-2019 12:16,1
2025,30-04-2022,1768,2,1,08-10-2023 10:01,1
2026,10-12-2019,1739,5,1,06-04-2022 15:40,1
2027,05-10-2022,1192,5,1,25-08-2019 19:28,1
2028,02-08-2020,1552,1,1,08-04-2023 14:19,1
2029,27-12-2020,249,5,1,29-08-2023 10:04,1
2030,14-11-2022,974,2,1,04-07-2023 11:27,1
2031,26-07-2023,2145,3,1,24-09-2020 12:03,1
2032,08-11-2019,945,4,1,05-07-2022 15:28,1
2033,16-11-2019,1046,3,1,12-04-2019 16:58,1
2034,14-08-2023,273,5,1,31-08-2019 10:21,1
2035,21-09-2020,2058,3,1,26-06-2021 17:41,1
2036,11-03-2023,847,2,1,13-02-2020 15:30,1
2037,09-12-2021,865,3,1,25-04-2023 13:21,1
2038,25-09-2019,1310,1,1,06-06-2022 10:07,1
2039,06-05-2022,2462,4,1,16-05-2020 17:29,1
2040,05-02-2023,356,4,1,11-07-2021 18:53,1
2041,23-08-2019,659,5,1,07-07-2023 14:30,1
2042,19-11-2023,2509,5,1,10-12-2023 15:07,1
2043,07-10-2021,540,3,1,05-04-2022 16:49,1
2044,03-09-2019,2172,5,1,23-07-2019 12:43,1
2045,16-01-2019,157,1,1,31-05-2023 14:55,1
2046,23-08-2019,658,2,1,15-05-2020 11:53,1
2047,18-04-2020,188,5,1,29-12-2021 18:44,1
2048,01-06-2022,532,1,1,09-03-2019 15:34,1
2049,27-05-2020,2123,4,1,01-07-2020 15:00,1
2050,17-12-2023,170,3,1,09-01-2019 12:43,1
2051,29-01-2019,2358,4,1,10-02-2022 19:44,1
2052,19-07-2023,2184,3,1,13-01-2022 10:10,1
2053,06-06-2020,1209,3,1,28-07-2022 12:56,1
2054,03-05-2023,1930,3,1,30-10-2020 14:34,1
2055,02-04-2020,1445,3,1,11-04-2020 13:37,1
2056,18-11-2023,64,2,1,05-10-2021 11:05,1
2057,22-05-2023,2512,5,1,05-02-2020 12:25,1
2058,04-05-2021,1331,4,1,04-11-2021 16:33,1
2059,19-06-2020,437,2,1,06-04-2022 17:36,1
2060,04-09-2022,602,1,1,18-04-2019 13:41,1
2061,04-04-2019,519,4,1,23-04-2023 12:17,1
2062,08-12-2021,1957,4,1,25-02-2021 14:33,1
2063,02-03-2023,1347,2,1,19-05-2022 19:59,1
2064,05-07-2022,1416,3,1,01-04-2020 15:15,1
2065,31-12-2021,1812,2,1,27-05-2019 19:09,1
2066,24-12-2023,381,5,1,01-02-2020 16:52,1
2067,11-06-2022,1690,2,1,13-01-2020 12:29,1
2068,20-01-2020,1272,3,1,21-11-2021 11:55,1
2069,04-08-2022,1529,4,1,27-04-2023 17:45,1
2070,17-05-2019,1601,2,1,25-02-2023 18:27,1
2071,18-02-2019,1598,4,1,12-11-2023 17:32,1
2072,12-09-2023,704,2,1,24-05-2021 17:56,1
2073,26-10-2019,795,2,1,23-07-2021 10:57,1
2074,08-10-2021,1518,4,1,05-08-2020 14:10,1
2075,10-02-2020,2008,1,1,09-02-2019 13:33,1
2076,26-05-2019,1051,5,1,13-08-2022 12:13,1
2077,14-06-2021,2084,1,1,22-08-2022 14:40,1
2078,09-10-2020,684,2,1,13-04-2023 11:24,1
2079,19-08-2019,639,4,1,22-04-2019 19:07,1
2080,18-12-2021,1154,3,1,21-09-2021 12:27,1
2081,20-09-2023,907,1,1,13-08-2019 14:50,1
2082,27-03-2019,2351,4,1,24-03-2019 17:45,1
2083,26-10-2022,1846,3,1,06-07-2020 12:23,1
2084,10-06-2021,1182,3,1,11-08-2022 17:54,1
2085,11-01-2023,1514,3,1,26-11-2023 15:35,1
2086,29-10-2023,1278,2,1,30-01-2023 17:49,1
2087,20-03-2019,1876,2,1,11-10-2022 11:58,1
2088,14-04-2022,1266,5,1,20-06-2019 13:22,1
2089,11-03-2022,2260,3,1,03-07-2022 17:51,1
2090,18-02-2021,1077,3,1,12-04-2023 16:06,1
2091,11-12-2021,1280,2,1,04-09-2020 16:31,1
2092,02-12-2019,305,1,1,10-12-2021 13:55,1
2093,26-11-2020,1455,4,1,28-08-2019 11:28,1
2094,20-05-2022,1231,5,1,21-08-2022 15:32,1
2095,01-09-2020,2014,2,1,23-04-2022 10:12,1
2096,03-06-2021,2003,5,1,02-10-2022 10:33,1
2097,27-07-2023,1474,1,1,25-09-2019 13:32,1
2098,25-01-2023,1244,3,1,11-04-2022 12:50,1
2099,18-06-2021,460,1,1,28-08-2023 17:36,1
2100,13-04-2021,1113,1,1,03-02-2021 15:14,1
2101,13-01-2020,401,2,1,07-04-2022 16:14,1
2102,21-04-2020,1727,3,1,08-10-2020 14:14,1
2103,08-07-2021,629,3,1,02-09-2021 12:20,1
2104,18-07-2020,1058,4,1,22-12-2021 17:44,1
2105,27-02-2023,1142,3,1,17-01-2019 14:19,1
2106,07-08-2019,290,3,1,05-06-2021 10:07,1
2107,06-05-2020,1015,1,1,13-03-2021 12:03,1
2108,06-12-2022,2069,1,1,11-08-2023 15:46,1
2109,03-11-2023,735,3,1,11-12-2020 10:59,1
2110,30-06-2020,1172,3,1,24-12-2020 19:02,1
2111,20-12-2023,424,3,1,18-02-2023 17:02,1
2112,01-12-2022,1995,1,1,11-06-2019 12:42,1
2113,02-08-2020,250,5,1,29-04-2022 15:19,1
2114,16-10-2022,1365,4,1,13-09-2023 17:44,1
2115,25-09-2023,1115,1,1,03-09-2023 18:50,1
2116,14-04-2022,2257,2,1,05-04-2022 16:01,1
2117,10-05-2022,2181,5,1,01-09-2022 18:56,1
2118,13-02-2020,2030,5,1,01-07-2023 17:24,1
2119,10-02-2023,1956,4,1,12-04-2020 12:27,1
2120,25-05-2022,2116,2,1,01-12-2019 12:14,1
2121,26-10-2019,1250,1,1,25-08-2021 13:26,1
2122,22-03-2019,2505,5,1,08-09-2019 11:53,1
2123,16-03-2023,2316,4,1,27-01-2019 18:27,1
2124,14-01-2019,269,4,1,23-03-2021 14:50,1
2125,21-09-2019,1838,1,1,02-10-2023 18:03,1
2126,01-06-2023,1315,3,1,12-03-2020 17:09,1
2127,02-12-2023,2103,3,1,21-06-2019 18:46,1
2128,05-02-2019,1089,5,1,04-07-2020 11:51,1
2129,14-07-2023,2369,5,1,23-05-2021 16:15,1
2130,25-05-2022,663,2,1,16-03-2021 15:54,1
2131,21-07-2021,1569,1,1,11-03-2023 16:03,1
2132,04-12-2019,423,2,1,22-12-2021 15:48,1
2133,15-12-2023,507,4,1,30-01-2023 12:42,1
2134,04-04-2023,2422,4,1,01-03-2019 10:41,1
2135,02-08-2022,404,4,1,13-01-2020 14:34,1
2136,13-09-2023,488,4,1,03-04-2019 18:22,1
2137,17-03-2021,1133,1,1,02-03-2022 13:22,1
2138,04-12-2022,1606,2,1,11-06-2023 12:34,1
2139,19-01-2023,1333,5,1,04-11-2023 15:35,1
2140,07-05-2019,756,4,1,12-06-2023 19:02,1
2141,05-04-2019,1127,4,1,26-11-2021 17:24,1
2142,08-03-2020,2131,4,1,29-05-2021 11:47,1
2143,22-01-2019,2528,5,1,27-08-2019 19:11,1
2144,17-01-2019,1350,3,1,10-08-2020 13:03,1
2145,05-02-2021,1274,2,1,26-03-2020 18:01,1
2146,14-04-2023,2180,3,1,06-08-2019 16:06,1
2147,18-02-2023,1198,4,1,22-02-2022 13:35,1
2148,29-10-2023,249,3,1,06-06-2023 12:18,1
2149,27-12-2023,1768,5,1,04-03-2020 10:02,1
2150,21-04-2021,1165,4,1,18-01-2022 19:34,1
2151,28-07-2022,1513,2,1,13-06-2021 18:18,1
2152,14-02-2023,409,4,1,13-01-2022 17:22,1
2153,06-07-2021,594,3,1,26-06-2022 11:40,1
2154,08-09-2023,1716,2,1,07-05-2021 14:25,1
2155,07-07-2020,1989,1,1,21-11-2023 11:27,1
2156,16-06-2020,95,2,1,04-07-2021 16:44,1
2157,07-08-2019,181,2,1,23-10-2020 10:25,1
2158,11-12-2023,2125,3,1,23-04-2022 10:10,1
2159,11-11-2020,913,2,1,27-01-2023 19:57,1
2160,08-09-2022,1124,1,1,19-06-2023 17:47,1
2161,17-08-2023,2000,4,1,21-11-2019 12:15,1
2162,27-01-2023,1988,4,1,12-11-2020 12:54,1
2163,23-03-2021,992,4,1,24-09-2020 17:35,1
2164,05-08-2021,1411,5,1,06-05-2020 11:43,1
2165,14-05-2019,60,1,1,31-10-2023 13:08,1
2166,05-09-2023,579,3,1,25-09-2021 11:32,1
2167,04-01-2022,487,4,1,03-03-2021 10:36,1
2168,12-12-2019,2475,2,1,31-01-2019 13:11,1
2169,06-06-2023,1227,4,1,24-10-2019 16:12,1
2170,03-02-2021,763,4,1,12-07-2020 19:45,1
2171,17-08-2023,794,4,1,01-03-2019 10:32,1
2172,11-03-2022,1118,4,1,02-03-2020 10:03,1
2173,21-06-2021,423,3,1,18-01-2022 17:27,1
2174,16-05-2022,1166,4,1,28-03-2023 16:53,1
2175,29-04-2023,1091,1,1,09-04-2021 19:17,1
2176,21-04-2021,591,5,1,19-07-2022 12:39,1
2177,10-02-2023,732,2,1,21-11-2022 19:30,1
2178,06-05-2022,2255,4,1,31-10-2020 15:52,1
2179,07-02-2021,362,3,1,15-06-2023 12:01,1
2180,26-10-2020,973,3,1,13-07-2021 16:38,1
2181,20-07-2021,1735,2,1,04-11-2021 17:27,1
2182,08-12-2019,2503,3,1,13-11-2022 18:21,1
2183,25-07-2023,2321,3,1,23-04-2020 10:27,1
2184,31-07-2019,1005,1,1,12-04-2021 11:42,1
2185,17-07-2020,2537,4,1,21-10-2022 14:07,1
2186,18-04-2021,2421,3,1,05-08-2023 13:12,1
2187,03-12-2020,1669,3,1,06-11-2019 16:53,1
2188,28-12-2023,428,3,1,12-05-2022 13:35,1
2189,28-03-2021,1897,4,1,20-04-2019 19:53,1
2190,30-01-2020,2153,2,1,08-05-2023 12:26,1
2191,11-04-2021,428,3,1,26-05-2020 11:04,1
2192,05-09-2021,1301,2,1,13-08-2023 14:33,1
2193,24-08-2019,1018,5,1,20-01-2019 16:44,1
2194,14-01-2019,1494,2,1,26-07-2023 12:58,1
2195,16-01-2021,208,4,1,25-09-2019 15:24,1
2196,15-01-2020,1406,2,1,15-11-2021 10:27,1
2197,12-01-2021,36,4,1,17-11-2019 15:20,1
2198,23-04-2019,2371,2,1,29-12-2022 11:44,1
2199,19-11-2022,1274,4,1,11-07-2022 18:59,1
2200,23-01-2023,1128,4,1,19-06-2020 19:00,1
2201,27-03-2023,2123,1,1,11-09-2020 16:57,1
2202,23-06-2021,2262,2,1,08-10-2019 18:31,1
2203,01-11-2023,1877,2,1,17-04-2021 15:18,1
2204,04-11-2023,833,2,1,02-03-2021 13:52,1
2205,20-02-2020,2351,4,1,31-03-2022 13:52,1
2206,28-10-2021,1674,1,1,08-08-2022 12:04,1
2207,22-08-2021,2217,5,1,10-01-2021 10:01,1
2208,03-09-2023,161,5,1,28-12-2019 11:12,1
2209,15-09-2020,2287,1,1,21-10-2021 16:20,1
2210,02-01-2023,1380,3,1,20-10-2019 15:14,1
2211,11-02-2020,2472,3,1,05-12-2023 15:57,1
2212,15-01-2022,1565,3,1,28-03-2022 15:38,1
2213,16-11-2022,593,1,1,27-11-2019 11:57,1
2214,26-07-2022,2323,1,1,23-05-2019 15:56,1
2215,29-03-2022,1883,4,1,24-12-2022 19:56,1
2216,10-03-2022,175,3,1,26-03-2020 12:40,1
2217,25-02-2019,462,4,1,17-03-2021 17:02,1
2218,16-12-2020,1017,1,1,28-07-2022 14:46,1
2219,18-11-2021,667,2,1,24-07-2020 18:45,1
2220,09-08-2020,1558,3,1,17-05-2020 18:00,1
2221,20-11-2021,1,5,1,27-08-2021 18:33,1
2222,11-11-2020,1691,3,1,01-01-2019 15:47,1
2223,23-10-2023,640,1,1,21-12-2021 19:26,1
2224,09-10-2021,1072,1,1,17-04-2021 18:57,1
2225,16-04-2023,290,5,1,10-02-2020 17:08,1
2226,09-01-2023,400,5,1,19-11-2021 10:19,1
2227,09-02-2023,205,2,1,29-12-2019 17:32,1
2228,30-06-2022,2220,4,1,23-02-2023 18:09,1
2229,12-08-2021,293,4,1,03-09-2022 19:16,1
2230,28-09-2022,2324,5,1,25-07-2019 17:43,1
2231,25-07-2021,1856,5,1,25-07-2023 12:58,1
2232,17-12-2021,2415,4,1,11-03-2019 18:27,1
2233,15-01-2020,768,5,1,01-06-2019 16:54,1
2234,14-09-2020,1980,4,1,16-07-2023 10:08,1
2235,27-11-2019,559,3,1,11-12-2021 11:33,1
2236,26-10-2023,810,2,1,03-05-2021 17:46,1
2237,27-06-2023,1513,5,1,13-04-2021 13:09,1
2238,14-10-2021,1085,4,1,19-08-2022 11:23,1
2239,11-12-2021,1098,1,1,06-09-2020 14:47,1
2240,26-07-2020,2487,4,1,27-09-2021 13:41,1
2241,31-10-2019,1174,1,1,04-08-2020 12:02,1
2242,28-12-2020,745,1,1,28-04-2021 18:46,1
2243,15-05-2023,2250,2,1,17-06-2020 16:45,1
2244,14-12-2023,2365,4,1,20-08-2022 12:37,1
2245,02-06-2023,1714,1,1,05-03-2022 17:07,1
2246,29-08-2019,1034,2,1,21-05-2022 15:14,1
2247,25-02-2022,857,1,1,02-04-2020 18:29,1
2248,08-01-2021,2181,1,1,07-09-2022 14:13,1
2249,14-12-2020,727,3,1,07-07-2022 15:54,1
2250,26-11-2020,1957,5,1,13-01-2020 11:00,1
2251,02-07-2023,2224,2,1,23-01-2021 19:33,1
2252,06-04-2023,2455,4,1,23-08-2019 17:59,1
2253,19-08-2021,1299,4,1,08-08-2021 11:14,1
2254,31-01-2019,1606,1,1,07-05-2022 11:59,1
2255,16-01-2022,1207,4,1,24-09-2021 17:02,1
2256,04-11-2023,443,3,1,06-07-2021 16:33,1
2257,25-12-2021,1077,1,1,28-10-2019 18:08,1
2258,12-08-2023,1845,1,1,17-12-2023 19:39,1
2259,16-11-2022,1578,3,1,07-09-2023 13:16,1
2260,27-06-2022,1701,2,1,02-03-2023 17:47,1
2261,03-02-2023,1759,4,1,13-11-2019 10:00,1
2262,27-03-2021,1964,2,1,12-07-2023 10:05,1
2263,27-11-2021,2158,1,1,25-06-2023 18:28,1
2264,30-07-2022,1214,3,1,20-10-2022 17:31,1
2265,05-04-2022,18,2,1,05-11-2021 10:58,1
2266,25-12-2023,869,2,1,14-02-2023 14:16,1
2267,07-12-2020,1257,5,1,27-09-2021 15:20,1
2268,10-07-2021,8,1,1,14-05-2020 11:29,1
2269,03-06-2020,1480,5,1,25-10-2021 11:38,1
2270,03-08-2023,737,4,1,15-10-2022 19:55,1
2271,07-09-2020,1916,1,1,07-08-2022 12:03,1
2272,05-02-2022,1483,5,1,24-08-2022 19:13,1
2273,04-05-2020,57,1,1,04-05-2021 11:03,1
2274,13-04-2020,322,5,1,16-12-2019 12:01,1
2275,25-11-2022,947,2,1,15-08-2021 16:47,1
2276,26-07-2021,1382,1,1,04-05-2021 12:58,1
2277,24-08-2023,2212,5,1,06-05-2020 12:34,1
2278,12-01-2023,816,2,1,25-09-2019 16:32,1
2279,09-12-2020,314,1,1,23-04-2019 11:31,1
2280,22-09-2023,463,1,1,06-03-2021 16:22,1
2281,14-01-2020,1635,1,1,05-03-2023 10:42,1
2282,13-06-2019,780,4,1,11-02-2021 13:01,1
2283,25-07-2019,1311,4,1,09-02-2019 11:00,1
2284,18-11-2021,403,1,1,17-07-2019 12:49,1
2285,25-02-2022,1890,2,1,08-07-2021 12:04,1
2286,29-09-2020,1936,5,1,26-02-2022 19:14,1
2287,12-07-2020,2485,3,1,05-02-2022 15:37,1
2288,17-01-2022,1513,4,1,16-12-2023 16:06,1
2289,30-12-2019,1382,3,1,26-02-2019 11:45,1
2290,26-07-2020,2215,4,1,19-05-2022 19:45,1
2291,07-02-2019,1846,5,1,31-12-2019 19:11,1
2292,26-03-2020,977,3,1,11-04-2020 11:17,1
2293,07-02-2022,2501,1,1,09-02-2022 11:27,1
2294,10-10-2023,160,5,1,04-10-2019 11:46,1
2295,08-04-2022,771,3,1,31-12-2021 13:31,1
2296,22-08-2019,104,3,1,05-12-2019 10:58,1
2297,06-10-2020,380,2,1,13-12-2023 19:28,1
2298,01-03-2023,212,4,1,12-07-2022 11:19,1
2299,09-08-2020,2374,3,1,29-08-2020 15:26,1
2300,03-07-2023,970,3,1,08-11-2021 12:34,1
2301,05-02-2019,2450,2,1,23-10-2019 15:49,1
2302,27-01-2021,1893,4,1,10-11-2022 16:06,1
2303,07-08-2022,272,4,1,13-06-2020 15:14,1
2304,15-09-2020,526,3,1,20-08-2019 16:43,1
2305,15-08-2022,1695,1,1,27-03-2022 13:32,1
2306,15-12-2019,534,2,1,23-08-2023 10:48,1
2307,24-03-2022,1247,3,1,05-06-2023 10:39,1
2308,01-01-2023,171,4,1,06-09-2023 14:05,1
2309,11-05-2023,1722,4,1,05-04-2019 11:26,1
2310,26-02-2023,164,2,1,28-08-2022 18:06,1
2311,03-08-2019,69,5,1,21-12-2022 10:17,1
2312,10-04-2023,1222,5,1,25-03-2019 13:15,1
2313,20-08-2019,2448,1,1,25-09-2022 12:40,1
2314,16-04-2019,2412,4,1,01-09-2022 19:33,1
2315,16-03-2022,239,1,1,15-02-2022 12:58,1
2316,01-11-2021,710,2,1,08-11-2019 19:55,1
2317,01-08-2023,534,5,1,03-08-2019 15:22,1
2318,18-06-2020,1282,2,1,29-08-2022 19:51,1
2319,02-03-2019,1040,4,1,09-11-2022 12:20,1
2320,13-02-2021,2295,3,1,11-11-2021 13:21,1
2321,05-08-2020,1095,5,1,24-07-2019 11:16,1
2322,19-01-2020,2390,4,1,06-11-2019 16:10,1
2323,02-09-2020,1361,3,1,06-09-2020 11:43,1
2324,10-10-2023,1260,4,1,24-06-2021 10:58,1
2325,05-07-2019,1420,1,1,27-11-2023 16:27,1
2326,23-02-2023,2127,1,1,08-07-2019 16:39,1
2327,04-08-2022,180,1,1,16-01-2020 18:33,1
2328,04-07-2020,1439,3,1,13-05-2023 19:21,1
2329,21-01-2022,37,3,1,07-08-2021 13:36,1
2330,29-11-2021,318,4,1,04-07-2023 14:29,1
2331,02-11-2021,569,4,1,05-04-2019 16:18,1
2332,05-01-2023,926,2,1,13-03-2021 18:20,1
2333,25-03-2023,1231,4,1,31-12-2021 10:24,1
2334,29-08-2020,1616,4,1,22-02-2020 15:43,1
2335,16-01-2020,2347,1,1,02-03-2023 13:23,1
2336,23-08-2021,2157,4,1,17-12-2020 17:55,1
2337,28-03-2023,1198,1,1,13-06-2022 13:48,1
2338,27-08-2020,2518,5,1,26-09-2023 10:01,1
2339,30-05-2019,213,4,1,06-05-2022 11:07,1
2340,18-06-2023,2483,2,1,08-06-2023 13:09,1
2341,01-07-2021,1285,3,1,26-01-2020 17:55,1
2342,02-08-2021,2329,4,1,15-09-2020 12:42,1
2343,23-11-2022,299,2,1,03-03-2019 12:08,1
2344,17-03-2020,2219,2,1,23-08-2020 14:03,1
2345,30-04-2023,1193,3,1,29-11-2020 10:32,1
2346,31-12-2020,1990,3,1,28-05-2023 14:16,1
2347,25-05-2023,400,5,1,22-08-2019 12:43,1
2348,15-11-2021,727,2,1,09-03-2021 10:30,1
2349,22-05-2021,1151,3,1,13-07-2023 14:11,1
2350,07-11-2020,1923,1,1,26-08-2022 16:56,1
2351,18-03-2020,239,3,1,28-06-2023 10:52,1
2352,05-08-2021,1457,1,1,24-11-2019 10:04,1
2353,04-01-2021,626,5,1,30-10-2019 14:57,1
2354,20-08-2021,229,3,1,08-03-2021 13:09,1
2355,10-04-2020,2153,5,1,09-10-2022 12:07,1
2356,26-05-2023,277,1,1,20-07-2023 15:57,1
2357,15-01-2023,2004,3,1,30-04-2021 18:34,1
2358,07-04-2023,1235,4,1,10-10-2021 19:23,1
2359,10-12-2022,69,4,1,28-11-2019 19:22,1
2360,22-02-2019,1218,4,1,07-07-2023 11:49,1
2361,28-09-2020,2161,2,1,09-12-2021 14:44,1
2362,30-11-2021,1858,2,1,28-04-2019 18:46,1
2363,27-03-2022,17,2,1,13-10-2021 19:03,1
2364,10-12-2020,2355,5,1,04-09-2019 17:17,1
2365,15-03-2021,1595,3,1,28-09-2023 12:08,1
2366,07-08-2021,446,4,1,06-04-2022 16:40,1
2367,07-08-2021,1144,5,1,12-10-2021 14:08,1
2368,30-12-2020,777,2,1,09-06-2021 10:44,1
2369,18-10-2021,393,1,1,11-05-2020 12:25,1
2370,28-12-2022,708,5,1,10-05-2020 14:13,1
2371,19-11-2023,579,5,1,07-04-2022 12:18,1
2372,20-04-2021,2011,2,1,06-04-2021 10:35,1
2373,25-11-2020,165,4,1,13-08-2022 19:23,1
2374,26-12-2021,2444,3,1,09-09-2021 11:53,1
2375,29-08-2023,1845,1,1,30-01-2020 17:18,1
2376,31-08-2022,592,5,1,02-11-2022 12:44,1
2377,12-02-2022,608,4,1,13-04-2022 14:19,1
2378,28-07-2019,1029,3,1,13-04-2022 18:12,1
2379,25-11-2020,1714,3,1,17-01-2020 14:40,1
2380,14-08-2019,1406,1,1,19-10-2022 11:57,1
2381,04-11-2023,2123,4,1,07-11-2023 19:00,1
2382,03-02-2019,1776,5,1,17-02-2020 10:05,1
2383,17-12-2022,1923,3,1,22-01-2021 11:06,1
2384,17-06-2021,318,3,1,17-07-2021 14:18,1
2385,16-08-2023,1010,1,1,28-12-2019 13:44,1
2386,14-10-2023,58,1,1,11-03-2022 18:02,1
2387,07-08-2020,772,1,1,12-11-2021 18:01,1
2388,15-07-2021,1066,4,1,02-04-2021 10:18,1
2389,27-12-2022,317,2,1,05-10-2019 18:09,1
2390,07-02-2019,556,3,1,06-01-2023 18:12,1
2391,21-12-2022,2477,3,1,21-08-2023 10:53,1
2392,10-04-2020,77,2,1,20-03-2023 19:20,1
2393,23-09-2019,1736,5,1,26-12-2022 17:38,1
2394,16-07-2020,1226,1,1,20-12-2020 18:07,1
2395,26-06-2023,2406,5,1,04-09-2021 11:25,1
2396,11-12-2023,195,2,1,24-04-2023 13:28,1
2397,06-08-2022,2478,3,1,27-09-2021 18:47,1
2398,24-03-2022,709,2,1,14-03-2021 15:17,1
2399,10-01-2020,845,2,1,07-05-2023 11:31,1
2400,19-12-2019,1620,1,1,18-09-2020 17:37,1
2401,08-10-2021,1662,1,1,18-05-2019 10:34,1
2402,30-01-2022,1774,2,1,18-01-2021 18:46,1
2403,11-08-2021,2038,2,1,11-07-2022 12:57,1
2404,23-02-2023,464,2,1,29-04-2022 16:34,1
2405,04-05-2019,369,5,1,04-03-2020 14:32,1
2406,17-05-2019,2079,1,1,17-03-2023 15:39,1
2407,04-02-2021,2359,2,1,06-05-2019 18:06,1
2408,23-02-2019,101,5,1,23-01-2023 16:46,1
2409,27-08-2020,904,4,1,02-01-2020 19:15,1
2410,22-05-2022,900,3,1,19-01-2023 18:05,1
2411,28-10-2019,1525,5,1,16-10-2020 19:35,1
2412,17-10-2021,765,4,1,23-03-2023 18:06,1
2413,05-02-2022,1760,3,1,30-07-2021 15:09,1
2414,16-08-2023,31,3,1,10-01-2023 10:53,1
2415,15-07-2023,1743,3,1,20-10-2021 19:57,1
2416,07-01-2023,1135,5,1,01-11-2021 13:37,1
2417,05-01-2021,2004,3,1,08-12-2023 15:11,1
2418,12-09-2019,1396,3,1,27-01-2020 10:49,1
2419,09-08-2019,374,5,1,21-06-2020 16:54,1
2420,15-08-2020,1819,2,1,06-08-2020 12:44,1
2421,19-05-2020,506,2,1,06-11-2023 14:10,1
2422,06-11-2019,1046,2,1,18-07-2019 11:24,1
2423,21-08-2023,1251,1,1,17-02-2023 19:51,1
2424,12-05-2019,814,4,1,05-07-2022 12:49,1
2425,18-12-2022,879,1,1,18-03-2023 10:57,1
2426,16-04-2019,1988,4,1,08-12-2020 10:44,1
2427,10-05-2022,1407,4,1,14-04-2023 13:49,1
2428,04-01-2023,487,4,1,23-02-2021 19:33,1
2429,04-07-2020,513,1,1,13-10-2023 18:51,1
2430,05-01-2019,1185,5,1,10-09-2019 15:34,1
2431,30-10-2022,2510,5,1,30-04-2021 10:26,1
2432,16-04-2019,862,1,1,11-02-2023 17:29,1
2433,01-01-2020,1102,5,1,22-05-2023 14:01,1
2434,10-04-2021,1154,1,1,27-04-2019 16:13,1
2435,20-11-2022,1984,3,1,16-03-2020 12:28,1
2436,01-05-2023,264,1,1,11-09-2021 16:14,1
2437,07-06-2020,2410,4,1,14-08-2020 19:23,1
2438,10-01-2019,2255,1,1,23-05-2023 10:50,1
2439,23-03-2022,552,1,1,19-05-2021 17:25,1
2440,24-06-2021,347,4,1,27-10-2020 10:55,1
2441,19-08-2020,1508,2,1,16-06-2021 18:19,1
2442,01-11-2020,409,2,1,28-10-2019 12:00,1
2443,16-02-2021,506,5,1,04-04-2019 14:56,1
2444,01-03-2023,1911,2,1,29-10-2020 13:41,1
2445,11-11-2019,1798,1,1,14-05-2022 12:31,1
2446,15-09-2022,2225,4,1,02-07-2023 14:50,1
2447,07-08-2019,1545,1,1,18-08-2023 18:55,1
2448,07-08-2023,659,4,1,25-09-2020 10:51,1
2449,23-05-2019,1579,5,1,15-07-2019 19:03,1
2450,10-02-2022,2334,2,1,31-03-2022 19:20,1
2451,19-04-2020,1541,4,1,18-05-2022 13:27,1
2452,29-08-2019,2189,4,1,31-05-2022 19:15,1
2453,26-07-2020,991,5,1,01-10-2021 19:01,1
2454,06-04-2022,1395,4,1,12-10-2023 17:00,1
2455,01-10-2023,782,4,1,21-01-2023 17:15,1
2456,09-01-2019,801,1,1,09-03-2020 17:20,1
2457,16-04-2022,1116,5,1,20-01-2019 16:18,1
2458,22-03-2020,1817,3,1,17-09-2022 16:44,1
2459,10-04-2019,1217,2,1,25-10-2023 19:14,1
2460,14-07-2022,1442,4,1,04-01-2022 13:39,1
2461,24-12-2022,175,4,1,10-04-2019 15:22,1
2462,28-06-2022,196,5,1,28-11-2021 18:17,1
2463,04-04-2019,2261,3,1,16-02-2020 14:21,1
2464,04-05-2023,11,1,1,10-06-2019 18:23,1
2465,05-12-2023,1564,4,1,16-05-2022 10:44,1
2466,19-06-2023,2090,5,1,05-11-2022 16:27,1
2467,06-08-2023,870,5,1,14-03-2023 19:16,1
2468,30-03-2023,308,3,1,22-09-2019 16:45,1
2469,01-12-2021,305,1,1,20-12-2020 13:36,1
2470,08-04-2020,1060,4,1,24-06-2020 15:02,1
2471,26-12-2022,328,3,1,12-06-2021 18:41,1
2472,22-12-2023,2029,1,1,17-01-2019 19:26,1
2473,20-06-2019,997,4,1,09-07-2020 13:39,1
2474,26-10-2019,94,5,1,07-02-2021 19:13,1
2475,03-07-2019,1566,4,1,15-11-2020 17:26,1
2476,12-08-2019,1855,5,1,20-11-2021 15:37,1
2477,08-11-2022,24,2,1,16-10-2021 16:45,1
2478,08-12-2021,2287,5,1,02-05-2022 12:18,1
2479,27-11-2022,852,3,1,23-06-2020 14:01,1
2480,03-04-2023,1045,2,1,09-12-2020 14:43,1
2481,30-07-2023,1264,2,1,05-08-2022 18:33,1
2482,10-05-2020,2160,4,1,08-01-2020 10:09,1
2483,15-02-2022,1534,4,1,15-05-2019 19:01,1
2484,14-06-2023,1810,3,1,22-09-2020 14:51,1
2485,10-08-2021,805,2,1,13-08-2023 14:18,1
2486,25-07-2019,1306,1,1,04-11-2019 13:10,1
2487,04-07-2020,1372,1,1,18-10-2021 16:51,1
2488,23-03-2021,839,3,1,15-12-2020 11:34,1
2489,08-02-2020,1357,5,1,08-04-2020 13:07,1
2490,26-01-2019,1608,5,1,27-10-2021 19:26,1
2491,28-07-2021,835,2,1,08-01-2023 18:30,1
2492,19-03-2023,696,1,1,22-07-2021 14:05,1
2493,26-07-2023,1898,5,1,25-12-2023 14:22,1
2494,31-08-2021,2479,5,1,11-02-2019 17:13,1
2495,21-08-2023,1937,1,1,16-02-2023 19:25,1
2496,06-05-2023,1158,2,1,19-11-2021 14:30,1
2497,19-07-2021,1230,5,1,17-02-2022 13:06,1
2498,01-08-2021,1618,4,1,23-02-2022 13:13,1
2499,18-02-2019,1521,1,1,10-03-2021 15:19,1
2500,08-09-2022,1641,2,1,08-05-2020 10:39,1
2501,25-02-2019,2297,5,1,30-10-2022 11:02,1
2502,12-10-2022,155,5,1,14-12-2022 18:32,1
2503,12-06-2021,779,3,1,31-01-2019 13:34,1
2504,14-03-2020,2274,5,1,15-07-2019 12:42,1
2505,29-08-2022,2189,5,1,27-07-2020 19:16,1
2506,30-11-2021,51,2,1,27-12-2022 16:34,1
2507,09-12-2021,1850,2,1,24-07-2019 10:13,1
2508,14-01-2019,1522,4,1,29-05-2023 17:30,1
2509,01-11-2021,2478,1,1,06-12-2019 19:11,1
2510,01-07-2020,2481,2,1,17-08-2023 19:01,1
2511,22-04-2022,463,2,1,14-06-2022 12:33,1
2512,06-11-2019,998,3,1,15-09-2022 19:51,1
2513,29-12-2021,1653,2,1,06-04-2020 17:08,1
2514,11-10-2020,417,2,1,21-10-2023 17:07,1
2515,01-11-2019,425,5,1,13-11-2020 11:32,1
2516,08-09-2023,1521,2,1,24-09-2022 17:56,1
2517,04-12-2023,1365,2,1,18-10-2023 18:22,1
2518,31-12-2019,1124,5,1,23-11-2023 12:43,1
2519,06-06-2022,2150,5,1,18-06-2019 10:47,1
2520,13-01-2019,663,2,1,14-06-2019 12:23,1
2521,16-09-2020,994,4,1,16-06-2023 15:35,1
2522,16-09-2022,1060,5,1,01-12-2019 12:09,1
2523,11-04-2019,571,4,1,09-08-2020 19:08,1
2524,13-03-2022,2552,1,1,10-04-2019 10:15,1
2525,09-10-2022,2374,3,1,17-12-2019 18:05,1
2526,15-08-2023,1569,4,1,12-10-2019 17:49,1
2527,14-11-2022,1930,5,1,18-10-2022 19:03,1
2528,02-12-2022,1349,3,1,31-08-2019 18:50,1
2529,05-03-2022,1760,4,1,06-04-2019 12:32,1
2530,07-06-2019,2474,2,1,28-12-2019 10:44,1
2531,06-12-2022,2465,4,1,08-10-2023 14:28,1
2532,11-10-2019,476,1,1,15-02-2019 13:52,1
2533,05-01-2019,205,1,1,11-02-2021 16:21,1
2534,07-05-2019,1172,4,1,24-07-2019 18:14,1
2535,04-01-2022,2429,5,1,10-03-2019 18:29,1
2536,31-01-2020,2521,2,1,07-12-2019 14:53,1
2537,02-06-2021,634,5,1,10-07-2019 15:22,1
2538,02-06-2023,1772,1,1,20-05-2020 13:30,1
2539,20-09-2023,1555,2,1,21-06-2019 18:22,1
2540,07-03-2022,514,4,1,06-12-2020 10:24,1
2541,04-02-2021,255,5,1,21-10-2021 19:40,1
2542,31-10-2023,1094,2,1,27-09-2021 19:44,1
2543,01-08-2022,2522,2,1,19-09-2021 11:41,1
2544,15-05-2019,520,4,1,07-04-2022 12:43,1
2545,21-11-2023,1725,5,1,23-07-2020 13:46,1
2546,09-10-2019,2144,2,1,15-06-2022 15:44,1
2547,27-03-2020,431,1,1,08-08-2023 13:35,1
2548,08-06-2019,461,5,1,28-04-2022 14:12,1
2549,22-03-2019,1449,5,1,28-09-2022 12:02,1
2550,22-07-2022,1735,5,1,23-04-2023 12:47,1
2551,25-07-2019,363,4,1,05-04-2021 13:22,1
2552,01-08-2019,2218,2,1,22-08-2023 13:07,1
2553,25-11-2023,2403,3,1,12-01-2021 19:54,1
2554,23-06-2019,152,1,1,12-07-2019 18:06,1
2555,17-06-2023,1158,5,1,11-03-2019 15:55,1
2556,20-01-2020,1472,3,1,01-12-2019 18:56,1
2557,08-09-2019,1568,5,1,20-01-2023 14:44,1
2558,22-05-2019,617,4,1,03-05-2022 18:39,1
2559,23-04-2022,340,4,1,03-08-2023 11:01,1
2560,01-05-2022,784,1,1,02-07-2022 19:07,1
2561,14-01-2022,993,4,1,21-07-2019 14:46,1
2562,10-08-2019,999,3,1,18-03-2021 10:36,1
2563,24-08-2020,166,3,1,27-12-2022 14:24,1
2564,19-07-2019,428,4,1,29-09-2019 12:21,1
2565,29-12-2020,1309,2,1,07-03-2023 13:28,1
2566,01-02-2021,2289,1,1,28-12-2021 18:48,1
2567,21-10-2023,972,2,1,14-08-2021 16:44,1
2568,26-12-2019,372,5,1,01-09-2022 12:40,1
2569,26-10-2022,1050,5,1,20-01-2020 17:32,1
2570,09-10-2023,1250,5,1,27-06-2020 19:44,1
2571,27-05-2023,2179,1,1,02-09-2020 18:32,1
2572,30-10-2023,745,2,1,04-04-2022 18:39,1
2573,19-02-2020,1697,5,1,28-12-2020 13:02,1
2574,06-12-2023,2321,4,1,11-04-2023 18:34,1
2575,19-10-2022,536,4,1,29-05-2023 14:56,1
2576,28-12-2023,1177,4,1,05-12-2022 19:14,1
2577,25-12-2022,1435,1,1,03-06-2022 15:07,1
2578,06-02-2020,2533,1,1,18-05-2023 19:43,1
2579,16-01-2020,1530,5,1,23-04-2020 15:41,1
2580,31-01-2019,1699,3,1,17-10-2019 16:16,1
2581,09-01-2019,377,3,1,28-05-2020 16:21,1
2582,26-10-2021,1141,5,1,08-03-2023 14:36,1
2583,06-05-2019,486,2,1,21-05-2020 19:32,1
2584,31-03-2023,710,5,1,06-03-2019 11:15,1
2585,08-09-2021,367,5,1,28-06-2021 13:07,1
2586,04-02-2019,542,2,1,20-08-2022 13:37,1
2587,17-07-2019,524,4,1,07-09-2021 19:13,1
2588,07-11-2019,162,3,1,25-03-2021 16:56,1
2589,05-09-2022,1102,3,1,03-01-2022 18:07,1
2590,30-05-2019,364,3,1,29-08-2019 14:49,1
2591,26-11-2022,2337,2,1,06-03-2020 10:58,1
2592,17-04-2023,1711,2,1,06-02-2019 14:28,1
2593,29-10-2023,2328,5,1,30-09-2022 10:48,1
2594,10-11-2021,1328,1,1,05-09-2021 17:58,1
2595,15-12-2022,347,4,1,10-12-2021 14:03,1
2596,28-01-2022,15,4,1,19-01-2020 16:37,1
2597,18-05-2022,1836,3,1,05-11-2020 11:55,1
2598,05-12-2022,2391,2,1,17-03-2022 17:05,1
2599,08-10-2022,1094,3,1,24-12-2023 19:12,1
2600,04-06-2020,246,4,1,22-04-2021 13:10,1
2601,06-02-2023,1892,3,1,04-03-2023 11:54,1
2602,01-01-2021,1379,5,1,18-11-2023 14:30,1
2603,11-12-2021,85,3,1,20-12-2022 13:02,1
2604,20-05-2019,2016,2,1,24-10-2022 16:58,1
2605,16-07-2021,1985,3,1,28-04-2019 15:08,1
2606,26-06-2020,1677,3,1,10-12-2022 16:15,1
2607,20-12-2019,83,4,1,19-05-2021 18:07,1
2608,28-01-2021,1502,4,1,29-09-2021 15:37,1
2609,15-04-2022,1918,2,1,21-03-2019 10:47,1
2610,13-07-2023,596,4,1,02-07-2021 18:06,1
2611,11-12-2022,844,5,1,16-03-2020 18:56,1
2612,05-07-2020,931,5,1,19-07-2020 13:56,1
2613,23-03-2021,1159,1,1,01-07-2019 12:34,1
2614,07-07-2021,2280,4,1,10-06-2019 19:32,1
2615,06-11-2021,1283,2,1,18-07-2020 10:15,1
2616,11-03-2022,2400,3,1,06-12-2020 12:03,1
2617,07-03-2020,2541,5,1,09-12-2023 13:21,1
2618,17-05-2020,1834,3,1,19-10-2019 14:27,1
2619,09-05-2019,262,3,1,02-02-2019 16:50,1
2620,23-03-2023,1100,4,1,29-06-2020 16:22,1
2621,03-06-2022,1128,3,1,17-02-2023 16:31,1
2622,10-07-2022,741,3,1,29-11-2021 12:55,1
2623,23-03-2021,2138,1,1,16-03-2021 17:14,1
2624,03-05-2019,1832,5,1,03-11-2019 10:32,1
2625,01-04-2023,969,3,1,18-11-2022 10:52,1
2626,30-04-2019,2136,3,1,22-12-2019 15:13,1
2627,01-06-2022,481,5,1,18-11-2022 16:33,1
2628,28-05-2021,1884,4,1,10-07-2023 10:52,1
2629,29-07-2022,1733,2,1,26-09-2021 11:33,1
2630,27-07-2021,943,1,1,03-01-2022 17:31,1
2631,25-08-2023,1491,2,1,28-05-2023 19:56,1
2632,16-12-2021,787,3,1,15-11-2022 14:49,1
2633,10-12-2020,1436,4,1,15-03-2022 15:10,1
2634,12-10-2021,1626,1,1,21-08-2019 13:14,1
2635,08-10-2022,112,2,1,19-04-2021 18:54,1
2636,08-09-2023,1811,2,1,23-12-2023 16:51,1
2637,29-08-2022,1769,2,1,30-06-2019 14:12,1
2638,28-01-2020,678,3,1,12-12-2022 12:18,1
2639,24-08-2019,2516,3,1,04-11-2023 15:00,1
2640,13-01-2021,635,4,1,05-06-2022 15:18,1
2641,09-09-2020,870,4,1,05-08-2019 15:12,1
2642,06-03-2019,150,3,1,29-06-2023 16:16,1
2643,29-07-2023,732,4,1,03-11-2020 11:49,1
2644,17-06-2020,2459,2,1,13-12-2022 18:16,1
2645,30-05-2020,429,5,1,18-05-2022 17:57,1
2646,06-09-2022,2430,3,1,15-09-2019 19:41,1
2647,18-02-2022,79,3,1,17-06-2023 13:21,1
2648,12-11-2019,1943,4,1,19-12-2021 11:27,1
2649,16-11-2019,1877,4,1,24-05-2021 10:11,1
2650,06-07-2023,1726,3,1,25-04-2023 13:50,1
2651,20-05-2022,2474,1,1,24-03-2021 15:52,1
2652,15-09-2020,1087,1,1,27-10-2022 12:10,1
2653,21-01-2022,1392,4,1,11-12-2021 12:14,1
2654,12-02-2021,468,5,1,28-09-2022 10:45,1
2655,02-06-2023,2535,2,1,06-05-2019 14:19,1
2656,21-04-2021,397,1,1,27-10-2021 11:41,1
2657,23-04-2023,579,3,1,04-04-2022 17:14,1
2658,16-12-2022,337,4,1,08-06-2023 16:03,1
2659,29-09-2022,1768,2,1,08-05-2023 13:19,1
2660,09-12-2021,633,4,1,01-01-2019 17:28,1
2661,25-02-2020,540,5,1,23-07-2023 13:48,1
2662,30-10-2023,222,2,1,15-08-2023 14:35,1
2663,20-09-2023,2503,5,1,25-06-2023 15:28,1
2664,06-03-2021,1491,2,1,24-11-2022 15:17,1
2665,04-05-2020,389,5,1,12-04-2022 16:58,1
2666,16-07-2019,1326,4,1,01-04-2019 19:28,1
2667,16-08-2022,1583,1,1,04-10-2022 19:00,1
2668,27-02-2020,1422,4,1,06-03-2020 13:47,1
2669,14-08-2023,106,4,1,30-01-2022 10:00,1
2670,18-01-2022,1166,5,1,15-09-2022 10:24,1
2671,22-07-2021,2112,4,1,26-01-2023 15:19,1
2672,06-10-2023,61,4,1,06-04-2019 17:31,1
2673,02-02-2020,1791,4,1,25-06-2022 15:27,1
2674,03-05-2022,928,3,1,14-03-2019 15:16,1
2675,17-06-2019,948,5,1,17-01-2023 18:29,1
2676,15-06-2022,1318,4,1,01-09-2023 14:08,1
2677,15-05-2022,2429,1,1,20-01-2023 13:08,1
2678,20-01-2020,404,1,1,22-04-2019 12:32,1
2679,23-11-2021,1469,5,1,08-07-2023 16:59,1
2680,25-10-2021,358,3,1,17-10-2023 18:31,1
2681,17-02-2019,2426,3,1,10-08-2023 10:41,1
2682,07-08-2020,997,5,1,30-04-2019 18:19,1
2683,21-10-2021,1769,1,1,14-03-2022 15:05,1
2684,11-08-2019,767,4,1,05-01-2020 19:33,1
2685,03-05-2019,1321,5,1,04-06-2021 18:18,1
2686,03-10-2022,995,1,1,13-08-2020 11:11,1
2687,07-05-2020,1074,5,1,09-03-2023 19:58,1
2688,14-10-2022,218,1,1,13-04-2020 16:14,1
2689,05-09-2020,1577,3,1,25-08-2022 12:37,1
2690,26-04-2019,511,2,1,21-06-2022 16:13,1
2691,10-08-2020,2357,1,1,27-02-2019 19:24,1
2692,06-07-2022,805,4,1,23-07-2020 15:14,1
2693,22-05-2022,1233,4,1,11-01-2023 19:44,1
2694,14-04-2023,2083,2,1,14-11-2023 19:04,1
2695,13-10-2020,2539,3,1,19-02-2020 10:19,1
2696,09-02-2020,1679,3,1,19-04-2020 15:39,1
2697,03-03-2021,1522,2,1,25-08-2020 18:11,1
2698,26-07-2021,2447,3,1,16-03-2021 15:01,1
2699,15-08-2021,1129,2,1,25-01-2020 13:53,1
2700,13-01-2023,1739,3,1,14-03-2019 11:33,1
2701,12-08-2021,1416,3,1,13-03-2021 18:04,1
2702,26-10-2023,400,1,1,17-09-2019 12:54,1
2703,02-07-2022,597,4,1,06-09-2021 13:17,1
2704,20-03-2022,885,3,1,10-12-2023 10:44,1
2705,03-07-2023,679,5,1,13-07-2020 12:36,1
2706,14-03-2023,1735,5,1,09-06-2022 16:20,1
2707,04-04-2020,1177,3,1,02-08-2023 13:35,1
2708,05-11-2021,2214,1,1,30-10-2020 17:29,1
2709,11-03-2019,30,3,1,17-11-2022 14:20,1
2710,25-05-2021,2167,5,1,29-07-2020 18:49,1
2711,14-08-2022,1423,5,1,12-01-2023 16:59,1
2712,12-11-2021,1246,4,1,30-01-2023 10:25,1
2713,15-07-2022,2192,5,1,27-05-2020 13:32,1
2714,07-07-2020,361,2,1,21-03-2021 13:50,1
2715,29-03-2021,238,1,1,04-06-2019 11:56,1
2716,30-08-2021,132,1,1,09-12-2022 18:27,1
2717,20-08-2023,916,1,1,10-08-2022 16:43,1
2718,28-08-2023,206,5,1,09-07-2021 13:53,1
2719,05-06-2023,1303,1,1,08-07-2019 17:08,1
2720,24-06-2019,2108,3,1,20-03-2022 17:34,1
2721,07-11-2023,1910,4,1,09-04-2019 13:06,1
2722,04-11-2021,2538,3,1,19-07-2022 14:49,1
2723,03-07-2023,1542,1,1,14-02-2019 19:46,1
2724,29-11-2021,2078,1,1,21-08-2021 10:33,1
2725,25-08-2022,1902,5,1,02-03-2021 15:35,1
2726,01-02-2020,569,2,1,07-07-2020 12:37,1
2727,19-06-2020,2445,1,1,14-11-2023 18:43,1
2728,21-04-2020,545,4,1,21-05-2019 10:39,1
2729,23-05-2023,578,5,1,08-05-2021 13:59,1
2730,23-03-2021,1621,4,1,19-11-2019 10:07,1
2731,01-10-2019,17,4,1,09-06-2020 11:46,1
2732,06-04-2023,344,5,1,12-09-2020 10:27,1
2733,10-07-2022,583,3,1,25-04-2020 18:53,1
2734,20-04-2023,2424,3,1,23-08-2022 19:03,1
2735,10-09-2021,1015,2,1,07-04-2020 15:11,1
2736,13-11-2023,127,3,1,16-10-2022 16:25,1
2737,09-10-2020,2467,3,1,16-08-2019 11:27,1
2738,24-01-2020,794,2,1,06-04-2020 11:44,1
2739,13-11-2019,285,3,1,30-09-2022 16:31,1
2740,17-11-2021,2262,4,1,22-01-2020 12:28,1
2741,10-05-2019,167,4,1,19-09-2021 13:53,1
2742,04-11-2020,380,1,1,17-11-2021 16:04,1
2743,23-07-2020,1127,5,1,14-06-2020 14:34,1
2744,11-08-2023,901,4,1,23-01-2023 17:16,1
2745,21-10-2022,2494,2,1,13-09-2023 17:06,1
2746,11-09-2020,1736,4,1,14-09-2022 10:46,1
2747,24-02-2020,2110,1,1,21-12-2022 12:01,1
2748,14-07-2020,845,4,1,09-05-2021 19:45,1
2749,29-09-2023,1207,3,1,09-09-2020 19:47,1
2750,08-11-2021,631,3,1,14-12-2019 15:06,1
2751,08-12-2022,1046,4,1,22-04-2022 18:11,1
2752,10-05-2021,1800,5,1,21-07-2022 12:18,1
2753,05-03-2019,1537,1,1,09-02-2022 19:48,1
2754,28-10-2023,589,5,1,21-09-2021 14:14,1
2755,06-01-2021,1780,5,1,11-09-2022 18:21,1
2756,10-12-2023,317,3,1,21-08-2019 12:40,1
2757,23-11-2021,1913,5,1,08-10-2022 10:15,1
2758,18-10-2021,1081,1,1,27-07-2022 12:07,1
2759,07-11-2020,382,3,1,10-02-2023 13:27,1
2760,28-04-2023,1552,1,1,17-07-2023 14:48,1
2761,26-07-2023,1852,2,1,18-07-2019 13:05,1
2762,28-01-2023,2154,5,1,03-08-2021 17:10,1
2763,02-04-2021,437,1,1,06-10-2021 16:55,1
2764,08-07-2020,2287,5,1,11-07-2019 11:41,1
2765,01-06-2021,2483,4,1,09-04-2023 15:57,1
2766,17-11-2022,484,1,1,27-01-2022 10:56,1
2767,10-07-2021,1669,1,1,26-02-2021 18:04,1
2768,14-09-2023,41,4,1,08-03-2020 18:48,1
2769,05-11-2021,1177,5,1,21-08-2019 10:12,1
2770,07-09-2021,2375,2,1,12-10-2021 17:03,1
2771,16-12-2022,429,1,1,30-08-2020 18:11,1
2772,30-09-2021,128,2,1,16-07-2021 14:06,1
2773,27-08-2022,674,5,1,14-04-2022 14:49,1
2774,19-01-2021,2455,2,1,01-11-2021 12:32,1
2775,13-12-2019,184,5,1,09-02-2023 12:57,1
2776,19-05-2021,2146,1,1,21-08-2021 12:59,1
2777,02-11-2020,706,2,1,22-07-2020 12:35,1
2778,21-02-2023,1822,3,1,31-01-2022 10:18,1
2779,30-03-2020,1380,5,1,28-05-2020 18:57,1
2780,31-01-2021,1013,4,1,27-02-2023 16:13,1
2781,08-10-2021,903,3,1,17-02-2022 14:17,1
2782,29-05-2023,1474,3,1,20-11-2019 19:31,1
2783,30-05-2021,549,1,1,15-02-2022 14:22,1
2784,06-08-2019,575,4,1,12-07-2021 13:58,1
2785,23-02-2021,1742,1,1,20-12-2019 11:01,1
2786,10-08-2022,99,4,1,17-05-2022 17:07,1
2787,15-09-2021,1885,5,1,23-04-2022 13:50,1
2788,15-02-2023,1140,3,1,26-06-2021 14:26,1
2789,28-07-2021,1203,2,1,23-11-2019 14:17,1
2790,19-08-2023,284,5,1,20-10-2021 18:34,1
2791,14-08-2022,401,2,1,20-10-2023 19:31,1
2792,06-12-2019,1129,2,1,13-02-2023 18:35,1
2793,06-04-2022,1070,4,1,24-08-2020 13:43,1
2794,19-11-2019,395,3,1,12-09-2022 17:04,1
2795,11-11-2020,534,3,1,04-10-2022 17:02,1
2796,17-08-2019,377,4,1,04-03-2023 17:17,1
2797,05-06-2021,999,5,1,14-02-2020 18:38,1
2798,01-05-2022,2060,2,1,07-02-2020 10:43,1
2799,27-04-2023,2395,5,1,26-02-2020 17:31,1
2800,24-07-2022,897,5,1,01-05-2023 12:29,1
2801,19-10-2021,1160,5,1,12-02-2023 16:55,1
2802,07-06-2021,249,5,1,05-01-2022 15:52,1
2803,13-02-2023,981,1,1,18-10-2020 12:43,1
2804,08-02-2020,221,4,1,10-08-2021 19:11,1
2805,05-02-2022,2295,1,1,11-01-2020 13:29,1
2806,28-03-2021,715,5,1,07-01-2020 17:08,1
2807,06-11-2020,312,3,1,13-07-2023 18:43,1
2808,02-12-2019,1602,4,1,18-06-2019 19:31,1
2809,27-07-2021,673,1,1,06-01-2019 13:35,1
2810,20-03-2022,616,2,1,23-10-2022 18:00,1
2811,28-05-2021,289,4,1,10-06-2021 10:48,1
2812,16-07-2020,1189,3,1,19-03-2020 16:26,1
2813,11-09-2023,319,3,1,20-06-2019 13:09,1
2814,04-05-2019,1359,5,1,19-10-2020 11:49,1
2815,03-02-2019,1772,1,1,15-07-2019 18:01,1
2816,21-09-2022,447,4,1,08-10-2023 12:23,1
2817,07-09-2023,2288,2,1,08-08-2022 17:05,1
2818,30-11-2019,2236,2,1,04-11-2022 18:10,1
2819,04-12-2019,1673,3,1,23-01-2019 13:32,1
2820,19-03-2020,354,5,1,02-03-2021 11:49,1
2821,23-01-2020,2460,4,1,06-04-2023 11:40,1
2822,01-06-2019,499,4,1,25-04-2021 18:44,1
2823,07-02-2020,387,4,1,11-04-2022 13:00,1
2824,16-07-2021,2256,4,1,25-07-2019 12:47,1
2825,14-03-2023,1114,5,1,19-09-2023 16:09,1
2826,02-02-2019,1232,2,1,11-09-2020 12:19,1
2827,25-07-2022,1491,4,1,10-01-2021 19:54,1
2828,24-02-2023,304,5,1,07-12-2023 18:58,1
2829,22-11-2020,1603,5,1,02-08-2023 13:09,1
2830,23-12-2022,1167,1,1,17-12-2023 13:03,1
2831,23-09-2021,89,5,1,13-03-2019 16:09,1
2832,27-09-2021,155,3,1,09-04-2022 12:44,1
2833,09-04-2022,1496,3,1,16-04-2023 14:23,1
2834,09-01-2019,170,2,1,08-11-2023 19:29,1
2835,07-03-2019,1,2,1,18-04-2020 19:23,1
2836,29-03-2023,2249,4,1,27-08-2019 12:31,1
2837,02-04-2021,343,3,1,13-10-2019 11:53,1
2838,13-08-2019,1004,5,1,15-04-2023 13:59,1
2839,23-01-2022,510,3,1,16-10-2022 19:44,1
2840,04-09-2021,2011,2,1,28-05-2023 16:06,1
2841,18-05-2019,1908,4,1,27-05-2019 19:18,1
2842,14-05-2020,1355,2,1,13-11-2019 11:08,1
2843,29-01-2019,382,5,1,20-11-2020 19:13,1
2844,02-05-2019,2488,2,1,09-11-2023 12:40,1
2845,21-10-2023,61,3,1,05-02-2019 11:52,1
2846,19-04-2023,991,3,1,06-11-2022 16:13,1
2847,23-09-2019,2165,2,1,23-06-2021 12:19,1
2848,31-12-2021,2084,3,1,09-02-2019 12:56,1
2849,10-12-2020,337,4,1,29-08-2023 15:34,1
2850,24-01-2019,1740,5,1,13-06-2022 18:43,1
2851,10-06-2022,1024,1,1,27-02-2022 16:20,1
2852,07-04-2023,988,5,1,04-06-2019 11:44,1
2853,24-04-2019,2187,3,1,19-04-2023 19:26,1
2854,01-07-2019,2443,2,1,21-03-2021 10:18,1
2855,14-01-2022,1087,3,1,30-11-2020 15:28,1
2856,24-08-2019,363,4,1,29-09-2019 13:22,1
2857,27-05-2020,2227,1,1,18-01-2022 13:31,1
2858,19-12-2019,2020,1,1,09-05-2023 19:17,1
2859,30-07-2021,1314,1,1,21-10-2019 12:05,1
2860,12-04-2023,92,3,1,19-07-2023 12:20,1
2861,13-04-2021,2536,5,1,20-07-2020 18:41,1
2862,18-08-2021,75,3,1,17-03-2021 16:36,1
2863,19-11-2019,309,5,1,10-06-2023 14:57,1
2864,24-05-2023,817,5,1,14-10-2020 12:19,1
2865,28-04-2020,181,4,1,30-05-2019 11:22,1
2866,25-12-2020,1951,3,1,09-02-2020 14:01,1
2867,18-01-2020,2227,3,1,07-08-2020 14:54,1
2868,30-09-2020,1566,2,1,08-10-2020 12:40,1
2869,20-06-2022,324,2,1,09-08-2021 14:38,1
2870,28-12-2019,1805,4,1,01-06-2020 10:47,1
2871,06-02-2021,2416,4,1,18-06-2020 12:24,1
2872,06-01-2021,2381,3,1,09-06-2021 13:50,1
2873,06-07-2021,258,4,1,04-06-2021 19:27,1
2874,12-04-2021,303,2,1,04-02-2023 17:33,1
2875,21-04-2019,2339,2,1,30-07-2023 18:43,1
2876,15-03-2023,900,5,1,11-07-2022 15:26,1
2877,19-04-2019,2111,4,1,10-11-2019 15:18,1
2878,31-05-2021,2020,3,1,11-01-2023 14:29,1
2879,11-01-2023,1333,1,1,21-08-2023 13:11,1
2880,04-08-2021,998,5,1,16-11-2019 12:41,1
2881,09-07-2021,2470,2,1,05-06-2022 19:12,1
2882,02-12-2020,784,3,1,17-06-2022 15:23,1
2883,09-04-2023,1478,1,1,15-05-2022 14:43,1
2884,21-02-2019,2414,4,1,28-02-2022 14:36,1
2885,02-01-2019,1558,1,1,16-04-2022 11:03,1
2886,08-06-2023,639,1,1,10-01-2020 18:16,1
2887,17-05-2019,1491,4,1,11-01-2022 17:27,1
2888,15-01-2019,304,4,1,31-03-2019 18:16,1
2889,06-05-2019,1114,2,1,01-11-2022 17:02,1
2890,17-08-2022,2435,5,1,21-04-2023 15:57,1
2891,11-05-2020,36,1,1,31-03-2019 15:46,1
2892,18-02-2022,1549,4,1,08-01-2021 18:41,1
2893,10-06-2020,897,5,1,22-08-2019 19:28,1
2894,01-11-2022,2496,2,1,09-10-2020 12:02,1
2895,02-07-2022,2127,4,1,28-04-2022 15:18,1
2896,28-05-2022,2127,4,1,27-10-2020 11:31,1
2897,28-06-2020,1884,4,1,04-09-2021 17:58,1
2898,27-06-2022,1187,4,1,22-10-2020 18:53,1
2899,28-11-2020,933,1,1,20-06-2023 10:56,1
2900,18-09-2020,517,2,1,24-07-2021 17:27,1
2901,30-10-2020,928,3,1,12-04-2020 12:22,1
2902,17-06-2020,134,4,1,09-12-2022 18:24,1
2903,09-08-2023,2418,5,1,05-07-2019 11:30,1
2904,30-12-2023,221,3,1,03-07-2023 16:52,1
2905,21-11-2020,2181,1,1,30-09-2019 10:58,1
2906,09-07-2023,225,1,1,16-02-2020 19:05,1
2907,18-07-2023,253,3,1,01-06-2023 17:17,1
2908,27-02-2023,912,2,1,04-01-2023 14:31,1
2909,02-08-2019,65,4,1,30-01-2022 19:26,1
2910,04-08-2019,206,1,1,09-02-2019 15:44,1
2911,05-08-2020,1200,3,1,08-02-2019 11:02,1
2912,12-01-2023,2350,5,1,15-08-2023 10:52,1
2913,12-06-2023,2500,3,1,19-05-2019 11:24,1
2914,04-09-2022,863,4,1,04-05-2023 12:08,1
2915,31-01-2022,543,3,1,27-03-2023 11:19,1
2916,10-04-2023,1257,4,1,28-11-2022 17:31,1
2917,26-06-2021,1415,5,1,30-08-2023 18:46,1
2918,02-09-2022,1186,3,1,09-03-2020 12:31,1
2919,11-09-2020,262,1,1,21-04-2019 11:53,1
2920,06-09-2021,1919,5,1,12-08-2020 17:18,1
2921,11-03-2022,868,5,1,28-10-2022 18:02,1
2922,17-08-2021,2170,5,1,10-07-2023 14:08,1
2923,11-01-2021,2282,1,1,08-07-2022 17:49,1
2924,28-09-2019,793,4,1,18-12-2023 19:15,1
2925,18-05-2022,2531,4,1,21-06-2020 10:09,1
2926,14-05-2022,1847,1,1,30-05-2020 19:13,1
2927,01-04-2020,1422,2,1,09-03-2021 14:07,1
2928,29-11-2019,1193,4,1,06-10-2020 11:17,1
2929,18-01-2020,867,3,1,18-10-2022 15:06,1
2930,23-06-2022,1649,5,1,01-08-2019 16:42,1
2931,12-05-2019,1251,1,1,09-11-2020 17:13,1
2932,03-02-2019,1749,2,1,03-09-2022 13:05,1
2933,15-08-2019,1303,2,1,02-09-2020 12:18,1
2934,30-07-2023,50,5,1,13-11-2022 19:58,1
2935,11-03-2022,304,2,1,02-10-2019 17:35,1
2936,10-11-2019,2546,4,1,21-02-2023 16:44,1
2937,03-06-2019,600,3,1,14-04-2021 16:09,1
2938,03-05-2020,222,2,1,30-03-2022 10:50,1
2939,24-07-2021,423,1,1,24-08-2020 11:10,1
2940,06-09-2020,777,2,1,01-11-2020 17:27,1
2941,29-09-2020,1643,1,1,08-11-2019 11:36,1
2942,28-12-2020,455,2,1,22-10-2020 11:50,1
2943,03-11-2020,1408,1,1,03-11-2023 17:06,1
2944,29-10-2019,90,5,1,02-07-2023 14:57,1
2945,22-11-2023,449,4,1,13-02-2023 11:34,1
2946,21-09-2020,2308,5,1,16-08-2020 12:52,1
2947,29-01-2021,2384,5,1,15-05-2021 11:29,1
2948,13-01-2023,893,1,1,25-12-2020 13:44,1
2949,25-06-2021,2254,4,1,04-03-2020 12:32,1
2950,30-10-2023,1620,1,1,09-01-2020 15:55,1
2951,16-05-2021,631,5,1,11-07-2021 13:59,1
2952,26-06-2022,1083,4,1,17-04-2023 10:47,1
2953,22-03-2022,1997,1,1,13-11-2021 14:43,1
2954,29-07-2021,1235,5,1,20-01-2023 19:00,1
2955,07-03-2020,442,5,1,04-08-2021 11:57,1
2956,20-01-2019,1360,1,1,05-05-2022 19:18,1
2957,21-01-2021,2033,5,1,22-09-2022 10:27,1
2958,15-08-2019,551,4,1,14-06-2022 16:16,1
2959,28-09-2019,362,1,1,11-06-2022 10:50,1
2960,27-01-2023,841,2,1,30-10-2022 11:04,1
2961,29-06-2019,593,4,1,13-12-2022 11:52,1
2962,18-08-2021,2136,1,1,12-05-2022 12:49,1
2963,01-01-2021,1774,5,1,10-10-2023 13:49,1
2964,18-03-2021,743,5,1,31-07-2022 12:00,1
2965,23-01-2022,278,3,1,05-08-2023 13:33,1
2966,21-11-2021,304,1,1,01-12-2019 15:49,1
2967,03-04-2022,1939,1,1,27-06-2022 12:59,1
2968,01-03-2019,1027,5,1,14-11-2022 18:36,1
2969,22-04-2022,1322,1,1,16-08-2020 18:52,1
2970,17-02-2020,373,1,1,23-02-2022 13:39,1
2971,27-09-2020,2125,3,1,15-07-2022 19:44,1
2972,09-09-2023,230,4,1,31-03-2021 16:58,1
2973,07-05-2020,2515,4,1,17-10-2023 11:45,1
2974,28-03-2020,2204,3,1,22-12-2019 18:31,1
2975,12-09-2023,2289,2,1,31-01-2019 10:36,1
2976,09-04-2019,2214,1,1,04-05-2020 17:21,1
2977,06-04-2020,958,2,1,23-06-2022 16:52,1
2978,21-03-2023,1195,3,1,17-06-2023 10:07,1
2979,11-10-2023,2365,2,1,27-11-2021 17:26,1
2980,27-01-2021,92,1,1,04-05-2022 18:40,1
2981,13-06-2023,1929,5,1,22-06-2023 18:03,1
2982,09-04-2022,2320,3,1,10-09-2023 11:10,1
2983,11-11-2022,2394,1,1,09-09-2019 16:34,1
2984,24-08-2023,1405,2,1,09-08-2019 12:08,1
2985,29-03-2022,1352,4,1,30-10-2020 19:40,1
2986,24-12-2020,1779,3,1,09-08-2020 13:01,1
2987,28-02-2022,1436,1,1,30-03-2021 15:24,1
2988,18-02-2019,1975,4,1,10-05-2023 18:47,1
2989,30-12-2019,1803,5,1,03-01-2021 12:58,1
2990,18-06-2022,912,3,1,25-02-2021 14:46,1
2991,09-12-2022,1052,5,1,03-01-2022 12:57,1
2992,19-10-2019,488,2,1,14-11-2023 17:15,1
2993,30-11-2021,1747,2,1,12-06-2019 16:53,1
2994,23-04-2023,1738,3,1,18-04-2022 11:05,1
2995,03-04-2023,1701,1,1,26-05-2022 17:15,1
2996,19-08-2020,424,4,1,11-03-2019 19:46,1
2997,04-10-2023,450,5,1,24-07-2023 19:22,1
2998,01-12-2023,1533,4,1,02-02-2019 18:36,1
2999,20-08-2019,2306,3,1,28-07-2022 11:43,1
3000,29-09-2019,1709,3,1,09-09-2021 14:57,1
3001,17-07-2019,1405,1,1,12-06-2022 19:20,1
3002,10-09-2021,1486,3,1,26-07-2023 18:34,1
3003,11-08-2020,1864,4,1,04-01-2020 18:03,1
3004,29-04-2020,427,2,1,24-08-2019 15:14,1
3005,22-11-2023,860,3,1,22-02-2019 19:07,1
3006,05-02-2019,2300,3,1,16-07-2019 10:16,1
3007,31-03-2021,2042,3,1,04-09-2020 19:25,1
3008,03-03-2020,916,5,1,09-02-2023 17:16,1
3009,11-06-2020,1378,1,1,23-06-2019 15:42,1
3010,22-02-2022,2546,4,1,25-12-2023 12:59,1
3011,16-09-2022,2438,3,1,15-09-2019 13:48,1
3012,30-05-2021,2527,5,1,30-09-2022 14:10,1
3013,12-01-2020,99,5,1,04-02-2021 15:46,1
3014,28-12-2021,1955,4,1,21-10-2023 11:26,1
3015,09-03-2021,2223,2,1,04-12-2023 15:31,1
3016,02-08-2019,2262,2,1,05-09-2022 15:07,1
3017,14-03-2020,19,3,1,08-11-2023 16:08,1
3018,06-04-2021,1999,4,1,09-12-2019 10:25,1
3019,13-02-2023,1861,5,1,14-06-2023 19:43,1
3020,03-10-2022,71,5,1,27-10-2019 13:29,1
3021,21-07-2022,137,2,1,05-08-2021 19:55,1
3022,12-04-2020,750,1,1,07-12-2022 11:10,1
3023,16-01-2023,336,2,1,31-05-2022 16:01,1
3024,26-10-2023,375,2,1,02-09-2021 12:52,1
3025,14-04-2019,158,4,1,12-12-2023 19:40,1
3026,16-03-2021,1963,2,1,23-01-2020 16:24,1
3027,04-06-2023,1863,2,1,15-01-2023 17:24,1
3028,27-06-2022,843,5,1,03-02-2023 10:11,1
3029,15-12-2023,1187,5,1,27-06-2020 14:10,1
3030,21-12-2020,1779,4,1,11-06-2020 10:57,1
3031,30-10-2020,429,3,1,22-11-2020 19:32,1
3032,18-03-2019,30,1,1,26-10-2019 15:38,1
3033,11-07-2020,1274,1,1,28-02-2022 19:20,1
3034,08-07-2022,856,2,1,26-05-2022 13:59,1
3035,05-12-2019,806,3,1,06-01-2023 14:25,1
3036,11-04-2021,1909,5,1,11-11-2022 14:22,1
3037,21-01-2019,506,1,1,27-08-2021 10:04,1
3038,04-04-2021,960,4,1,27-10-2021 16:57,1
3039,17-03-2023,818,1,1,21-07-2023 18:38,1
3040,02-02-2019,518,5,1,02-07-2022 17:15,1
3041,18-02-2022,2172,3,1,29-12-2022 15:32,1
3042,06-12-2021,421,3,1,12-10-2022 10:04,1
3043,31-07-2021,1844,3,1,20-08-2022 14:18,1
3044,20-08-2022,488,3,1,27-03-2022 14:30,1
3045,04-05-2022,2152,4,1,22-07-2021 19:58,1
3046,17-03-2021,952,5,1,02-05-2019 16:05,1
3047,12-03-2023,139,3,1,21-06-2023 16:46,1
3048,06-06-2019,1794,3,1,14-09-2019 19:42,1
3049,02-10-2023,338,2,1,01-08-2019 10:05,1
3050,07-07-2019,428,4,1,17-01-2022 19:27,1
3051,02-11-2020,67,3,1,31-10-2020 11:56,1
3052,20-03-2020,2360,5,1,18-08-2022 18:54,1
3053,01-08-2022,1379,5,1,20-09-2019 15:01,1
3054,21-04-2023,2377,4,1,08-09-2023 14:26,1
3055,10-08-2019,1711,1,1,17-06-2019 17:45,1
3056,14-07-2019,1065,3,1,08-07-2019 18:02,1
3057,01-01-2022,588,1,1,24-06-2021 12:36,1
3058,22-10-2022,1509,4,1,10-05-2022 12:51,1
3059,03-12-2020,1317,1,1,27-12-2019 14:57,1
3060,26-05-2019,732,1,1,10-06-2023 17:18,1
3061,23-06-2020,1865,2,1,26-05-2023 18:06,1
3062,24-09-2023,2161,3,1,17-05-2020 13:50,1
3063,17-12-2022,1218,3,1,31-10-2019 18:08,1
3064,25-12-2022,74,1,1,03-04-2022 13:03,1
3065,29-06-2020,1820,2,1,08-09-2023 12:59,1
3066,24-01-2021,428,1,1,25-04-2022 14:57,1
3067,06-06-2019,2511,2,1,03-04-2022 19:00,1
3068,08-04-2022,1936,1,1,29-07-2019 17:58,1
3069,11-09-2021,485,1,1,31-01-2023 16:00,1
3070,02-11-2020,307,4,1,18-11-2023 12:27,1
3071,02-04-2023,1653,5,1,18-12-2023 16:34,1
3072,06-04-2019,1954,2,1,17-07-2021 14:34,1
3073,07-09-2022,2177,3,1,25-06-2019 10:59,1
3074,21-03-2020,1796,3,1,10-02-2019 15:55,1
3075,18-07-2020,276,2,1,20-11-2021 13:17,1
3076,25-02-2019,2541,5,1,23-01-2019 13:33,1
3077,25-05-2022,888,2,1,28-04-2023 10:59,1
3078,20-11-2019,601,2,1,18-08-2021 18:32,1
3079,29-05-2021,685,2,1,09-11-2019 14:46,1
3080,29-05-2020,627,4,1,26-09-2019 13:12,1
3081,13-03-2023,1770,5,1,11-07-2022 14:57,1
3082,13-02-2022,670,1,1,29-08-2022 19:51,1
3083,24-05-2023,2096,3,1,02-10-2022 17:19,1
3084,29-10-2021,1800,4,1,22-08-2023 18:18,1
3085,10-05-2019,978,2,1,11-11-2021 19:37,1
3086,09-06-2019,187,3,1,14-08-2023 13:28,1
3087,19-06-2021,2253,1,1,24-03-2019 10:39,1
3088,26-07-2019,1648,5,1,13-02-2020 10:41,1
3089,28-09-2022,2138,3,1,18-12-2022 16:37,1
3090,01-07-2022,958,4,1,18-08-2019 14:28,1
3091,01-11-2022,736,3,1,05-02-2022 12:11,1
3092,03-02-2020,753,3,1,30-10-2020 10:35,1
3093,18-03-2023,2140,1,1,01-11-2022 17:32,1
3094,22-08-2023,1699,3,1,15-04-2021 13:25,1
3095,03-10-2023,110,2,1,17-07-2023 11:42,1
3096,02-09-2022,2033,3,1,23-06-2022 10:28,1
3097,14-12-2021,1092,2,1,23-08-2023 11:51,1
3098,25-06-2023,449,2,1,14-12-2023 16:16,1
3099,05-11-2022,1261,5,1,08-04-2023 11:38,1
3100,29-08-2023,1372,5,1,29-02-2020 14:45,1
3101,07-10-2020,1522,3,1,05-03-2021 15:58,1
3102,10-03-2019,5,4,1,08-09-2021 16:25,1
3103,29-04-2022,2355,1,1,02-08-2022 17:01,1
3104,25-02-2021,1518,5,1,10-08-2020 10:28,1
3105,04-06-2021,670,4,1,22-02-2019 15:00,1
3106,31-12-2019,1134,4,1,19-12-2019 11:55,1
3107,09-01-2022,2510,3,1,19-09-2022 18:33,1
3108,14-12-2019,685,5,1,30-03-2023 17:20,1
3109,04-02-2023,1377,4,1,12-05-2022 13:37,1
3110,23-04-2020,1469,5,1,27-05-2020 18:01,1
3111,28-11-2019,694,2,1,18-10-2019 15:19,1
3112,18-06-2021,860,4,1,17-01-2019 13:48,1
3113,14-08-2020,93,5,1,11-02-2022 15:06,1
3114,27-09-2021,2299,4,1,26-11-2022 11:01,1
3115,13-12-2019,62,1,1,30-06-2021 19:18,1
3116,28-10-2020,663,4,1,28-04-2019 11:18,1
3117,11-12-2022,364,3,1,06-08-2022 13:51,1
3118,27-09-2022,2189,2,1,12-10-2021 19:10,1
3119,07-03-2023,418,2,1,01-01-2021 12:35,1
3120,24-06-2020,200,5,1,11-04-2022 17:59,1
3121,03-10-2021,657,1,1,13-02-2022 14:02,1
3122,18-04-2022,1700,5,1,23-12-2020 17:38,1
3123,25-06-2020,711,5,1,12-02-2021 12:37,1
3124,11-12-2020,935,4,1,13-05-2022 12:07,1
3125,10-11-2021,281,2,1,05-07-2019 15:44,1
3126,23-09-2019,2372,3,1,30-04-2021 12:57,1
3127,19-01-2023,530,4,1,16-10-2019 11:19,1
3128,02-10-2021,1832,5,1,21-01-2021 15:29,1
3129,22-11-2022,2321,1,1,14-07-2020 14:16,1
3130,22-06-2022,1447,4,1,19-12-2019 11:46,1
3131,03-10-2021,571,2,1,06-03-2020 11:54,1
3132,24-12-2019,1422,2,1,29-03-2023 17:36,1
3133,21-10-2023,1149,5,1,03-02-2023 17:03,1
3134,28-03-2023,650,3,1,26-04-2021 15:25,1
3135,28-06-2022,1425,4,1,02-12-2019 16:06,1
3136,03-09-2019,1992,4,1,25-09-2020 18:31,1
3137,25-04-2022,279,3,1,12-02-2023 13:39,1
3138,08-11-2019,81,4,1,24-01-2022 19:32,1
3139,26-07-2019,1207,1,1,17-11-2020 16:39,1
3140,14-08-2019,1292,3,1,05-07-2022 16:29,1
3141,19-07-2019,2254,3,1,15-08-2020 16:53,1
3142,19-03-2020,2091,1,1,23-08-2021 18:02,1
3143,28-02-2020,1117,1,1,27-07-2019 13:21,1
3144,03-03-2022,171,5,1,25-09-2023 14:27,1
3145,26-07-2019,580,1,1,23-12-2019 16:11,1
3146,21-02-2022,68,2,1,21-02-2022 17:01,1
3147,09-10-2020,783,3,1,20-01-2019 14:17,1
3148,11-11-2019,1575,3,1,08-12-2022 11:40,1
3149,06-05-2019,1095,4,1,25-11-2023 12:09,1
3150,21-10-2019,964,4,1,22-08-2022 19:42,1
3151,14-06-2022,1017,4,1,16-03-2023 11:11,1
3152,06-09-2023,1182,2,1,09-06-2021 19:50,1
3153,20-11-2023,288,4,1,30-12-2021 10:24,1
3154,02-03-2021,743,3,1,29-02-2020 10:50,1
3155,05-05-2021,192,5,1,15-01-2023 13:36,1
3156,12-08-2023,2023,1,1,25-11-2023 11:56,1
3157,05-09-2019,2329,2,1,31-01-2020 17:21,1
3158,28-08-2021,554,4,1,16-03-2021 11:19,1
3159,21-11-2022,2150,5,1,07-04-2020 12:30,1
3160,25-12-2021,2129,5,1,23-02-2021 19:26,1
3161,29-12-2021,2410,2,1,18-12-2020 12:36,1
3162,16-01-2022,1384,4,1,20-10-2023 16:51,1
3163,16-02-2023,335,3,1,17-09-2019 15:58,1
3164,04-11-2020,663,2,1,08-07-2022 15:43,1
3165,25-10-2019,1062,5,1,21-10-2020 15:52,1
3166,11-07-2023,475,2,1,07-03-2020 10:00,1
3167,20-03-2020,180,2,1,04-02-2022 19:38,1
3168,09-02-2023,642,5,1,22-04-2022 19:59,1
3169,15-11-2019,438,5,1,06-07-2020 10:36,1
3170,17-09-2023,512,5,1,22-08-2023 19:36,1
3171,20-04-2023,133,3,1,09-12-2021 12:27,1
3172,03-12-2019,1880,5,1,11-07-2022 12:18,1
3173,18-03-2019,1537,1,1,13-08-2023 18:41,1
3174,28-09-2022,1712,5,1,04-01-2021 10:46,1
3175,19-04-2021,358,5,1,08-03-2022 14:04,1
3176,16-09-2021,751,1,1,28-01-2023 11:16,1
3177,14-04-2023,1622,4,1,05-03-2023 18:13,1
3178,07-07-2021,2303,5,1,26-06-2019 16:44,1
3179,15-01-2022,1862,4,1,05-11-2021 10:33,1
3180,04-04-2022,785,5,1,20-01-2019 11:28,1
3181,12-10-2021,1050,1,1,28-12-2020 13:43,1
3182,26-09-2023,2117,1,1,11-07-2022 17:17,1
3183,03-07-2020,2174,3,1,24-04-2022 10:51,1
3184,08-11-2021,1781,4,1,30-08-2020 11:02,1
3185,29-09-2021,1679,5,1,10-12-2022 19:27,1
3186,15-09-2019,177,5,1,16-08-2020 13:16,1
3187,15-02-2021,125,1,1,16-07-2023 13:50,1
3188,24-04-2022,220,2,1,21-08-2022 17:45,1
3189,20-06-2021,400,5,1,22-12-2022 16:53,1
3190,06-07-2021,980,3,1,22-03-2021 10:33,1
3191,29-09-2022,2365,5,1,30-09-2019 12:31,1
3192,21-11-2019,1003,1,1,26-01-2021 19:39,1
3193,02-05-2021,568,3,1,27-04-2020 17:22,1
3194,05-08-2021,493,1,1,05-04-2020 11:29,1
3195,24-05-2020,1272,1,1,07-03-2019 13:04,1
3196,07-08-2021,1737,4,1,23-07-2020 17:25,1
3197,05-12-2022,1315,2,1,22-01-2019 14:20,1
3198,30-08-2023,2264,1,1,03-11-2022 11:32,1
3199,18-12-2021,1944,3,1,27-02-2023 17:33,1
3200,19-04-2021,183,2,1,23-11-2023 10:23,1
3201,20-02-2022,2493,2,1,07-07-2020 12:48,1
3202,18-11-2019,1111,1,1,14-10-2021 16:46,1
3203,09-02-2020,87,5,1,16-12-2020 15:06,1
3204,12-07-2021,1321,4,1,27-07-2022 10:06,1
3205,01-04-2019,1510,1,1,04-09-2019 12:08,1
3206,09-02-2019,1626,2,1,10-04-2023 11:28,1
3207,24-04-2022,809,5,1,15-04-2023 14:10,1
3208,16-05-2020,2349,1,1,25-05-2021 15:25,1
3209,31-03-2021,773,4,1,27-12-2020 12:55,1
3210,06-10-2021,2037,4,1,31-01-2023 13:16,1
3211,22-04-2019,1554,5,1,01-03-2022 14:35,1
3212,23-04-2019,67,5,1,06-02-2021 16:47,1
3213,25-05-2023,2401,1,1,13-02-2020 19:57,1
3214,31-05-2023,302,5,1,02-06-2020 18:36,1
3215,13-01-2021,1608,4,1,03-03-2019 16:27,1
3216,01-07-2019,505,1,1,08-02-2020 12:08,1
3217,23-02-2020,1567,4,1,08-11-2021 16:22,1
3218,23-01-2019,843,5,1,21-11-2023 11:30,1
3219,23-12-2020,2510,4,1,20-08-2021 16:26,1
3220,12-08-2021,1194,2,1,11-05-2019 19:48,1
3221,07-03-2023,30,4,1,11-07-2021 17:09,1
3222,12-10-2023,1620,4,1,16-12-2023 13:28,1
3223,09-11-2021,2206,2,1,13-10-2019 11:11,1
3224,30-08-2023,1593,1,1,20-07-2022 14:56,1
3225,30-09-2019,1600,3,1,21-07-2020 17:09,1
3226,29-01-2022,40,2,1,27-09-2019 17:17,1
3227,17-10-2021,1372,3,1,10-03-2022 13:18,1
3228,16-10-2020,526,1,1,17-10-2022 13:21,1
3229,06-04-2021,568,2,1,02-09-2019 10:46,1
3230,11-06-2022,1754,5,1,13-08-2019 12:13,1
3231,31-05-2022,660,2,1,08-09-2022 16:05,1
3232,23-02-2022,916,5,1,05-02-2022 15:53,1
3233,10-07-2022,979,2,1,26-11-2020 13:38,1
3234,10-04-2022,1494,2,1,02-07-2022 10:09,1
3235,05-06-2021,1154,4,1,16-08-2022 18:48,1
3236,25-02-2023,605,4,1,01-03-2019 10:02,1
3237,26-05-2022,1676,1,1,15-06-2022 10:59,1
3238,11-09-2022,1657,2,1,23-11-2022 19:25,1
3239,23-01-2020,2080,2,1,30-11-2021 18:14,1
3240,29-06-2020,520,2,1,12-10-2021 11:31,1
3241,04-07-2021,1265,2,1,04-01-2022 18:44,1
3242,18-08-2021,1646,1,1,25-10-2023 13:36,1
3243,07-09-2020,1218,2,1,25-02-2019 17:14,1
3244,29-09-2022,2421,4,1,01-07-2019 19:09,1
3245,01-01-2023,1374,2,1,07-01-2022 10:21,1
3246,03-04-2023,1955,2,1,03-09-2020 14:34,1
3247,12-03-2021,2105,4,1,06-11-2022 15:44,1
3248,19-05-2020,1581,5,1,27-04-2023 15:53,1
3249,13-08-2022,2382,4,1,19-12-2019 19:36,1
3250,16-12-2020,2232,4,1,02-12-2019 12:32,1
3251,02-05-2020,1012,4,1,27-05-2020 15:51,1
3252,12-06-2022,651,3,1,11-06-2021 14:39,1
3253,15-12-2022,64,1,1,24-11-2020 14:39,1
3254,30-06-2019,1571,1,1,21-03-2022 11:26,1
3255,06-09-2022,1074,3,1,01-09-2020 14:11,1
3256,19-10-2021,1731,3,1,06-12-2020 13:24,1
3257,05-09-2019,1135,1,1,12-04-2022 14:19,1
3258,06-12-2020,498,3,1,19-07-2023 13:46,1
3259,29-07-2019,2351,4,1,21-08-2022 15:55,1
3260,14-09-2023,2071,2,1,12-05-2021 14:24,1
3261,30-11-2019,1629,5,1,22-08-2023 19:07,1
3262,10-08-2020,689,1,1,10-08-2019 16:01,1
3263,07-03-2020,1657,4,1,17-12-2021 16:34,1
3264,30-05-2021,335,2,1,11-02-2021 17:05,1
3265,17-04-2021,861,2,1,18-07-2020 14:07,1
3266,09-03-2023,1118,4,1,11-11-2023 19:51,1
3267,26-07-2022,1115,3,1,21-12-2020 12:26,1
3268,29-07-2020,1224,3,1,22-10-2022 12:14,1
3269,18-09-2022,1261,2,1,07-08-2022 13:08,1
3270,15-03-2023,977,4,1,03-11-2019 18:14,1
3271,17-08-2020,25,4,1,25-08-2019 14:08,1
3272,12-02-2019,2461,3,1,30-04-2019 18:36,1
3273,18-04-2022,850,2,1,05-03-2019 14:24,1
3274,20-08-2023,1438,5,1,04-08-2022 15:13,1
3275,16-03-2019,2487,4,1,05-06-2023 11:46,1
3276,17-03-2023,1459,2,1,06-04-2021 17:18,1
3277,21-07-2019,1079,4,1,09-03-2020 13:27,1
3278,15-11-2019,1134,1,1,02-03-2023 17:11,1
3279,20-07-2020,1510,2,1,30-03-2020 14:13,1
3280,24-06-2022,2167,4,1,17-12-2021 17:12,1
3281,11-04-2023,1466,5,1,26-11-2023 12:55,1
3282,01-09-2022,2346,3,1,08-12-2020 17:58,1
3283,28-10-2019,644,2,1,29-01-2022 13:15,1
3284,26-06-2020,70,4,1,16-08-2023 16:22,1
3285,30-08-2019,208,5,1,09-12-2019 19:17,1
3286,12-08-2023,1967,4,1,08-10-2021 12:37,1
3287,30-08-2022,1193,2,1,24-10-2023 12:58,1
3288,11-01-2019,1080,5,1,22-09-2020 14:17,1
3289,01-05-2023,1098,5,1,03-09-2019 17:58,1
3290,27-06-2021,2520,2,1,17-09-2022 12:17,1
3291,10-08-2019,2013,3,1,27-12-2020 12:38,1
3292,04-08-2021,573,4,1,28-04-2021 13:37,1
3293,31-01-2020,1972,2,1,19-11-2023 14:28,1
3294,06-03-2019,781,1,1,14-06-2022 18:33,1
3295,01-09-2022,856,5,1,10-11-2020 15:30,1
3296,13-08-2019,2106,4,1,09-02-2022 13:46,1
3297,13-11-2023,494,4,1,04-02-2023 15:48,1
3298,26-08-2021,1415,2,1,23-05-2023 15:08,1
3299,09-09-2019,554,2,1,06-05-2021 17:55,1
3300,25-12-2023,2329,3,1,19-02-2022 15:21,1
3301,20-04-2019,122,2,1,30-09-2020 11:03,1
3302,30-11-2019,1882,5,1,19-04-2023 17:44,1
3303,10-10-2021,1409,2,1,01-05-2021 16:45,1
3304,02-12-2020,865,1,1,22-08-2019 12:24,1
3305,11-05-2019,1826,2,1,20-09-2022 18:30,1
3306,26-08-2023,1609,5,1,07-02-2020 16:22,1
3307,27-06-2022,1334,4,1,07-02-2021 18:32,1
3308,12-05-2021,1271,4,1,02-03-2023 12:28,1
3309,07-12-2022,1418,5,1,11-03-2020 10:25,1
3310,27-10-2022,54,3,1,15-05-2019 19:32,1
3311,19-05-2019,1673,3,1,22-05-2020 10:59,1
3312,26-04-2022,2396,2,1,27-02-2021 15:09,1
3313,13-04-2023,1088,4,1,07-11-2020 15:47,1
3314,16-02-2020,527,4,1,15-12-2021 15:58,1
3315,12-02-2020,777,5,1,17-12-2023 10:28,1
3316,07-09-2022,2140,4,1,31-01-2023 18:55,1
3317,03-08-2022,1134,5,1,06-08-2023 17:08,1
3318,18-01-2023,1226,5,1,15-01-2019 16:37,1
3319,25-04-2023,1159,2,1,15-04-2022 10:09,1
3320,14-10-2022,2112,3,1,12-10-2019 16:38,1
3321,22-04-2020,1233,4,1,13-11-2023 16:40,1
3322,13-09-2019,874,1,1,21-09-2022 16:06,1
3323,02-05-2021,543,3,1,01-06-2020 18:22,1
3324,21-08-2023,1271,2,1,27-03-2019 14:40,1
3325,24-04-2023,1101,3,1,07-10-2020 17:47,1
3326,20-08-2020,230,5,1,02-05-2019 16:08,1
3327,25-12-2020,695,5,1,31-07-2020 12:52,1
3328,25-12-2020,1725,2,1,20-07-2019 12:59,1
3329,11-10-2020,513,2,1,29-06-2020 17:04,1
3330,13-12-2022,1795,2,1,21-05-2023 17:42,1
3331,03-01-2023,524,4,1,13-05-2020 17:16,1
3332,23-01-2019,481,2,1,28-01-2023 14:09,1
3333,10-03-2023,1817,5,1,02-02-2022 17:27,1
3334,02-03-2022,1798,1,1,23-04-2023 12:01,1
3335,03-11-2019,919,2,1,26-12-2022 10:34,1
3336,02-03-2019,146,3,1,26-09-2023 13:50,1
3337,26-01-2023,2117,1,1,12-12-2023 15:03,1
3338,08-12-2021,2352,4,1,14-04-2020 17:45,1
3339,26-09-2021,1748,2,1,11-10-2021 10:23,1
3340,09-08-2022,711,4,1,21-03-2023 18:56,1
3341,15-02-2021,2357,2,1,21-08-2023 12:08,1
3342,26-01-2023,579,2,1,08-04-2021 11:40,1
3343,30-04-2022,2523,1,1,27-02-2022 11:06,1
3344,20-10-2019,2459,1,1,27-07-2020 19:58,1
3345,09-02-2023,612,3,1,13-03-2019 13:44,1
3346,26-08-2020,1292,5,1,16-04-2023 11:59,1
3347,28-08-2019,838,3,1,11-04-2023 15:27,1
3348,02-08-2022,908,5,1,24-10-2020 13:59,1
3349,29-05-2022,1881,5,1,10-01-2020 18:25,1
3350,22-07-2020,1101,2,1,29-07-2019 12:40,1
3351,13-12-2019,750,2,1,13-02-2020 17:56,1
3352,22-08-2020,57,1,1,04-08-2022 11:18,1
3353,29-03-2019,752,2,1,09-08-2022 18:20,1
3354,07-02-2022,1865,2,1,16-07-2022 13:03,1
3355,12-12-2023,457,2,1,21-05-2023 13:23,1
3356,08-07-2022,644,3,1,15-03-2022 11:02,1
3357,12-10-2023,1348,4,1,16-02-2020 13:32,1
3358,26-09-2020,2428,2,1,18-12-2022 18:02,1
3359,16-08-2019,1781,1,1,30-07-2020 14:16,1
3360,11-12-2019,2149,2,1,31-08-2019 13:59,1
3361,03-03-2020,1161,4,1,15-08-2020 14:09,1
3362,13-05-2023,600,2,1,09-01-2023 19:09,1
3363,25-09-2021,2332,1,1,16-05-2020 11:53,1
3364,26-04-2019,1342,3,1,08-04-2021 10:26,1
3365,04-01-2019,1937,2,1,26-08-2021 14:36,1
3366,20-07-2019,2335,3,1,15-09-2019 12:51,1
3367,17-07-2020,754,3,1,29-10-2023 15:40,1
3368,14-10-2021,2541,4,1,04-10-2020 15:49,1
3369,15-04-2020,2423,3,1,28-03-2020 13:22,1
3370,23-08-2022,2352,2,1,19-09-2019 18:52,1
3371,12-01-2019,2318,3,1,26-05-2020 10:10,1
3372,13-12-2019,2498,2,1,14-01-2019 14:46,1
3373,23-06-2019,1644,3,1,12-02-2023 19:32,1
3374,30-09-2023,2531,2,1,04-11-2021 13:02,1
3375,09-04-2021,43,2,1,19-09-2021 18:19,1
3376,09-12-2023,689,5,1,02-06-2019 11:59,1
3377,12-09-2020,1935,1,1,19-08-2021 18:41,1
3378,03-08-2020,2026,4,1,16-04-2019 12:46,1
3379,22-08-2020,487,2,1,31-01-2022 12:37,1
3380,29-09-2019,300,4,1,28-09-2020 16:37,1
3381,15-06-2020,2514,2,1,04-04-2021 16:43,1
3382,22-03-2021,1641,1,1,12-05-2020 10:06,1
3383,18-09-2023,1126,4,1,16-07-2021 10:37,1
3384,04-11-2020,2083,4,1,29-08-2019 13:19,1
3385,19-09-2023,579,2,1,30-04-2023 13:02,1
3386,07-12-2020,696,2,1,10-06-2020 13:00,1
3387,21-07-2022,153,5,1,13-08-2022 13:20,1
3388,07-03-2019,824,3,1,01-12-2019 19:13,1
3389,15-10-2023,1614,4,1,17-11-2022 11:54,1
3390,09-09-2019,2113,3,1,22-08-2023 16:57,1
3391,24-09-2021,797,5,1,13-05-2022 18:32,1
3392,24-08-2019,1777,2,1,16-03-2022 13:16,1
3393,14-01-2020,378,5,1,17-07-2021 19:53,1
3394,18-07-2023,755,3,1,04-06-2022 10:32,1
3395,10-05-2022,1717,4,1,11-02-2021 17:16,1
3396,15-08-2021,876,5,1,05-08-2021 10:58,1
3397,07-07-2019,1003,2,1,29-05-2021 12:44,1
3398,22-05-2020,95,1,1,14-11-2021 11:07,1
3399,28-07-2022,1932,5,1,20-05-2022 10:31,1
3400,19-02-2022,2120,2,1,27-11-2020 18:08,1
3401,28-11-2022,644,1,1,06-01-2021 14:53,1
3402,20-10-2022,1495,2,1,10-01-2022 10:25,1
3403,05-01-2022,2403,4,1,13-11-2023 16:18,1
3404,02-08-2022,1799,5,1,24-02-2020 16:53,1
3405,09-02-2019,2375,4,1,14-03-2022 10:04,1
3406,27-12-2023,93,3,1,25-06-2020 13:49,1
3407,21-11-2019,1135,1,1,18-01-2020 15:56,1
3408,10-05-2019,897,1,1,28-05-2020 17:27,1
3409,02-12-2023,1169,3,1,26-03-2020 13:33,1
3410,01-06-2022,1631,1,1,29-10-2023 16:05,1
3411,04-04-2019,1431,5,1,29-08-2023 13:52,1
3412,22-04-2021,2065,1,1,20-06-2019 18:13,1
3413,15-03-2020,1879,1,1,21-12-2021 15:05,1
3414,07-03-2020,1222,5,1,24-11-2021 16:10,1
3415,07-03-2020,61,4,1,27-09-2022 15:31,1
3416,30-12-2020,1114,2,1,14-02-2021 13:44,1
3417,03-01-2020,779,4,1,11-09-2020 13:04,1
3418,14-02-2022,2295,3,1,31-03-2022 18:17,1
3419,05-05-2022,290,5,1,15-11-2021 18:26,1
3420,25-12-2023,1327,5,1,30-08-2021 14:39,1
3421,05-12-2021,2438,2,1,26-01-2019 18:10,1
3422,06-03-2020,2278,4,1,14-03-2023 17:47,1
3423,12-01-2020,401,4,1,20-08-2020 17:13,1
3424,13-03-2021,439,1,1,09-06-2022 17:25,1
3425,30-11-2023,1800,4,1,05-06-2020 14:21,1
3426,24-12-2021,719,3,1,10-05-2020 12:19,1
3427,22-01-2022,1309,3,1,20-09-2022 16:41,1
3428,25-02-2022,989,1,1,13-10-2022 10:32,1
3429,31-03-2020,673,4,1,03-05-2022 17:13,1
3430,18-01-2023,2387,5,1,03-03-2023 18:51,1
3431,23-08-2021,177,4,1,24-06-2019 12:53,1
3432,07-08-2020,1111,2,1,23-12-2021 17:33,1
3433,19-12-2022,45,4,1,23-03-2020 17:40,1
3434,08-10-2020,289,3,1,03-06-2023 18:36,1
3435,21-06-2020,1313,2,1,02-06-2022 19:59,1
3436,12-03-2022,2487,1,1,12-06-2019 19:12,1
3437,24-03-2019,16,1,1,26-11-2020 14:34,1
3438,28-08-2023,2268,3,1,26-10-2019 12:05,1
3439,25-12-2019,220,2,1,23-03-2022 10:34,1
3440,08-06-2021,124,3,1,17-09-2019 17:41,1
3441,25-09-2023,845,5,1,08-09-2021 14:41,1
3442,29-12-2021,1751,4,1,17-11-2019 12:26,1
3443,20-05-2022,1665,5,1,20-12-2022 10:03,1
3444,16-09-2022,2480,2,1,07-05-2021 19:46,1
3445,14-12-2019,2076,1,1,23-08-2023 10:22,1
3446,10-05-2023,1747,1,1,11-02-2023 18:07,1
3447,20-04-2019,518,5,1,24-11-2019 14:46,1
3448,26-10-2021,1314,2,1,08-09-2021 16:00,1
3449,08-11-2021,1015,3,1,15-02-2023 11:23,1
3450,14-09-2019,2249,1,1,10-07-2021 17:32,1
3451,25-09-2019,577,2,1,23-12-2023 11:07,1
3452,22-06-2021,743,1,1,05-09-2019 19:24,1
3453,16-01-2020,2189,2,1,26-04-2023 12:15,1
3454,28-09-2023,2386,1,1,30-09-2023 19:59,1
3455,02-10-2022,1880,3,1,14-01-2021 16:31,1
3456,16-01-2020,1849,2,1,31-08-2022 12:59,1
3457,18-05-2019,1392,2,1,10-01-2023 16:47,1
3458,17-06-2020,1692,4,1,27-12-2021 10:34,1
3459,22-02-2020,1957,5,1,10-12-2019 17:01,1
3460,13-11-2023,1597,1,1,01-02-2021 11:47,1
3461,18-05-2019,2489,4,1,08-09-2022 19:00,1
3462,08-09-2022,499,1,1,22-12-2019 19:23,1
3463,01-01-2020,648,5,1,29-09-2020 12:23,1
3464,21-02-2019,1461,5,1,16-09-2020 11:09,1
3465,02-11-2022,625,5,1,19-05-2020 15:42,1
3466,03-02-2022,1251,3,1,10-02-2022 12:32,1
3467,08-02-2023,2173,4,1,29-06-2020 12:06,1
3468,04-06-2023,1592,5,1,23-07-2023 13:54,1
3469,19-05-2023,2455,3,1,21-01-2023 10:02,1
3470,13-09-2019,1005,5,1,24-07-2020 14:57,1
3471,01-05-2019,1218,3,1,13-11-2023 16:23,1
3472,21-02-2022,1037,5,1,21-10-2023 16:25,1
3473,29-06-2021,819,2,1,25-08-2019 10:32,1
3474,11-06-2020,1760,5,1,26-06-2021 11:31,1
3475,02-05-2021,602,3,1,27-07-2020 14:45,1
3476,22-12-2023,329,4,1,17-11-2023 19:04,1
3477,26-01-2020,1358,5,1,11-11-2019 17:36,1
3478,24-07-2022,944,2,1,10-02-2020 14:10,1
3479,02-03-2021,2180,4,1,09-07-2020 17:00,1
3480,10-09-2019,1347,3,1,21-02-2021 12:42,1
3481,17-07-2019,382,3,1,30-04-2021 19:44,1
3482,03-05-2021,1984,3,1,16-05-2021 11:19,1
3483,03-02-2021,201,5,1,14-02-2021 12:54,1
3484,02-11-2023,1790,3,1,08-06-2019 11:07,1
3485,08-02-2019,1606,5,1,26-05-2023 12:47,1
3486,10-01-2021,1867,2,1,15-04-2020 11:04,1
3487,17-02-2021,2449,5,1,12-02-2020 11:49,1
3488,27-06-2021,2373,1,1,09-04-2023 17:02,1
3489,19-05-2020,2316,4,1,15-02-2021 14:16,1
3490,25-12-2022,2065,5,1,20-09-2023 11:40,1
3491,01-09-2021,2390,4,1,26-02-2020 10:26,1
3492,05-04-2022,2431,2,1,13-01-2020 19:08,1
3493,26-01-2023,866,2,1,06-09-2022 18:31,1
3494,21-09-2023,1831,2,1,18-03-2020 10:03,1
3495,10-10-2019,1816,5,1,19-04-2022 14:21,1
3496,23-03-2020,582,4,1,05-12-2023 11:10,1
3497,13-06-2021,1910,3,1,20-01-2022 14:28,1
3498,12-06-2023,234,3,1,30-07-2023 19:13,1
3499,06-03-2020,2217,2,1,23-01-2021 17:47,1
3500,12-05-2022,2185,2,1,18-02-2022 18:20,1
3501,12-03-2021,949,4,1,31-08-2021 16:22,1
3502,30-04-2019,2150,5,1,15-12-2022 18:48,1
3503,17-04-2020,612,3,1,11-03-2022 15:22,1
3504,09-03-2021,1850,3,1,05-04-2021 13:33,1
3505,09-03-2020,1846,1,1,01-08-2019 13:02,1
3506,10-08-2022,973,2,1,17-01-2022 10:27,1
3507,26-01-2021,1018,4,1,10-11-2021 14:08,1
3508,19-06-2021,184,4,1,07-05-2022 10:44,1
3509,16-03-2022,2266,1,1,14-11-2023 19:41,1
3510,17-12-2023,399,1,1,25-03-2019 12:04,1
3511,15-03-2022,559,4,1,11-09-2022 17:05,1
3512,08-05-2022,2257,2,1,10-09-2021 14:17,1
3513,17-08-2022,2046,5,1,07-01-2019 11:00,1
3514,23-08-2020,1296,4,1,01-07-2021 14:31,1
3515,04-10-2020,2011,4,1,16-02-2022 14:51,1
3516,01-03-2022,2326,5,1,27-01-2021 11:26,1
3517,19-07-2019,161,1,1,19-03-2022 12:06,1
3518,28-02-2019,1111,2,1,21-07-2020 19:38,1
3519,30-03-2019,1017,3,1,09-05-2022 16:01,1
3520,02-02-2021,831,5,1,30-04-2019 13:50,1
3521,03-06-2022,704,1,1,20-04-2021 14:19,1
3522,12-11-2021,80,3,1,20-04-2023 13:26,1
3523,20-05-2022,2544,3,1,24-05-2020 12:47,1
3524,09-08-2021,2212,4,1,09-01-2019 16:34,1
3525,28-05-2022,894,2,1,17-11-2021 19:11,1
3526,28-06-2021,183,5,1,10-10-2020 12:10,1
3527,11-01-2023,2187,2,1,14-05-2019 10:30,1
3528,08-11-2021,717,1,1,01-06-2023 12:36,1
3529,19-06-2023,1580,1,1,22-08-2022 19:35,1
3530,29-09-2020,2244,1,1,10-12-2019 18:55,1
3531,01-12-2019,350,4,1,06-11-2022 15:59,1
3532,12-04-2020,213,4,1,02-04-2022 14:14,1
3533,14-09-2019,406,2,1,03-03-2023 13:34,1
3534,21-01-2020,1979,5,1,30-01-2021 10:14,1
3535,10-09-2019,533,5,1,09-01-2019 16:45,1
3536,20-06-2020,109,5,1,15-06-2020 13:39,1
3537,16-06-2023,402,1,1,26-09-2022 16:54,1
3538,11-10-2019,513,4,1,16-04-2020 13:34,1
3539,17-04-2020,534,1,1,19-06-2021 15:05,1
3540,12-05-2019,1643,3,1,29-02-2020 14:08,1
3541,02-10-2020,1558,5,1,24-04-2022 11:56,1
3542,20-10-2021,2059,1,1,08-08-2019 10:47,1
3543,10-09-2019,411,1,1,26-11-2021 12:13,1
3544,30-09-2022,100,4,1,24-02-2021 19:48,1
3545,08-01-2021,1379,2,1,01-08-2019 16:00,1
3546,26-06-2021,410,1,1,26-05-2021 11:20,1
3547,23-05-2019,170,3,1,21-10-2021 11:57,1
3548,24-04-2022,2170,2,1,27-08-2020 13:13,1
3549,18-01-2022,1392,2,1,17-12-2021 15:30,1
3550,15-06-2022,1015,4,1,19-04-2021 17:39,1
3551,01-08-2023,890,4,1,09-08-2023 11:55,1
3552,04-04-2021,283,4,1,28-03-2021 12:13,1
3553,28-06-2021,1282,1,1,12-04-2022 15:17,1
3554,28-03-2021,2279,1,1,20-10-2020 15:28,1
3555,15-09-2021,73,2,1,12-09-2019 18:34,1
3556,24-04-2021,372,4,1,13-11-2021 16:09,1
3557,24-01-2022,1234,4,1,22-06-2021 16:30,1
3558,06-05-2021,269,1,1,04-03-2020 13:12,1
3559,21-09-2020,871,4,1,12-11-2022 11:32,1
3560,17-10-2019,1523,4,1,05-04-2020 19:29,1
3561,11-05-2022,2148,4,1,01-04-2019 16:17,1
3562,25-05-2020,56,1,1,26-08-2022 18:00,1
3563,07-06-2023,840,2,1,01-05-2023 17:41,1
3564,08-12-2021,1230,2,1,18-01-2023 14:25,1
3565,08-11-2022,1714,4,1,30-03-2021 13:09,1
3566,01-11-2021,1471,2,1,23-10-2023 11:09,1
3567,06-06-2022,2279,3,1,06-08-2023 14:08,1
3568,16-01-2022,1552,2,1,26-09-2022 14:59,1
3569,13-09-2021,1495,1,1,14-11-2021 17:15,1
3570,11-07-2023,783,3,1,01-03-2022 19:52,1
3571,28-07-2022,2409,3,1,13-04-2019 10:06,1
3572,04-09-2019,1890,2,1,15-03-2023 12:11,1
3573,24-09-2019,2205,1,1,26-04-2019 15:16,1
3574,30-08-2021,1724,4,1,30-04-2020 12:32,1
3575,26-03-2019,2190,1,1,30-01-2022 13:29,1
3576,11-07-2022,1200,2,1,25-02-2022 13:56,1
3577,28-04-2022,2203,2,1,13-09-2022 15:50,1
3578,04-12-2023,31,1,1,10-05-2021 14:51,1
3579,09-05-2023,2171,5,1,24-03-2019 13:49,1
3580,10-12-2023,1032,1,1,26-01-2022 13:33,1
3581,12-11-2021,780,1,1,27-05-2022 18:37,1
3582,09-06-2019,1625,4,1,26-08-2019 12:39,1
3583,13-04-2020,2019,4,1,03-09-2021 11:52,1
3584,07-03-2023,42,5,1,21-01-2022 12:15,1
3585,06-07-2019,1348,4,1,14-09-2023 10:33,1
3586,15-08-2021,1474,4,1,26-06-2022 17:11,1
3587,05-04-2021,1227,5,1,30-11-2023 12:04,1
3588,05-03-2021,2341,5,1,30-04-2022 11:47,1
3589,11-12-2022,1350,2,1,01-03-2020 19:33,1
3590,19-09-2021,2423,1,1,29-07-2023 10:47,1
3591,18-10-2021,2114,1,1,20-03-2021 10:17,1
3592,30-10-2022,1530,3,1,07-04-2021 12:40,1
3593,30-11-2019,1910,2,1,15-11-2021 10:34,1
3594,01-09-2020,135,4,1,17-03-2019 19:11,1
3595,12-06-2019,63,5,1,08-09-2023 10:02,1
3596,14-12-2022,1833,1,1,16-09-2022 10:02,1
3597,24-12-2021,2461,5,1,08-03-2023 10:42,1
3598,12-07-2019,467,1,1,12-12-2023 17:58,1
3599,31-05-2022,1743,1,1,16-03-2020 14:04,1
3600,06-09-2022,1557,3,1,07-08-2019 13:15,1
3601,07-05-2020,922,2,1,02-01-2023 18:55,1
3602,17-04-2023,280,2,1,09-02-2021 15:53,1
3603,28-09-2022,905,2,1,10-12-2020 18:24,1
3604,18-04-2023,2098,4,1,17-11-2022 18:10,1
3605,02-11-2023,608,1,1,02-05-2019 18:23,1
3606,03-09-2019,783,4,1,04-09-2023 19:54,1
3607,13-08-2019,1964,4,1,01-03-2022 13:38,1
3608,18-09-2019,1227,5,1,08-03-2021 18:43,1
3609,18-10-2023,2267,5,1,28-05-2019 17:29,1
3610,08-09-2022,345,3,1,12-01-2019 19:31,1
3611,11-09-2022,1333,3,1,16-11-2019 17:06,1
3612,05-11-2021,2173,1,1,21-08-2021 13:43,1
3613,28-08-2020,488,3,1,11-10-2021 16:37,1
3614,04-08-2021,247,4,1,21-06-2019 10:51,1
3615,31-07-2021,94,1,1,21-03-2023 14:01,1
3616,07-09-2020,1740,4,1,27-01-2021 15:41,1
3617,18-02-2023,2508,3,1,19-01-2021 14:44,1
3618,19-03-2019,2446,1,1,15-09-2019 15:44,1
3619,17-12-2021,2146,1,1,11-04-2019 10:59,1
3620,01-11-2023,310,2,1,22-05-2023 15:58,1
3621,29-12-2022,291,5,1,12-03-2019 17:47,1
3622,26-01-2019,1149,2,1,15-01-2023 16:01,1
3623,17-08-2022,107,1,1,08-10-2023 17:27,1
3624,24-02-2020,1744,5,1,26-10-2021 12:53,1
3625,19-08-2020,1424,5,1,09-06-2020 17:18,1
3626,26-08-2023,2305,2,1,09-12-2020 16:34,1
3627,28-12-2019,2148,2,1,11-06-2019 10:57,1
3628,31-08-2019,2013,4,1,08-08-2019 11:26,1
3629,08-03-2023,1268,5,1,31-12-2022 18:42,1
3630,26-08-2021,1138,1,1,03-08-2022 17:42,1
3631,20-03-2019,1158,1,1,17-03-2023 13:57,1
3632,07-01-2023,1317,3,1,16-04-2021 16:54,1
3633,04-02-2022,2346,4,1,07-06-2023 19:30,1
3634,29-07-2019,2406,1,1,19-07-2020 14:01,1
3635,16-06-2023,2526,2,1,22-03-2020 15:34,1
3636,03-04-2022,2333,5,1,29-03-2019 13:22,1
3637,03-05-2020,2012,4,1,26-06-2020 15:39,1
3638,06-05-2022,1255,3,1,24-10-2023 14:03,1
3639,25-09-2019,490,4,1,19-11-2020 16:15,1
3640,23-06-2019,1220,2,1,11-05-2020 15:52,1
3641,22-08-2021,770,1,1,18-10-2020 19:14,1
3642,31-12-2022,421,1,1,19-04-2021 18:37,1
3643,24-08-2022,279,3,1,21-06-2020 10:56,1
3644,21-10-2022,1422,2,1,20-06-2021 18:26,1
3645,27-01-2019,1943,4,1,03-01-2019 14:29,1
3646,09-08-2019,801,4,1,30-07-2022 15:46,1
3647,05-06-2021,1563,4,1,22-02-2023 19:41,1
3648,16-04-2020,1364,4,1,25-04-2022 17:54,1
3649,07-08-2019,629,1,1,25-05-2020 12:09,1
3650,25-09-2021,2272,5,1,09-03-2019 12:24,1
3651,09-07-2022,1150,2,1,16-06-2021 15:34,1
3652,24-11-2021,2221,3,1,25-01-2023 16:12,1
3653,03-12-2023,2169,5,1,18-02-2019 17:36,1
3654,22-02-2019,146,5,1,09-10-2021 15:34,1
3655,25-09-2022,2212,2,1,25-08-2019 16:49,1
3656,24-10-2022,2114,5,1,25-02-2022 10:06,1
3657,24-07-2020,2238,5,1,10-09-2021 13:19,1
3658,09-07-2020,2108,2,1,13-07-2022 15:23,1
3659,13-11-2023,1427,2,1,26-03-2022 15:59,1
3660,24-09-2021,2162,1,1,30-09-2023 14:31,1
3661,23-06-2020,106,4,1,18-11-2021 18:58,1
3662,27-10-2021,1373,3,1,21-11-2020 18:54,1
3663,11-12-2023,2011,4,1,06-11-2021 11:03,1
3664,09-10-2019,2223,5,1,21-03-2019 14:19,1
3665,12-04-2020,204,4,1,22-01-2023 15:32,1
3666,13-07-2020,2344,5,1,10-12-2021 19:11,1
3667,14-07-2019,654,4,1,10-10-2021 17:49,1
3668,23-08-2021,2545,3,1,23-10-2020 18:16,1
3669,20-02-2019,2094,3,1,10-10-2023 10:41,1
3670,04-04-2023,635,4,1,10-12-2023 17:37,1
3671,10-04-2019,192,2,1,18-01-2023 15:24,1
3672,29-06-2021,1829,1,1,13-12-2021 18:08,1
3673,16-10-2023,1646,2,1,15-10-2022 19:41,1
3674,18-11-2019,1194,1,1,11-08-2021 18:43,1
3675,28-07-2023,1467,5,1,29-09-2023 12:32,1
3676,05-10-2022,401,5,1,09-08-2021 13:15,1
3677,30-11-2020,1818,2,1,28-01-2021 12:28,1
3678,06-05-2022,871,5,1,27-07-2019 12:34,1
3679,24-06-2022,215,5,1,23-04-2023 18:13,1
3680,29-05-2019,834,1,1,08-10-2019 14:02,1
3681,23-08-2023,790,2,1,27-11-2021 12:23,1
3682,07-08-2020,2352,5,1,18-06-2023 12:29,1
3683,24-12-2022,2371,1,1,03-11-2023 14:59,1
3684,18-10-2020,851,3,1,17-08-2023 14:03,1
3685,18-10-2020,154,2,1,09-02-2022 19:27,1
3686,07-01-2023,867,5,1,16-12-2022 11:41,1
3687,04-02-2019,1414,1,1,22-11-2023 12:57,1
3688,05-01-2019,404,1,1,15-09-2021 10:34,1
3689,07-08-2023,2203,1,1,08-01-2023 12:21,1
3690,20-08-2020,1899,1,1,31-01-2019 13:19,1
3691,21-02-2020,1170,5,1,06-09-2020 15:39,1
3692,23-09-2022,1561,5,1,31-12-2019 11:41,1
3693,19-02-2021,119,1,1,02-09-2021 17:05,1
3694,07-10-2019,1325,3,1,18-02-2022 11:47,1
3695,02-09-2023,2224,4,1,10-08-2023 10:43,1
3696,08-04-2021,1993,1,1,29-10-2022 13:47,1
3697,25-01-2022,227,4,1,14-11-2020 11:16,1
3698,31-05-2020,1479,1,1,10-11-2022 14:16,1
3699,21-04-2021,1145,3,1,20-09-2021 11:13,1
3700,04-03-2022,1068,2,1,23-11-2019 15:10,1
3701,09-07-2022,2502,2,1,13-07-2020 12:13,1
3702,29-01-2023,2048,2,1,26-11-2022 11:57,1
3703,17-06-2020,828,2,1,26-11-2023 15:03,1
3704,02-08-2023,425,1,1,26-02-2022 13:45,1
3705,07-05-2022,1735,2,1,29-11-2020 16:09,1
3706,23-08-2022,1912,4,1,26-08-2023 18:07,1
3707,25-11-2021,1009,5,1,12-08-2020 14:00,1
3708,13-08-2021,43,2,1,04-04-2021 11:03,1
3709,21-12-2019,1118,2,1,03-05-2021 10:22,1
3710,04-08-2021,1764,4,1,11-10-2020 14:32,1
3711,02-02-2023,1035,3,1,21-07-2020 10:45,1
3712,24-06-2020,206,4,1,31-05-2021 14:27,1
3713,24-08-2020,799,4,1,19-09-2021 19:11,1
3714,26-10-2022,1130,1,1,14-03-2022 12:36,1
3715,05-08-2022,2355,5,1,22-05-2023 10:47,1
3716,04-09-2021,213,5,1,09-07-2019 19:13,1
3717,29-09-2019,1541,2,1,05-07-2020 13:08,1
3718,18-01-2020,383,3,1,19-03-2022 19:43,1
3719,06-03-2020,916,1,1,28-06-2020 18:26,1
3720,28-05-2021,1319,5,1,01-06-2023 14:30,1
3721,23-03-2023,314,5,1,02-03-2020 18:57,1
3722,21-07-2019,1728,1,1,24-07-2019 12:22,1
3723,23-10-2019,1883,4,1,13-03-2021 12:30,1
3724,02-03-2021,703,4,1,23-08-2019 11:54,1
3725,29-11-2019,462,1,1,12-07-2021 14:17,1
3726,10-03-2020,28,1,1,30-11-2022 13:48,1
3727,29-04-2019,1923,1,1,18-07-2019 10:00,1
3728,10-07-2021,467,2,1,01-06-2022 10:35,1
3729,15-02-2020,1542,4,1,14-12-2021 11:45,1
3730,30-03-2023,2263,5,1,31-05-2019 15:20,1
3731,16-07-2019,173,4,1,10-12-2023 14:29,1
3732,14-01-2021,1561,4,1,04-08-2021 19:01,1
3733,21-10-2019,1583,5,1,13-07-2022 19:04,1
3734,10-07-2022,1811,3,1,21-06-2021 19:32,1
3735,27-05-2021,334,1,1,16-08-2021 18:50,1
3736,04-07-2020,2418,4,1,23-01-2020 10:39,1
3737,04-05-2023,2194,1,1,19-05-2022 11:45,1
3738,24-06-2021,623,1,1,28-01-2020 15:43,1
3739,07-01-2019,2470,3,1,04-04-2021 16:54,1
3740,29-09-2021,1970,2,1,01-09-2020 18:55,1
3741,10-04-2019,770,2,1,24-09-2023 17:00,1
3742,14-05-2023,789,4,1,19-05-2022 14:51,1
3743,14-04-2019,9,5,1,13-03-2020 18:37,1
3744,04-07-2020,1905,3,1,18-06-2022 19:26,1
3745,15-10-2019,2008,2,1,23-09-2020 19:45,1
3746,19-03-2019,1467,1,1,30-10-2020 10:23,1
3747,07-01-2019,1794,4,1,02-12-2019 19:49,1
3748,14-04-2022,427,3,1,28-01-2021 16:16,1
3749,31-10-2021,475,3,1,06-03-2023 18:41,1
3750,24-09-2021,1129,5,1,17-04-2020 19:12,1
3751,01-12-2022,625,4,1,16-12-2020 19:55,1
3752,09-07-2021,221,4,1,18-02-2019 16:26,1
3753,01-02-2022,686,4,1,12-06-2021 11:31,1
3754,24-05-2020,1043,1,1,16-07-2021 11:02,1
3755,21-12-2023,2008,3,1,03-12-2019 17:33,1
3756,11-03-2020,1700,5,1,01-02-2019 12:14,1
3757,24-02-2020,95,5,1,19-12-2020 18:25,1
3758,01-10-2019,2466,2,1,20-06-2019 16:02,1
3759,23-10-2019,630,2,1,13-07-2019 12:43,1
3760,24-01-2019,171,1,1,04-10-2020 15:29,1
3761,12-03-2023,1099,3,1,11-11-2020 18:10,1
3762,08-09-2022,651,2,1,16-07-2019 10:11,1
3763,13-04-2021,2216,4,1,09-10-2020 16:47,1
3764,15-06-2022,817,1,1,02-12-2023 10:17,1
3765,26-01-2019,376,5,1,25-02-2022 10:10,1
3766,11-10-2022,807,5,1,20-02-2023 12:15,1
3767,05-05-2019,498,2,1,13-04-2023 13:49,1
3768,17-07-2021,1726,5,1,16-07-2023 13:10,1
3769,21-05-2023,858,4,1,29-10-2021 15:53,1
3770,15-12-2023,985,1,1,28-11-2020 11:04,1
3771,22-02-2022,757,2,1,21-01-2023 19:06,1
3772,10-01-2022,2029,2,1,28-12-2023 18:06,1
3773,16-06-2021,513,3,1,15-03-2020 19:48,1
3774,06-10-2019,2203,5,1,03-08-2023 11:25,1
3775,21-07-2020,405,1,1,19-02-2020 16:09,1
3776,18-05-2019,1549,4,1,14-07-2023 11:26,1
3777,08-01-2023,419,1,1,21-08-2021 16:44,1
3778,08-10-2020,2122,5,1,01-04-2021 11:19,1
3779,03-12-2023,83,3,1,24-08-2019 16:50,1
3780,07-08-2022,1609,3,1,26-07-2023 14:35,1
3781,01-03-2021,552,5,1,14-06-2021 11:58,1
3782,22-02-2023,805,1,1,09-02-2021 13:55,1
3783,05-02-2021,1141,5,1,31-12-2022 17:53,1
3784,14-12-2022,962,1,1,01-05-2020 17:40,1
3785,24-04-2019,574,5,1,18-11-2021 11:51,1
3786,23-04-2022,2356,2,1,20-09-2021 16:38,1
3787,20-11-2020,2214,5,1,13-02-2019 13:53,1
3788,13-01-2020,847,1,1,17-03-2019 12:28,1
3789,07-12-2021,2015,5,1,13-11-2022 14:10,1
3790,01-10-2021,2274,1,1,03-12-2022 12:17,1
3791,14-02-2021,639,3,1,25-09-2023 15:15,1
3792,27-10-2019,1642,3,1,25-08-2022 19:13,1
3793,06-02-2023,615,1,1,04-03-2019 12:58,1
3794,03-01-2023,2423,5,1,26-04-2020 14:22,1
3795,09-10-2023,1824,5,1,21-07-2021 11:56,1
3796,11-07-2020,1750,1,1,10-08-2022 18:20,1
3797,18-02-2021,1894,1,1,09-07-2019 15:02,1
3798,22-07-2021,1061,4,1,15-02-2020 15:30,1
3799,07-08-2021,1871,4,1,07-11-2023 13:03,1
3800,17-07-2020,2081,5,1,18-03-2023 13:55,1
3801,13-04-2023,855,4,1,06-07-2019 19:57,1
3802,21-03-2022,179,5,1,17-02-2022 14:21,1
3803,05-03-2019,797,3,1,21-12-2020 16:50,1
3804,03-06-2023,1271,2,1,23-12-2019 10:01,1
3805,15-06-2022,118,3,1,07-04-2019 11:05,1
3806,10-09-2022,420,5,1,15-08-2019 18:10,1
3807,01-11-2022,1583,2,1,08-08-2022 19:39,1
3808,12-11-2020,650,4,1,28-10-2019 14:48,1
3809,24-12-2023,462,1,1,10-10-2023 14:05,1
3810,01-05-2022,782,3,1,30-07-2020 10:32,1
3811,04-01-2019,547,4,1,16-04-2023 15:34,1
3812,21-05-2023,1242,4,1,20-02-2021 19:51,1
3813,23-01-2019,354,5,1,26-12-2022 11:33,1
3814,05-09-2023,1985,2,1,01-05-2023 18:24,1
3815,26-08-2019,389,4,1,16-12-2022 15:16,1
3816,26-08-2023,494,1,1,06-09-2023 13:59,1
3817,09-01-2019,2235,4,1,28-10-2023 11:07,1
3818,12-01-2021,1565,4,1,10-09-2022 14:42,1
3819,26-03-2020,1415,3,1,05-04-2023 19:34,1
3820,31-12-2022,540,2,1,22-12-2023 13:09,1
3821,17-09-2023,316,5,1,26-01-2023 12:51,1
3822,20-11-2019,2543,2,1,04-05-2022 18:17,1
3823,31-08-2020,1673,2,1,31-08-2020 12:12,1
3824,26-12-2019,300,5,1,03-08-2019 15:43,1
3825,06-06-2021,163,4,1,24-12-2019 10:59,1
3826,28-12-2023,977,5,1,18-03-2022 12:25,1
3827,23-06-2020,1808,3,1,29-12-2023 16:24,1
3828,15-03-2021,2479,2,1,28-11-2021 16:02,1
3829,12-08-2023,2320,5,1,15-10-2021 11:58,1
3830,02-07-2019,1092,1,1,18-10-2023 19:59,1
3831,28-01-2022,1319,5,1,09-05-2022 14:42,1
3832,28-02-2023,2027,5,1,16-06-2021 15:41,1
3833,23-03-2021,2204,2,1,24-03-2022 14:57,1
3834,17-05-2021,2541,3,1,14-11-2023 11:00,1
3835,08-03-2021,638,3,1,18-04-2023 18:42,1
3836,10-03-2021,1244,5,1,23-09-2022 13:15,1
3837,24-03-2023,1367,2,1,18-09-2022 15:12,1
3838,16-03-2019,1989,2,1,21-11-2022 13:12,1
3839,13-11-2022,1321,5,1,07-04-2021 12:38,1
3840,17-10-2023,521,1,1,10-01-2019 14:34,1
3841,23-10-2021,389,2,1,12-08-2023 11:14,1
3842,17-04-2020,1925,3,1,28-08-2021 17:46,1
3843,12-04-2022,2146,1,1,10-04-2023 13:46,1
3844,28-02-2020,2213,4,1,09-08-2021 10:49,1
3845,17-11-2019,872,5,1,14-11-2023 10:44,1
3846,31-05-2021,2468,4,1,10-09-2023 16:27,1
3847,21-07-2023,964,2,1,06-05-2023 19:29,1
3848,26-11-2021,1687,1,1,23-05-2023 19:46,1
3849,24-10-2022,1049,5,1,03-11-2020 16:55,1
3850,31-12-2021,1630,2,1,02-09-2022 11:02,1
3851,26-11-2021,2283,3,1,11-11-2023 15:58,1
3852,15-04-2019,72,1,1,28-02-2022 16:38,1
3853,04-08-2019,913,3,1,13-09-2019 16:19,1
3854,07-07-2023,122,2,1,23-11-2019 12:37,1
3855,13-02-2022,65,4,1,12-10-2019 14:30,1
3856,26-11-2023,799,2,1,12-07-2022 12:16,1
3857,30-11-2023,1023,5,1,19-01-2020 10:29,1
3858,06-11-2021,1856,4,1,04-10-2021 14:54,1
3859,20-11-2021,834,4,1,25-03-2023 18:00,1
3860,12-08-2019,1031,5,1,25-10-2022 11:49,1
3861,22-05-2020,2038,3,1,06-05-2021 12:07,1
3862,03-08-2023,2489,3,1,15-07-2021 14:41,1
3863,19-06-2019,1550,1,1,31-10-2022 14:11,1
3864,12-05-2023,553,4,1,12-04-2022 15:21,1
3865,29-05-2022,2486,2,1,25-01-2019 10:46,1
3866,11-09-2022,1929,4,1,18-02-2019 16:00,1
3867,28-08-2023,59,4,1,16-01-2023 10:28,1
3868,10-04-2020,2458,2,1,10-05-2023 12:26,1
3869,12-08-2023,1232,2,1,19-08-2021 12:06,1
3870,14-04-2019,2178,1,1,10-11-2023 14:06,1
3871,01-09-2019,1610,1,1,11-11-2020 13:15,1
3872,20-07-2023,2518,1,1,20-04-2021 13:58,1
3873,19-08-2022,1670,4,1,22-12-2021 14:08,1
3874,08-08-2019,1864,5,1,18-12-2022 12:39,1
3875,13-05-2021,2478,5,1,08-05-2022 13:07,1
3876,15-05-2020,207,2,1,29-11-2019 12:22,1
3877,22-12-2019,1856,3,1,09-01-2021 14:54,1
3878,09-06-2020,1741,1,1,16-12-2020 11:23,1
3879,26-08-2023,694,5,1,02-06-2022 17:30,1
3880,19-06-2020,2183,5,1,02-08-2023 15:10,1
3881,29-10-2020,2116,2,1,29-12-2019 17:52,1
3882,08-08-2022,1814,1,1,09-12-2020 14:07,1
3883,02-08-2020,356,5,1,03-07-2021 19:24,1
3884,24-09-2023,525,1,1,05-10-2020 11:26,1
3885,16-09-2021,1084,5,1,21-08-2022 14:32,1
3886,08-07-2022,250,3,1,02-03-2023 18:30,1
3887,17-12-2019,622,2,1,18-08-2019 18:06,1
3888,30-04-2021,1755,1,1,08-04-2022 16:15,1
3889,16-12-2019,1421,3,1,27-08-2022 19:58,1
3890,14-05-2022,1450,2,1,15-11-2022 18:39,1
3891,08-08-2022,456,1,1,31-12-2023 18:31,1
3892,29-05-2021,362,4,1,29-02-2020 16:48,1
3893,14-02-2022,118,5,1,07-03-2019 13:49,1
3894,09-10-2019,2008,4,1,05-07-2019 15:07,1
3895,08-02-2022,2314,4,1,02-08-2021 13:20,1
3896,20-12-2022,169,1,1,20-07-2020 17:45,1
3897,10-11-2020,1302,4,1,02-02-2022 16:31,1
3898,01-07-2022,163,3,1,02-05-2020 15:32,1
3899,29-04-2020,1203,4,1,16-03-2022 14:22,1
3900,02-01-2019,1963,3,1,24-09-2019 16:23,1
3901,04-03-2023,2535,1,1,29-11-2023 16:00,1
3902,05-06-2020,264,2,1,14-12-2020 13:17,1
3903,13-11-2019,219,5,1,02-04-2019 15:14,1
3904,04-05-2021,160,3,1,31-08-2019 12:23,1
3905,15-06-2020,2242,5,1,07-11-2020 18:15,1
3906,09-01-2020,2227,1,1,21-09-2021 17:04,1
3907,01-05-2021,1076,1,1,07-10-2023 12:41,1
3908,19-07-2023,1836,5,1,03-12-2022 17:18,1
3909,29-10-2023,92,5,1,04-01-2021 16:38,1
3910,10-07-2019,1682,3,1,10-06-2021 18:37,1
3911,08-02-2020,2459,2,1,31-12-2021 15:46,1
3912,11-10-2020,57,3,1,13-02-2023 14:07,1
3913,18-09-2022,246,5,1,29-06-2022 15:00,1
3914,14-01-2023,1109,1,1,20-04-2023 19:46,1
3915,24-02-2019,693,3,1,24-07-2019 16:10,1
3916,09-06-2020,1712,1,1,02-05-2021 15:06,1
3917,04-10-2023,578,1,1,30-10-2019 15:52,1
3918,28-05-2019,501,5,1,21-02-2019 19:09,1
3919,26-09-2021,2398,2,1,26-05-2019 15:49,1
3920,02-12-2021,88,4,1,14-02-2021 18:37,1
3921,10-12-2023,1503,4,1,23-01-2020 11:40,1
3922,27-03-2022,2318,4,1,12-07-2020 13:11,1
3923,08-02-2023,405,5,1,03-06-2021 11:45,1
3924,24-02-2019,1028,2,1,21-11-2022 19:35,1
3925,31-05-2023,80,2,1,01-03-2023 11:11,1
3926,29-07-2022,1135,3,1,18-11-2023 18:54,1
3927,28-08-2023,2235,1,1,29-07-2021 13:34,1
3928,14-04-2019,203,5,1,24-03-2023 14:41,1
3929,29-09-2021,6,1,1,19-01-2022 18:30,1
3930,30-04-2021,1807,4,1,13-04-2019 16:53,1
3931,03-10-2022,1685,3,1,07-08-2023 10:48,1
3932,11-06-2021,1714,3,1,20-01-2023 19:43,1
3933,22-12-2020,1944,5,1,27-08-2020 13:46,1
3934,26-07-2019,1111,1,1,15-02-2022 11:23,1
3935,30-12-2022,2271,4,1,04-05-2022 13:04,1
3936,30-10-2019,510,2,1,03-11-2019 13:49,1
3937,04-01-2023,813,4,1,26-03-2023 10:36,1
3938,12-08-2021,454,3,1,11-02-2020 19:40,1
3939,29-08-2023,269,4,1,30-09-2021 13:23,1
3940,22-08-2021,150,1,1,11-09-2022 12:58,1
3941,02-10-2020,375,2,1,15-02-2019 11:13,1
3942,05-03-2019,1834,3,1,06-11-2019 18:37,1
3943,03-11-2020,552,1,1,22-12-2019 13:07,1
3944,06-08-2023,308,1,1,28-08-2019 17:13,1
3945,18-03-2020,1222,1,1,29-05-2022 19:06,1
3946,16-06-2021,2518,5,1,21-03-2019 19:42,1
3947,10-10-2022,329,3,1,15-09-2019 14:34,1
3948,16-04-2022,1658,5,1,13-05-2021 14:59,1
3949,15-09-2019,73,1,1,18-06-2021 10:02,1
3950,17-08-2021,1202,2,1,10-05-2019 18:06,1
3951,18-03-2023,2257,4,1,31-07-2021 12:02,1
3952,27-03-2023,214,4,1,14-09-2021 17:04,1
3953,05-08-2019,49,2,1,15-01-2023 15:02,1
3954,26-11-2021,1429,1,1,24-10-2019 18:12,1
3955,09-01-2019,2285,5,1,08-06-2021 18:34,1
3956,20-05-2022,2294,5,1,23-10-2022 15:51,1
3957,15-01-2021,1554,1,1,11-06-2019 16:59,1
3958,05-11-2020,185,4,1,03-05-2021 12:42,1
3959,01-01-2019,101,1,1,10-11-2019 14:23,1
3960,23-06-2021,2033,5,1,23-02-2020 18:52,1
3961,04-10-2023,1248,2,1,04-04-2021 19:49,1
3962,20-06-2021,574,4,1,26-08-2019 16:10,1
3963,13-11-2023,2447,3,1,25-04-2021 15:28,1
3964,28-02-2020,1022,3,1,06-07-2020 15:25,1
3965,03-02-2020,2097,4,1,04-01-2022 13:20,1
3966,05-12-2019,69,2,1,30-06-2019 18:08,1
3967,06-03-2023,574,4,1,11-02-2022 10:20,1
3968,20-06-2021,1460,1,1,27-01-2020 17:09,1
3969,12-11-2020,1298,3,1,25-01-2022 17:42,1
3970,02-10-2021,647,2,1,16-10-2022 16:27,1
3971,27-07-2019,1111,3,1,19-04-2021 14:13,1
3972,11-08-2021,1001,3,1,13-02-2019 15:00,1
3973,02-08-2021,1030,5,1,13-07-2022 11:50,1
3974,26-05-2023,832,5,1,03-03-2023 16:35,1
3975,22-03-2019,1045,1,1,17-04-2022 15:14,1
3976,30-08-2022,2195,1,1,02-10-2020 18:04,1
3977,11-01-2023,2232,5,1,25-01-2021 15:26,1
3978,19-07-2019,450,3,1,01-12-2023 15:05,1
3979,17-12-2023,576,1,1,21-11-2023 18:51,1
3980,07-08-2021,321,5,1,26-10-2023 14:50,1
3981,18-07-2021,1741,1,1,11-02-2020 13:31,1
3982,29-05-2021,870,5,1,21-07-2021 16:55,1
3983,14-03-2021,2400,3,1,02-07-2019 18:43,1
3984,09-09-2023,2488,5,1,26-02-2023 14:04,1
3985,18-11-2019,496,3,1,28-08-2022 14:47,1
3986,23-05-2022,1605,1,1,16-01-2019 10:20,1
3987,14-07-2020,1457,3,1,28-06-2021 12:41,1
3988,25-04-2021,2452,2,1,02-07-2022 15:13,1
3989,24-02-2020,60,4,1,06-05-2020 13:16,1
3990,29-06-2020,1897,3,1,15-08-2020 12:34,1
3991,12-02-2021,778,1,1,24-08-2019 16:32,1
3992,04-09-2022,2341,4,1,15-07-2021 15:18,1
3993,24-10-2021,1229,5,1,13-06-2019 16:58,1
3994,02-10-2020,689,4,1,29-12-2022 13:16,1
3995,17-03-2022,916,3,1,03-10-2023 15:04,1
3996,10-09-2020,2082,2,1,26-02-2020 18:14,1
3997,28-01-2023,92,1,1,10-02-2019 19:48,1
3998,17-09-2019,118,2,1,01-02-2020 14:52,1
3999,27-08-2023,2541,4,1,23-03-2021 19:07,1
4000,09-08-2019,1882,4,1,18-07-2019 14:01,1
4001,10-02-2020,254,4,1,07-02-2019 17:39,1
4002,27-08-2023,2410,3,1,10-09-2023 12:22,1
4003,08-08-2019,1633,2,1,11-09-2022 10:37,1
4004,04-09-2023,72,3,1,12-09-2022 16:26,1
4005,19-01-2021,828,2,1,06-01-2019 10:16,1
4006,01-06-2021,526,3,1,16-04-2020 17:35,1
4007,08-07-2022,1823,3,1,24-01-2023 16:36,1
4008,15-10-2020,656,2,1,25-12-2021 13:22,1
4009,15-03-2020,571,5,1,22-06-2021 16:23,1
4010,19-05-2020,1429,3,1,09-04-2023 12:57,1
4011,05-12-2023,948,2,1,06-08-2023 11:15,1
4012,20-10-2019,2380,1,1,19-01-2022 10:35,1
4013,13-10-2021,2330,4,1,12-09-2021 14:06,1
4014,15-10-2020,1516,2,1,15-08-2023 14:08,1
4015,14-04-2021,821,1,1,14-10-2023 19:18,1
4016,16-10-2022,562,1,1,29-04-2023 18:05,1
4017,17-03-2019,140,3,1,28-10-2021 12:59,1
4018,11-05-2020,206,2,1,04-02-2022 19:54,1
4019,23-08-2020,2320,4,1,13-04-2022 12:25,1
4020,18-08-2023,1388,3,1,18-01-2022 14:44,1
4021,16-04-2023,984,4,1,09-03-2019 13:02,1
4022,07-03-2022,1750,3,1,08-10-2020 13:34,1
4023,06-10-2023,2348,2,1,28-02-2019 12:46,1
4024,24-11-2020,89,3,1,26-01-2020 18:08,1
4025,06-09-2023,2538,2,1,16-03-2020 12:14,1
4026,05-01-2023,1505,3,1,31-03-2022 14:34,1
4027,20-09-2021,1810,4,1,11-05-2020 15:27,1
4028,13-09-2020,1764,4,1,24-02-2020 13:09,1
4029,12-11-2019,797,5,1,10-05-2020 19:11,1
4030,20-11-2022,2289,5,1,11-06-2022 14:09,1
4031,25-04-2021,1106,2,1,03-07-2021 16:20,1
4032,23-08-2021,771,3,1,13-06-2023 17:10,1
4033,22-03-2020,2177,4,1,31-05-2022 12:22,1
4034,25-05-2023,1888,1,1,03-01-2021 10:53,1
4035,05-02-2023,530,1,1,27-12-2023 12:18,1
4036,05-02-2023,1834,2,1,14-11-2023 13:23,1
4037,24-04-2022,1553,1,1,15-05-2022 17:38,1
4038,20-05-2019,2230,3,1,27-03-2022 16:43,1
4039,01-09-2023,2267,1,1,25-10-2021 17:52,1
4040,21-03-2019,1589,1,1,23-01-2021 13:08,1
4041,28-11-2023,1129,1,1,27-06-2019 13:35,1
4042,18-09-2019,702,5,1,27-04-2022 11:16,1
4043,14-08-2021,1540,1,1,27-10-2019 17:26,1
4044,14-10-2019,2092,5,1,02-09-2019 18:23,1
4045,29-11-2019,854,1,1,06-01-2020 16:39,1
4046,11-01-2021,2100,2,1,18-07-2021 12:57,1
4047,26-10-2020,152,5,1,18-12-2022 10:54,1
4048,26-11-2023,2455,3,1,31-07-2022 10:13,1
4049,22-11-2020,282,1,1,20-07-2019 18:37,1
4050,14-08-2023,281,1,1,22-12-2019 17:11,1
4051,16-04-2022,875,1,1,02-06-2020 11:02,1
4052,06-12-2019,1369,2,1,07-10-2019 11:41,1
4053,05-10-2020,1843,2,1,28-05-2019 17:57,1
4054,14-08-2022,534,5,1,18-06-2021 14:42,1
4055,25-06-2021,648,4,1,06-12-2019 14:44,1
4056,08-09-2022,549,4,1,26-02-2020 13:49,1
4057,12-04-2022,323,2,1,02-05-2019 12:11,1
4058,20-08-2019,108,5,1,01-02-2021 16:37,1
4059,30-11-2020,2521,3,1,23-03-2023 15:47,1
4060,02-12-2020,1315,3,1,21-03-2023 16:45,1
4061,14-09-2022,444,3,1,09-10-2019 19:45,1
4062,18-08-2021,530,4,1,29-08-2021 18:55,1
4063,24-09-2023,1370,5,1,16-02-2021 14:45,1
4064,09-12-2021,1035,3,1,31-05-2022 14:07,1
4065,28-07-2021,2319,4,1,15-09-2021 16:54,1
4066,09-06-2021,1064,3,1,09-06-2023 18:27,1
4067,06-09-2020,768,5,1,24-11-2021 11:33,1
4068,30-01-2022,2010,4,1,20-02-2020 19:50,1
4069,15-09-2020,1467,4,1,01-08-2019 11:56,1
4070,25-05-2023,601,3,1,23-09-2022 13:08,1
4071,05-01-2020,1207,4,1,10-04-2022 12:08,1
4072,21-11-2023,812,3,1,14-03-2020 15:49,1
4073,25-03-2022,1982,3,1,20-10-2020 14:35,1
4074,10-08-2021,2142,3,1,06-10-2023 19:11,1
4075,01-08-2019,929,2,1,29-09-2021 14:05,1
4076,22-08-2019,349,3,1,15-03-2021 16:26,1
4077,19-03-2021,507,1,1,24-11-2019 19:36,1
4078,07-09-2020,661,1,1,10-03-2023 14:09,1
4079,31-03-2023,306,1,1,22-03-2019 12:34,1
4080,31-03-2021,2528,2,1,11-09-2023 11:42,1
4081,02-07-2022,652,5,1,10-05-2019 10:40,1
4082,15-07-2022,2350,2,1,30-12-2019 15:05,1
4083,20-09-2021,1311,2,1,23-09-2021 10:59,1
4084,09-05-2020,2025,3,1,17-09-2019 15:52,1
4085,09-11-2021,462,2,1,04-12-2023 16:47,1
4086,19-05-2022,2081,3,1,22-04-2020 17:15,1
4087,29-08-2020,336,1,1,03-11-2020 14:52,1
4088,19-03-2023,2526,1,1,17-01-2020 10:39,1
4089,15-07-2019,2322,4,1,07-11-2022 14:13,1
4090,23-09-2021,899,3,1,26-11-2021 12:18,1
4091,10-11-2019,1129,5,1,11-04-2019 16:33,1
4092,29-10-2022,1637,3,1,08-05-2022 13:20,1
4093,17-12-2023,2153,4,1,05-08-2020 19:06,1
4094,07-07-2020,1455,1,1,13-07-2020 16:20,1
4095,14-06-2019,692,1,1,13-10-2021 17:00,1
4096,29-02-2020,1838,3,1,27-09-2023 16:21,1
4097,12-02-2022,182,4,1,20-07-2019 14:00,1
4098,16-06-2023,578,1,1,27-04-2019 10:30,1
4099,03-02-2019,1160,2,1,07-06-2023 15:14,1
4100,24-08-2021,2218,4,1,05-10-2023 18:59,1
4101,22-10-2022,1803,4,1,09-07-2020 15:14,1
4102,12-03-2020,2403,4,1,10-01-2020 10:45,1
4103,10-10-2019,2161,1,1,28-02-2019 16:28,1
4104,09-07-2023,904,1,1,15-11-2019 12:15,1
4105,27-04-2019,1944,3,1,15-12-2023 13:20,1
4106,17-09-2022,912,5,1,19-02-2021 10:43,1
4107,12-08-2020,2214,3,1,17-10-2021 15:06,1
4108,08-04-2023,1336,2,1,10-10-2020 14:10,1
4109,13-08-2023,2343,1,1,19-10-2020 13:10,1
4110,04-01-2023,1325,3,1,20-11-2020 14:42,1
4111,19-04-2023,1336,4,1,23-05-2019 16:53,1
4112,16-06-2019,1694,1,1,24-05-2021 11:02,1
4113,03-12-2022,1132,4,1,24-12-2019 18:36,1
4114,05-03-2019,2149,2,1,15-03-2020 10:33,1
4115,04-01-2020,1814,4,1,09-12-2020 18:06,1
4116,29-03-2021,999,5,1,18-02-2020 15:41,1
4117,02-11-2022,1114,5,1,12-11-2021 18:34,1
4118,11-11-2019,553,2,1,02-05-2022 15:40,1
4119,21-08-2022,1363,1,1,28-07-2019 12:35,1
4120,01-07-2020,745,4,1,02-07-2021 14:09,1
4121,13-05-2021,1792,5,1,10-04-2019 13:24,1
4122,14-05-2023,451,3,1,12-05-2020 13:46,1
4123,04-05-2022,73,2,1,23-03-2022 16:54,1
4124,22-03-2022,879,1,1,05-11-2019 19:03,1
4125,04-04-2019,1251,4,1,26-04-2021 11:24,1
4126,03-11-2023,2100,3,1,22-08-2022 12:51,1
4127,11-11-2019,1259,3,1,11-05-2021 16:48,1
4128,03-08-2023,2337,4,1,06-05-2021 14:38,1
4129,24-10-2020,1379,1,1,17-08-2022 16:54,1
4130,08-05-2021,608,1,1,11-05-2022 19:08,1
4131,01-08-2022,252,3,1,17-05-2019 10:15,1
4132,20-08-2023,953,2,1,27-02-2020 14:11,1
4133,04-10-2021,63,2,1,13-07-2022 12:59,1
4134,31-08-2019,1361,5,1,22-08-2022 13:58,1
4135,15-07-2019,2230,2,1,26-12-2022 15:37,1
4136,24-04-2022,2431,1,1,20-01-2022 10:46,1
4137,06-06-2021,1610,2,1,23-02-2023 18:41,1
4138,03-05-2022,2068,2,1,16-07-2019 17:39,1
4139,27-05-2020,234,2,1,04-11-2023 13:12,1
4140,25-11-2023,2389,5,1,19-12-2023 17:08,1
4141,05-11-2019,967,3,1,07-05-2022 16:05,1
4142,03-04-2021,2262,2,1,17-06-2020 19:52,1
4143,01-07-2021,1909,5,1,27-02-2022 16:21,1
4144,14-02-2021,1803,1,1,14-02-2021 10:49,1
4145,08-07-2020,1548,5,1,14-11-2019 15:01,1
4146,15-04-2020,2074,5,1,09-07-2021 11:55,1
4147,10-04-2022,1231,1,1,30-04-2023 14:56,1
4148,18-03-2021,2127,2,1,21-04-2020 16:02,1
4149,09-05-2019,2191,4,1,26-06-2023 15:23,1
4150,07-12-2020,2144,1,1,13-04-2019 13:23,1
4151,20-06-2019,1658,4,1,02-02-2023 15:52,1
4152,09-01-2023,2503,2,1,29-10-2022 14:34,1
4153,22-01-2020,332,4,1,23-06-2019 10:24,1
4154,13-05-2021,1194,4,1,06-04-2019 18:56,1
4155,13-06-2022,600,2,1,08-02-2023 16:55,1
4156,06-09-2023,1652,3,1,25-04-2020 14:57,1
4157,18-10-2021,462,1,1,06-01-2021 19:25,1
4158,04-02-2021,2119,4,1,28-07-2020 15:07,1
4159,09-12-2021,1659,5,1,30-05-2022 16:16,1
4160,16-04-2019,1786,3,1,19-05-2023 15:38,1
4161,22-03-2019,2442,5,1,14-12-2023 11:45,1
4162,17-09-2021,2066,5,1,10-02-2021 12:28,1
4163,08-12-2022,2395,5,1,07-09-2021 16:42,1
4164,24-02-2019,1460,3,1,24-05-2023 10:02,1
4165,23-12-2020,362,5,1,14-08-2020 14:51,1
4166,28-01-2021,179,2,1,26-04-2021 17:43,1
4167,11-06-2019,1199,1,1,13-09-2020 17:43,1
4168,24-08-2020,782,5,1,26-01-2022 10:34,1
4169,24-10-2023,1023,3,1,24-12-2020 18:21,1
4170,01-03-2020,563,5,1,23-03-2021 13:54,1
4171,06-07-2022,637,4,1,25-06-2021 12:56,1
4172,23-09-2020,502,4,1,21-05-2022 12:36,1
4173,25-02-2019,1944,1,1,16-03-2023 13:07,1
4174,15-03-2020,535,5,1,30-03-2022 15:26,1
4175,03-01-2021,2326,3,1,25-08-2019 14:28,1
4176,13-07-2021,1035,1,1,15-06-2021 14:58,1
4177,21-04-2023,631,2,1,19-11-2023 17:36,1
4178,09-11-2020,351,1,1,05-10-2023 11:37,1
4179,18-09-2023,2010,5,1,02-01-2019 14:37,1
4180,09-01-2021,640,1,1,22-07-2023 17:21,1
4181,01-04-2019,317,2,1,21-11-2022 19:19,1
4182,12-08-2020,80,4,1,21-08-2020 11:34,1
4183,21-09-2022,773,5,1,11-02-2023 16:13,1
4184,08-11-2019,953,2,1,15-07-2019 19:18,1
4185,13-02-2020,310,4,1,08-10-2023 18:24,1
4186,16-01-2023,2399,5,1,10-04-2021 11:41,1
4187,31-08-2022,412,3,1,29-11-2023 17:16,1
4188,09-06-2019,927,3,1,01-12-2022 10:20,1
4189,31-01-2019,1125,3,1,13-01-2021 15:42,1
4190,06-02-2021,1053,2,1,24-05-2019 12:21,1
4191,22-10-2021,975,3,1,01-04-2023 10:42,1
4192,04-02-2022,174,5,1,16-08-2023 19:55,1
4193,25-07-2021,2424,4,1,19-05-2022 14:15,1
4194,31-05-2019,1144,3,1,29-09-2020 13:24,1
4195,28-05-2023,1700,4,1,23-12-2023 11:52,1
4196,08-06-2019,1839,3,1,31-01-2022 18:07,1
4197,01-08-2019,499,2,1,29-04-2019 12:02,1
4198,10-05-2023,1261,2,1,18-09-2020 12:26,1
4199,22-01-2019,570,2,1,29-10-2019 16:35,1
4200,28-02-2021,1392,5,1,02-10-2020 14:20,1
4201,18-10-2020,1976,1,1,28-11-2020 19:34,1
4202,30-10-2019,1705,1,1,07-08-2022 16:30,1
4203,11-05-2023,2533,1,1,24-08-2020 10:40,1
4204,04-03-2022,1481,1,1,19-09-2023 10:05,1
4205,23-09-2023,291,3,1,05-03-2019 18:08,1
4206,25-11-2019,779,2,1,02-05-2020 19:08,1
4207,28-06-2019,2239,2,1,08-02-2023 16:05,1
4208,16-06-2021,1061,2,1,14-04-2019 12:51,1
4209,29-12-2020,1223,4,1,02-05-2021 13:11,1
4210,01-12-2020,604,2,1,21-02-2021 18:47,1
4211,03-11-2021,81,1,1,13-05-2019 18:50,1
4212,19-03-2023,2133,1,1,30-03-2021 13:37,1
4213,24-04-2021,2159,5,1,15-08-2019 18:39,1
4214,25-10-2023,2232,3,1,13-11-2022 15:38,1
4215,25-02-2019,213,5,1,28-08-2020 10:33,1
4216,25-05-2020,2243,1,1,29-10-2023 10:07,1
4217,27-11-2022,511,1,1,23-11-2021 14:22,1
4218,05-12-2019,2024,5,1,24-06-2023 13:05,1
4219,13-10-2020,1448,5,1,23-08-2021 13:32,1
4220,17-08-2020,1943,1,1,03-12-2021 16:59,1
4221,26-05-2023,2118,5,1,14-12-2021 13:35,1
4222,02-08-2019,867,2,1,19-01-2022 15:18,1
4223,08-05-2023,1410,5,1,05-03-2021 16:26,1
4224,02-12-2021,1679,2,1,02-01-2021 14:11,1
4225,12-01-2023,976,1,1,11-05-2023 16:18,1
4226,09-06-2023,1261,1,1,06-12-2022 18:13,1
4227,20-02-2021,176,4,1,22-12-2021 10:45,1
4228,16-05-2019,2462,3,1,15-10-2019 16:50,1
4229,31-08-2020,2257,3,1,02-04-2023 19:40,1
4230,12-09-2021,2239,2,1,25-06-2020 16:17,1
4231,26-03-2023,1018,5,1,23-01-2022 14:30,1
4232,18-10-2021,2013,4,1,31-01-2022 10:18,1
4233,05-08-2021,268,5,1,06-09-2019 17:30,1
4234,18-08-2021,310,4,1,12-06-2019 17:18,1
4235,17-05-2020,1012,4,1,30-11-2019 17:01,1
4236,24-11-2022,2082,2,1,03-01-2023 13:13,1
4237,03-05-2023,479,5,1,12-04-2023 10:56,1
4238,29-11-2022,211,2,1,15-01-2019 13:22,1
4239,09-07-2020,1346,2,1,24-07-2023 15:00,1
4240,01-08-2021,1851,4,1,15-03-2019 15:34,1
4241,24-02-2022,1431,1,1,07-07-2021 11:21,1
4242,30-10-2019,1326,4,1,17-11-2021 11:12,1
4243,11-06-2020,1195,1,1,21-01-2020 19:31,1
4244,01-07-2020,2111,2,1,25-10-2022 16:27,1
4245,08-03-2020,1689,4,1,13-01-2021 12:37,1
4246,25-05-2023,590,2,1,17-06-2019 11:53,1
4247,26-02-2020,861,4,1,17-07-2019 15:41,1
4248,28-04-2019,2461,3,1,21-12-2021 16:46,1
4249,17-01-2019,1441,4,1,04-01-2019 18:26,1
4250,06-03-2021,285,5,1,04-04-2020 16:12,1
4251,15-08-2019,948,4,1,31-08-2020 12:44,1
4252,29-09-2023,1205,2,1,13-06-2023 17:31,1
4253,07-09-2022,2477,2,1,19-07-2022 17:37,1
4254,26-06-2023,2506,3,1,27-11-2019 14:05,1
4255,19-08-2019,1738,3,1,17-02-2019 11:30,1
4256,13-04-2022,1273,1,1,11-09-2022 14:51,1
4257,06-12-2023,274,5,1,28-01-2023 11:43,1
4258,31-01-2022,1521,3,1,24-10-2022 12:11,1
4259,28-07-2021,1425,2,1,10-11-2020 16:16,1
4260,29-08-2020,1403,3,1,01-03-2020 18:09,1
4261,06-07-2023,2268,4,1,20-08-2022 12:40,1
4262,10-11-2020,1867,2,1,22-09-2020 13:49,1
4263,16-12-2021,610,3,1,07-05-2023 10:42,1
4264,07-04-2022,2112,5,1,26-09-2023 11:21,1
4265,18-04-2021,1541,3,1,09-06-2022 19:03,1
4266,18-08-2021,2371,4,1,08-02-2022 11:16,1
4267,28-01-2023,402,5,1,08-06-2020 14:19,1
4268,15-12-2019,104,1,1,07-06-2022 11:04,1
4269,15-02-2019,1405,2,1,27-08-2022 13:24,1
4270,15-11-2023,1951,5,1,19-02-2020 13:32,1
4271,12-08-2019,2405,3,1,15-11-2020 13:01,1
4272,16-10-2021,1190,5,1,02-12-2023 19:11,1
4273,26-08-2023,2123,3,1,23-12-2019 16:37,1
4274,30-03-2023,585,5,1,29-04-2019 10:51,1
4275,04-08-2023,917,1,1,24-07-2022 15:46,1
4276,17-05-2020,2187,4,1,25-03-2023 19:21,1
4277,09-11-2021,953,5,1,28-11-2019 15:50,1
4278,24-08-2021,2227,2,1,17-07-2023 14:01,1
4279,15-05-2020,1610,4,1,04-09-2022 17:51,1
4280,10-06-2023,2020,1,1,14-06-2023 12:45,1
4281,20-08-2022,60,1,1,23-11-2023 10:56,1
4282,17-04-2021,1239,5,1,01-08-2021 11:37,1
4283,16-03-2021,1963,1,1,04-01-2021 10:49,1
4284,24-07-2020,1524,5,1,23-12-2021 11:28,1
4285,19-03-2023,2130,5,1,19-10-2020 12:57,1
4286,02-04-2021,2090,1,1,23-07-2022 12:49,1
4287,19-10-2021,1193,5,1,16-11-2020 15:40,1
4288,15-06-2023,2523,2,1,10-02-2022 16:01,1
4289,25-11-2023,1813,4,1,12-11-2019 13:46,1
4290,19-01-2022,465,4,1,24-09-2023 18:36,1
4291,22-10-2023,1217,3,1,26-07-2022 19:30,1
4292,02-08-2023,510,2,1,10-06-2020 10:20,1
4293,06-07-2019,406,4,1,02-02-2019 13:15,1
4294,23-04-2019,120,1,1,17-04-2019 10:10,1
4295,28-01-2021,545,3,1,08-03-2022 16:34,1
4296,12-09-2020,464,5,1,10-09-2021 12:37,1
4297,15-08-2023,267,1,1,21-03-2020 17:51,1
4298,24-07-2020,2477,4,1,23-01-2023 14:41,1
4299,23-02-2021,114,1,1,10-12-2019 11:30,1
4300,13-01-2023,533,2,1,21-07-2022 10:21,1
4301,03-08-2020,407,3,1,09-11-2023 15:34,1
4302,16-10-2023,1493,5,1,02-02-2022 17:41,1
4303,27-08-2022,1694,1,1,06-08-2023 16:59,1
4304,08-05-2020,408,3,1,24-10-2019 19:38,1
4305,28-02-2023,690,1,1,28-05-2020 11:42,1
4306,28-12-2020,1305,1,1,02-01-2020 15:52,1
4307,14-06-2019,2521,4,1,21-02-2022 12:53,1
4308,23-06-2023,1301,2,1,21-08-2020 19:04,1
4309,21-06-2022,72,2,1,21-01-2022 11:56,1
4310,05-12-2020,1087,2,1,24-05-2019 16:13,1
4311,13-07-2019,1593,2,1,05-09-2019 11:03,1
4312,19-12-2019,845,3,1,04-09-2021 15:05,1
4313,18-07-2021,2502,4,1,04-09-2020 18:44,1
4314,22-05-2023,1468,3,1,30-08-2023 12:01,1
4315,06-11-2021,2271,4,1,12-05-2023 16:24,1
4316,30-03-2020,1207,2,1,24-03-2020 10:14,1
4317,20-07-2021,2170,4,1,02-07-2023 19:18,1
4318,28-10-2019,2249,2,1,14-04-2023 13:34,1
4319,01-02-2020,2365,3,1,21-02-2020 10:22,1
4320,02-06-2022,1979,2,1,30-03-2021 12:17,1
4321,07-11-2020,1511,2,1,06-11-2023 12:53,1
4322,04-10-2022,271,4,1,28-02-2023 16:38,1
4323,28-11-2020,891,5,1,25-01-2022 12:00,1
4324,06-07-2022,2131,2,1,26-07-2022 15:05,1
4325,28-03-2021,593,1,1,14-12-2022 17:04,1
4326,21-08-2019,1021,4,1,30-05-2022 16:15,1
4327,19-01-2023,1339,1,1,10-07-2023 11:43,1
4328,12-02-2019,1137,4,1,09-11-2021 15:57,1
4329,20-09-2019,367,2,1,30-08-2019 19:41,1
4330,24-04-2019,30,3,1,12-07-2023 11:59,1
4331,03-10-2021,1516,2,1,15-07-2021 15:11,1
4332,06-04-2020,1844,2,1,16-12-2021 16:48,1
4333,15-03-2020,1391,1,1,05-01-2021 19:30,1
4334,26-08-2022,915,3,1,12-09-2021 17:30,1
4335,15-06-2019,1203,5,1,19-04-2021 13:01,1
4336,27-11-2019,440,2,1,05-12-2020 12:37,1
4337,30-09-2023,1617,2,1,09-09-2019 11:44,1
4338,01-10-2019,600,2,1,10-02-2023 11:42,1
4339,01-09-2020,1166,1,1,24-09-2021 13:04,1
4340,12-01-2021,460,4,1,27-05-2022 11:34,1
4341,30-11-2021,222,4,1,05-12-2020 17:08,1
4342,26-05-2019,1294,5,1,27-05-2020 13:04,1
4343,01-01-2022,697,4,1,27-03-2023 13:31,1
4344,02-02-2023,2466,4,1,14-05-2019 18:34,1
4345,08-09-2021,345,2,1,14-01-2021 18:30,1
4346,05-11-2020,353,3,1,05-08-2020 13:17,1
4347,24-07-2020,500,5,1,28-08-2022 14:21,1
4348,15-06-2021,1286,4,1,28-03-2023 12:10,1
4349,16-06-2021,1807,2,1,27-10-2022 15:08,1
4350,17-10-2020,187,3,1,11-07-2020 14:27,1
4351,25-12-2022,1782,2,1,25-12-2020 10:09,1
4352,05-09-2021,2312,3,1,24-09-2023 14:19,1
4353,18-04-2023,1659,4,1,21-04-2019 16:19,1
4354,20-12-2023,1752,1,1,11-08-2021 18:46,1
4355,14-08-2022,2334,2,1,18-05-2023 15:41,1
4356,30-06-2020,1659,1,1,21-08-2020 19:37,1
4357,29-12-2022,1280,1,1,25-03-2022 16:36,1
4358,30-03-2019,528,5,1,28-10-2019 13:48,1
4359,22-04-2023,944,1,1,29-05-2019 14:41,1
4360,13-04-2023,489,1,1,17-08-2020 18:02,1
4361,05-06-2019,503,2,1,30-11-2021 11:49,1
4362,08-03-2019,728,3,1,14-04-2020 12:45,1
4363,25-09-2022,2133,3,1,27-03-2020 14:54,1
4364,21-04-2021,1393,1,1,21-03-2020 12:05,1
4365,12-02-2019,420,4,1,11-02-2020 16:15,1
4366,13-04-2021,2048,3,1,20-08-2020 13:47,1
4367,16-06-2023,1690,4,1,25-12-2021 15:21,1
4368,01-06-2022,1355,1,1,27-11-2020 16:43,1
4369,13-06-2019,1278,5,1,15-09-2023 17:38,1
4370,22-08-2021,1294,1,1,25-02-2021 18:09,1
4371,07-01-2020,1882,5,1,30-03-2021 11:48,1
4372,25-10-2019,40,2,1,02-01-2020 12:39,1
4373,21-06-2023,404,1,1,18-05-2020 17:41,1
4374,19-04-2022,1975,3,1,03-01-2020 18:09,1
4375,24-10-2022,975,4,1,01-09-2021 18:09,1
4376,27-03-2020,1978,2,1,12-07-2019 13:34,1
4377,23-03-2020,1568,5,1,18-04-2020 12:23,1
4378,11-04-2023,1518,4,1,18-05-2020 10:49,1
4379,21-04-2022,1997,2,1,14-09-2020 11:53,1
4380,27-01-2020,2254,5,1,05-10-2021 12:59,1
4381,08-06-2023,1200,5,1,18-10-2022 19:14,1
4382,18-07-2020,2195,2,1,12-04-2022 11:28,1
4383,06-12-2021,621,5,1,27-05-2022 16:02,1
4384,04-04-2019,383,1,1,03-08-2020 13:57,1
4385,23-05-2019,2114,4,1,29-03-2020 17:14,1
4386,16-02-2020,2335,4,1,05-09-2020 11:53,1
4387,08-11-2020,2331,3,1,23-12-2022 15:23,1
4388,29-01-2021,1058,3,1,15-07-2020 16:49,1
4389,30-10-2020,368,1,1,05-04-2019 13:39,1
4390,06-12-2022,1330,2,1,15-12-2023 10:50,1
4391,05-05-2020,2046,4,1,05-08-2019 18:05,1
4392,05-03-2021,326,4,1,28-04-2020 13:17,1
4393,28-10-2019,1149,1,1,19-08-2020 10:02,1
4394,17-06-2021,708,4,1,02-10-2021 18:35,1
4395,21-04-2020,578,3,1,20-09-2021 19:48,1
4396,24-01-2020,1440,4,1,26-01-2021 12:20,1
4397,04-05-2021,1933,1,1,22-02-2023 18:14,1
4398,03-03-2022,2415,2,1,15-12-2019 10:23,1
4399,25-01-2022,2234,5,1,03-09-2019 10:08,1
4400,11-01-2022,1766,1,1,01-11-2023 17:00,1
4401,28-04-2021,825,3,1,01-10-2020 15:56,1
4402,17-10-2020,166,5,1,15-06-2022 12:06,1
4403,07-09-2020,1642,1,1,22-01-2021 14:47,1
4404,09-01-2020,590,3,1,22-06-2021 12:23,1
4405,30-07-2020,972,2,1,16-06-2021 15:58,1
4406,12-12-2022,1039,3,1,18-11-2020 17:35,1
4407,01-09-2023,235,4,1,10-06-2019 13:36,1
4408,25-03-2021,1163,3,1,19-08-2023 12:03,1
4409,23-07-2019,384,5,1,11-04-2021 15:39,1
4410,20-11-2023,1665,3,1,02-03-2021 19:26,1
4411,20-03-2022,2151,2,1,18-04-2022 19:06,1
4412,22-04-2023,151,1,1,27-09-2022 19:32,1
4413,14-02-2020,991,1,1,22-08-2019 17:37,1
4414,05-12-2021,2054,3,1,16-06-2020 16:46,1
4415,16-08-2021,1069,5,1,17-07-2023 18:39,1
4416,06-06-2023,468,5,1,03-09-2019 14:05,1
4417,20-02-2023,1361,3,1,26-01-2021 10:29,1
4418,05-12-2023,934,5,1,03-02-2022 13:32,1
4419,17-02-2021,1556,2,1,17-02-2019 19:17,1
4420,20-08-2020,396,2,1,13-08-2020 19:02,1
4421,05-11-2022,1830,4,1,01-06-2019 16:25,1
4422,06-08-2019,1270,2,1,02-02-2022 19:10,1
4423,13-05-2021,1793,3,1,18-11-2023 11:06,1
4424,06-01-2023,2053,5,1,27-06-2021 11:54,1
4425,12-09-2022,1731,1,1,03-05-2022 12:53,1
4426,12-05-2019,180,5,1,01-11-2020 17:01,1
4427,12-02-2023,2423,2,1,20-06-2022 18:04,1
4428,13-11-2021,661,1,1,25-08-2020 13:46,1
4429,13-07-2022,976,2,1,29-09-2021 16:32,1
4430,05-01-2020,2176,2,1,15-09-2021 16:58,1
4431,16-05-2019,1234,1,1,05-03-2023 18:44,1
4432,15-12-2022,1114,4,1,20-05-2022 16:23,1
4433,20-11-2019,1837,3,1,19-08-2021 10:36,1
4434,04-03-2019,1955,5,1,25-02-2019 18:07,1
4435,15-11-2020,1961,1,1,20-07-2022 13:12,1
4436,10-08-2019,193,3,1,17-05-2022 14:18,1
4437,06-09-2021,240,5,1,28-03-2019 12:28,1
4438,30-04-2023,712,1,1,30-07-2020 18:26,1
4439,06-09-2022,2354,1,1,19-01-2019 17:02,1
4440,09-10-2021,1264,2,1,22-12-2021 17:55,1
4441,17-10-2022,2188,3,1,04-11-2021 17:15,1
4442,28-05-2019,1293,4,1,10-09-2020 12:10,1
4443,23-09-2022,2153,2,1,03-07-2020 18:26,1
4444,10-09-2020,2307,5,1,26-03-2022 14:07,1
4445,29-08-2021,451,4,1,17-02-2023 14:09,1
4446,22-02-2022,1417,5,1,21-08-2022 12:40,1
4447,07-02-2022,241,5,1,04-08-2021 19:59,1
4448,08-01-2022,1014,1,1,22-08-2019 15:59,1
4449,10-03-2023,1069,3,1,05-02-2023 17:09,1
4450,28-01-2023,1748,2,1,25-04-2023 18:10,1
4451,11-11-2019,707,4,1,19-02-2019 15:03,1
4452,03-06-2019,720,4,1,14-05-2021 17:57,1
4453,11-03-2019,94,2,1,13-09-2020 14:05,1
4454,31-01-2021,941,4,1,28-08-2020 15:27,1
4455,22-01-2023,484,4,1,10-02-2022 11:19,1
4456,11-09-2023,2028,1,1,25-04-2020 12:52,1
4457,06-07-2022,1961,2,1,12-02-2019 19:36,1
4458,11-11-2023,2514,1,1,01-12-2022 18:23,1
4459,29-01-2020,1793,4,1,07-06-2023 16:00,1
4460,14-01-2022,1681,1,1,29-12-2020 19:51,1
4461,28-05-2020,1530,4,1,04-09-2020 15:31,1
4462,18-01-2022,1177,4,1,05-05-2022 18:01,1
4463,24-11-2022,1555,3,1,11-09-2020 16:04,1
4464,19-05-2022,825,5,1,06-10-2019 14:04,1
4465,24-08-2019,1776,2,1,27-06-2020 15:46,1
4466,06-11-2023,2469,5,1,13-08-2022 15:47,1
4467,09-08-2020,1177,2,1,18-03-2019 12:43,1
4468,03-07-2019,482,5,1,26-05-2022 15:25,1
4469,02-02-2021,801,5,1,05-03-2021 17:47,1
4470,02-06-2020,1368,5,1,20-01-2019 18:04,1
4471,25-05-2021,208,4,1,25-10-2023 13:20,1
4472,28-12-2021,39,1,1,11-05-2021 15:57,1
4473,28-01-2020,840,4,1,01-08-2022 18:22,1
4474,03-07-2019,122,4,1,23-06-2021 12:16,1
4475,07-07-2023,2406,2,1,10-11-2023 13:34,1
4476,24-09-2022,1866,5,1,28-07-2023 17:03,1
4477,10-11-2023,1701,5,1,24-08-2023 19:17,1
4478,09-09-2023,264,2,1,08-12-2022 18:55,1
4479,27-12-2020,1360,1,1,07-08-2019 13:43,1
4480,05-04-2020,1203,2,1,02-03-2020 17:35,1
4481,21-05-2020,2007,3,1,03-12-2023 14:54,1
4482,04-10-2022,446,2,1,06-05-2020 10:41,1
4483,12-11-2021,457,2,1,07-08-2020 17:02,1
4484,01-07-2019,2094,1,1,18-02-2022 18:27,1
4485,21-07-2022,830,1,1,23-02-2022 15:15,1
4486,19-07-2023,837,2,1,21-08-2020 19:22,1
4487,09-06-2019,276,4,1,11-12-2023 17:14,1
4488,16-04-2023,1151,4,1,10-07-2022 14:31,1
4489,26-01-2021,246,4,1,09-10-2021 15:45,1
4490,13-09-2019,2477,4,1,21-09-2021 12:01,1
4491,03-04-2021,2010,2,1,03-05-2019 13:09,1
4492,29-05-2022,1645,4,1,06-12-2020 19:54,1
4493,14-12-2023,1928,3,1,30-03-2021 10:22,1
4494,27-12-2022,1667,2,1,25-02-2019 11:45,1
4495,28-11-2022,1427,5,1,17-01-2021 16:35,1
4496,05-09-2023,167,3,1,29-09-2020 15:12,1
4497,03-09-2020,1560,3,1,06-07-2020 17:48,1
4498,31-10-2022,2516,4,1,19-05-2023 11:39,1
4499,14-02-2022,2458,1,1,11-08-2019 15:00,1
4500,02-03-2023,1560,1,1,20-02-2021 17:25,1
4501,24-10-2020,2392,3,1,01-12-2021 19:22,1
4502,14-04-2020,1299,2,1,08-03-2020 13:39,1
4503,12-12-2019,1229,1,1,14-04-2022 17:50,1
4504,03-03-2020,1768,2,1,09-05-2019 13:36,1
4505,16-11-2020,1752,3,1,21-12-2019 14:32,1
4506,10-10-2022,383,3,1,25-03-2023 14:32,1
4507,17-09-2023,834,2,1,04-09-2023 17:38,1
4508,13-07-2019,2230,4,1,27-04-2019 14:44,1
4509,26-10-2020,1319,1,1,20-06-2023 13:51,1
4510,06-01-2021,1268,5,1,05-05-2023 15:40,1
4511,27-12-2023,1111,1,1,30-04-2022 12:38,1
4512,05-02-2022,937,5,1,18-10-2021 16:41,1
4513,08-03-2022,196,2,1,19-11-2021 13:18,1
4514,12-08-2020,1196,4,1,15-12-2020 17:56,1
4515,01-02-2020,63,1,1,13-07-2022 12:44,1
4516,23-03-2021,1508,1,1,23-08-2021 16:23,1
4517,14-01-2022,1847,5,1,01-03-2022 14:07,1
4518,11-02-2022,1443,1,1,31-07-2023 13:32,1
4519,13-04-2023,960,5,1,17-01-2019 18:19,1
4520,15-04-2021,1858,4,1,11-06-2019 16:06,1
4521,01-06-2019,966,1,1,09-02-2021 15:46,1
4522,23-06-2023,489,5,1,06-07-2023 11:03,1
4523,16-05-2022,2229,2,1,06-11-2020 15:01,1
4524,16-06-2020,97,1,1,09-01-2022 17:43,1
4525,30-03-2023,2117,1,1,06-04-2019 17:21,1
4526,28-07-2020,2199,5,1,11-09-2023 12:13,1
4527,15-06-2019,2077,1,1,14-07-2021 13:13,1
4528,27-04-2023,2239,2,1,02-11-2023 10:24,1
4529,04-04-2021,1612,4,1,01-05-2020 13:01,1
4530,19-07-2023,1137,2,1,05-05-2020 19:29,1
4531,23-09-2021,10,1,1,05-09-2020 17:31,1
4532,22-02-2022,2471,1,1,10-04-2019 11:01,1
4533,30-09-2020,1825,3,1,02-09-2021 16:39,1
4534,17-09-2020,1688,4,1,02-03-2023 13:59,1
4535,20-09-2023,1411,5,1,19-02-2023 16:22,1
4536,06-06-2020,989,2,1,14-01-2021 13:34,1
4537,17-11-2022,58,1,1,21-10-2021 18:55,1
4538,17-09-2022,2217,4,1,26-11-2023 14:55,1
4539,29-11-2021,165,1,1,09-02-2020 10:24,1
4540,16-11-2020,342,1,1,18-06-2023 13:24,1
4541,24-06-2019,1981,3,1,06-07-2019 14:15,1
4542,03-04-2019,1122,3,1,02-09-2020 16:58,1
4543,27-01-2020,1443,2,1,12-08-2021 13:12,1
4544,17-05-2023,251,4,1,10-11-2019 15:24,1
4545,16-12-2019,406,5,1,22-10-2022 15:03,1
4546,04-04-2023,1342,1,1,25-12-2019 19:55,1
4547,25-12-2019,1822,2,1,28-06-2020 19:34,1
4548,06-09-2022,1723,2,1,01-03-2023 16:29,1
4549,06-03-2023,25,3,1,11-04-2021 11:15,1
4550,16-03-2022,1136,3,1,28-06-2019 17:58,1
4551,25-05-2022,1079,1,1,02-02-2023 14:42,1
4552,03-04-2020,1896,1,1,18-10-2023 13:19,1
4553,29-06-2022,1595,4,1,06-09-2021 19:34,1
4554,05-09-2023,2363,2,1,11-07-2019 18:54,1
4555,11-01-2022,1845,5,1,11-10-2020 10:33,1
4556,13-11-2020,644,2,1,15-12-2020 16:11,1
4557,01-08-2020,538,4,1,04-10-2023 14:06,1
4558,15-09-2019,148,5,1,02-08-2020 11:36,1
4559,12-01-2020,177,4,1,16-05-2023 14:40,1
4560,15-08-2022,68,2,1,10-12-2021 16:50,1
4561,08-01-2023,2083,2,1,27-01-2019 10:16,1
4562,10-02-2023,500,3,1,14-07-2019 15:04,1
4563,19-03-2019,431,4,1,30-11-2023 18:52,1
4564,18-05-2020,2120,2,1,03-08-2023 17:49,1
4565,16-07-2020,506,4,1,04-08-2023 19:31,1
4566,02-11-2019,2318,4,1,12-10-2021 13:23,1
4567,08-11-2022,1728,4,1,27-05-2021 13:34,1
4568,20-04-2019,2544,2,1,31-01-2020 13:30,1
4569,01-03-2021,455,4,1,02-01-2020 16:55,1
4570,20-06-2022,1779,1,1,29-01-2020 17:40,1
4571,02-02-2019,2136,5,1,04-08-2020 13:29,1
4572,07-12-2019,985,4,1,10-07-2019 18:01,1
4573,08-02-2022,2137,5,1,22-11-2023 17:56,1
4574,11-02-2021,2381,4,1,17-05-2022 11:43,1
4575,09-06-2020,1218,4,1,22-09-2020 13:03,1
4576,16-12-2023,425,2,1,27-06-2021 16:42,1
4577,27-09-2020,1279,5,1,15-09-2019 18:41,1
4578,01-12-2023,1730,5,1,03-03-2023 15:56,1
4579,15-03-2020,2083,4,1,25-01-2022 16:32,1
4580,15-07-2022,51,3,1,15-05-2022 14:55,1
4581,30-05-2022,1602,4,1,19-06-2020 16:35,1
4582,27-12-2022,1532,5,1,08-10-2022 15:43,1
4583,18-03-2019,1156,4,1,01-10-2021 18:54,1
4584,25-04-2019,2134,4,1,22-01-2019 16:53,1
4585,10-05-2020,385,4,1,26-10-2022 11:01,1
4586,25-11-2020,1927,5,1,10-08-2022 10:04,1
4587,27-02-2020,1230,5,1,13-06-2022 17:48,1
4588,07-10-2023,1453,2,1,25-07-2021 17:21,1
4589,15-12-2023,2079,2,1,18-01-2023 12:01,1
4590,06-05-2019,2153,3,1,25-03-2023 17:35,1
4591,24-11-2019,2333,3,1,24-08-2022 19:17,1
4592,24-12-2023,488,1,1,16-05-2023 17:43,1
4593,06-06-2019,1215,4,1,25-12-2023 11:53,1
4594,04-06-2019,1154,3,1,17-06-2019 11:52,1
4595,28-11-2020,1327,2,1,03-12-2021 12:54,1
4596,28-12-2023,596,4,1,05-03-2023 18:45,1
4597,17-08-2020,2306,1,1,24-10-2021 18:21,1
4598,08-10-2020,65,5,1,07-11-2023 18:53,1
4599,27-02-2020,278,5,1,23-05-2023 18:59,1
4600,06-04-2021,1482,2,1,27-07-2019 12:13,1
4601,29-12-2023,2507,4,1,22-02-2021 11:26,1
4602,27-12-2023,487,5,1,19-10-2020 13:30,1
4603,09-06-2023,329,1,1,22-02-2021 10:42,1
4604,11-04-2022,416,4,1,03-02-2022 10:46,1
4605,16-10-2023,387,3,1,11-06-2022 16:15,1
4606,31-08-2020,163,3,1,08-01-2020 12:35,1
4607,19-03-2019,937,2,1,28-12-2023 11:27,1
4608,28-05-2021,651,1,1,08-07-2019 10:16,1
4609,22-01-2022,165,5,1,18-04-2019 15:31,1
4610,08-01-2020,202,3,1,03-07-2023 12:46,1
4611,18-03-2019,1825,4,1,30-06-2020 18:46,1
4612,26-11-2020,52,4,1,24-06-2019 19:06,1
4613,07-08-2022,2187,5,1,21-01-2022 16:33,1
4614,20-05-2020,2424,5,1,16-12-2022 11:41,1
4615,01-08-2019,374,2,1,07-03-2021 19:51,1
4616,07-10-2020,1076,5,1,27-04-2020 13:56,1
4617,26-01-2019,816,4,1,16-07-2022 15:28,1
4618,02-09-2023,529,2,1,13-03-2019 14:35,1
4619,11-08-2023,2418,3,1,21-04-2021 19:48,1
4620,13-06-2021,810,3,1,10-12-2023 12:24,1
4621,23-03-2020,1702,1,1,14-05-2020 13:09,1
4622,25-06-2023,1978,5,1,02-08-2019 16:43,1
4623,10-12-2021,2514,2,1,29-07-2020 11:22,1
4624,06-06-2023,1368,5,1,12-02-2023 14:54,1
4625,21-03-2019,794,4,1,10-03-2023 11:28,1
4626,08-11-2022,1268,4,1,24-11-2019 10:20,1
4627,22-08-2023,922,5,1,16-01-2019 15:48,1
4628,23-01-2019,291,5,1,05-04-2021 14:47,1
4629,06-12-2020,2403,5,1,17-02-2022 15:47,1
4630,16-09-2020,1485,4,1,09-06-2022 10:59,1
4631,22-11-2020,35,5,1,19-10-2022 18:53,1
4632,10-07-2023,1866,3,1,14-05-2022 13:20,1
4633,22-03-2021,327,2,1,29-12-2022 11:27,1
4634,01-01-2020,527,1,1,23-09-2021 15:40,1
4635,09-04-2020,2136,4,1,23-07-2022 16:52,1
4636,25-04-2023,1662,5,1,28-07-2023 13:28,1
4637,25-09-2019,1070,5,1,01-10-2020 14:33,1
4638,19-03-2021,371,1,1,13-09-2020 16:36,1
4639,01-04-2019,2524,4,1,26-04-2019 14:37,1
4640,14-07-2022,1026,1,1,19-12-2020 16:36,1
4641,21-11-2019,812,1,1,30-05-2020 17:37,1
4642,06-10-2021,733,5,1,17-12-2022 17:50,1
4643,02-05-2019,1961,2,1,27-05-2019 12:54,1
4644,22-04-2023,1165,1,1,06-07-2022 19:35,1
4645,18-11-2022,206,3,1,09-03-2022 10:39,1
4646,09-11-2020,2252,2,1,24-09-2023 19:15,1
4647,07-12-2023,423,4,1,20-09-2021 12:02,1
4648,14-05-2020,586,1,1,12-10-2022 16:39,1
4649,23-05-2022,2085,5,1,27-09-2020 15:51,1
4650,07-02-2019,201,2,1,26-08-2021 11:22,1
4651,16-08-2019,2264,4,1,15-03-2023 19:48,1
4652,13-10-2021,416,3,1,02-11-2023 18:56,1
4653,12-07-2019,2128,4,1,18-04-2022 10:56,1
4654,28-12-2023,2060,3,1,17-10-2022 12:32,1
4655,11-11-2020,917,1,1,21-01-2022 12:30,1
4656,04-12-2019,2029,5,1,09-10-2019 15:44,1
4657,23-12-2023,157,5,1,28-12-2022 10:22,1
4658,06-02-2019,697,5,1,06-04-2019 15:33,1
4659,05-12-2022,1764,4,1,24-03-2020 11:20,1
4660,14-03-2022,100,4,1,01-08-2023 18:32,1
4661,17-10-2023,2249,2,1,20-11-2021 12:59,1
4662,21-08-2019,2305,5,1,19-01-2023 19:08,1
4663,13-06-2023,1813,4,1,15-11-2020 10:02,1
4664,21-01-2020,2356,3,1,08-09-2019 11:37,1
4665,24-03-2022,1577,1,1,05-12-2023 10:02,1
4666,24-04-2021,947,2,1,23-06-2023 16:26,1
4667,23-10-2021,2511,2,1,07-03-2019 14:10,1
4668,20-11-2021,1382,5,1,30-04-2021 15:01,1
4669,28-10-2020,2513,1,1,19-10-2021 10:27,1
4670,07-02-2023,915,1,1,04-05-2021 15:35,1
4671,14-10-2022,1992,3,1,28-06-2020 17:58,1
4672,29-11-2022,2371,4,1,04-12-2019 16:48,1
4673,10-09-2023,732,3,1,06-07-2021 19:50,1
4674,09-11-2022,1164,2,1,02-08-2023 13:17,1
4675,29-01-2019,1386,3,1,02-11-2022 17:02,1
4676,12-05-2021,803,4,1,10-10-2021 18:28,1
4677,09-10-2020,1541,4,1,25-12-2019 17:26,1
4678,18-02-2022,1372,5,1,07-10-2019 15:02,1
4679,18-06-2022,115,3,1,12-06-2020 11:16,1
4680,27-06-2019,1535,1,1,30-05-2022 15:23,1
4681,10-04-2021,963,2,1,17-06-2021 16:56,1
4682,02-12-2020,789,5,1,16-05-2022 13:13,1
4683,12-03-2022,1122,2,1,04-07-2020 16:38,1
4684,24-06-2021,1806,3,1,24-01-2019 19:39,1
4685,07-04-2021,225,3,1,23-10-2023 11:06,1
4686,05-08-2021,2235,5,1,28-07-2022 13:37,1
4687,16-05-2021,1413,1,1,19-05-2023 12:40,1
4688,29-10-2023,1763,1,1,12-08-2021 12:55,1
4689,11-07-2022,1630,5,1,27-05-2022 19:52,1
4690,30-12-2019,1845,3,1,05-07-2019 14:44,1
4691,22-06-2019,1879,1,1,10-12-2022 13:49,1
4692,31-07-2023,2277,3,1,25-05-2019 10:00,1
4693,03-03-2022,2215,1,1,12-05-2023 18:36,1
4694,22-01-2021,426,5,1,09-05-2021 16:13,1
4695,31-07-2021,197,3,1,22-12-2022 13:14,1
4696,03-02-2023,884,2,1,15-09-2019 12:00,1
4697,08-06-2019,2380,3,1,23-10-2023 19:54,1
4698,05-04-2022,928,2,1,25-06-2019 15:04,1
4699,10-06-2023,622,2,1,14-07-2021 11:38,1
4700,29-07-2022,2527,3,1,20-01-2023 15:41,1
4701,24-01-2021,2073,1,1,16-03-2021 18:25,1
4702,14-04-2020,1888,5,1,05-07-2019 16:19,1
4703,20-06-2021,548,1,1,01-07-2021 19:05,1
4704,06-09-2019,88,5,1,13-01-2020 14:05,1
4705,13-02-2022,1642,1,1,09-03-2023 15:36,1
4706,02-07-2019,85,5,1,11-12-2021 12:17,1
4707,25-08-2020,479,2,1,04-09-2019 11:20,1
4708,16-05-2019,1657,1,1,11-03-2022 13:48,1
4709,28-05-2020,1423,1,1,10-11-2021 12:47,1
4710,05-06-2020,1655,2,1,09-10-2019 10:53,1
4711,05-06-2023,477,4,1,26-09-2019 13:08,1
4712,09-07-2023,1585,4,1,05-08-2019 17:42,1
4713,20-05-2020,2433,3,1,21-01-2020 15:54,1
4714,20-12-2023,1713,5,1,28-04-2020 10:58,1
4715,27-05-2019,404,4,1,12-10-2020 18:51,1
4716,23-07-2019,1122,2,1,01-12-2023 19:03,1
4717,29-12-2019,1252,2,1,14-12-2023 11:54,1
4718,11-04-2023,237,2,1,02-06-2022 14:43,1
4719,01-01-2023,313,5,1,07-05-2021 11:49,1
4720,07-09-2022,1186,5,1,01-07-2023 10:49,1
4721,08-01-2021,1952,4,1,14-10-2021 17:42,1
4722,19-07-2020,1587,2,1,31-03-2023 11:59,1
4723,05-06-2022,2397,1,1,21-06-2021 17:33,1
4724,05-11-2020,181,5,1,30-08-2023 16:24,1
4725,09-05-2020,1272,4,1,30-01-2022 17:45,1
4726,04-04-2020,1443,5,1,01-03-2023 19:06,1
4727,22-01-2019,1551,5,1,23-07-2021 14:41,1
4728,03-08-2021,2141,1,1,03-11-2022 13:41,1
4729,17-10-2021,555,5,1,23-06-2021 15:53,1
4730,16-06-2022,1007,3,1,21-10-2021 11:50,1
4731,04-09-2020,1647,2,1,09-09-2020 11:37,1
4732,04-06-2019,2187,4,1,11-02-2020 14:01,1
4733,04-11-2019,1307,3,1,25-04-2023 17:52,1
4734,17-06-2019,1196,3,1,21-03-2022 14:18,1
4735,06-04-2023,177,3,1,01-09-2021 12:02,1
4736,03-12-2021,2372,2,1,12-01-2019 15:16,1
4737,31-01-2020,145,5,1,12-07-2022 19:44,1
4738,06-11-2020,286,3,1,07-07-2022 10:44,1
4739,25-11-2019,1340,4,1,21-12-2019 18:35,1
4740,27-01-2021,1082,1,1,29-10-2019 17:11,1
4741,03-01-2023,1464,2,1,05-03-2019 13:17,1
4742,17-06-2020,2381,2,1,04-08-2022 14:42,1
4743,14-11-2022,937,1,1,18-07-2022 18:25,1
4744,16-12-2020,2408,4,1,31-03-2022 12:24,1
4745,21-11-2022,75,3,1,03-08-2023 19:26,1
4746,15-01-2021,1299,1,1,24-06-2021 15:54,1
4747,23-12-2019,360,4,1,30-03-2021 16:26,1
4748,25-04-2022,1937,5,1,14-12-2023 19:53,1
4749,05-02-2020,1803,5,1,06-06-2021 19:33,1
4750,11-08-2021,1292,4,1,09-08-2022 13:28,1
4751,28-11-2020,281,3,1,14-04-2021 15:27,1
4752,02-10-2020,1538,4,1,10-10-2022 16:58,1
4753,21-03-2022,1954,3,1,29-09-2023 14:20,1
4754,13-03-2019,2425,2,1,12-11-2023 13:58,1
4755,01-05-2022,2143,1,1,02-03-2019 17:09,1
4756,31-10-2020,2305,3,1,02-03-2020 10:23,1
4757,25-04-2019,1302,5,1,27-05-2022 17:33,1
4758,08-06-2021,1327,2,1,13-10-2019 18:34,1
4759,16-06-2023,1959,3,1,30-04-2023 18:54,1
4760,26-12-2020,1769,2,1,16-11-2023 16:27,1
4761,14-08-2020,2526,1,1,24-12-2021 15:13,1
4762,26-07-2022,2496,4,1,24-08-2022 16:29,1
4763,15-05-2023,2407,5,1,25-04-2020 10:58,1
4764,13-08-2023,1933,2,1,15-11-2022 12:41,1
4765,02-04-2023,361,4,1,05-06-2019 14:23,1
4766,10-03-2022,240,5,1,31-12-2019 16:12,1
4767,11-02-2023,123,2,1,06-01-2023 11:07,1
4768,16-02-2021,2049,5,1,19-05-2019 14:48,1
4769,07-11-2022,957,2,1,29-07-2020 10:55,1
4770,26-07-2019,1738,1,1,16-01-2019 14:29,1
4771,23-07-2020,779,4,1,25-12-2020 11:43,1
4772,13-11-2023,1420,4,1,19-06-2022 18:35,1
4773,04-06-2023,2485,3,1,02-12-2022 19:37,1
4774,02-02-2021,267,5,1,28-05-2022 18:25,1
4775,18-10-2023,1178,2,1,24-05-2023 17:48,1
4776,05-07-2019,1485,5,1,18-03-2022 12:41,1
4777,08-03-2019,127,1,1,15-01-2022 15:08,1
4778,25-12-2023,1700,2,1,30-10-2019 11:26,1
4779,08-05-2023,2152,4,1,12-10-2019 17:29,1
4780,26-01-2021,1356,3,1,30-03-2023 10:36,1
4781,27-05-2022,1692,2,1,19-05-2021 17:55,1
4782,25-09-2023,286,1,1,25-01-2021 11:00,1
4783,29-07-2021,1686,4,1,19-06-2020 16:14,1
4784,27-07-2023,1559,1,1,16-05-2023 12:42,1
4785,03-09-2020,594,2,1,14-04-2022 10:11,1
4786,07-04-2019,24,1,1,18-01-2021 18:46,1
4787,07-06-2022,2137,3,1,15-03-2019 11:00,1
4788,03-02-2023,1539,1,1,10-08-2019 13:05,1
4789,26-05-2023,710,1,1,22-12-2023 12:00,1
4790,07-06-2023,2337,2,1,07-09-2021 10:29,1
4791,07-03-2020,2467,1,1,31-03-2019 15:52,1
4792,20-01-2019,1798,5,1,25-06-2023 18:56,1
4793,14-09-2019,216,1,1,16-01-2022 12:13,1
4794,17-12-2019,562,3,1,20-09-2023 17:43,1
4795,14-06-2020,1332,4,1,09-11-2023 14:30,1
4796,25-05-2019,1653,1,1,13-02-2021 18:08,1
4797,22-01-2022,1336,4,1,31-07-2019 14:15,1
4798,26-01-2022,291,5,1,24-06-2022 16:54,1
4799,04-03-2022,388,5,1,05-01-2019 15:12,1
4800,15-04-2022,270,5,1,09-08-2023 15:46,1
4801,03-11-2022,2150,1,1,28-08-2023 11:25,1
4802,27-08-2020,827,3,1,08-08-2023 10:21,1
4803,02-02-2021,1363,2,1,01-05-2023 10:28,1
4804,15-04-2023,616,2,1,29-06-2019 12:00,1
4805,12-07-2023,1959,5,1,06-12-2020 14:14,1
4806,30-08-2023,263,5,1,04-01-2021 13:52,1
4807,18-11-2019,157,5,1,02-05-2022 10:36,1
4808,13-09-2023,1242,1,1,03-08-2019 14:12,1
4809,29-03-2021,1956,2,1,02-07-2021 14:57,1
4810,22-04-2021,2087,1,1,19-09-2019 19:02,1
4811,01-02-2023,1415,5,1,27-06-2019 16:15,1
4812,05-04-2021,869,4,1,18-02-2022 17:20,1
4813,09-04-2019,1394,4,1,28-04-2020 19:51,1
4814,22-06-2019,487,5,1,21-09-2022 17:22,1
4815,22-01-2019,778,1,1,31-01-2021 17:06,1
4816,12-09-2021,490,1,1,05-07-2020 10:49,1
4817,10-09-2022,2421,1,1,15-11-2021 13:09,1
4818,15-06-2019,374,2,1,04-11-2023 13:14,1
4819,14-07-2020,515,2,1,26-06-2020 18:53,1
4820,28-01-2023,1060,2,1,10-01-2019 16:01,1
4821,19-03-2021,1645,2,1,24-08-2021 11:16,1
4822,29-05-2022,407,4,1,08-12-2021 19:56,1
4823,06-07-2023,1687,4,1,10-11-2019 16:56,1
4824,24-06-2021,700,5,1,07-06-2020 11:52,1
4825,01-10-2023,283,1,1,01-06-2021 14:40,1
4826,01-10-2019,1641,4,1,31-10-2023 17:10,1
4827,21-09-2023,471,3,1,05-08-2019 16:45,1
4828,04-11-2019,2394,4,1,22-10-2023 18:37,1
4829,10-11-2019,1087,4,1,21-03-2021 14:15,1
4830,10-11-2019,2406,4,1,31-10-2023 19:36,1
4831,27-12-2019,1747,5,1,07-01-2021 13:44,1
4832,01-09-2022,1276,4,1,03-01-2023 10:44,1
4833,09-08-2023,1540,3,1,05-11-2023 12:55,1
4834,02-05-2022,2304,1,1,01-03-2022 18:35,1
4835,26-09-2021,1965,1,1,11-11-2023 17:38,1
4836,08-07-2021,1202,1,1,05-02-2023 19:19,1
4837,17-03-2022,216,4,1,17-04-2019 10:32,1
4838,20-07-2022,1136,3,1,26-06-2019 19:26,1
4839,20-06-2019,544,4,1,03-09-2021 17:22,1
4840,29-06-2020,1367,4,1,31-05-2019 12:51,1
4841,09-03-2020,2228,4,1,27-07-2021 18:26,1
4842,13-02-2022,249,1,1,23-08-2021 15:43,1
4843,28-08-2021,1881,5,1,27-03-2020 18:02,1
4844,31-01-2020,212,3,1,04-04-2020 13:55,1
4845,30-05-2021,464,2,1,16-04-2022 11:30,1
4846,02-11-2022,1105,1,1,22-01-2019 11:55,1
4847,02-09-2020,135,1,1,01-11-2023 17:15,1
4848,01-01-2020,2253,2,1,05-01-2023 16:56,1
4849,05-09-2023,1203,4,1,23-05-2023 12:25,1
4850,26-06-2021,2214,5,1,05-11-2020 14:23,1
4851,05-10-2019,883,1,1,03-05-2022 14:40,1
4852,07-06-2022,1491,1,1,14-08-2019 17:22,1
4853,25-08-2019,1308,2,1,29-07-2019 10:50,1
4854,11-11-2022,27,1,1,18-06-2021 13:01,1
4855,22-03-2022,942,2,1,16-07-2022 11:32,1
4856,27-01-2022,2178,5,1,13-04-2022 15:56,1
4857,19-10-2023,243,2,1,27-05-2023 19:15,1
4858,10-09-2022,1671,5,1,11-12-2021 12:13,1
4859,11-12-2020,1043,1,1,27-03-2022 10:56,1
4860,13-08-2023,1477,3,1,29-01-2019 16:39,1
4861,31-12-2023,365,4,1,14-06-2021 13:23,1
4862,19-06-2022,777,4,1,22-04-2022 12:58,1
4863,20-10-2019,329,2,1,02-07-2021 10:55,1
4864,01-11-2020,1593,1,1,24-10-2019 17:00,1
4865,25-02-2019,1302,4,1,02-11-2020 14:26,1
4866,29-06-2022,802,3,1,08-09-2019 16:41,1
4867,17-07-2022,1982,2,1,19-02-2020 17:34,1
4868,22-07-2021,848,4,1,02-02-2021 12:05,1
4869,29-08-2020,815,5,1,15-11-2021 16:52,1
4870,23-01-2021,2186,2,1,31-07-2023 13:36,1
4871,10-04-2023,1393,4,1,03-06-2020 16:12,1
4872,26-12-2021,2461,1,1,07-12-2021 15:56,1
4873,28-09-2023,888,5,1,30-08-2020 18:05,1
4874,04-06-2020,364,1,1,01-11-2019 10:32,1
4875,29-08-2022,836,2,1,25-08-2023 18:09,1
4876,23-07-2021,955,1,1,15-03-2020 16:14,1
4877,17-05-2019,781,2,1,21-12-2020 17:29,1
4878,06-08-2020,1832,5,1,30-03-2019 19:47,1
4879,28-09-2020,551,5,1,13-03-2019 15:09,1
4880,30-04-2021,2330,4,1,16-10-2020 15:26,1
4881,25-04-2023,917,5,1,20-02-2020 11:11,1
4882,28-04-2023,295,2,1,01-01-2021 16:41,1
4883,24-04-2019,991,1,1,18-04-2023 18:27,1
4884,03-06-2020,1584,3,1,17-07-2020 12:15,1
4885,25-04-2023,1195,4,1,09-09-2023 10:12,1
4886,21-02-2022,252,2,1,06-10-2023 17:05,1
4887,19-07-2023,777,5,1,24-06-2022 19:06,1
4888,13-11-2021,2043,3,1,18-04-2020 13:41,1
4889,28-08-2021,1489,1,1,06-08-2023 19:53,1
4890,03-01-2023,1096,4,1,30-12-2020 18:47,1
4891,15-04-2022,1979,3,1,01-03-2021 14:13,1
4892,01-03-2023,1874,1,1,04-06-2019 11:35,1
4893,25-09-2020,1769,3,1,14-07-2022 13:12,1
4894,30-10-2019,697,2,1,03-09-2023 10:20,1
4895,12-02-2019,1993,5,1,18-01-2019 18:19,1
4896,04-06-2023,2365,5,1,18-11-2019 19:14,1
4897,29-09-2020,2022,5,1,28-08-2022 14:59,1
4898,10-04-2021,46,1,1,30-11-2022 11:23,1
4899,10-02-2019,629,3,1,03-04-2022 15:33,1
4900,21-07-2023,1414,1,1,10-11-2022 13:03,1
4901,10-06-2020,1342,4,1,17-02-2020 14:54,1
4902,06-10-2023,2408,3,1,30-01-2019 18:55,1
4903,25-02-2020,2399,1,1,10-09-2023 11:48,1
4904,02-06-2020,661,4,1,19-06-2019 11:14,1
4905,25-06-2023,2114,1,1,01-11-2023 15:16,1
4906,27-02-2020,2476,4,1,27-04-2019 18:55,1
4907,17-09-2020,354,1,1,17-07-2020 18:34,1
4908,02-02-2020,2133,3,1,18-12-2019 15:51,1
4909,12-01-2022,1122,1,1,26-03-2022 13:47,1
4910,28-11-2021,1281,2,1,17-09-2019 16:06,1
4911,21-04-2021,1256,5,1,16-09-2021 12:59,1
4912,07-01-2019,93,2,1,16-07-2019 19:14,1
4913,28-08-2023,1575,4,1,03-11-2021 19:33,1
4914,27-03-2023,2209,3,1,30-10-2020 12:31,1
4915,02-04-2019,403,4,1,29-12-2022 12:46,1
4916,03-05-2019,1839,5,1,25-08-2020 13:51,1
4917,20-08-2020,2375,2,1,18-10-2019 10:24,1
4918,13-05-2020,1774,4,1,25-09-2020 18:32,1
4919,04-12-2022,279,2,1,04-12-2021 13:00,1
4920,12-04-2021,1321,3,1,03-02-2022 19:01,1
4921,15-07-2021,2415,4,1,26-09-2021 18:54,1
4922,11-04-2023,158,1,1,23-07-2022 11:21,1
4923,05-04-2022,437,2,1,07-04-2021 10:51,1
4924,30-08-2020,924,3,1,14-10-2019 15:26,1
4925,22-03-2020,1769,3,1,10-07-2022 17:51,1
4926,11-05-2021,1966,4,1,25-09-2019 16:38,1
4927,13-05-2023,1606,2,1,04-03-2023 19:02,1
4928,17-12-2021,1495,3,1,24-01-2022 17:31,1
4929,06-04-2023,255,3,1,02-10-2023 12:48,1
4930,04-10-2019,36,1,1,28-02-2022 14:05,1
4931,06-06-2021,2341,3,1,26-11-2023 14:20,1
4932,11-04-2019,1430,3,1,05-09-2019 18:00,1
4933,10-11-2022,2326,4,1,30-04-2023 13:54,1
4934,17-12-2021,1724,4,1,21-06-2021 18:37,1
4935,06-06-2022,1481,4,1,18-10-2019 14:46,1
4936,26-09-2021,1017,4,1,28-09-2022 11:46,1
4937,25-02-2021,12,5,1,22-08-2023 15:32,1
4938,02-08-2020,131,1,1,19-03-2020 17:39,1
4939,14-03-2021,295,5,1,04-09-2021 19:53,1
4940,10-09-2022,463,3,1,21-02-2019 11:09,1
4941,08-03-2020,2080,4,1,20-08-2021 17:01,1
4942,21-01-2021,837,2,1,29-04-2021 17:24,1
4943,19-10-2023,433,1,1,08-12-2022 13:04,1
4944,26-05-2021,2246,4,1,28-12-2019 15:13,1
4945,24-06-2022,614,3,1,26-02-2019 13:47,1
4946,17-01-2019,1379,5,1,25-04-2022 16:55,1
4947,08-11-2023,561,2,1,30-09-2021 10:47,1
4948,01-10-2020,387,3,1,18-11-2023 17:18,1
4949,14-07-2023,895,1,1,08-09-2019 16:25,1
4950,22-01-2022,2500,4,1,01-02-2020 10:19,1
4951,20-10-2020,1745,2,1,01-01-2020 18:31,1
4952,12-02-2019,2302,2,1,29-03-2021 13:43,1
4953,10-10-2022,956,2,1,18-09-2019 16:26,1
4954,11-07-2022,397,1,1,13-05-2020 11:57,1
4955,22-09-2022,2158,3,1,30-07-2022 17:34,1
4956,20-06-2020,1859,5,1,20-09-2022 16:22,1
4957,24-02-2021,401,5,1,09-04-2021 14:48,1
4958,02-07-2021,1245,4,1,13-01-2021 13:19,1
4959,07-02-2021,1695,4,1,19-12-2021 18:39,1
4960,28-07-2020,903,1,1,15-12-2022 17:17,1
4961,13-05-2021,2345,3,1,02-01-2021 19:14,1
4962,14-02-2020,1812,5,1,05-06-2022 14:23,1
4963,27-03-2019,843,3,1,16-02-2021 11:19,1
4964,08-01-2022,1295,4,1,29-11-2019 10:20,1
4965,14-12-2019,928,5,1,14-05-2020 15:22,1
4966,27-02-2020,1331,1,1,19-03-2019 11:56,1
4967,02-09-2020,2186,1,1,17-03-2021 12:45,1
4968,17-07-2023,148,5,1,04-04-2019 19:32,1
4969,08-12-2020,2288,4,1,17-05-2022 11:13,1
4970,15-11-2019,1037,5,1,24-06-2023 11:56,1
4971,18-01-2023,985,2,1,17-06-2022 14:40,1
4972,31-10-2022,1896,2,1,28-08-2020 14:41,1
4973,27-07-2022,347,4,1,24-01-2022 13:26,1
4974,27-12-2021,1529,4,1,22-12-2022 18:38,1
4975,18-07-2019,246,5,1,24-05-2021 14:18,1
4976,03-07-2023,2063,2,1,04-02-2020 15:58,1
4977,13-05-2021,2191,4,1,11-01-2023 17:00,1
4978,16-11-2022,297,1,1,13-04-2019 10:47,1
4979,10-01-2023,2258,2,1,19-12-2023 13:10,1
4980,22-06-2023,1595,2,1,28-07-2023 12:51,1
4981,11-11-2020,1205,3,1,14-02-2020 10:50,1
4982,19-08-2023,736,1,1,03-08-2021 15:07,1
4983,02-07-2022,77,3,1,03-06-2020 18:34,1
4984,28-05-2022,1052,4,1,04-01-2021 11:58,1
4985,18-04-2023,1931,2,1,12-03-2022 12:20,1
4986,07-12-2021,1843,3,1,28-09-2021 11:25,1
4987,10-06-2022,1862,3,1,01-09-2021 19:26,1
4988,03-05-2023,1749,5,1,06-10-2019 11:46,1
4989,24-11-2023,1368,3,1,21-04-2023 14:56,1
4990,29-07-2021,970,5,1,01-02-2021 17:39,1
4991,03-05-2021,1744,2,1,29-10-2021 17:12,1
4992,26-08-2021,1942,4,1,30-11-2020 16:07,1
4993,12-10-2022,1600,2,1,09-03-2020 14:09,1
4994,28-09-2023,886,2,1,29-08-2019 11:05,1
4995,04-05-2019,2378,2,1,26-02-2021 12:48,1
4996,07-12-2023,242,4,1,19-10-2021 12:45,1
4997,22-09-2020,93,3,1,05-08-2020 15:53,1
4998,14-07-2019,1880,1,1,07-02-2019 12:32,1
4999,17-08-2022,2336,5,1,03-05-2021 14:58,1
,,,5,,,
,,,3,,,
,,,3,,,
,,,5,,,
,,,4,,,
,,,5,,,
,,,3,,,
,,,1,,,
,,,5,,,
,,,2,,,
,,,4,,,
,,,1,,,
,,,5,,,
,,,4,,,
,,,4,,,
,,,4,,,
,,,2,,,
,,,4,,,
,,,2,,,
,,,3,,,
,,,2,,,
,,,1,,,
,,,1,,,
,,,5,,,
,,,2,,,
,,,3,,,
,,,4,,,
,,,1,,,
,,,1,,,
,,,3,,,
,,,5,,,
,,,5,,,
,,,3,,,
,,,3,,,
,,,4,,,
,,,5,,,
,,,5,,,
,,,2,,,
,,,1,,,
,,,5,,,
,,,4,,,
,,,1,,,
,,,1,,,
,,,4,,,
,,,1,,,
,,,4,,,
,,,4,,,
,,,5,,,
,,,3,,,
,,,4,,,
,,,5,,,
,,,4,,,
,,,1,,,
,,,5,,,
,,,5,,,
,,,2,,,
,,,3,,,
,,,4,,,
,,,2,,,
,,,3,,,
,,,1,,,
,,,1,,,
,,,3,,,
,,,1,,,
,,,4,,,
,,,2,,,
,,,3,,,
,,,1,,,
,,,3,,,
,,,5,,,
,,,5,,,
,,,5,,,
,,,2,,,
,,,2,,,
,,,3,,,
,,,5,,,
,,,2,,,
,,,4,,,
,,,2,,,
,,,3,,,
,,,2,,,
,,,5,,,
,,,3,,,
,,,1,,,
,,,2,,,
,,,5,,,
,,,2,,,
,,,5,,,
,,,4,,,
,,,5,,,
,,,5,,,
,,,2,,,
,,,5,,,
,,,5,,,
,,,2,,,
,,,3,,,
,,,2,,,
,,,4,,,
,,,5,,,
,,,2,,,
,,,1,,,
,,,2,,,
,,,1,,,
,,,5,,,
,,,1,,,
,,,2,,,
,,,1,,,
,,,4,,,
,,,5,,,
,,,3,,,
,,,4,,,
,,,2,,,
,,,1,,,
,,,1,,,
,,,3,,,
,,,4,,,
,,,4,,,
,,,1,,,
,,,5,,,
,,,2,,,
,,,3,,,
,,,5,,,
,,,1,,,
,,,3,,,
,,,4,,,
,,,3,,,
,,,5,,,
,,,3,,,
,,,5,,,
,,,3,,,
,,,1,,,
,,,5,,,
,,,3,,,
,,,4,,,
,,,2,,,
,,,4,,,
,,,1,,,
,,,4,,,
,,,2,,,
,,,5,,,
,,,4,,,
,,,4,,,
,,,2,,,
,,,5,,,
,,,2,,,
,,,5,,,
,,,3,,,
,,,1,,,
,,,5,,,
,,,5,,,
,,,4,,,
,,,4,,,
,,,5,,,
,,,1,,,
,,,3,,,
,,,3,,,
,,,4,,,
,,,3,,,
,,,2,,,
,,,5,,,
,,,1,,,
,,,1,,,
,,,4,,,
,,,2,,,
,,,2,,,
,,,4,,,
,,,5,,,
,,,5,,,
,,,5,,,
,,,5,,,
,,,1,,,
,,,4,,,
,,,1,,,
,,,1,,,
,,,1,,,
,,,2,,,
,,,1,,,
,,,1,,,
,,,2,,,
,,,3,,,
,,,4,,,
,,,1,,,
,,,1,,,
,,,2,,,
,,,1,,,
,,,2,,,
,,,5,,,
,,,1,,,
,,,2,,,
,,,3,,,
,,,5,,,
,,,4,,,
,,,5,,,
,,,3,,,
,,,1,,,
,,,5,,,
,,,3,,,
,,,4,,,
,,,5,,,
,,,3,,,
,,,5,,,
,,,3,,,
,,,4,,,
,,,4,,,
,,,5,,,
,,,5,,,
,,,3,,,
,,,4,,,
,,,1,,,
,,,1,,,
,,,5,,,
,,,1,,,
,,,3,,,
,,,4,,,
,,,5,,,
,,,1,,,
,,,5,,,
,,,4,,,
,,,3,,,
,,,4,,,
,,,5,,,
,,,3,,,
,,,5,,,
,,,3,,,
,,,1,,,
,,,3,,,
,,,1,,,
,,,3,,,
,,,5,,,
,,,3,,,
,,,1,,,
,,,4,,,
,,,5,,,
,,,2,,,
,,,5,,,
,,,5,,,
,,,5,,,
,,,1,,,
,,,4,,,
,,,3,,,
,,,1,,,
,,,5,,,
,,,1,,,
,,,2,,,
,,,1,,,
,,,4,,,
,,,1,,,
,,,4,,,
,,,1,,,
,,,5,,,
,,,5,,,
,,,5,,,
,,,5,,,
,,,3,,,
,,,5,,,
,,,5,,,
,,,3,,,
,,,5,,,
,,,4,,,
,,,4,,,
,,,2,,,
,,,1,,,
,,,5,,,
,,,5,,,
,,,5,,,
,,,3,,,
,,,1,,,
,,,1,,,
,,,3,,,
,,,5,,,
,,,5,,,
,,,2,,,
,,,5,,,
,,,3,,,
,,,3,,,
,,,2,,,
,,,1,,,
,,,2,,,
,,,3,,,
,,,5,,,
,,,5,,,
,,,3,,,
,,,1,,,
,,,1,,,
,,,3,,,
,,,4,,,
,,,5,,,
,,,3,,,
,,,2,,,
,,,4,,,
,,,5,,,
,,,4,,,
,,,3,,,
,,,1,,,
,,,4,,,
,,,5,,,
,,,1,,,
,,,1,,,
,,,1,,,
,,,5,,,
,,,1,,,
,,,3,,,
,,,2,,,
,,,4,,,
,,,3,,,
,,,2,,,
,,,4,,,
,,,1,,,
,,,4,,,
,,,1,,,
,,,2,,,
,,,5,,,
,,,3,,,
,,,5,,,
,,,4,,,
,,,4,,,
,,,1,,,
,,,5,,,
,,,1,,,
,,,4,,,
,,,4,,,
,,,2,,,
,,,1,,,
,,,3,,,
,,,4,,,
,,,4,,,
,,,5,,,
,,,2,,,
,,,2,,,
,,,3,,,
,,,1,,,
,,,1,,,
,,,4,,,
,,,3,,,
,,,5,,,
,,,3,,,
,,,1,,,
,,,5,,,
,,,3,,,
,,,1,,,
,,,1,,,
,,,2,,,
,,,3,,,
,,,5,,,
,,,1,,,
,,,5,,,
,,,3,,,
,,,3,,,
,,,1,,,
,,,2,,,
,,,5,,,
,,,1,,,
,,,1,,,
,,,4,,,
,,,4,,,
,,,3,,,
,,,2,,,
,,,2,,,
,,,3,,,
,,,4,,,
,,,1,,,
,,,3,,,
,,,2,,,
,,,3,,,
,,,4,,,
,,,3,,,
,,,3,,,
,,,2,,,
,,,2,,,
,,,2,,,
,,,2,,,
,,,2,,,
,,,3,,,
,,,5,,,
,,,3,,,
,,,4,,,
,,,3,,,
,,,2,,,
,,,3,,,
,,,2,,,
,,,5,,,
,,,4,,,
,,,3,,,
,,,2,,,
,,,5,,,
,,,4,,,
,,,1,,,
,,,2,,,
,,,2,,,
,,,4,,,
,,,1,,,
,,,2,,,
,,,1,,,
,,,3,,,
,,,3,,,
,,,4,,,
,,,2,,,
,,,2,,,
,,,5,,,
,,,5,,,
,,,1,,,
,,,2,,,
,,,1,,,
,,,4,,,
,,,1,,,
,,,5,,,
,,,4,,,
,,,5,,,
,,,5,,,
,,,5,,,
,,,1,,,
,,,1,,,
,,,2,,,
,,,1,,,
,,,4,,,
,,,5,,,
,,,2,,,
,,,1,,,
,,,1,,,
,,,1,,,
,,,5,,,
,,,5,,,
,,,2,,,
,,,5,,,
,,,4,,,
,,,2,,,
,,,1,,,
,,,4,,,
,,,3,,,
,,,1,,,
,,,2,,,
,,,4,,,
,,,1,,,
,,,4,,,
,,,1,,,
,,,1,,,
,,,4,,,
,,,2,,,
,,,2,,,
,,,3,,,
,,,5,,,
,,,3,,,
,,,1,,,
,,,3,,,
,,,4,,,
,,,2,,,
,,,2,,,
,,,4,,,
,,,1,,,
,,,4,,,
,,,3,,,
,,,3,,,
,,,1,,,
,,,5,,,
,,,5,,,
,,,5,,,
,,,2,,,
,,,1,,,
,,,4,,,
,,,2,,,
,,,4,,,
,,,3,,,
,,,2,,,
,,,1,,,
,,,3,,,
,,,3,,,
,,,4,,,
,,,4,,,
,,,1,,,
,,,1,,,
,,,5,,,
,,,5,,,
,,,1,,,
,,,1,,,
,,,5,,,
,,,2,,,
,,,3,,,
,,,4,,,
,,,5,,,
,,,1,,,
,,,1,,,
,,,5,,,
,,,1,,,
,,,3,,,
,,,3,,,
,,,2,,,
,,,1,,,
,,,3,,,
,,,3,,,
,,,1,,,
,,,4,,,
,,,4,,,
,,,1,,,
,,,1,,,
,,,5,,,
,,,4,,,
,,,1,,,
,,,5,,,
,,,4,,,
,,,2,,,
,,,3,,,
,,,4,,,
,,,5,,,
,,,1,,,
,,,4,,,
,,,4,,,
,,,3,,,
,,,5,,,
,,,2,,,
,,,5,,,
,,,2,,,
,,,2,,,
,,,2,,,
,,,2,,,
,,,3,,,
,,,2,,,
,,,4,,,
,,,2,,,
,,,5,,,
,,,4,,,
,,,3,,,
,,,2,,,
,,,1,,,
,,,4,,,
,,,5,,,
,,,4,,,
,,,1,,,
,,,2,,,
,,,5,,,
,,,2,,,
,,,1,,,
,,,5,,,
,,,1,,,
,,,1,,,
,,,3,,,
,,,2,,,
,,,1,,,
,,,1,,,
,,,1,,,
,,,5,,,
,,,4,,,
,,,5,,,
,,,4,,,
,,,5,,,
,,,3,,,
,,,2,,,
,,,5,,,
,,,5,,,
,,,1,,,
,,,2,,,
,,,4,,,
,,,2,,,
,,,4,,,
,,,3,,,
,,,5,,,
,,,5,,,
,,,3,,,
,,,5,,,
,,,2,,,
,,,5,,,
,,,3,,,
,,,2,,,
,,,5,,,
,,,2,,,
,,,5,,,
,,,4,,,
,,,1,,,
,,,1,,,
,,,3,,,
,,,2,,,
,,,2,,,
,,,3,,,
,,,1,,,
,,,4,,,
,,,5,,,
,,,2,,,
,,,1,,,
,,,3,,,
,,,1,,,
,,,5,,,
,,,1,,,
,,,5,,,
,,,1,,,
,,,1,,,
,,,1,,,
,,,3,,,
,,,5,,,
,,,4,,,
,,,1,,,
,,,4,,,
,,,4,,,
,,,2,,,
,,,4,,,
,,,5,,,
,,,5,,,
,,,5,,,
,,,4,,,
,,,4,,,
,,,1,,,
,,,5,,,
,,,3,,,
,,,2,,,
,,,3,,,
,,,2,,,
,,,2,,,
,,,5,,,
,,,2,,,
,,,4,,,
,,,3,,,
,,,5,,,
,,,3,,,
,,,1,,,
,,,3,,,
,,,1,,,
,,,2,,,
,,,3,,,
,,,1,,,
,,,3,,,
,,,4,,,
,,,3,,,
,,,2,,,
,,,2,,,
,,,3,,,
,,,3,,,
,,,2,,,
,,,1,,,
,,,1,,,
,,,5,,,
,,,5,,,
,,,3,,,
,,,3,,,
,,,1,,,
,,,1,,,
,,,3,,,
,,,2,,,
,,,3,,,
,,,2,,,
,,,3,,,
,,,5,,,
,,,4,,,
,,,1,,,
,,,2,,,
,,,1,,,
,,,4,,,
,,,5,,,
,,,4,,,
,,,4,,,
,,,4,,,
,,,2,,,
,,,3,,,
,,,5,,,
,,,4,,,
,,,5,,,
,,,1,,,
,,,4,,,
,,,5,,,
,,,1,,,
,,,5,,,
,,,1,,,
,,,1,,,
,,,1,,,
,,,5,,,
,,,2,,,
,,,5,,,
,,,2,,,
,,,1,,,
,,,5,,,
,,,5,,,
,,,5,,,
,,,5,,,
,,,5,,,
,,,4,,,
,,,4,,,
,,,3,,,
,,,3,,,
,,,4,,,
,,,3,,,
,,,3,,,
,,,1,,,
,,,5,,,
,,,4,,,
,,,4,,,
,,,2,,,
,,,1,,,
,,,5,,,
,,,3,,,
,,,5,,,
,,,5,,,
,,,4,,,
,,,1,,,
,,,3,,,
,,,4,,,
,,,4,,,
,,,5,,,
,,,3,,,
,,,5,,,
,,,5,,,
,,,4,,,
,,,2,,,
,,,4,,,
,,,1,,,
,,,2,,,
,,,1,,,
,,,1,,,
,,,1,,,
,,,4,,,
,,,5,,,
,,,4,,,
,,,5,,,
,,,1,,,
,,,2,,,
,,,5,,,
,,,1,,,
,,,2,,,
,,,5,,,
,,,2,,,
,,,4,,,
,,,4,,,
,,,1,,,
,,,1,,,
,,,4,,,
,,,1,,,
,,,3,,,
,,,3,,,
,,,2,,,
,,,2,,,
,,,5,,,
,,,5,,,
,,,5,,,
,,,2,,,
,,,2,,,
,,,4,,,
,,,5,,,
,,,3,,,
,,,1,,,
,,,4,,,
,,,2,,,
,,,1,,,
,,,4,,,
,,,1,,,
,,,1,,,
,,,3,,,
,,,3,,,
,,,4,,,
,,,4,,,
,,,5,,,
,,,1,,,
,,,2,,,
,,,5,,,
,,,2,,,
,,,5,,,
,,,4,,,
,,,5,,,
,,,4,,,
,,,4,,,
,,,2,,,
,,,3,,,
,,,4,,,
,,,2,,,
,,,4,,,
,,,5,,,
,,,4,,,
,,,1,,,
,,,5,,,
,,,4,,,
,,,4,,,
,,,2,,,
,,,2,,,
,,,3,,,
,,,5,,,
,,,5,,,
,,,4,,,
,,,5,,,
,,,2,,,
,,,1,,,
,,,2,,,
,,,5,,,
,,,1,,,
,,,1,,,
,,,4,,,
,,,5,,,
,,,3,,,
,,,5,,,
,,,3,,,
,,,5,,,
,,,4,,,
,,,2,,,
,,,3,,,
,,,3,,,
,,,3,,,
,,,1,,,
,,,3,,,
,,,1,,,
,,,2,,,
,,,2,,,
,,,2,,,
,,,4,,,
,,,3,,,
,,,1,,,
,,,4,,,
,,,2,,,
,,,4,,,
,,,3,,,
,,,1,,,
,,,3,,,
,,,5,,,
,,,4,,,
,,,2,,,
,,,2,,,
,,,5,,,
,,,3,,,
,,,2,,,
,,,2,,,
,,,5,,,
,,,5,,,
,,,3,,,
,,,1,,,
,,,3,,,
,,,1,,,
,,,2,,,
,,,2,,,
,,,5,,,
,,,3,,,
,,,2,,,
,,,3,,,
,,,4,,,
,,,4,,,
,,,2,,,
,,,5,,,
,,,3,,,
,,,3,,,
,,,2,,,
,,,2,,,
,,,3,,,
,,,3,,,
,,,5,,,
,,,3,,,
,,,3,,,
,,,5,,,
,,,1,,,
,,,3,,,
,,,5,,,
,,,1,,,
,,,2,,,
,,,4,,,
,,,2,,,
,,,5,,,
,,,1,,,
,,,3,,,
,,,4,,,
,,,3,,,
,,,5,,,
,,,2,,,
,,,1,,,
,,,4,,,
,,,1,,,
,,,2,,,
,,,1,,,
,,,1,,,
,,,5,,,
,,,3,,,
,,,2,,,
,,,1,,,
,,,2,,,
,,,5,,,
,,,1,,,
,,,2,,,
,,,3,,,
,,,4,,,
,,,5,,,
,,,5,,,
,,,2,,,
,,,5,,,
,,,4,,,
,,,3,,,
,,,5,,,
,,,3,,,
,,,4,,,
,,,5,,,
,,,3,,,
,,,3,,,
,,,1,,,
,,,3,,,
,,,5,,,
,,,5,,,
,,,1,,,
,,,4,,,
,,,2,,,
,,,2,,,
,,,1,,,
,,,5,,,
,,,5,,,
,,,1,,,
,,,3,,,
,,,5,,,
,,,5,,,
,,,3,,,
,,,4,,,
,,,4,,,
,,,1,,,
,,,2,,,
,,,1,,,
,,,1,,,
,,,3,,,
,,,2,,,
,,,1,,,
,,,1,,,
,,,3,,,
,,,5,,,
,,,4,,,
,,,5,,,
,,,1,,,
,,,4,,,
,,,3,,,
,,,5,,,
,,,1,,,
,,,2,,,
,,,1,,,
,,,4,,,
,,,4,,,
,,,1,,,
,,,3,,,
,,,4,,,
,,,4,,,
,,,5,,,
,,,3,,,
,,,3,,,
,,,1,,,
,,,1,,,
,,,4,,,
,,,5,,,
,,,2,,,
,,,3,,,
,,,2,,,
,,,1,,,
,,,5,,,
,,,1,,,
,,,3,,,
,,,3,,,
,,,1,,,
,,,1,,,
,,,5,,,
,,,5,,,
,,,2,,,
,,,5,,,
,,,1,,,
,,,3,,,
,,,4,,,
,,,3,,,
,,,5,,,
,,,5,,,
,,,1,,,
,,,3,,,
,,,3,,,
,,,5,,,
,,,2,,,
,,,1,,,
,,,1,,,
,,,3,,,
,,,3,,,
,,,1,,,
,,,3,,,
,,,3,,,
,,,4,,,
,,,4,,,
,,,5,,,
,,,3,,,
,,,1,,,
,,,3,,,
,,,3,,,
,,,5,,,
,,,3,,,
,,,2,,,
,,,3,,,
,,,4,,,
,,,1,,,
,,,5,,,
,,,4,,,
,,,4,,,
,,,3,,,
,,,3,,,
,,,4,,,
,,,2,,,
,,,3,,,
,,,3,,,
,,,4,,,
,,,3,,,
,,,1,,,
,,,5,,,
,,,2,,,
,,,1,,,
,,,1,,,
,,,2,,,
,,,5,,,
,,,3,,,
,,,4,,,
,,,3,,,
,,,5,,,
,,,3,,,
,,,3,,,
,,,5,,,
,,,1,,,
,,,1,,,
,,,1,,,
,,,3,,,
,,,2,,,
,,,5,,,
,,,5,,,
,,,4,,,
,,,5,,,
,,,3,,,
,,,4,,,
,,,1,,,
,,,2,,,
,,,3,,,
,,,2,,,
,,,3,,,
,,,3,,,
,,,5,,,
,,,4,,,
,,,2,,,
,,,1,,,
,,,1,,,
,,,1,,,
,,,2,,,
,,,1,,,
,,,4,,,
,,,1,,,
,,,5,,,
,,,2,,,
,,,5,,,
,,,5,,,
,,,3,,,
,,,2,,,
,,,5,,,
,,,5,,,
,,,1,,,
,,,4,,,
,,,2,,,
,,,2,,,
,,,1,,,
,,,1,,,
,,,2,,,
,,,5,,,
,,,4,,,
,,,1,,,
,,,4,,,
,,,3,,,
,,,5,,,
,,,3,,,
,,,2,,,
,,,1,,,
,,,2,,,
,,,1,,,
,,,3,,,
,,,4,,,
,,,1,,,
,,,1,,,
,,,4,,,
,,,2,,,
,,,5,,,
,,,5,,,
,,,5,,,
,,,2,,,
,,,1,,,
,,,2,,,
,,,4,,,
,,,5,,,
,,,4,,,
,,,3,,,
,,,4,,,
,,,3,,,
,,,2,,,
,,,5,,,
,,,4,,,
,,,1,,,
,,,3,,,
,,,1,,,
,,,1,,,
,,,1,,,
,,,5,,,
,,,4,,,
,,,3,,,
,,,3,,,
,,,2,,,
,,,5,,,
,,,2,,,
,,,2,,,
,,,3,,,
,,,5,,,
,,,5,,,
,,,1,,,
,,,4,,,
,,,1,,,
,,,1,,,
,,,4,,,
,,,2,,,
,,,4,,,
,,,1,,,
,,,3,,,
,,,3,,,
,,,2,,,
,,,4,,,
,,,3,,,
,,,4,,,
,,,2,,,
,,,1,,,
,,,1,,,
,,,5,,,
,,,2,,,
,,,2,,,
,,,5,,,
,,,1,,,
,,,4,,,
,,,5,,,
,,,5,,,
,,,2,,,
,,,4,,,
,,,1,,,
,,,5,,,
,,,1,,,
,,,5,,,
,,,4,,,
,,,3,,,
,,,5,,,
,,,4,,,
,,,1,,,
,,,1,,,
,,,3,,,
,,,3,,,
,,,1,,,
,,,5,,,
,,,1,,,
,,,1,,,
,,,1,,,
,,,2,,,
,,,5,,,
,,,2,,,
,,,3,,,
,,,4,,,
,,,1,,,
,,,2,,,
,,,5,,,
,,,5,,,
,,,2,,,
,,,1,,,
,,,3,,,
,,,3,,,
,,,3,,,
,,,5,,,
,,,3,,,
,,,5,,,
,,,3,,,
,,,4,,,
,,,3,,,
,,,4,,,
,,,4,,,
,,,3,,,
,,,2,,,
,,,4,,,
,,,4,,,
,,,1,,,
,,,5,,,
,,,4,,,
,,,2,,,
,,,1,,,
,,,1,,,
,,,1,,,
,,,5,,,
,,,1,,,
,,,5,,,
,,,1,,,
,,,5,,,
,,,3,,,
,,,3,,,
,,,5,,,
,,,2,,,
,,,3,,,
,,,4,,,
,,,2,,,
,,,2,,,
,,,2,,,
,,,5,,,
,,,4,,,
,,,3,,,
,,,4,,,
,,,4,,,
,,,3,,,
,,,1,,,
,,,4,,,
,,,3,,,
,,,1,,,
,,,5,,,
,,,5,,,
,,,4,,,
,,,4,,,
,,,2,,,
,,,4,,,
,,,4,,,
,,,3,,,
,,,2,,,
,,,3,,,
,,,1,,,
,,,1,,,
,,,5,,,
,,,4,,,
,,,5,,,
,,,5,,,
,,,3,,,
,,,2,,,
,,,1,,,
,,,2,,,
,,,4,,,
,,,2,,,
,,,5,,,
,,,5,,,
,,,4,,,
,,,1,,,
,,,2,,,
,,,5,,,
,,,4,,,
,,,2,,,
,,,1,,,
,,,5,,,
,,,2,,,
,,,2,,,
,,,1,,,
,,,5,,,
,,,4,,,
,,,2,,,
,,,1,,,
,,,4,,,
,,,2,,,
,,,1,,,
,,,5,,,
,,,1,,,
,,,2,,,
,,,2,,,
,,,5,,,
,,,5,,,
,,,5,,,
,,,2,,,
,,,5,,,
,,,4,,,
,,,3,,,
,,,1,,,
,,,3,,,
,,,4,,,
,,,3,,,
,,,3,,,
,,,3,,,
,,,3,,,
,,,1,,,
,,,5,,,
,,,1,,,
,,,4,,,
,,,5,,,
,,,4,,,
,,,5,,,
,,,5,,,
,,,3,,,
,,,3,,,
,,,2,,,
,,,1,,,
,,,2,,,
,,,5,,,
,,,5,,,
,,,2,,,
,,,1,,,
,,,2,,,
,,,4,,,
,,,3,,,
,,,3,,,
,,,1,,,
,,,4,,,
,,,3,,,
,,,4,,,
,,,1,,,
,,,3,,,
,,,4,,,
,,,4,,,
,,,1,,,
,,,4,,,
,,,1,,,
,,,5,,,
,,,2,,,
,,,4,,,
,,,4,,,
,,,5,,,
,,,3,,,
,,,3,,,
,,,2,,,
,,,3,,,
,,,2,,,
,,,2,,,
,,,5,,,
,,,3,,,
,,,1,,,
,,,1,,,
,,,5,,,
,,,3,,,
,,,1,,,
,,,2,,,
,,,2,,,
,,,5,,,
,,,3,,,
,,,2,,,
,,,2,,,
,,,4,,,
,,,4,,,
,,,4,,,
,,,4,,,
,,,4,,,
,,,2,,,
,,,1,,,
,,,2,,,
,,,2,,,
,,,2,,,
,,,3,,,
,,,3,,,
,,,4,,,
,,,3,,,
,,,2,,,
,,,2,,,
,,,2,,,
,,,2,,,
,,,3,,,
,,,5,,,
,,,4,,,
,,,1,,,
,,,4,,,
,,,5,,,
,,,3,,,
,,,5,,,
,,,1,,,
,,,2,,,
,,,2,,,
,,,5,,,
,,,5,,,
,,,5,,,
,,,2,,,
,,,3,,,
,,,5,,,
,,,4,,,
,,,5,,,
,,,3,,,
,,,3,,,
,,,1,,,
,,,5,,,
,,,4,,,
,,,4,,,
,,,4,,,
,,,2,,,
,,,2,,,
,,,3,,,
,,,1,,,
,,,1,,,
,,,1,,,
,,,5,,,
,,,3,,,
,,,1,,,
,,,3,,,
,,,1,,,
,,,2,,,
,,,1,,,
,,,4,,,
,,,5,,,
,,,4,,,
,,,1,,,
,,,2,,,
,,,3,,,
,,,4,,,
,,,5,,,
,,,3,,,
,,,4,,,
,,,5,,,
,,,4,,,
,,,5,,,
,,,5,,,
,,,5,,,
,,,5,,,
,,,1,,,
,,,4,,,
,,,3,,,
,,,5,,,
,,,4,,,
,,,5,,,
,,,2,,,
,,,3,,,
,,,1,,,
,,,5,,,
,,,2,,,
,,,1,,,
,,,1,,,
,,,1,,,
,,,5,,,
,,,1,,,
,,,1,,,
,,,4,,,
,,,1,,,
,,,3,,,
,,,2,,,
,,,5,,,
,,,3,,,
,,,3,,,
,,,2,,,
,,,4,,,
,,,1,,,
,,,3,,,
,,,5,,,
,,,1,,,
,,,1,,,
,,,4,,,
,,,2,,,
,,,4,,,
,,,4,,,
,,,1,,,
,,,4,,,
,,,3,,,
,,,3,,,
,,,2,,,
,,,2,,,
,,,2,,,
,,,1,,,
,,,5,,,
,,,5,,,
,,,4,,,
,,,1,,,
,,,5,,,
,,,4,,,
,,,1,,,
,,,4,,,
,,,2,,,
,,,2,,,
,,,2,,,
,,,5,,,
,,,4,,,
,,,4,,,
,,,3,,,
,,,1,,,
,,,2,,,
,,,4,,,
,,,1,,,
,,,1,,,
,,,1,,,
,,,1,,,
,,,4,,,
,,,1,,,
,,,1,,,
,,,1,,,
,,,5,,,
,,,2,,,
,,,4,,,
,,,2,,,
,,,3,,,
,,,2,,,
,,,3,,,
,,,2,,,
,,,1,,,
,,,4,,,
,,,2,,,
,,,1,,,
,,,4,,,
,,,5,,,
,,,3,,,
,,,5,,,
,,,2,,,
,,,1,,,
,,,4,,,
,,,3,,,
,,,4,,,
,,,1,,,
,,,4,,,
,,,5,,,
,,,3,,,
,,,1,,,
,,,5,,,
,,,2,,,
,,,4,,,
,,,3,,,
,,,1,,,
,,,2,,,
,,,4,,,
,,,2,,,
,,,5,,,
,,,2,,,
,,,2,,,
,,,2,,,
,,,3,,,
,,,1,,,
,,,5,,,
,,,5,,,
,,,4,,,
,,,3,,,
,,,4,,,
,,,1,,,
,,,4,,,
,,,4,,,
,,,3,,,
,,,4,,,
,,,5,,,
,,,5,,,
,,,5,,,
,,,2,,,
,,,5,,,
,,,3,,,
,,,1,,,
,,,3,,,
,,,5,,,
,,,1,,,
,,,2,,,
,,,2,,,
,,,1,,,
,,,3,,,
,,,3,,,
,,,5,,,
,,,5,,,
,,,2,,,
,,,5,,,
,,,1,,,
,,,5,,,
,,,1,,,
,,,3,,,
,,,3,,,
,,,4,,,
,,,3,,,
,,,3,,,
,,,1,,,
,,,4,,,
,,,2,,,
,,,2,,,
,,,4,,,
,,,4,,,
,,,1,,,
,,,1,,,
,,,4,,,
,,,3,,,
,,,3,,,
,,,5,,,
,,,1,,,
,,,3,,,
,,,2,,,
,,,5,,,
,,,4,,,
,,,1,,,
,,,1,,,
,,,5,,,
,,,3,,,
,,,4,,,
,,,5,,,
,,,1,,,
,,,5,,,
,,,3,,,
,,,3,,,
,,,3,,,
,,,2,,,
,,,4,,,
,,,1,,,
,,,3,,,
,,,5,,,
,,,5,,,
,,,5,,,
,,,2,,,
,,,2,,,
,,,4,,,
,,,5,,,
,,,5,,,
,,,3,,,
,,,3,,,
,,,4,,,
,,,2,,,
,,,5,,,
,,,5,,,
,,,4,,,
,,,3,,,
,,,3,,,
,,,4,,,
,,,2,,,
,,,2,,,
,,,2,,,
,,,4,,,
,,,3,,,
,,,5,,,
,,,4,,,
,,,3,,,
,,,1,,,
,,,5,,,
,,,5,,,
,,,1,,,
,,,5,,,
,,,3,,,
,,,4,,,
,,,2,,,
,,,3,,,
,,,5,,,
,,,3,,,
,,,2,,,
,,,1,,,
,,,4,,,
,,,5,,,
,,,1,,,
,,,1,,,
,,,5,,,
,,,4,,,
,,,3,,,
,,,4,,,
,,,5,,,
,,,5,,,
,,,2,,,
,,,5,,,
,,,4,,,
,,,3,,,
,,,1,,,
,,,2,,,
,,,5,,,
,,,5,,,
,,,1,,,
,,,5,,,
,,,5,,,
,,,4,,,
,,,3,,,
,,,5,,,
,,,3,,,
,,,4,,,
,,,4,,,
,,,3,,,
,,,1,,,
,,,5,,,
,,,4,,,
,,,1,,,
,,,1,,,
,,,2,,,
,,,3,,,
,,,4,,,
,,,4,,,
,,,1,,,
,,,4,,,
,,,5,,,
,,,1,,,
,,,4,,,
,,,3,,,
,,,2,,,
,,,4,,,
,,,1,,,
,,,3,,,
,,,4,,,
,,,1,,,
,,,3,,,
,,,2,,,
,,,3,,,
,,,4,,,
,,,3,,,
,,,2,,,
,,,4,,,
,,,1,,,
,,,1,,,
,,,3,,,
,,,2,,,
,,,1,,,
,,,2,,,
,,,5,,,
,,,4,,,
,,,4,,,
,,,2,,,
,,,3,,,
,,,2,,,
,,,4,,,
,,,4,,,
,,,4,,,
,,,1,,,
,,,2,,,
,,,1,,,
,,,4,,,
,,,5,,,
,,,2,,,
,,,3,,,
,,,5,,,
,,,3,,,
,,,1,,,
,,,3,,,
,,,5,,,
,,,3,,,
,,,1,,,
,,,2,,,
,,,3,,,
,,,3,,,
,,,3,,,
,,,2,,,
,,,2,,,
,,,2,,,
,,,2,,,
,,,2,,,
,,,3,,,
,,,4,,,
,,,1,,,
,,,1,,,
,,,5,,,
,,,2,,,
,,,5,,,
,,,3,,,
,,,1,,,
,,,3,,,
,,,2,,,
,,,1,,,
,,,2,,,
,,,1,,,
,,,1,,,
,,,5,,,
,,,1,,,
,,,3,,,
,,,3,,,
,,,4,,,
,,,1,,,
,,,4,,,
,,,2,,,
,,,4,,,
,,,5,,,
,,,5,,,
,,,1,,,
,,,3,,,
,,,2,,,
,,,5,,,
,,,4,,,
,,,1,,,
,,,4,,,
,,,4,,,
,,,5,,,
,,,4,,,
,,,2,,,
,,,5,,,
,,,5,,,
,,,2,,,
,,,3,,,
,,,2,,,
,,,4,,,
,,,1,,,
,,,1,,,
,,,4,,,
,,,1,,,
,,,2,,,
,,,4,,,
,,,4,,,
,,,4,,,
,,,1,,,
,,,2,,,
,,,1,,,
,,,4,,,
,,,5,,,
,,,5,,,
,,,4,,,
,,,5,,,
,,,4,,,
,,,2,,,
,,,5,,,
,,,3,,,
,,,1,,,
,,,5,,,
,,,5,,,
,,,4,,,
,,,4,,,
,,,1,,,
,,,5,,,
,,,4,,,
,,,2,,,
,,,4,,,
,,,3,,,
,,,5,,,
,,,2,,,
,,,4,,,
,,,2,,,
,,,4,,,
,,,5,,,
,,,1,,,
,,,5,,,
,,,4,,,
,,,1,,,
,,,3,,,
,,,4,,,
,,,2,,,
,,,2,,,
,,,3,,,
,,,3,,,
,,,3,,,
,,,1,,,
,,,1,,,
,,,4,,,
,,,3,,,
,,,5,,,
,,,3,,,
,,,1,,,
,,,2,,,
,,,1,,,
,,,4,,,
,,,5,,,
,,,2,,,
,,,1,,,
,,,4,,,
,,,2,,,
,,,4,,,
,,,3,,,
,,,3,,,
,,,5,,,
,,,5,,,
,,,4,,,
,,,5,,,
,,,1,,,
,,,4,,,
,,,2,,,
,,,3,,,
,,,2,,,
,,,2,,,
,,,1,,,
,,,1,,,
,,,1,,,
,,,1,,,
,,,1,,,
,,,4,,,
,,,1,,,
,,,4,,,
,,,1,,,
,,,4,,,
,,,4,,,
,,,1,,,
,,,1,,,
,,,4,,,
,,,2,,,
,,,4,,,
,,,3,,,
,,,5,,,
,,,4,,,
,,,1,,,
,,,2,,,
,,,2,,,
,,,4,,,
,,,5,,,
,,,4,,,
,,,1,,,
,,,5,,,
,,,5,,,
,,,5,,,
,,,4,,,
,,,2,,,
,,,3,,,
,,,1,,,
,,,2,,,
,,,1,,,
,,,1,,,
,,,2,,,
,,,3,,,
,,,1,,,
,,,2,,,
,,,1,,,
,,,3,,,
,,,1,,,
,,,1,,,
,,,2,,,
,,,3,,,
,,,2,,,
,,,2,,,
,,,3,,,
,,,3,,,
,,,3,,,
,,,5,,,
,,,5,,,
,,,4,,,
,,,2,,,
,,,1,,,
,,,2,,,
,,,1,,,
,,,5,,,
,,,1,,,
,,,2,,,
,,,2,,,
,,,2,,,
,,,5,,,
,,,2,,,
,,,5,,,
,,,4,,,
,,,5,,,
,,,3,,,
,,,1,,,
,,,2,,,
,,,2,,,
,,,2,,,
,,,5,,,
,,,4,,,
,,,5,,,
,,,2,,,
,,,5,,,
,,,4,,,
,,,3,,,
,,,3,,,
,,,4,,,
,,,5,,,
,,,3,,,
,,,2,,,
,,,1,,,
,,,1,,,
,,,4,,,
,,,2,,,
,,,3,,,
,,,3,,,
,,,3,,,
,,,3,,,
,,,1,,,
,,,4,,,
,,,3,,,
,,,4,,,
,,,3,,,
,,,1,,,
,,,2,,,
,,,3,,,
,,,1,,,
,,,4,,,
,,,2,,,
,,,4,,,
,,,2,,,
,,,3,,,
,,,2,,,
,,,1,,,
,,,5,,,
,,,1,,,
,,,4,,,
,,,2,,,
,,,3,,,
,,,4,,,
,,,1,,,
,,,5,,,
,,,5,,,
,,,5,,,
,,,2,,,
,,,5,,,
,,,3,,,
,,,5,,,
,,,4,,,
,,,1,,,
,,,2,,,
,,,2,,,
,,,4,,,
,,,4,,,
,,,1,,,
,,,3,,,
,,,2,,,
,,,1,,,
,,,5,,,
,,,3,,,
,,,5,,,
,,,4,,,
,,,3,,,
,,,4,,,
,,,5,,,
,,,3,,,
,,,3,,,
,,,1,,,
,,,2,,,
,,,3,,,
,,,2,,,
,,,2,,,
,,,1,,,
,,,1,,,
,,,5,,,
,,,1,,,
,,,5,,,
,,,4,,,
,,,5,,,
,,,4,,,
,,,5,,,
,,,2,,,
,,,3,,,
,,,4,,,
,,,2,,,
,,,3,,,
,,,4,,,
,,,3,,,
,,,2,,,
,,,4,,,
,,,2,,,
,,,2,,,
,,,4,,,
,,,4,,,
,,,3,,,
,,,2,,,
,,,4,,,
,,,1,,,
,,,5,,,
,,,2,,,
,,,5,,,
,,,5,,,
,,,2,,,
,,,3,,,
,,,5,,,
,,,2,,,
,,,3,,,
,,,4,,,
,,,2,,,
,,,3,,,
,,,1,,,
,,,5,,,
,,,2,,,
,,,5,,,
,,,1,,,
,,,5,,,
,,,4,,,
,,,1,,,
,,,3,,,
,,,1,,,
,,,5,,,
,,,1,,,
,,,1,,,
,,,3,,,
,,,5,,,
,,,1,,,
,,,2,,,
,,,3,,,
,,,1,,,
,,,2,,,
,,,4,,,
,,,3,,,
,,,2,,,
,,,3,,,
,,,2,,,
,,,3,,,
,,,4,,,
,,,5,,,
,,,2,,,
,,,1,,,
,,,4,,,
,,,4,,,
,,,1,,,
,,,5,,,
,,,5,,,
,,,3,,,
,,,5,,,
,,,1,,,
,,,5,,,
,,,5,,,
,,,2,,,
,,,4,,,
,,,3,,,
,,,2,,,
,,,1,,,
,,,2,,,
,,,3,,,
,,,4,,,
,,,1,,,
,,,4,,,
,,,1,,,
,,,2,,,
,,,5,,,
,,,5,,,
,,,1,,,
,,,3,,,
,,,4,,,
,,,1,,,
,,,5,,,
,,,2,,,
,,,2,,,
,,,5,,,
,,,3,,,
,,,1,,,
,,,5,,,
,,,3,,,
,,,4,,,
,,,5,,,
,,,5,,,
,,,2,,,
,,,3,,,
,,,4,,,
,,,1,,,
,,,1,,,
,,,5,,,
,,,3,,,
,,,5,,,
,,,1,,,
,,,5,,,
,,,5,,,
,,,2,,,
,,,2,,,
,,,1,,,
,,,3,,,
,,,2,,,
,,,4,,,
,,,3,,,
,,,4,,,
,,,2,,,
,,,4,,,
,,,4,,,
,,,3,,,
,,,2,,,
,,,4,,,
,,,4,,,
,,,1,,,
,,,3,,,
,,,3,,,
,,,5,,,
,,,5,,,
,,,2,,,
,,,3,,,
,,,5,,,
,,,1,,,
,,,5,,,
,,,5,,,
,,,1,,,
,,,5,,,
,,,2,,,
,,,5,,,
,,,2,,,
,,,4,,,
,,,2,,,
,,,5,,,
,,,3,,,
,,,4,,,
,,,5,,,
,,,5,,,
,,,5,,,
,,,2,,,
,,,2,,,
,,,1,,,
,,,2,,,
,,,4,,,
,,,5,,,
,,,2,,,
,,,3,,,
,,,5,,,
,,,5,,,
,,,3,,,
,,,4,,,
,,,4,,,
,,,1,,,
,,,1,,,
,,,3,,,
,,,2,,,
,,,5,,,
,,,2,,,
,,,5,,,
,,,5,,,
,,,4,,,
,,,2,,,
,,,5,,,
,,,4,,,
,,,5,,,
,,,5,,,
,,,4,,,
,,,5,,,
,,,5,,,
,,,3,,,
,,,4,,,
,,,2,,,
,,,5,,,
,,,4,,,
,,,4,,,
,,,2,,,
,,,2,,,
,,,2,,,
,,,3,,,
,,,4,,,
,,,4,,,
,,,2,,,
,,,1,,,
,,,2,,,
,,,1,,,
,,,2,,,
,,,4,,,
,,,4,,,
,,,1,,,
,,,5,,,
,,,5,,,
,,,4,,,
,,,1,,,
,,,4,,,
,,,2,,,
,,,4,,,
,,,3,,,
,,,3,,,
,,,1,,,
,,,5,,,
,,,4,,,
,,,1,,,
,,,2,,,
,,,1,,,
,,,1,,,
,,,1,,,
,,,2,,,
,,,5,,,
,,,1,,,
,,,3,,,
,,,1,,,
,,,3,,,
,,,1,,,
,,,4,,,
,,,3,,,
,,,2,,,
,,,2,,,
,,,4,,,
,,,3,,,
,,,1,,,
,,,1,,,
,,,1,,,
,,,1,,,
,,,2,,,
,,,5,,,
,,,1,,,
,,,5,,,
,,,1,,,
,,,3,,,
,,,5,,,
,,,5,,,
,,,5,,,
,,,4,,,
,,,1,,,
,,,2,,,
,,,3,,,
,,,1,,,
,,,4,,,
,,,3,,,
,,,3,,,
,,,5,,,
,,,4,,,
,,,1,,,
,,,3,,,
,,,2,,,
,,,5,,,
,,,5,,,
,,,1,,,
,,,5,,,
,,,4,,,
,,,1,,,
,,,1,,,
,,,1,,,
,,,1,,,
,,,3,,,
,,,4,,,
,,,3,,,
,,,1,,,
,,,5,,,
,,,4,,,
,,,4,,,
,,,2,,,
,,,4,,,
,,,2,,,
,,,1,,,
,,,3,,,
,,,5,,,
,,,1,,,
,,,2,,,
,,,3,,,
,,,5,,,
,,,1,,,
,,,2,,,
,,,5,,,
,,,2,,,
,,,5,,,
,,,4,,,
,,,3,,,
,,,5,,,
,,,4,,,
,,,2,,,
,,,2,,,
,,,1,,,
,,,5,,,
,,,4,,,
,,,3,,,
,,,1,,,
,,,4,,,
,,,4,,,
,,,5,,,
,,,4,,,
,,,4,,,
,,,1,,,
,,,2,,,
,,,1,,,
,,,1,,,
,,,2,,,
,,,1,,,
,,,4,,,
,,,5,,,
,,,5,,,
,,,2,,,
,,,5,,,
,,,3,,,
,,,1,,,
,,,2,,,
,,,2,,,
,,,1,,,
,,,3,,,
,,,2,,,
,,,3,,,
,,,4,,,
,,,1,,,
,,,1,,,
,,,5,,,
,,,3,,,
,,,4,,,
,,,5,,,
,,,1,,,
,,,1,,,
,,,2,,,
,,,4,,,
,,,3,,,
,,,5,,,
,,,5,,,
,,,1,,,
,,,2,,,
,,,1,,,
,,,2,,,
,,,5,,,
,,,1,,,
,,,1,,,
,,,3,,,
,,,5,,,
,,,4,,,
,,,1,,,
,,,3,,,
,,,3,,,
,,,5,,,
,,,5,,,
,,,4,,,
,,,4,,,
,,,2,,,
,,,3,,,
,,,1,,,
,,,5,,,
,,,5,,,
,,,1,,,
,,,5,,,
,,,4,,,
,,,3,,,
,,,2,,,
,,,2,,,
,,,4,,,
,,,5,,,
,,,5,,,
,,,3,,,
,,,2,,,
,,,1,,,
,,,3,,,
,,,4,,,
,,,3,,,
,,,4,,,
,,,4,,,
,,,4,,,
,,,1,,,
,,,1,,,
,,,3,,,
,,,3,,,
,,,2,,,
,,,1,,,
,,,1,,,
,,,5,,,
,,,4,,,
,,,3,,,
,,,2,,,
,,,3,,,
,,,5,,,
,,,1,,,
,,,3,,,
,,,3,,,
,,,3,,,
,,,1,,,
,,,4,,,
,,,2,,,
,,,4,,,
,,,4,,,
,,,3,,,
,,,4,,,
,,,1,,,
,,,5,,,
,,,4,,,
,,,5,,,
,,,2,,,
,,,2,,,
,,,2,,,
,,,4,,,
,,,5,,,
,,,5,,,
,,,1,,,
,,,5,,,
,,,4,,,
,,,1,,,
,,,3,,,
,,,5,,,
,,,2,,,
,,,1,,,
,,,3,,,
,,,2,,,
,,,1,,,
,,,3,,,
,,,2,,,
,,,5,,,
,,,4,,,
,,,2,,,
,,,2,,,
,,,3,,,
,,,1,,,
,,,4,,,
,,,3,,,
,,,5,,,
,,,1,,,
,,,3,,,
,,,3,,,
,,,3,,,
,,,4,,,
,,,4,,,
,,,2,,,
,,,1,,,
,,,2,,,
,,,3,,,
,,,5,,,
,,,4,,,
,,,1,,,
,,,5,,,
,,,4,,,
,,,4,,,
,,,5,,,
,,,3,,,
,,,3,,,
,,,1,,,
,,,3,,,
,,,2,,,
,,,3,,,
,,,2,,,
,,,5,,,
,,,1,,,
,,,1,,,
,,,5,,,
,,,4,,,
,,,3,,,
,,,5,,,
,,,3,,,
,,,3,,,
,,,4,,,
,,,4,,,
,,,4,,,
,,,2,,,
,,,3,,,
,,,5,,,
,,,3,,,
,,,5,,,
,,,4,,,
,,,1,,,
,,,4,,,
,,,4,,,
,,,3,,,
,,,4,,,
,,,2,,,
,,,2,,,
,,,2,,,
,,,1,,,
,,,3,,,
,,,2,,,
,,,1,,,
,,,1,,,
,,,1,,,
,,,4,,,
,,,5,,,
,,,1,,,
,,,1,,,
,,,3,,,
,,,3,,,
,,,4,,,
,,,4,,,
,,,2,,,
,,,2,,,
,,,1,,,
,,,1,,,
,,,4,,,
,,,1,,,
,,,4,,,
,,,2,,,
,,,3,,,
,,,2,,,
,,,2,,,
,,,4,,,
,,,3,,,
,,,1,,,
,,,1,,,
,,,1,,,
,,,3,,,
,,,5,,,
,,,4,,,
,,,5,,,
,,,5,,,
,,,5,,,
,,,3,,,
,,,5,,,
,,,2,,,
,,,2,,,
,,,3,,,
,,,3,,,
,,,3,,,
,,,4,,,
,,,2,,,
,,,2,,,
,,,5,,,
,,,1,,,
,,,4,,,
,,,3,,,
,,,4,,,
,,,1,,,
,,,4,,,
,,,4,,,
,,,4,,,
,,,3,,,
,,,1,,,
,,,3,,,
,,,2,,,
,,,2,,,
,,,4,,,
,,,3,,,
,,,1,,,
,,,2,,,
,,,5,,,
,,,3,,,
,,,3,,,
,,,1,,,
,,,3,,,
,,,4,,,
,,,1,,,
,,,5,,,
,,,3,,,
,,,3,,,
,,,3,,,
,,,5,,,
,,,4,,,
,,,5,,,
,,,3,,,
,,,4,,,
,,,1,,,
,,,4,,,
,,,5,,,
,,,5,,,
,,,2,,,
,,,3,,,
,,,3,,,
,,,2,,,
,,,1,,,
,,,3,,,
,,,1,,,
,,,5,,,
,,,5,,,
,,,5,,,
,,,1,,,
,,,5,,,
,,,1,,,
,,,5,,,
,,,4,,,
,,,5,,,
,,,4,,,
,,,3,,,
,,,1,,,
,,,1,,,
,,,1,,,
,,,5,,,
,,,5,,,
,,,2,,,
,,,3,,,
,,,3,,,
,,,1,,,
,,,4,,,
,,,1,,,
,,,2,,,
,,,1,,,
,,,1,,,
,,,2,,,
,,,4,,,
,,,1,,,
,,,5,,,
,,,4,,,
,,,3,,,
,,,3,,,
,,,1,,,
,,,4,,,
,,,1,,,
,,,3,,,
,,,1,,,
,,,2,,,
,,,3,,,
,,,3,,,
,,,2,,,
,,,1,,,
,,,5,,,
,,,4,,,
,,,2,,,
,,,1,,,
,,,2,,,
,,,3,,,
,,,4,,,
,,,2,,,
,,,5,,,
,,,4,,,
,,,2,,,
,,,1,,,
,,,3,,,
,,,4,,,
,,,5,,,
,,,2,,,
,,,3,,,
,,,4,,,
,,,2,,,
,,,1,,,
,,,2,,,
,,,5,,,
,,,5,,,
,,,2,,,
,,,2,,,
,,,1,,,
,,,5,,,
,,,4,,,
,,,2,,,
,,,4,,,
,,,5,,,
,,,1,,,
,,,4,,,
,,,1,,,
,,,3,,,
,,,3,,,
,,,5,,,
,,,4,,,
,,,4,,,
,,,1,,,
,,,4,,,
,,,4,,,
,,,5,,,
,,,2,,,
,,,1,,,
,,,3,,,
,,,5,,,
,,,2,,,
,,,4,,,
,,,4,,,
,,,3,,,
,,,5,,,
,,,2,,,
,,,4,,,
,,,2,,,
,,,5,,,
,,,3,,,
,,,3,,,
,,,2,,,
,,,2,,,
,,,2,,,
,,,1,,,
,,,3,,,
,,,4,,,
,,,1,,,
,,,4,,,
,,,1,,,
,,,3,,,
,,,5,,,
,,,4,,,
,,,2,,,
,,,2,,,
,,,5,,,
,,,4,,,
,,,2,,,
,,,1,,,
,,,3,,,
,,,4,,,
,,,4,,,
,,,1,,,
,,,1,,,
,,,4,,,
,,,2,,,
,,,5,,,
,,,2,,,
,,,3,,,
,,,1,,,
,,,3,,,
,,,3,,,
,,,3,,,
,,,5,,,
,,,3,,,
,,,4,,,
,,,2,,,
,,,5,,,
,,,3,,,
,,,2,,,
,,,3,,,
,,,4,,,
,,,2,,,
,,,1,,,
,,,4,,,
,,,4,,,
,,,3,,,
,,,5,,,
,,,4,,,
,,,3,,,
,,,2,,,
,,,2,,,
,,,4,,,
,,,5,,,
,,,4,,,
,,,1,,,
,,,1,,,
,,,5,,,
,,,4,,,
,,,2,,,
,,,1,,,
,,,3,,,
,,,5,,,
,,,1,,,
,,,5,,,
,,,2,,,
,,,5,,,
,,,5,,,
,,,4,,,
,,,1,,,
,,,1,,,
,,,5,,,
,,,3,,,
,,,1,,,
,,,5,,,
,,,5,,,
,,,5,,,
,,,4,,,
,,,1,,,
,,,1,,,
,,,5,,,
,,,5,,,
,,,1,,,
,,,1,,,
,,,4,,,
,,,4,,,
,,,5,,,
,,,1,,,
,,,5,,,
,,,1,,,
,,,3,,,
,,,4,,,
,,,3,,,
,,,1,,,
,,,1,,,
,,,1,,,
,,,2,,,
,,,1,,,
,,,3,,,
,,,2,,,
,,,3,,,
,,,2,,,
,,,3,,,
,,,4,,,
,,,2,,,
,,,2,,,
,,,4,,,
,,,5,,,
,,,1,,,
,,,4,,,
,,,4,,,
,,,5,,,
,,,2,,,
,,,5,,,
,,,4,,,
,,,4,,,
,,,2,,,
,,,1,,,
,,,1,,,
,,,5,,,
,,,1,,,
,,,3,,,
,,,5,,,
,,,2,,,
,,,1,,,
,,,4,,,
,,,4,,,
,,,1,,,
,,,1,,,
,,,2,,,
,,,1,,,
,,,5,,,
,,,3,,,
,,,3,,,
,,,1,,,
,,,2,,,
,,,4,,,
,,,1,,,
,,,4,,,
,,,3,,,
,,,2,,,
,,,4,,,
,,,5,,,
,,,4,,,
,,,2,,,
,,,4,,,
,,,4,,,
,,,1,,,
,,,5,,,
,,,3,,,
,,,1,,,
,,,5,,,
,,,3,,,
,,,1,,,
,,,3,,,
,,,4,,,
,,,5,,,
,,,2,,,
,,,5,,,
,,,5,,,
,,,2,,,
,,,4,,,
,,,5,,,
,,,4,,,
,,,3,,,
,,,1,,,
,,,5,,,
,,,2,,,
,,,4,,,
,,,1,,,
,,,2,,,
,,,2,,,
,,,1,,,
,,,2,,,
,,,3,,,
,,,4,,,
,,,1,,,
,,,4,,,
,,,5,,,
,,,4,,,
,,,1,,,
,,,1,,,
,,,4,,,
,,,4,,,
,,,2,,,
,,,2,,,
,,,2,,,
,,,3,,,
,,,2,,,
,,,1,,,
,,,2,,,
,,,4,,,
,,,3,,,
,,,3,,,
,,,3,,,
,,,1,,,
,,,2,,,
,,,2,,,
,,,1,,,
,,,3,,,
,,,2,,,
,,,1,,,
,,,5,,,
,,,3,,,
,,,1,,,
,,,4,,,
,,,2,,,
,,,1,,,
,,,3,,,
,,,3,,,
,,,3,,,
,,,1,,,
,,,5,,,
,,,2,,,
,,,1,,,
,,,2,,,
,,,1,,,
,,,5,,,
,,,1,,,
,,,3,,,
,,,5,,,
,,,1,,,
,,,3,,,
,,,1,,,
,,,5,,,
,,,3,,,
,,,5,,,
,,,5,,,
,,,3,,,
,,,4,,,
,,,2,,,
,,,4,,,
,,,5,,,
,,,5,,,
,,,5,,,
,,,4,,,
,,,3,,,
,,,4,,,
,,,3,,,
,,,3,,,
,,,4,,,
,,,4,,,
,,,3,,,
,,,4,,,
,,,5,,,
,,,3,,,
,,,1,,,
,,,4,,,
,,,5,,,
,,,2,,,
,,,3,,,
,,,1,,,
,,,2,,,
,,,5,,,
,,,3,,,
,,,2,,,
,,,4,,,
,,,1,,,
,,,3,,,
,,,5,,,
,,,2,,,
,,,1,,,
,,,3,,,
,,,5,,,
,,,3,,,
,,,2,,,
,,,1,,,
,,,3,,,
,,,5,,,
,,,3,,,
,,,2,,,
,,,4,,,
,,,1,,,
,,,4,,,
,,,1,,,
,,,4,,,
,,,1,,,
,,,2,,,
,,,3,,,
,,,2,,,
,,,4,,,
,,,1,,,
,,,3,,,
,,,5,,,
,,,2,,,
,,,4,,,
,,,1,,,
,,,2,,,
,,,1,,,
,,,3,,,
,,,4,,,
,,,3,,,
,,,3,,,
,,,4,,,
,,,3,,,
,,,4,,,
,,,4,,,
,,,4,,,
,,,1,,,
,,,5,,,
,,,3,,,
,,,4,,,
,,,5,,,
,,,1,,,
,,,5,,,
,,,3,,,
,,,3,,,
,,,5,,,
,,,3,,,
,,,2,,,
,,,3,,,
,,,4,,,
,,,4,,,
,,,5,,,
,,,3,,,
,,,2,,,
,,,3,,,
,,,2,,,
,,,4,,,
,,,4,,,
,,,2,,,
,,,4,,,
,,,5,,,
,,,3,,,
,,,1,,,
,,,1,,,
,,,3,,,
,,,5,,,
,,,3,,,
,,,4,,,
,,,5,,,
,,,1,,,
,,,1,,,
,,,3,,,
,,,1,,,
,,,5,,,
,,,1,,,
,,,5,,,
,,,1,,,
,,,1,,,
,,,5,,,
,,,4,,,
,,,1,,,
,,,2,,,
,,,3,,,
,,,1,,,
,,,4,,,
,,,3,,,
,,,5,,,
,,,4,,,
,,,5,,,
,,,4,,,
,,,4,,,
,,,5,,,
,,,3,,,
,,,3,,,
,,,3,,,
,,,1,,,
,,,2,,,
,,,1,,,
,,,1,,,
,,,3,,,
,,,4,,,
,,,1,,,
