ID,StateID,MonthName,Year,TargetAmount,CreatedBy,CreatedOn,IsActive
1001,2,October,2023,16120,1,2023:10:22 19:53:00,1
1002,1,October,2019,14601,1,2019:10:22 16:46:04,1
1003,5,December,2022,13480,1,2022:12:09 13:07:02,1
1004,4,June,2019,12922,1,2019:06:21 18:39:40,1
1005,5,September,2022,14166,1,2022:09:24 22:36:43,1
1006,1,November,2020,11982,1,2020:11:14 18:17:57,1
1007,5,October,2024,11560,1,2024:10:25 14:45:36,1
1008,5,August,2019,16801,1,2019:08:06 19:15:44,1
1009,5,May,2019,12928,1,2019:05:28 13:43:16,1
1010,5,November,2021,12994,1,2021:11:21 18:14:46,1
1011,3,January,2022,13646,1,2022:01:02 15:39:13,1
1012,1,December,2023,19459,1,2023:12:18 19:32:15,1
1013,2,October,2022,19649,1,2022:10:09 17:05:44,1
1014,5,December,2023,10046,1,2023:12:11 16:35:58,1
1015,4,March,2021,15397,1,2021:03:07 09:32:11,1
1016,3,February,2024,19266,1,2024:02:03 17:18:35,1
1017,1,February,2022,16292,1,2022:02:01 14:28:47,1
1018,3,September,2024,16726,1,2024:09:23 18:37:08,1
1019,1,July,2023,11032,1,2023:07:01 12:05:44,1
1020,1,July,2023,19726,1,2023:07:22 16:41:50,1
1021,5,May,2021,17103,1,2021:05:30 13:42:46,1
1022,1,February,2024,10656,1,2024:02:15 11:27:42,1
1023,2,July,2024,14748,1,2024:07:29 21:45:41,1
1024,5,September,2022,17291,1,2022:09:07 17:54:00,1
1025,4,November,2020,11926,1,2020:11:27 12:41:41,1
1026,4,August,2019,13987,1,2019:08:15 17:21:35,1
1027,2,November,2019,15863,1,2019:11:17 17:28:35,1
1028,5,May,2023,16091,1,2023:05:28 11:57:11,1
1029,2,February,2020,10810,1,2020:02:25 17:32:09,1
1030,5,June,2022,10839,1,2022:06:15 20:38:21,1
1031,5,April,2023,19521,1,2023:04:04 17:33:42,1
1032,5,November,2021,15653,1,2021:11:20 14:57:13,1
1033,1,January,2021,19747,1,2021:01:30 15:17:11,1
1034,1,February,2023,16601,1,2023:02:07 09:43:52,1
1035,2,November,2019,11517,1,2019:11:18 17:40:05,1
1036,1,March,2021,17959,1,2021:03:05 19:54:34,1
1037,1,March,2022,16510,1,2022:03:27 17:59:01,1
1038,3,June,2022,17091,1,2022:06:27 18:27:11,1
1039,2,February,2024,16562,1,2024:02:24 20:41:13,1
1040,3,September,2019,12252,1,2019:09:01 18:07:08,1
1041,3,March,2020,18046,1,2020:03:19 11:42:44,1
1042,2,April,2020,19602,1,2020:04:30 19:52:21,1
1043,4,February,2023,18466,1,2023:02:17 11:20:22,1
1044,1,April,2024,13281,1,2024:04:06 22:15:23,1
1045,3,November,2024,10127,1,2024:11:30 14:43:34,1
1046,2,August,2024,12200,1,2024:08:21 20:26:58,1
1047,2,May,2024,15321,1,2024:05:07 22:30:29,1
1048,2,September,2020,10639,1,2020:09:25 20:45:29,1
1049,2,December,2020,18177,1,2020:12:02 21:36:38,1
1050,5,November,2019,19396,1,2019:11:26 10:25:31,1
1051,1,May,2020,11654,1,2020:05:07 17:28:18,1
1052,3,August,2020,16104,1,2020:08:02 11:08:02,1
1053,2,April,2020,15528,1,2020:04:04 16:16:54,1
1054,1,September,2021,12018,1,2021:09:12 16:36:04,1
1055,4,April,2020,14909,1,2020:04:29 18:34:26,1
1056,5,April,2020,13124,1,2020:04:13 10:35:53,1
1057,2,May,2020,19146,1,2020:05:16 21:11:14,1
1058,3,July,2024,13695,1,2024:07:31 17:21:43,1
1059,4,December,2022,11011,1,2022:12:15 21:32:24,1
1060,2,December,2022,13748,1,2022:12:21 17:39:10,1
1061,2,October,2023,13724,1,2023:10:26 14:24:49,1
1062,1,September,2022,18437,1,2022:09:15 13:53:21,1
1063,4,March,2024,16389,1,2024:03:31 22:29:34,1
1064,3,December,2019,10674,1,2019:12:29 12:06:17,1
1065,1,August,2023,15633,1,2023:08:18 11:11:23,1
1066,3,July,2022,11564,1,2022:07:07 16:43:43,1
1067,2,August,2020,16926,1,2020:08:10 14:23:37,1
1068,3,February,2020,16153,1,2020:02:17 16:41:00,1
1069,3,July,2021,13646,1,2021:07:30 18:46:50,1
1070,4,December,2023,15514,1,2023:12:31 14:46:10,1
1071,2,January,2023,16193,1,2023:01:23 20:00:35,1
1072,1,October,2023,13042,1,2023:10:05 11:41:53,1
1073,4,June,2023,12967,1,2023:06:20 14:06:38,1
1074,2,October,2022,18208,1,2022:10:21 21:59:09,1
1075,1,December,2022,15144,1,2022:12:02 22:21:09,1
1076,1,August,2020,18658,1,2020:08:25 20:27:13,1
1077,5,November,2020,14720,1,2020:11:19 21:14:17,1
1078,4,November,2020,15525,1,2020:11:29 12:06:24,1
1079,4,August,2020,14194,1,2020:08:28 16:56:30,1
1080,1,December,2021,12231,1,2021:12:02 15:38:49,1
1081,1,April,2019,13190,1,2019:04:20 16:54:24,1
1082,4,June,2022,15584,1,2022:06:30 19:08:14,1
1083,5,September,2024,15622,1,2024:09:04 14:22:16,1
1084,5,January,2020,12179,1,2020:01:09 14:56:02,1
1085,2,July,2023,14198,1,2023:07:28 20:30:54,1
1086,1,June,2019,18361,1,2019:06:03 20:31:55,1
1087,3,April,2020,10684,1,2020:04:20 15:18:51,1
1088,5,March,2022,10363,1,2022:03:11 18:20:17,1
1089,3,February,2023,18618,1,2023:02:22 15:15:37,1
1090,4,April,2019,11911,1,2019:04:25 12:06:58,1
1091,5,September,2019,11272,1,2019:09:07 22:15:22,1
1092,4,June,2020,11822,1,2020:06:06 18:54:16,1
1093,1,February,2024,16919,1,2024:02:09 18:54:16,1
1094,2,January,2021,11441,1,2021:01:20 13:34:30,1
1095,2,August,2020,17348,1,2020:08:28 12:31:36,1
1096,4,March,2021,10400,1,2021:03:28 21:18:47,1
1097,3,June,2024,17789,1,2024:06:23 13:09:01,1
1098,2,June,2020,10392,1,2020:06:24 22:52:09,1
1099,1,October,2021,16200,1,2021:10:05 11:14:14,1
1100,4,June,2022,14072,1,2022:06:10 17:36:59,1
1101,1,December,2022,18307,1,2022:12:10 15:29:42,1
1102,5,October,2024,10564,1,2024:10:25 16:17:20,1
1103,1,May,2021,18479,1,2021:05:12 20:49:46,1
1104,1,February,2020,16455,1,2020:02:08 16:56:44,1
1105,5,August,2022,12690,1,2022:08:12 16:02:35,1
1106,1,September,2021,18790,1,2021:09:22 16:29:31,1
1107,3,June,2020,12703,1,2020:06:10 20:37:38,1
1108,2,June,2019,11708,1,2019:06:13 17:44:10,1
1109,2,October,2024,11669,1,2024:10:09 09:06:06,1
1110,4,July,2021,12954,1,2021:07:20 14:06:39,1
1111,2,June,2021,18295,1,2021:06:18 16:29:19,1
1112,5,December,2019,17034,1,2019:12:16 21:53:48,1
1113,5,December,2019,12133,1,2019:12:07 11:05:36,1
1114,5,August,2021,19319,1,2021:08:19 11:01:12,1
1115,4,May,2021,19221,1,2021:05:25 14:00:28,1
1116,5,November,2023,12289,1,2023:11:15 13:01:02,1
1117,3,October,2021,10713,1,2021:10:12 18:24:57,1
1118,4,March,2019,10723,1,2019:03:16 17:41:19,1
1119,1,May,2019,15164,1,2019:05:19 13:35:58,1
1120,4,March,2022,19070,1,2022:03:12 19:34:06,1
1121,4,March,2021,18795,1,2021:03:20 20:04:56,1
1122,5,July,2021,18866,1,2021:07:16 09:28:47,1
1123,3,August,2020,19497,1,2020:08:09 20:09:53,1
1124,4,December,2024,12912,1,2024:12:08 13:54:58,1
1125,1,August,2024,14594,1,2024:08:01 16:54:40,1
1126,2,October,2020,18064,1,2020:10:05 13:13:54,1
1127,5,November,2024,19138,1,2024:11:17 15:33:49,1
1128,1,May,2021,19397,1,2021:05:14 17:48:54,1
1129,4,June,2023,10520,1,2023:06:12 21:40:35,1
1130,3,September,2021,14498,1,2021:09:10 09:08:05,1
1131,3,August,2021,16342,1,2021:08:26 22:43:52,1
1132,2,March,2024,14656,1,2024:03:02 21:15:39,1
1133,3,August,2023,18189,1,2023:08:22 12:18:53,1
1134,2,November,2023,17672,1,2023:11:08 09:27:01,1
1135,5,November,2019,10550,1,2019:11:07 20:02:50,1
1136,2,May,2021,13604,1,2021:05:15 17:08:20,1
1137,2,August,2021,14131,1,2021:08:28 14:52:01,1
1138,3,March,2020,12050,1,2020:03:08 22:27:25,1
1139,3,January,2019,15558,1,2019:01:16 12:04:15,1
1140,2,July,2021,19739,1,2021:07:09 20:00:09,1
1141,5,November,2023,19306,1,2023:11:03 12:45:51,1
1142,5,December,2021,10725,1,2021:12:28 09:17:47,1
1143,4,November,2024,10633,1,2024:11:09 11:00:22,1
1144,1,August,2021,15962,1,2021:08:06 21:25:22,1
1145,4,December,2023,16650,1,2023:12:03 20:51:26,1
1146,2,April,2019,12528,1,2019:04:15 20:27:15,1
1147,3,December,2022,19339,1,2022:12:20 09:25:55,1
1148,1,December,2020,11620,1,2020:12:17 10:43:33,1
1149,3,March,2019,15582,1,2019:03:25 17:37:26,1
1150,2,May,2020,16253,1,2020:05:14 13:10:15,1
1151,1,December,2023,16453,1,2023:12:04 10:18:06,1
1152,4,September,2023,10057,1,2023:09:11 19:06:42,1
1153,3,June,2022,19418,1,2022:06:06 20:07:27,1
1154,2,August,2022,17474,1,2022:08:23 15:35:53,1
1155,3,May,2020,13735,1,2020:05:15 15:40:31,1
1156,4,November,2023,18640,1,2023:11:06 10:14:53,1
1157,2,January,2021,10346,1,2021:01:10 17:01:09,1
1158,4,August,2024,16462,1,2024:08:26 12:29:29,1
1159,5,September,2020,10871,1,2020:09:12 20:01:19,1
1160,2,October,2023,18601,1,2023:10:24 13:53:31,1
1161,3,November,2019,12100,1,2019:11:11 17:26:36,1
1162,1,June,2022,18188,1,2022:06:15 21:46:48,1
1163,5,July,2020,15330,1,2020:07:15 16:10:41,1
1164,4,December,2023,15502,1,2023:12:13 19:53:11,1
1165,3,May,2024,10055,1,2024:05:11 22:56:28,1
1166,3,June,2022,18346,1,2022:06:26 15:57:26,1
1167,2,December,2020,13458,1,2020:12:19 21:16:00,1
1168,5,February,2020,17805,1,2020:02:13 19:36:16,1
1169,2,June,2020,11470,1,2020:06:11 11:59:32,1
1170,3,August,2019,17114,1,2019:08:28 21:13:34,1
1171,2,February,2024,15529,1,2024:02:12 13:35:31,1
1172,2,September,2023,14962,1,2023:09:29 22:17:28,1
1173,1,April,2020,15175,1,2020:04:19 19:22:52,1
1174,3,January,2021,14600,1,2021:01:15 19:58:43,1
1175,3,April,2019,10798,1,2019:04:04 20:31:33,1
1176,3,September,2020,16470,1,2020:09:20 22:37:28,1
1177,5,July,2021,10823,1,2021:07:16 17:26:32,1
1178,2,June,2021,16387,1,2021:06:06 12:04:52,1
1179,4,June,2019,16524,1,2019:06:01 16:07:31,1
1180,5,March,2021,16780,1,2021:03:14 14:20:22,1
1181,3,October,2019,16375,1,2019:10:09 14:56:27,1
1182,1,March,2024,14316,1,2024:03:19 18:12:44,1
1183,1,August,2020,11075,1,2020:08:19 14:55:15,1
1184,1,August,2023,17435,1,2023:08:29 12:49:06,1
1185,4,February,2023,16986,1,2023:02:04 19:34:44,1
1186,3,October,2020,16576,1,2020:10:15 14:11:06,1
1187,1,November,2022,15952,1,2022:11:23 20:31:38,1
1188,4,November,2019,19860,1,2019:11:25 09:43:04,1
1189,4,February,2022,19310,1,2022:02:21 18:01:09,1
1190,2,May,2020,12720,1,2020:05:23 16:40:49,1
1191,4,February,2023,12923,1,2023:02:02 22:38:30,1
1192,1,February,2019,16461,1,2019:02:09 18:45:09,1
1193,3,February,2022,16982,1,2022:02:15 13:47:52,1
1194,3,January,2024,17734,1,2024:01:07 22:12:01,1
1195,2,May,2019,16762,1,2019:05:27 16:05:07,1
1196,5,November,2022,19836,1,2022:11:09 15:30:08,1
1197,5,July,2023,12677,1,2023:07:18 16:26:59,1
1198,2,December,2023,14757,1,2023:12:09 18:33:50,1
1199,2,March,2021,18071,1,2021:03:30 18:19:46,1
1200,1,September,2023,15187,1,2023:09:08 19:19:27,1
1201,5,September,2023,18610,1,2023:09:24 22:30:43,1
1202,4,March,2022,10570,1,2022:03:15 17:09:16,1
1203,3,May,2022,10573,1,2022:05:05 18:27:55,1
1204,5,October,2019,12155,1,2019:10:10 09:41:01,1
1205,3,January,2023,11445,1,2023:01:06 16:39:20,1
1206,2,March,2024,14616,1,2024:03:20 15:33:42,1
1207,3,July,2020,13247,1,2020:07:04 09:52:29,1
1208,5,January,2020,17382,1,2020:01:25 19:24:15,1
1209,4,July,2021,17637,1,2021:07:09 10:05:06,1
1210,2,February,2022,18760,1,2022:02:13 20:19:22,1
1211,1,June,2021,18277,1,2021:06:07 19:29:32,1
1212,5,October,2023,16691,1,2023:10:21 22:20:49,1
1213,4,January,2023,12578,1,2023:01:28 22:27:03,1
1214,4,December,2023,14170,1,2023:12:20 14:56:01,1
1215,3,November,2020,19016,1,2020:11:17 12:25:16,1
1216,5,November,2020,10841,1,2020:11:10 17:43:50,1
1217,2,January,2021,14338,1,2021:01:10 13:09:48,1
1218,1,May,2023,18135,1,2023:05:28 14:02:42,1
1219,3,January,2021,14791,1,2021:01:14 17:26:41,1
1220,3,May,2020,14676,1,2020:05:29 22:00:33,1
1221,3,November,2021,10352,1,2021:11:28 14:00:53,1
1222,4,September,2022,18552,1,2022:09:02 21:15:26,1
1223,3,January,2021,17926,1,2021:01:02 14:19:03,1
1224,5,March,2021,13417,1,2021:03:18 12:16:11,1
1225,3,November,2023,14671,1,2023:11:17 15:03:29,1
1226,1,October,2020,17739,1,2020:10:30 10:24:13,1
1227,2,March,2021,12644,1,2021:03:02 13:11:10,1
1228,4,November,2019,12928,1,2019:11:09 11:44:55,1
1229,5,February,2023,15910,1,2023:02:15 18:16:02,1
1230,1,May,2021,18044,1,2021:05:14 19:30:57,1
1231,2,September,2022,12635,1,2022:09:03 18:44:21,1
1232,1,June,2023,16817,1,2023:06:29 09:14:46,1
1233,1,November,2021,12539,1,2021:11:09 22:41:52,1
1234,2,April,2021,15462,1,2021:04:07 09:43:11,1
1235,1,November,2022,18775,1,2022:11:21 18:05:34,1
1236,5,November,2023,18103,1,2023:11:26 10:00:15,1
1237,1,May,2024,16245,1,2024:05:10 20:39:50,1
1238,3,December,2020,10022,1,2020:12:12 22:56:12,1
1239,5,December,2020,13114,1,2020:12:05 16:38:30,1
1240,5,November,2024,13387,1,2024:11:06 17:21:55,1
1241,3,August,2024,14394,1,2024:08:27 20:14:07,1
1242,2,October,2023,17510,1,2023:10:11 18:21:07,1
1243,2,July,2019,12488,1,2019:07:06 18:12:57,1
1244,2,November,2022,10020,1,2022:11:23 12:50:51,1
1245,1,November,2023,10614,1,2023:11:23 16:20:47,1
1246,3,November,2020,18934,1,2020:11:27 18:30:47,1
1247,5,January,2020,14600,1,2020:01:15 20:56:41,1
1248,2,March,2020,17206,1,2020:03:07 13:25:40,1
1249,1,June,2020,18718,1,2020:06:27 11:12:57,1
1250,2,March,2024,13089,1,2024:03:16 22:55:22,1
1251,2,June,2021,16816,1,2021:06:06 20:22:01,1
1252,2,November,2022,16316,1,2022:11:15 14:01:32,1
1253,3,January,2022,12378,1,2022:01:23 16:58:31,1
1254,1,October,2019,12021,1,2019:10:28 16:39:49,1
1255,2,July,2020,19506,1,2020:07:07 19:03:44,1
1256,1,March,2021,13896,1,2021:03:11 20:59:21,1
1257,5,December,2020,18310,1,2020:12:23 20:27:14,1
1258,3,November,2022,17338,1,2022:11:13 17:54:49,1
1259,2,November,2020,14639,1,2020:11:10 22:41:02,1
1260,1,October,2022,13599,1,2022:10:20 12:42:34,1
1261,3,May,2019,16659,1,2019:05:08 17:46:09,1
1262,3,November,2023,19947,1,2023:11:07 21:35:54,1
1263,1,May,2023,11230,1,2023:05:27 10:56:37,1
1264,2,October,2021,14062,1,2021:10:10 19:07:37,1
1265,4,August,2021,16305,1,2021:08:01 14:31:13,1
1266,1,March,2023,15054,1,2023:03:21 18:27:44,1
1267,5,November,2023,10293,1,2023:11:04 18:27:11,1
1268,2,July,2023,18178,1,2023:07:16 14:58:29,1
1269,2,April,2020,15966,1,2020:04:16 15:40:51,1
1270,3,June,2021,17467,1,2021:06:23 18:30:07,1
1271,3,January,2021,11281,1,2021:01:29 17:22:30,1
1272,1,April,2023,13256,1,2023:04:24 10:09:52,1
1273,2,October,2022,14999,1,2022:10:26 18:55:10,1
1274,1,March,2023,14955,1,2023:03:05 21:45:36,1
1275,4,November,2023,15766,1,2023:11:06 21:12:52,1
1276,3,March,2021,10535,1,2021:03:31 14:56:14,1
1277,2,September,2024,18731,1,2024:09:07 11:57:12,1
1278,4,January,2023,13247,1,2023:01:05 22:23:43,1
1279,4,January,2023,11830,1,2023:01:03 21:40:30,1
1280,3,January,2022,13581,1,2022:01:17 20:36:11,1
1281,1,April,2019,16058,1,2019:04:02 14:16:44,1
1282,1,February,2021,11662,1,2021:02:01 22:22:40,1
1283,5,January,2022,14225,1,2022:01:31 12:55:26,1
1284,1,June,2022,16828,1,2022:06:15 13:47:55,1
1285,4,March,2021,15881,1,2021:03:25 20:32:03,1
1286,5,November,2024,15848,1,2024:11:19 20:36:06,1
1287,3,March,2023,16085,1,2023:03:13 09:41:33,1
1288,5,March,2024,13587,1,2024:03:27 18:59:57,1
1289,1,December,2019,12186,1,2019:12:31 14:35:35,1
1290,3,July,2023,19239,1,2023:07:12 22:43:48,1
1291,5,March,2022,19858,1,2022:03:24 16:59:40,1
1292,4,July,2021,18242,1,2021:07:12 09:14:29,1
1293,4,June,2022,18688,1,2022:06:12 20:23:18,1
1294,2,February,2022,18650,1,2022:02:20 11:30:25,1
1295,4,September,2023,19678,1,2023:09:23 12:37:33,1
1296,4,July,2023,17847,1,2023:07:09 13:09:18,1
1297,1,December,2023,17379,1,2023:12:18 19:58:25,1
1298,4,January,2021,18874,1,2021:01:28 21:36:06,1
1299,3,December,2020,11401,1,2020:12:25 13:12:58,1
1300,1,May,2019,16337,1,2019:05:07 20:11:19,1
1301,3,October,2024,12994,1,2024:10:03 09:39:36,1
1302,2,March,2020,17788,1,2020:03:24 13:35:03,1
1303,3,May,2021,14984,1,2021:05:23 12:36:41,1
1304,5,January,2023,15761,1,2023:01:31 22:09:40,1
1305,5,October,2019,11574,1,2019:10:10 21:12:22,1
1306,3,June,2024,14391,1,2024:06:16 14:25:52,1
1307,4,July,2020,12246,1,2020:07:30 13:25:23,1
1308,2,March,2024,18933,1,2024:03:22 20:10:22,1
1309,3,September,2022,17068,1,2022:09:10 12:34:07,1
1310,3,November,2021,15485,1,2021:11:08 12:38:54,1
1311,3,March,2022,18363,1,2022:03:22 12:15:03,1
1312,4,October,2021,13818,1,2021:10:08 22:43:17,1
1313,3,May,2022,11562,1,2022:05:18 09:15:40,1
1314,4,December,2021,11573,1,2021:12:06 13:04:46,1
1315,4,February,2021,14031,1,2021:02:28 12:12:53,1
1316,4,December,2019,14129,1,2019:12:14 18:55:06,1
1317,5,September,2020,17999,1,2020:09:23 17:46:12,1
1318,5,November,2022,18441,1,2022:11:09 22:57:36,1
1319,1,May,2021,13840,1,2021:05:18 22:03:07,1
1320,3,June,2019,14263,1,2019:06:14 16:36:57,1
1321,1,June,2019,15884,1,2019:06:27 14:47:05,1
1322,1,July,2020,18787,1,2020:07:20 14:27:15,1
1323,4,January,2019,10869,1,2019:01:17 11:24:18,1
1324,2,June,2022,19535,1,2022:06:13 12:19:14,1
1325,4,September,2022,16676,1,2022:09:14 18:30:13,1
1326,3,March,2022,12054,1,2022:03:28 11:51:28,1
1327,4,November,2021,11414,1,2021:11:21 18:13:02,1
1328,3,June,2023,15999,1,2023:06:06 20:51:21,1
1329,3,December,2023,18180,1,2023:12:30 20:31:48,1
1330,5,December,2023,19482,1,2023:12:07 19:44:48,1
1331,2,January,2019,17011,1,2019:01:02 17:32:17,1
1332,1,July,2024,16134,1,2024:07:04 18:16:30,1
1333,5,October,2022,14992,1,2022:10:10 20:41:48,1
1334,1,January,2021,12221,1,2021:01:18 18:53:06,1
1335,5,March,2020,16797,1,2020:03:06 14:04:32,1
1336,1,June,2024,15925,1,2024:06:04 15:38:21,1
1337,2,August,2022,16093,1,2022:08:27 12:56:53,1
1338,2,August,2021,12794,1,2021:08:16 15:16:56,1
1339,5,July,2023,12466,1,2023:07:16 10:39:20,1
1340,4,May,2019,18807,1,2019:05:29 21:15:41,1
1341,1,June,2023,10139,1,2023:06:02 09:45:59,1
1342,3,March,2022,11433,1,2022:03:18 11:45:21,1
1343,2,September,2023,14712,1,2023:09:22 13:22:38,1
1344,2,March,2024,13758,1,2024:03:14 14:44:56,1
1345,1,December,2020,18158,1,2020:12:11 16:33:09,1
1346,5,August,2021,17557,1,2021:08:04 17:04:38,1
1347,1,January,2023,18362,1,2023:01:06 16:30:00,1
1348,5,January,2022,11397,1,2022:01:17 16:14:56,1
1349,4,December,2020,18910,1,2020:12:07 22:44:07,1
1350,4,June,2023,16985,1,2023:06:28 16:55:58,1
1351,4,May,2021,19666,1,2021:05:15 20:01:36,1
1352,2,December,2021,19282,1,2021:12:12 11:56:57,1
1353,2,September,2020,10217,1,2020:09:14 19:42:35,1
1354,1,June,2020,17566,1,2020:06:26 18:44:18,1
1355,2,August,2021,19282,1,2021:08:31 19:40:09,1
1356,2,May,2022,15472,1,2022:05:20 11:18:32,1
1357,3,October,2020,16107,1,2020:10:08 18:51:29,1
1358,1,September,2023,16221,1,2023:09:18 16:37:06,1
1359,3,July,2019,14768,1,2019:07:19 09:54:08,1
1360,4,February,2024,15545,1,2024:02:12 13:52:32,1
1361,4,July,2022,11899,1,2022:07:25 18:39:45,1
1362,3,December,2023,17596,1,2023:12:24 20:44:16,1
1363,5,August,2021,15598,1,2021:08:08 11:00:06,1
1364,3,July,2022,16676,1,2022:07:22 12:54:47,1
1365,2,January,2022,16249,1,2022:01:07 11:40:31,1
1366,3,April,2022,17275,1,2022:04:29 09:29:45,1
1367,3,January,2019,18225,1,2019:01:13 16:42:58,1
1368,3,June,2024,12105,1,2024:06:11 13:43:48,1
1369,2,March,2021,18950,1,2021:03:31 10:44:14,1
1370,2,January,2023,12597,1,2023:01:08 18:01:47,1
1371,1,October,2021,10328,1,2021:10:29 09:49:23,1
1372,5,December,2024,10058,1,2024:12:30 16:09:13,1
1373,4,June,2021,17094,1,2021:06:22 19:46:23,1
1374,5,January,2024,12002,1,2024:01:08 21:50:50,1
1375,2,July,2021,15466,1,2021:07:06 12:06:07,1
1376,2,November,2021,18478,1,2021:11:03 21:13:12,1
1377,1,May,2021,10749,1,2021:05:22 11:19:37,1
1378,3,November,2021,19647,1,2021:11:12 13:49:28,1
1379,1,September,2019,14394,1,2019:09:14 14:53:05,1
1380,2,April,2020,19962,1,2020:04:14 19:46:21,1
1381,2,December,2021,18161,1,2021:12:26 20:15:34,1
1382,3,May,2022,13964,1,2022:05:31 10:58:37,1
1383,4,May,2024,16923,1,2024:05:09 14:23:22,1
1384,2,May,2022,17841,1,2022:05:17 17:40:59,1
1385,3,November,2024,14878,1,2024:11:22 16:53:20,1
1386,3,February,2019,14732,1,2019:02:27 15:45:07,1
1387,1,January,2022,16292,1,2022:01:03 12:03:57,1
1388,4,February,2021,15563,1,2021:02:01 11:05:59,1
1389,1,December,2021,15812,1,2021:12:25 22:47:23,1
1390,2,September,2022,16163,1,2022:09:01 16:36:06,1
1391,3,July,2023,14180,1,2023:07:27 09:14:17,1
1392,1,November,2024,12449,1,2024:11:26 14:13:43,1
1393,4,April,2022,14775,1,2022:04:28 14:12:07,1
1394,4,June,2021,19157,1,2021:06:10 22:48:48,1
1395,5,August,2020,19354,1,2020:08:26 09:14:39,1
1396,4,April,2022,10887,1,2022:04:17 09:03:00,1
1397,4,June,2023,11213,1,2023:06:22 09:28:30,1
1398,2,May,2023,14583,1,2023:05:09 19:03:46,1
1399,3,June,2021,11449,1,2021:06:10 15:42:12,1
1400,2,February,2023,12255,1,2023:02:24 13:11:58,1
1401,2,November,2022,14973,1,2022:11:23 09:31:37,1
1402,5,March,2024,13582,1,2024:03:27 18:12:07,1
1403,5,November,2019,11530,1,2019:11:17 16:07:15,1
1404,4,August,2020,16669,1,2020:08:31 12:04:40,1
1405,4,August,2019,19789,1,2019:08:14 11:54:56,1
1406,1,December,2019,11543,1,2019:12:16 16:42:47,1
1407,1,January,2021,18817,1,2021:01:11 20:10:52,1
1408,4,October,2023,18984,1,2023:10:03 21:57:07,1
1409,5,October,2020,15856,1,2020:10:11 11:02:32,1
1410,3,August,2020,19448,1,2020:08:09 17:28:26,1
1411,2,February,2024,12478,1,2024:02:15 19:57:48,1
1412,1,June,2022,11580,1,2022:06:14 18:51:00,1
1413,3,May,2023,15793,1,2023:05:24 12:23:35,1
1414,5,July,2019,19984,1,2019:07:27 16:58:29,1
1415,4,December,2022,15098,1,2022:12:21 22:39:19,1
1416,3,November,2024,12562,1,2024:11:09 16:23:08,1
1417,4,March,2022,10238,1,2022:03:16 21:21:36,1
1418,3,January,2020,10156,1,2020:01:01 09:03:12,1
1419,4,May,2020,15489,1,2020:05:21 18:40:07,1
1420,5,December,2020,15194,1,2020:12:04 16:05:05,1
1421,2,December,2023,18722,1,2023:12:04 15:31:48,1
1422,5,November,2024,18297,1,2024:11:11 18:13:41,1
1423,3,September,2022,17969,1,2022:09:27 14:17:39,1
1424,3,August,2021,11374,1,2021:08:16 09:17:17,1
1425,3,October,2023,17657,1,2023:10:05 21:44:15,1
1426,2,August,2019,14576,1,2019:08:30 22:24:39,1
1427,5,December,2022,15963,1,2022:12:07 14:44:35,1
1428,3,October,2024,17523,1,2024:10:28 19:30:21,1
1429,1,June,2020,15520,1,2020:06:26 11:32:32,1
1430,3,December,2020,15863,1,2020:12:27 13:30:32,1
1431,3,November,2020,10305,1,2020:11:28 11:41:04,1
1432,5,May,2019,13423,1,2019:05:19 20:01:19,1
1433,1,August,2024,18294,1,2024:08:01 14:00:06,1
1434,5,June,2021,19100,1,2021:06:16 22:08:55,1
1435,4,December,2023,15511,1,2023:12:19 16:17:29,1
1436,5,November,2022,18113,1,2022:11:27 19:54:19,1
1437,4,November,2023,15693,1,2023:11:03 09:13:35,1
1438,2,April,2020,11119,1,2020:04:15 11:04:06,1
1439,1,May,2024,11021,1,2024:05:30 22:05:23,1
1440,3,September,2020,11389,1,2020:09:07 14:32:31,1
1441,5,October,2022,19294,1,2022:10:21 18:20:31,1
1442,4,November,2020,10069,1,2020:11:16 22:10:06,1
1443,1,August,2020,15309,1,2020:08:05 18:36:38,1
1444,4,September,2023,14422,1,2023:09:29 10:51:12,1
1445,1,May,2022,15770,1,2022:05:25 10:15:20,1
1446,3,May,2021,18214,1,2021:05:24 19:16:40,1
1447,3,March,2023,17186,1,2023:03:09 16:35:58,1
1448,2,April,2020,19028,1,2020:04:27 11:30:07,1
1449,1,June,2019,11934,1,2019:06:14 15:43:07,1
1450,4,June,2024,10120,1,2024:06:02 19:00:15,1
1451,1,November,2020,19998,1,2020:11:10 13:26:05,1
1452,2,November,2022,16091,1,2022:11:17 18:36:23,1
1453,4,August,2020,18060,1,2020:08:13 09:07:44,1
1454,5,August,2023,10966,1,2023:08:04 18:22:36,1
1455,1,May,2021,13760,1,2021:05:07 19:42:06,1
1456,5,June,2023,16727,1,2023:06:12 15:47:23,1
1457,2,December,2021,11776,1,2021:12:01 10:11:35,1
1458,5,January,2024,17925,1,2024:01:14 17:30:16,1
1459,1,November,2020,17089,1,2020:11:26 18:31:17,1
1460,3,February,2024,16982,1,2024:02:18 16:11:02,1
1461,2,May,2021,14155,1,2021:05:26 12:54:26,1
1462,2,March,2019,17825,1,2019:03:07 21:59:02,1
1463,2,November,2019,14045,1,2019:11:26 18:46:07,1
1464,3,September,2023,19547,1,2023:09:10 20:33:12,1
1465,4,June,2023,13923,1,2023:06:28 17:58:23,1
1466,2,December,2024,18568,1,2024:12:21 18:55:46,1
1467,4,June,2019,14975,1,2019:06:17 22:46:05,1
1468,4,April,2019,17867,1,2019:04:18 09:15:28,1
1469,4,January,2021,10364,1,2021:01:06 14:31:19,1
1470,5,April,2024,11515,1,2024:04:23 11:06:15,1
1471,1,October,2023,19136,1,2023:10:21 17:13:18,1
1472,4,November,2019,13738,1,2019:11:05 19:53:45,1
1473,4,June,2022,16672,1,2022:06:12 18:55:23,1
1474,2,April,2019,10439,1,2019:04:17 12:22:00,1
1475,4,November,2023,17993,1,2023:11:09 11:17:07,1
1476,4,June,2019,15055,1,2019:06:15 13:21:32,1
1477,3,October,2023,12390,1,2023:10:16 17:16:38,1
1478,1,June,2022,12301,1,2022:06:12 16:44:00,1
1479,4,February,2023,18354,1,2023:02:21 14:23:00,1
1480,5,February,2019,14877,1,2019:02:05 09:49:53,1
1481,4,April,2024,11201,1,2024:04:10 21:58:11,1
1482,4,May,2020,16485,1,2020:05:25 09:51:41,1
1483,1,October,2020,14549,1,2020:10:08 15:17:26,1
1484,3,October,2021,15730,1,2021:10:16 17:45:15,1
1485,3,October,2023,19587,1,2023:10:21 18:25:30,1
1486,5,March,2022,18191,1,2022:03:15 12:52:05,1
1487,3,May,2022,12704,1,2022:05:09 12:05:29,1
1488,5,December,2023,17226,1,2023:12:28 19:52:21,1
1489,3,August,2019,18758,1,2019:08:25 12:53:50,1
1490,1,February,2020,12720,1,2020:02:14 21:59:36,1
1491,1,April,2021,11745,1,2021:04:16 22:03:11,1
1492,5,July,2019,18066,1,2019:07:23 16:22:38,1
1493,3,October,2022,16165,1,2022:10:23 16:00:02,1
1494,1,September,2022,12033,1,2022:09:28 16:48:15,1
1495,4,September,2024,13604,1,2024:09:21 10:10:04,1
1496,4,December,2021,18393,1,2021:12:23 21:14:21,1
1497,1,April,2020,10311,1,2020:04:26 09:47:33,1
1498,1,November,2022,19767,1,2022:11:05 20:20:57,1
1499,4,July,2019,17080,1,2019:07:22 22:43:19,1
1500,4,August,2019,14623,1,2019:08:19 14:43:42,1
1501,3,July,2019,14260,1,2019:07:09 21:41:58,1
1502,4,July,2021,16980,1,2021:07:13 14:00:56,1
1503,5,March,2021,16980,1,2021:03:29 13:43:38,1
1504,4,September,2020,19759,1,2020:09:17 15:15:41,1
1505,5,June,2020,12576,1,2020:06:01 20:03:07,1
1506,4,May,2020,14336,1,2020:05:02 18:47:17,1
1507,3,December,2024,14636,1,2024:12:25 18:30:22,1
1508,4,November,2024,16590,1,2024:11:02 21:33:16,1
1509,1,June,2024,19041,1,2024:06:26 11:54:15,1
1510,5,June,2024,16305,1,2024:06:05 13:11:00,1
1511,3,April,2022,14229,1,2022:04:15 14:17:23,1
1512,5,January,2023,13297,1,2023:01:03 14:15:08,1
1513,1,February,2019,12232,1,2019:02:22 22:10:20,1
1514,5,January,2023,14591,1,2023:01:24 22:45:53,1
1515,3,June,2023,12535,1,2023:06:17 19:10:50,1
1516,5,May,2023,12019,1,2023:05:12 20:58:29,1
1517,1,July,2019,11422,1,2019:07:10 18:12:11,1
1518,1,June,2023,18772,1,2023:06:01 21:26:31,1
1519,5,April,2019,10103,1,2019:04:12 11:51:42,1
1520,2,May,2023,12192,1,2023:05:26 15:19:05,1
1521,5,July,2023,17069,1,2023:07:20 10:52:27,1
1522,5,March,2024,10481,1,2024:03:20 19:51:03,1
1523,2,November,2021,18697,1,2021:11:08 17:54:57,1
1524,5,December,2023,15664,1,2023:12:13 16:23:40,1
1525,5,April,2024,18677,1,2024:04:19 09:32:50,1
1526,5,March,2019,16532,1,2019:03:19 14:55:44,1
1527,4,November,2019,11880,1,2019:11:11 17:33:45,1
1528,4,August,2023,10334,1,2023:08:22 15:26:48,1
1529,1,October,2021,11985,1,2021:10:31 22:59:43,1
1530,2,September,2024,19347,1,2024:09:05 11:17:22,1
1531,3,February,2019,18774,1,2019:02:20 15:04:56,1
1532,2,June,2021,15289,1,2021:06:02 21:59:08,1
1533,5,February,2023,16416,1,2023:02:21 09:59:45,1
1534,2,September,2023,11995,1,2023:09:20 13:23:56,1
1535,5,June,2023,17752,1,2023:06:10 22:16:49,1
1536,3,March,2024,15434,1,2024:03:20 22:03:27,1
1537,5,December,2021,10244,1,2021:12:19 15:32:45,1
1538,2,May,2024,19084,1,2024:05:19 13:10:05,1
1539,5,February,2022,13378,1,2022:02:19 19:29:52,1
1540,2,February,2022,11519,1,2022:02:21 13:32:54,1
1541,5,April,2019,16624,1,2019:04:10 15:24:08,1
1542,3,November,2022,17637,1,2022:11:11 22:35:42,1
1543,4,December,2024,15194,1,2024:12:20 14:20:05,1
1544,4,March,2021,16660,1,2021:03:08 10:46:13,1
1545,5,June,2024,10618,1,2024:06:06 15:54:31,1
1546,4,August,2021,15381,1,2021:08:27 17:40:04,1
1547,2,June,2023,14590,1,2023:06:03 19:22:06,1
1548,5,March,2021,14605,1,2021:03:19 11:52:20,1
1549,3,January,2023,13002,1,2023:01:29 20:47:43,1
1550,4,May,2024,16969,1,2024:05:12 19:45:19,1
1551,4,November,2024,19281,1,2024:11:07 16:38:39,1
1552,4,July,2019,13449,1,2019:07:18 20:13:36,1
1553,3,March,2020,17981,1,2020:03:04 18:19:02,1
1554,5,June,2021,13681,1,2021:06:28 15:24:46,1
1555,3,May,2020,14715,1,2020:05:11 12:03:22,1
1556,1,November,2020,18617,1,2020:11:01 15:41:55,1
1557,5,February,2020,10332,1,2020:02:24 22:54:00,1
1558,2,April,2020,11030,1,2020:04:17 20:54:00,1
1559,2,April,2019,15797,1,2019:04:28 16:59:16,1
1560,3,July,2023,14513,1,2023:07:14 18:09:09,1
1561,3,April,2023,16881,1,2023:04:20 15:14:37,1
1562,1,July,2024,10463,1,2024:07:12 09:24:12,1
1563,5,September,2023,12504,1,2023:09:19 17:14:42,1
1564,5,July,2023,12251,1,2023:07:22 10:59:35,1
1565,1,October,2020,14758,1,2020:10:28 13:00:53,1
1566,5,July,2023,15601,1,2023:07:11 09:05:51,1
1567,1,September,2021,11570,1,2021:09:19 17:47:20,1
1568,1,May,2019,14983,1,2019:05:23 14:25:58,1
1569,4,September,2024,11751,1,2024:09:30 18:10:38,1
1570,3,December,2020,17118,1,2020:12:01 20:47:53,1
1571,5,April,2024,12442,1,2024:04:27 14:53:20,1
1572,1,December,2020,17043,1,2020:12:05 19:15:54,1
1573,4,January,2023,18505,1,2023:01:26 14:12:34,1
1574,1,January,2023,14254,1,2023:01:09 11:48:31,1
1575,1,December,2022,11309,1,2022:12:31 20:34:25,1
1576,1,December,2022,16193,1,2022:12:22 16:28:40,1
1577,1,January,2020,12582,1,2020:01:17 18:27:27,1
1578,5,October,2023,17536,1,2023:10:16 21:45:41,1
1579,1,December,2019,14977,1,2019:12:20 14:42:16,1
1580,2,November,2022,10995,1,2022:11:12 18:27:25,1
1581,2,September,2020,17163,1,2020:09:27 16:36:18,1
1582,2,October,2019,11731,1,2019:10:10 16:43:07,1
1583,3,October,2023,12072,1,2023:10:25 17:22:29,1
1584,3,November,2024,17274,1,2024:11:25 10:36:45,1
1585,3,June,2019,17185,1,2019:06:03 11:00:31,1
1586,2,October,2019,10925,1,2019:10:02 20:09:51,1
1587,3,August,2024,18514,1,2024:08:26 14:09:12,1
1588,4,April,2022,18407,1,2022:04:09 19:14:46,1
1589,3,November,2024,10078,1,2024:11:29 14:15:03,1
1590,1,March,2022,15576,1,2022:03:02 14:10:35,1
1591,4,September,2020,19859,1,2020:09:15 17:16:19,1
1592,4,October,2024,10355,1,2024:10:03 19:37:20,1
1593,4,October,2021,10741,1,2021:10:12 21:56:35,1
1594,1,July,2022,14523,1,2022:07:16 19:30:24,1
1595,3,January,2020,11411,1,2020:01:09 19:46:11,1
1596,5,April,2021,13761,1,2021:04:16 19:33:03,1
1597,4,December,2021,11179,1,2021:12:23 09:26:32,1
1598,5,August,2019,11251,1,2019:08:28 14:45:35,1
1599,1,October,2024,17744,1,2024:10:17 12:16:25,1
1600,2,February,2021,13485,1,2021:02:27 17:44:57,1
1601,3,July,2022,15266,1,2022:07:03 09:47:01,1
1602,5,December,2019,16580,1,2019:12:10 11:44:11,1
1603,3,February,2020,16630,1,2020:02:17 18:33:32,1
1604,4,January,2022,17045,1,2022:01:11 22:51:22,1
1605,5,March,2024,18004,1,2024:03:04 19:03:41,1
1606,1,June,2019,13847,1,2019:06:05 14:37:30,1
1607,2,May,2021,19624,1,2021:05:04 11:11:52,1
1608,2,September,2022,18563,1,2022:09:14 13:53:00,1
1609,2,December,2020,10937,1,2020:12:08 22:44:22,1
1610,2,February,2021,15283,1,2021:02:06 17:03:33,1
1611,5,July,2024,14236,1,2024:07:14 13:16:32,1
1612,1,July,2023,19322,1,2023:07:04 22:19:20,1
1613,5,January,2022,18497,1,2022:01:24 10:45:24,1
1614,5,July,2024,12836,1,2024:07:02 15:54:45,1
1615,2,January,2024,11194,1,2024:01:03 15:01:44,1
1616,4,April,2020,17731,1,2020:04:18 22:59:01,1
1617,3,February,2023,19233,1,2023:02:16 14:23:28,1
1618,3,November,2020,18523,1,2020:11:07 16:55:43,1
1619,4,December,2019,13430,1,2019:12:14 17:07:07,1
1620,4,November,2024,14606,1,2024:11:11 20:06:19,1
1621,4,April,2019,14424,1,2019:04:10 15:56:58,1
1622,1,October,2022,16811,1,2022:10:24 19:50:12,1
1623,4,December,2022,19204,1,2022:12:17 22:53:45,1
1624,3,November,2022,13691,1,2022:11:20 14:46:08,1
1625,5,May,2019,16341,1,2019:05:18 20:20:24,1
1626,1,August,2019,10879,1,2019:08:13 21:31:45,1
1627,3,November,2021,16690,1,2021:11:30 15:36:21,1
1628,3,August,2019,15478,1,2019:08:02 21:16:09,1
1629,3,September,2021,14882,1,2021:09:05 09:48:18,1
1630,1,September,2021,15819,1,2021:09:22 14:09:40,1
1631,1,January,2020,16033,1,2020:01:18 19:29:52,1
1632,2,October,2023,10734,1,2023:10:03 12:16:58,1
1633,3,May,2021,11702,1,2021:05:19 13:04:07,1
1634,1,September,2019,13892,1,2019:09:02 20:00:32,1
1635,1,February,2019,13423,1,2019:02:25 22:16:14,1
1636,5,February,2024,16890,1,2024:02:07 18:38:09,1
1637,2,March,2020,16668,1,2020:03:19 17:46:36,1
1638,1,December,2020,13963,1,2020:12:27 20:41:07,1
1639,3,September,2023,10750,1,2023:09:04 11:51:40,1
1640,4,December,2022,12527,1,2022:12:31 12:34:59,1
1641,3,October,2020,12216,1,2020:10:18 17:20:50,1
1642,1,June,2024,14638,1,2024:06:13 19:05:53,1
1643,3,August,2022,13581,1,2022:08:24 10:03:57,1
1644,2,October,2024,10752,1,2024:10:04 17:32:14,1
1645,2,February,2023,10868,1,2023:02:25 22:43:18,1
1646,4,November,2021,13051,1,2021:11:03 12:39:38,1
1647,2,June,2023,15943,1,2023:06:24 21:57:23,1
1648,4,March,2020,19531,1,2020:03:24 19:26:33,1
1649,2,June,2022,16222,1,2022:06:06 12:13:29,1
1650,2,March,2020,14973,1,2020:03:02 11:58:26,1
1651,4,June,2019,11847,1,2019:06:11 14:03:05,1
1652,2,April,2021,14021,1,2021:04:10 20:19:42,1
1653,3,June,2021,18232,1,2021:06:03 18:55:20,1
1654,4,October,2020,11238,1,2020:10:01 17:03:07,1
1655,4,January,2020,17726,1,2020:01:28 18:20:57,1
1656,1,May,2021,19490,1,2021:05:31 13:17:24,1
1657,3,August,2019,17666,1,2019:08:05 16:34:17,1
1658,2,October,2023,10522,1,2023:10:25 20:47:41,1
1659,1,December,2023,15501,1,2023:12:01 12:06:15,1
1660,1,June,2023,14000,1,2023:06:26 12:20:22,1
1661,5,September,2021,19317,1,2021:09:07 15:44:31,1
1662,3,October,2019,19389,1,2019:10:04 22:26:26,1
1663,2,July,2020,14723,1,2020:07:23 09:40:12,1
1664,1,February,2020,14956,1,2020:02:16 14:28:18,1
1665,1,May,2020,17654,1,2020:05:08 18:30:27,1
1666,3,November,2024,19636,1,2024:11:22 22:33:52,1
1667,1,June,2019,17069,1,2019:06:23 09:42:05,1
1668,1,October,2021,16105,1,2021:10:25 20:15:30,1
1669,2,March,2021,16525,1,2021:03:09 10:18:49,1
1670,4,September,2023,16287,1,2023:09:17 14:35:31,1
1671,4,April,2023,16904,1,2023:04:13 09:14:20,1
1672,1,October,2019,12974,1,2019:10:05 15:42:34,1
1673,1,May,2020,10141,1,2020:05:10 18:28:33,1
1674,3,January,2023,11194,1,2023:01:14 09:45:19,1
1675,1,August,2022,16656,1,2022:08:22 16:24:40,1
1676,1,January,2021,18739,1,2021:01:21 16:52:31,1
1677,1,November,2021,15847,1,2021:11:24 16:24:38,1
1678,2,May,2022,18733,1,2022:05:10 10:24:51,1
1679,1,October,2019,10713,1,2019:10:26 15:07:34,1
1680,1,February,2021,19195,1,2021:02:11 17:44:38,1
1681,1,January,2022,18110,1,2022:01:04 15:21:08,1
1682,3,June,2024,10160,1,2024:06:19 20:31:39,1
1683,2,December,2022,11424,1,2022:12:24 10:39:48,1
1684,2,October,2022,18204,1,2022:10:28 15:57:49,1
1685,5,November,2023,11870,1,2023:11:07 11:52:30,1
1686,4,August,2023,15965,1,2023:08:13 19:27:56,1
1687,2,October,2019,12780,1,2019:10:07 16:37:08,1
1688,2,September,2022,18647,1,2022:09:01 14:02:22,1
1689,5,March,2023,10893,1,2023:03:21 10:41:06,1
1690,1,July,2020,15757,1,2020:07:08 13:33:22,1
1691,5,August,2024,14044,1,2024:08:06 15:31:26,1
1692,4,March,2023,15297,1,2023:03:12 15:06:27,1
1693,4,February,2023,14489,1,2023:02:21 15:10:39,1
1694,5,August,2019,14831,1,2019:08:03 09:33:30,1
1695,5,September,2021,14804,1,2021:09:04 12:37:45,1
1696,4,September,2021,14706,1,2021:09:24 15:30:50,1
1697,5,October,2020,15553,1,2020:10:27 18:36:38,1
1698,4,November,2023,14691,1,2023:11:03 16:05:23,1
1699,1,November,2024,19981,1,2024:11:10 10:45:57,1
1700,3,August,2020,13241,1,2020:08:22 21:47:17,1
1701,2,March,2024,13946,1,2024:03:31 20:32:15,1
1702,1,November,2024,18432,1,2024:11:01 10:11:02,1
1703,3,June,2020,18574,1,2020:06:21 14:05:27,1
1704,1,December,2019,18410,1,2019:12:08 15:28:21,1
1705,2,April,2020,15404,1,2020:04:20 14:54:11,1
1706,2,February,2019,19786,1,2019:02:28 13:08:43,1
1707,2,May,2021,12695,1,2021:05:25 12:24:36,1
1708,3,June,2024,19746,1,2024:06:15 21:43:09,1
1709,5,June,2019,16320,1,2019:06:26 18:14:12,1
1710,1,June,2019,16610,1,2019:06:01 12:38:03,1
1711,5,March,2020,16974,1,2020:03:05 20:36:44,1
1712,5,September,2019,10444,1,2019:09:11 19:15:41,1
1713,5,July,2020,17922,1,2020:07:05 22:16:32,1
1714,4,June,2019,17093,1,2019:06:12 10:06:29,1
1715,1,July,2023,12243,1,2023:07:26 12:16:06,1
1716,2,May,2019,12163,1,2019:05:08 17:28:49,1
1717,2,May,2022,16586,1,2022:05:17 12:59:51,1
1718,5,June,2020,14270,1,2020:06:18 16:43:47,1
1719,1,June,2022,11437,1,2022:06:27 16:08:54,1
1720,5,February,2024,19812,1,2024:02:29 20:38:24,1
1721,1,January,2020,12177,1,2020:01:04 16:57:05,1
1722,3,December,2021,12083,1,2021:12:08 21:53:32,1
1723,3,August,2024,15569,1,2024:08:27 21:47:49,1
1724,3,May,2022,13909,1,2022:05:29 17:36:48,1
1725,1,October,2020,14325,1,2020:10:31 16:17:24,1
1726,5,October,2022,16258,1,2022:10:04 19:12:46,1
1727,3,June,2019,12625,1,2019:06:28 17:24:54,1
1728,3,September,2021,12468,1,2021:09:19 16:51:25,1
1729,5,May,2020,18070,1,2020:05:15 20:45:55,1
1730,1,June,2020,13319,1,2020:06:26 10:58:49,1
1731,3,February,2024,14055,1,2024:02:15 21:46:17,1
1732,5,June,2021,10008,1,2021:06:29 12:05:09,1
1733,1,July,2022,19908,1,2022:07:23 20:47:00,1
1734,5,February,2021,11107,1,2021:02:15 20:32:39,1
1735,5,June,2021,10822,1,2021:06:25 18:44:46,1
1736,1,May,2020,16241,1,2020:05:25 13:22:29,1
1737,3,September,2019,11088,1,2019:09:26 20:41:32,1
1738,1,October,2021,10200,1,2021:10:17 22:44:31,1
1739,2,August,2021,14752,1,2021:08:12 20:14:46,1
1740,3,March,2023,11581,1,2023:03:31 09:32:45,1
1741,2,April,2020,17963,1,2020:04:14 21:44:22,1
1742,3,June,2023,10982,1,2023:06:12 22:27:02,1
1743,5,August,2019,15488,1,2019:08:04 17:17:39,1
1744,1,January,2019,12415,1,2019:01:21 21:07:16,1
1745,2,July,2024,13303,1,2024:07:07 12:18:25,1
1746,5,September,2019,12211,1,2019:09:11 21:36:14,1
1747,3,December,2019,15683,1,2019:12:24 21:48:30,1
1748,3,June,2020,11083,1,2020:06:03 21:49:01,1
1749,3,December,2021,15156,1,2021:12:31 21:34:28,1
1750,3,January,2019,13351,1,2019:01:08 22:07:44,1
1751,4,October,2021,10050,1,2021:10:20 11:44:24,1
1752,5,April,2022,11922,1,2022:04:29 20:17:51,1
1753,4,April,2022,17413,1,2022:04:12 18:59:45,1
1754,5,September,2021,14536,1,2021:09:02 11:56:10,1
1755,3,June,2019,15908,1,2019:06:12 20:26:48,1
1756,4,August,2019,10799,1,2019:08:19 17:02:09,1
1757,4,March,2022,19246,1,2022:03:22 20:22:56,1
1758,1,February,2024,17806,1,2024:02:26 11:54:58,1
1759,2,August,2023,15190,1,2023:08:23 20:01:02,1
1760,1,January,2022,15466,1,2022:01:09 15:41:12,1
1761,4,July,2024,14687,1,2024:07:02 17:44:53,1
1762,5,October,2024,11181,1,2024:10:22 18:30:45,1
1763,1,August,2020,17333,1,2020:08:12 10:59:58,1
1764,2,August,2023,15118,1,2023:08:14 09:21:56,1
1765,5,June,2022,18945,1,2022:06:19 15:36:41,1
1766,5,April,2021,16120,1,2021:04:09 21:46:45,1
1767,1,April,2023,15323,1,2023:04:18 11:53:08,1
1768,1,March,2022,18234,1,2022:03:31 14:52:13,1
1769,5,April,2021,15925,1,2021:04:22 14:14:39,1
1770,4,November,2024,19019,1,2024:11:02 10:58:46,1
1771,2,August,2022,18450,1,2022:08:05 15:43:05,1
1772,3,December,2019,17848,1,2019:12:07 10:13:41,1
1773,1,July,2020,17388,1,2020:07:19 10:10:33,1
1774,4,May,2022,11896,1,2022:05:08 22:11:47,1
1775,5,July,2022,10241,1,2022:07:21 11:57:03,1
1776,5,May,2024,17084,1,2024:05:22 22:29:16,1
1777,3,November,2019,13164,1,2019:11:13 20:11:42,1
1778,4,December,2024,12237,1,2024:12:10 16:29:58,1
1779,4,April,2022,10760,1,2022:04:03 20:49:33,1
1780,3,September,2020,19220,1,2020:09:03 18:41:51,1
1781,2,January,2024,10393,1,2024:01:14 20:45:41,1
1782,2,March,2023,19196,1,2023:03:31 09:56:07,1
1783,4,January,2022,14011,1,2022:01:11 15:42:07,1
1784,4,February,2019,16621,1,2019:02:12 13:05:03,1
1785,4,September,2019,18449,1,2019:09:26 14:03:32,1
1786,3,February,2019,18701,1,2019:02:13 15:59:46,1
1787,1,December,2020,11807,1,2020:12:02 15:30:02,1
1788,3,November,2020,15346,1,2020:11:06 11:46:51,1
1789,2,May,2022,12428,1,2022:05:24 20:58:48,1
1790,2,December,2022,16647,1,2022:12:17 16:41:05,1
1791,5,May,2020,16408,1,2020:05:26 21:18:44,1
1792,5,November,2023,19735,1,2023:11:29 21:39:33,1
1793,2,January,2024,15976,1,2024:01:14 14:23:35,1
1794,3,January,2021,11106,1,2021:01:07 17:21:25,1
1795,5,June,2020,13083,1,2020:06:06 19:49:15,1
1796,5,April,2020,12741,1,2020:04:11 12:44:01,1
1797,1,February,2024,11730,1,2024:02:17 22:39:58,1
1798,4,December,2019,15031,1,2019:12:24 18:33:56,1
1799,3,January,2023,12893,1,2023:01:10 17:36:48,1
1800,4,June,2023,16351,1,2023:06:25 14:40:20,1
1801,2,December,2019,16311,1,2019:12:13 16:29:47,1
1802,4,July,2024,11852,1,2024:07:03 09:49:50,1
1803,5,November,2023,15606,1,2023:11:15 20:44:34,1
1804,5,September,2023,16659,1,2023:09:13 12:59:23,1
1805,1,June,2021,16558,1,2021:06:16 20:43:45,1
1806,5,July,2022,14225,1,2022:07:28 09:42:12,1
1807,5,September,2024,19624,1,2024:09:19 13:14:12,1
1808,1,December,2019,13225,1,2019:12:29 15:00:31,1
1809,4,February,2020,10085,1,2020:02:09 13:06:33,1
1810,1,August,2022,11087,1,2022:08:27 20:05:10,1
1811,4,August,2019,10527,1,2019:08:25 12:23:23,1
1812,4,October,2019,19025,1,2019:10:26 21:39:40,1
1813,1,August,2019,10920,1,2019:08:28 14:24:59,1
1814,4,September,2021,10726,1,2021:09:28 21:57:05,1
1815,5,January,2023,18229,1,2023:01:08 11:00:46,1
1816,3,February,2022,19231,1,2022:02:28 09:19:59,1
1817,4,January,2021,10869,1,2021:01:17 12:57:22,1
1818,1,December,2024,12814,1,2024:12:09 13:29:44,1
1819,3,February,2021,19197,1,2021:02:12 12:14:06,1
1820,3,August,2022,18654,1,2022:08:28 12:35:04,1
1821,3,August,2021,18283,1,2021:08:02 13:28:44,1
1822,3,April,2022,19836,1,2022:04:25 13:05:54,1
1823,2,February,2022,14824,1,2022:02:09 18:20:54,1
1824,5,January,2021,11475,1,2021:01:14 19:48:51,1
1825,5,October,2022,15478,1,2022:10:16 13:38:20,1
1826,3,August,2022,19514,1,2022:08:18 17:01:39,1
1827,4,March,2024,18793,1,2024:03:03 21:48:34,1
1828,1,August,2019,15717,1,2019:08:18 17:22:12,1
1829,4,October,2019,17071,1,2019:10:07 11:21:32,1
1830,5,September,2024,10791,1,2024:09:17 20:17:46,1
1831,2,April,2019,11956,1,2019:04:13 10:53:23,1
1832,1,October,2022,11115,1,2022:10:19 21:51:52,1
1833,2,July,2023,11536,1,2023:07:08 13:57:48,1
1834,4,July,2024,11154,1,2024:07:20 18:21:07,1
1835,2,November,2020,19209,1,2020:11:23 15:14:08,1
1836,3,August,2023,11301,1,2023:08:29 11:08:19,1
1837,3,January,2019,16753,1,2019:01:03 11:11:49,1
1838,1,August,2022,17664,1,2022:08:30 13:21:57,1
1839,3,June,2020,13889,1,2020:06:14 14:16:37,1
1840,1,January,2020,14083,1,2020:01:06 12:53:05,1
1841,1,July,2021,19525,1,2021:07:19 20:36:41,1
1842,5,July,2022,18865,1,2022:07:20 16:44:16,1
1843,1,March,2020,10532,1,2020:03:25 10:39:30,1
1844,2,February,2023,19151,1,2023:02:10 11:25:15,1
1845,1,May,2022,15107,1,2022:05:07 17:54:25,1
1846,2,July,2019,10521,1,2019:07:19 15:14:32,1
1847,1,December,2020,14511,1,2020:12:01 13:12:11,1
1848,2,August,2019,17638,1,2019:08:13 13:25:20,1
1849,3,February,2024,15261,1,2024:02:26 17:58:37,1
1850,2,February,2019,12223,1,2019:02:09 22:09:04,1
1851,5,December,2019,12224,1,2019:12:03 22:06:34,1
1852,5,June,2021,19859,1,2021:06:30 22:11:36,1
1853,2,October,2024,15720,1,2024:10:02 21:02:50,1
1854,2,June,2023,15463,1,2023:06:20 22:37:52,1
1855,1,August,2024,19294,1,2024:08:03 14:18:42,1
1856,3,April,2024,19155,1,2024:04:29 19:37:06,1
1857,1,October,2019,17311,1,2019:10:29 10:02:54,1
1858,1,February,2021,10051,1,2021:02:02 10:56:45,1
1859,2,April,2023,17781,1,2023:04:18 15:16:13,1
1860,3,September,2022,12286,1,2022:09:02 11:53:23,1
1861,1,March,2022,18176,1,2022:03:23 09:55:23,1
1862,2,February,2021,17053,1,2021:02:01 19:02:21,1
1863,2,September,2021,14208,1,2021:09:10 21:40:50,1
1864,2,October,2020,12029,1,2020:10:30 17:16:01,1
1865,1,August,2024,17779,1,2024:08:08 17:21:57,1
1866,3,November,2022,19007,1,2022:11:11 17:31:34,1
1867,4,September,2023,15421,1,2023:09:11 11:41:10,1
1868,2,July,2020,13115,1,2020:07:08 22:08:31,1
1869,1,September,2021,18943,1,2021:09:26 16:59:13,1
1870,2,September,2022,15354,1,2022:09:12 22:20:02,1
1871,3,October,2022,12987,1,2022:10:14 11:59:36,1
1872,1,January,2020,18000,1,2020:01:09 20:15:20,1
1873,4,February,2022,19303,1,2022:02:05 12:05:21,1
1874,2,March,2020,13300,1,2020:03:14 20:21:43,1
1875,2,July,2019,13661,1,2019:07:17 15:20:35,1
1876,4,August,2020,13900,1,2020:08:24 21:34:36,1
1877,1,July,2021,12774,1,2021:07:04 19:01:43,1
1878,2,June,2024,16167,1,2024:06:05 12:49:04,1
1879,1,July,2023,17312,1,2023:07:27 16:34:31,1
1880,1,December,2020,16424,1,2020:12:04 13:49:51,1
1881,4,February,2021,18777,1,2021:02:10 11:53:03,1
1882,4,December,2021,18773,1,2021:12:01 11:31:26,1
1883,5,October,2022,17292,1,2022:10:02 11:49:18,1
1884,2,October,2022,10996,1,2022:10:03 22:44:24,1
1885,3,August,2020,14238,1,2020:08:31 16:55:29,1
1886,3,April,2021,17326,1,2021:04:24 13:16:24,1
1887,2,October,2019,12030,1,2019:10:24 22:31:01,1
1888,3,August,2023,14830,1,2023:08:08 14:50:47,1
1889,4,March,2023,11658,1,2023:03:06 20:43:52,1
1890,2,July,2021,13085,1,2021:07:17 09:46:49,1
1891,4,January,2019,12919,1,2019:01:31 20:16:47,1
1892,1,December,2021,17386,1,2021:12:10 15:02:05,1
1893,5,April,2019,14390,1,2019:04:28 17:52:18,1
1894,1,March,2022,19983,1,2022:03:14 16:32:53,1
1895,5,January,2020,12006,1,2020:01:28 14:32:38,1
1896,5,April,2023,16582,1,2023:04:14 18:16:56,1
1897,3,October,2022,13426,1,2022:10:10 10:37:26,1
1898,1,August,2023,11497,1,2023:08:08 09:05:46,1
1899,1,August,2020,18608,1,2020:08:25 13:22:13,1
1900,5,August,2019,15094,1,2019:08:19 10:41:49,1
1901,5,May,2019,10200,1,2019:05:22 13:01:52,1
1902,4,January,2019,13937,1,2019:01:02 20:47:31,1
1903,4,April,2023,17854,1,2023:04:17 09:52:36,1
1904,2,October,2022,19180,1,2022:10:22 10:54:29,1
1905,3,June,2019,14684,1,2019:06:22 11:56:22,1
1906,5,March,2023,13121,1,2023:03:10 16:57:25,1
1907,1,April,2019,11807,1,2019:04:18 12:40:58,1
1908,2,March,2021,13781,1,2021:03:19 20:17:09,1
1909,5,December,2022,10647,1,2022:12:04 21:46:59,1
1910,3,April,2021,16355,1,2021:04:26 13:44:56,1
1911,5,December,2019,13921,1,2019:12:01 17:32:57,1
1912,3,November,2022,16965,1,2022:11:25 22:33:21,1
1913,3,November,2021,17689,1,2021:11:18 13:07:47,1
1914,4,April,2022,11363,1,2022:04:04 19:59:34,1
1915,1,September,2022,13828,1,2022:09:05 11:53:00,1
1916,5,August,2022,13258,1,2022:08:29 16:57:56,1
1917,3,September,2022,15221,1,2022:09:23 16:14:57,1
1918,5,July,2023,16858,1,2023:07:06 21:47:21,1
1919,4,September,2020,15979,1,2020:09:21 09:28:11,1
1920,5,November,2019,11774,1,2019:11:17 11:58:50,1
1921,1,April,2021,18167,1,2021:04:07 14:24:19,1
1922,4,September,2022,12672,1,2022:09:29 17:46:24,1
1923,3,April,2020,14553,1,2020:04:11 19:57:46,1
1924,4,May,2019,10447,1,2019:05:06 18:53:35,1
1925,4,May,2023,12776,1,2023:05:02 14:44:13,1
1926,1,December,2019,12341,1,2019:12:06 18:23:54,1
1927,3,April,2019,12223,1,2019:04:02 09:26:34,1
1928,3,December,2024,18526,1,2024:12:28 18:10:15,1
1929,2,December,2023,17039,1,2023:12:05 13:56:09,1
1930,3,December,2021,15789,1,2021:12:25 14:34:04,1
1931,3,November,2022,11561,1,2022:11:07 09:48:02,1
1932,2,June,2023,18461,1,2023:06:16 19:03:18,1
1933,3,May,2023,11102,1,2023:05:12 22:39:30,1
1934,1,May,2023,11402,1,2023:05:11 16:19:42,1
1935,1,March,2022,10653,1,2022:03:30 19:10:31,1
1936,2,January,2022,17727,1,2022:01:22 18:13:08,1
1937,3,July,2024,11580,1,2024:07:05 17:33:32,1
1938,1,June,2020,14724,1,2020:06:18 13:44:42,1
1939,3,March,2022,16446,1,2022:03:27 14:52:42,1
1940,5,September,2020,19077,1,2020:09:08 11:55:27,1
1941,2,March,2019,15923,1,2019:03:19 11:30:56,1
1942,4,December,2021,10442,1,2021:12:31 18:07:48,1
1943,5,June,2020,15151,1,2020:06:14 19:15:09,1
1944,5,August,2019,11110,1,2019:08:14 16:16:58,1
1945,2,February,2023,11456,1,2023:02:19 16:01:26,1
1946,3,November,2022,18089,1,2022:11:28 13:34:27,1
1947,1,November,2021,16996,1,2021:11:22 09:23:56,1
1948,5,May,2024,15902,1,2024:05:16 16:49:58,1
1949,4,April,2023,17328,1,2023:04:04 15:07:53,1
1950,4,May,2019,13785,1,2019:05:19 14:36:54,1
1951,3,April,2019,17745,1,2019:04:11 15:11:00,1
1952,3,August,2023,10533,1,2023:08:13 09:25:39,1
1953,1,December,2024,17217,1,2024:12:01 09:46:37,1
1954,3,June,2021,17687,1,2021:06:02 10:21:51,1
1955,2,June,2020,19472,1,2020:06:28 11:06:55,1
1956,3,June,2023,16789,1,2023:06:20 16:05:24,1
1957,2,November,2021,14881,1,2021:11:11 18:27:01,1
1958,4,June,2019,15774,1,2019:06:20 18:22:08,1
1959,5,November,2021,13523,1,2021:11:27 17:21:00,1
1960,2,May,2023,14362,1,2023:05:25 12:16:24,1
1961,1,February,2021,16456,1,2021:02:12 10:49:30,1
1962,4,August,2023,10711,1,2023:08:27 14:46:03,1
1963,2,March,2022,15739,1,2022:03:19 15:41:51,1
1964,2,March,2019,14739,1,2019:03:27 22:56:46,1
1965,3,December,2024,11197,1,2024:12:10 21:27:12,1
1966,2,January,2024,13927,1,2024:01:23 09:18:49,1
1967,2,March,2023,19901,1,2023:03:23 14:07:25,1
1968,4,October,2019,17636,1,2019:10:29 09:25:51,1
1969,1,April,2022,13374,1,2022:04:21 13:40:17,1
1970,1,December,2024,18185,1,2024:12:06 16:48:22,1
1971,3,July,2019,16876,1,2019:07:15 16:21:00,1
1972,1,September,2021,10212,1,2021:09:19 14:41:25,1
1973,3,June,2021,11987,1,2021:06:06 16:24:44,1
1974,5,September,2020,11215,1,2020:09:19 22:43:31,1
1975,4,February,2019,16097,1,2019:02:09 20:14:09,1
1976,4,September,2022,18147,1,2022:09:21 17:14:24,1
1977,5,December,2021,13439,1,2021:12:13 19:45:34,1
1978,3,August,2024,15666,1,2024:08:11 20:17:11,1
1979,5,September,2021,13138,1,2021:09:12 22:44:17,1
1980,1,January,2020,18341,1,2020:01:04 22:00:20,1
1981,3,November,2021,11744,1,2021:11:07 22:27:44,1
1982,3,July,2024,10323,1,2024:07:13 09:18:19,1
1983,2,January,2023,15824,1,2023:01:03 12:41:39,1
1984,3,March,2022,13177,1,2022:03:18 21:00:38,1
1985,5,June,2024,11846,1,2024:06:27 18:58:40,1
1986,5,March,2024,19389,1,2024:03:02 21:15:15,1
1987,3,April,2019,15313,1,2019:04:04 17:05:48,1
1988,3,December,2023,18271,1,2023:12:21 13:36:26,1
1989,1,June,2023,13146,1,2023:06:13 16:21:27,1
1990,4,September,2023,16258,1,2023:09:29 19:38:01,1
1991,3,March,2020,18277,1,2020:03:12 22:37:12,1
1992,5,August,2021,18571,1,2021:08:05 14:28:40,1
1993,4,November,2021,10657,1,2021:11:11 22:58:46,1
1994,3,August,2022,19494,1,2022:08:09 20:24:14,1
1995,4,October,2021,14323,1,2021:10:06 21:37:55,1
1996,5,July,2023,12160,1,2023:07:30 16:34:15,1
1997,3,November,2019,13055,1,2019:11:28 18:53:28,1
1998,5,October,2022,19152,1,2022:10:12 09:43:30,1
1999,4,August,2024,12530,1,2024:08:04 12:34:31,1
2000,4,December,2023,18331,1,2023:12:16 17:25:59,1
2001,4,July,2020,11870,1,2020:07:21 20:58:19,1
2002,4,August,2020,12323,1,2020:08:03 10:38:48,1
2003,2,May,2022,18910,1,2022:05:13 12:52:51,1
2004,2,May,2022,15196,1,2022:05:28 21:29:10,1
2005,5,September,2020,12623,1,2020:09:08 22:52:10,1
2006,5,June,2019,16245,1,2019:06:23 12:32:39,1
2007,5,September,2023,13642,1,2023:09:18 13:21:37,1
2008,4,October,2021,17149,1,2021:10:06 15:53:58,1
2009,4,December,2021,18889,1,2021:12:03 22:46:50,1
2010,1,February,2019,13124,1,2019:02:07 12:14:57,1
2011,3,July,2022,10588,1,2022:07:17 22:58:49,1
2012,2,August,2020,15767,1,2020:08:01 09:52:54,1
2013,1,February,2024,18087,1,2024:02:17 15:30:00,1
2014,1,September,2023,10482,1,2023:09:16 17:42:44,1
2015,4,July,2019,14098,1,2019:07:16 17:09:54,1
2016,1,August,2019,11083,1,2019:08:12 12:35:39,1
2017,1,August,2023,17274,1,2023:08:18 12:18:32,1
2018,4,September,2022,10374,1,2022:09:23 12:11:31,1
2019,4,October,2023,11034,1,2023:10:24 11:35:03,1
2020,3,October,2021,17499,1,2021:10:16 16:30:45,1
2021,1,March,2024,17561,1,2024:03:04 12:08:03,1
2022,5,February,2022,15756,1,2022:02:02 15:45:20,1
2023,2,October,2024,11138,1,2024:10:01 14:29:45,1
2024,5,June,2023,19083,1,2023:06:26 09:57:03,1
2025,1,October,2024,15675,1,2024:10:16 17:17:18,1
2026,1,June,2019,19529,1,2019:06:22 19:53:03,1
2027,3,May,2022,18903,1,2022:05:05 22:26:53,1
2028,2,April,2024,19556,1,2024:04:22 13:44:13,1
2029,3,September,2021,15319,1,2021:09:01 19:25:32,1
2030,4,June,2019,17766,1,2019:06:29 14:40:08,1
2031,3,July,2022,15267,1,2022:07:18 20:40:56,1
2032,4,January,2023,12676,1,2023:01:29 18:38:20,1
2033,5,February,2020,13239,1,2020:02:22 16:49:35,1
2034,3,April,2022,17016,1,2022:04:08 19:22:57,1
2035,4,March,2019,17950,1,2019:03:26 15:49:50,1
2036,3,May,2020,18964,1,2020:05:05 13:54:32,1
2037,1,July,2019,13866,1,2019:07:27 11:03:07,1
2038,5,February,2019,10249,1,2019:02:01 15:05:27,1
2039,1,July,2020,18664,1,2020:07:18 10:32:01,1
2040,1,February,2020,17825,1,2020:02:07 21:50:29,1
2041,1,July,2020,12561,1,2020:07:09 13:00:22,1
2042,3,November,2019,16915,1,2019:11:30 21:20:54,1
2043,2,September,2024,11660,1,2024:09:28 11:41:55,1
2044,1,August,2020,11645,1,2020:08:14 12:49:25,1
2045,5,August,2020,12763,1,2020:08:07 20:55:00,1
2046,5,June,2022,11374,1,2022:06:18 09:03:03,1
2047,4,November,2023,15392,1,2023:11:12 13:33:18,1
2048,3,December,2022,16642,1,2022:12:07 13:50:39,1
2049,5,December,2019,19548,1,2019:12:07 17:14:02,1
2050,1,October,2023,12597,1,2023:10:18 19:54:35,1
2051,2,August,2023,19508,1,2023:08:07 21:28:41,1
2052,5,December,2023,15355,1,2023:12:21 22:55:59,1
2053,4,January,2024,10087,1,2024:01:05 19:42:14,1
2054,1,October,2020,14334,1,2020:10:09 12:45:27,1
2055,3,July,2020,19903,1,2020:07:29 12:31:46,1
2056,1,August,2024,11233,1,2024:08:19 16:58:17,1
2057,1,June,2020,16121,1,2020:06:15 12:28:54,1
2058,2,May,2019,10115,1,2019:05:23 12:04:51,1
2059,2,March,2024,17532,1,2024:03:08 19:00:08,1
2060,3,December,2022,18844,1,2022:12:12 13:46:23,1
2061,1,June,2022,16113,1,2022:06:27 10:18:49,1
2062,2,October,2021,18005,1,2021:10:07 20:53:51,1
2063,1,June,2019,16190,1,2019:06:17 18:39:14,1
2064,4,January,2023,15450,1,2023:01:28 19:32:17,1
2065,1,January,2021,10849,1,2021:01:25 11:10:54,1
2066,5,November,2022,11410,1,2022:11:14 20:18:10,1
2067,5,November,2019,19326,1,2019:11:24 20:02:56,1
2068,1,September,2019,14132,1,2019:09:13 10:49:41,1
2069,4,October,2020,11620,1,2020:10:02 18:09:56,1
2070,1,March,2021,15957,1,2021:03:30 12:33:54,1
2071,4,September,2024,16777,1,2024:09:06 21:19:48,1
2072,4,February,2021,14449,1,2021:02:17 22:40:24,1
2073,4,May,2024,17377,1,2024:05:15 13:33:36,1
2074,2,January,2024,11692,1,2024:01:10 14:05:29,1
2075,4,July,2022,14012,1,2022:07:29 17:11:30,1
2076,3,November,2021,16642,1,2021:11:20 12:37:58,1
2077,2,December,2022,16251,1,2022:12:07 10:47:12,1
2078,3,February,2021,12351,1,2021:02:08 10:05:12,1
2079,3,September,2021,13495,1,2021:09:08 21:19:31,1
2080,2,December,2024,12156,1,2024:12:05 18:56:33,1
2081,5,June,2022,15495,1,2022:06:24 16:02:20,1
2082,4,November,2024,19331,1,2024:11:21 11:41:03,1
2083,3,November,2024,16662,1,2024:11:15 11:20:36,1
2084,2,April,2022,18002,1,2022:04:17 15:40:57,1
2085,1,March,2020,12307,1,2020:03:20 13:52:59,1
2086,1,November,2019,19801,1,2019:11:03 14:17:04,1
2087,3,July,2019,14256,1,2019:07:12 20:12:35,1
2088,5,September,2021,14239,1,2021:09:08 17:37:54,1
2089,2,June,2023,16009,1,2023:06:25 20:58:12,1
2090,1,June,2023,11358,1,2023:06:11 18:41:43,1
2091,4,February,2020,15233,1,2020:02:10 12:03:17,1
2092,2,April,2020,11080,1,2020:04:21 11:12:56,1
2093,1,June,2020,10840,1,2020:06:13 17:39:11,1
2094,3,January,2019,11251,1,2019:01:07 10:28:51,1
2095,1,October,2023,10907,1,2023:10:19 14:32:39,1
2096,5,September,2020,12945,1,2020:09:10 12:07:25,1
2097,4,September,2019,11347,1,2019:09:04 10:44:57,1
2098,5,April,2020,12961,1,2020:04:29 13:04:04,1
2099,3,May,2020,10282,1,2020:05:26 14:24:45,1
2100,1,September,2021,10030,1,2021:09:14 14:04:28,1
2101,3,August,2020,11539,1,2020:08:16 13:19:14,1
2102,3,May,2021,13620,1,2021:05:08 09:57:43,1
2103,2,September,2022,10341,1,2022:09:02 19:02:33,1
2104,3,January,2022,11777,1,2022:01:19 14:58:36,1
2105,5,April,2022,13994,1,2022:04:11 20:39:50,1
2106,3,April,2021,14621,1,2021:04:30 22:44:03,1
2107,5,January,2023,13135,1,2023:01:09 20:18:48,1
2108,2,November,2023,13066,1,2023:11:18 17:38:22,1
2109,3,May,2023,13819,1,2023:05:16 22:36:13,1
2110,1,August,2020,13148,1,2020:08:18 11:20:11,1
2111,5,October,2021,13910,1,2021:10:05 16:12:00,1
2112,4,April,2023,14762,1,2023:04:30 22:03:46,1
2113,1,September,2024,10453,1,2024:09:21 20:38:30,1
2114,3,September,2022,17903,1,2022:09:29 22:58:00,1
2115,4,May,2019,19764,1,2019:05:17 11:49:09,1
2116,2,September,2021,11071,1,2021:09:03 16:57:57,1
2117,4,May,2021,13957,1,2021:05:12 13:34:41,1
2118,4,November,2023,19973,1,2023:11:16 22:40:31,1
2119,3,February,2020,15557,1,2020:02:17 18:06:32,1
2120,2,November,2020,12917,1,2020:11:13 11:10:15,1
2121,3,October,2021,17176,1,2021:10:01 19:44:12,1
2122,4,June,2019,15297,1,2019:06:24 17:57:13,1
2123,5,October,2021,13180,1,2021:10:28 14:56:44,1
2124,1,March,2019,16810,1,2019:03:01 20:41:07,1
2125,2,April,2020,19380,1,2020:04:16 19:28:32,1
2126,5,July,2023,18520,1,2023:07:03 20:02:14,1
2127,2,July,2023,14338,1,2023:07:25 16:17:22,1
2128,2,July,2019,15291,1,2019:07:17 18:45:20,1
2129,2,February,2024,17262,1,2024:02:03 17:18:22,1
2130,2,December,2024,19318,1,2024:12:21 16:53:04,1
2131,4,July,2023,12451,1,2023:07:09 16:07:46,1
2132,3,July,2021,11153,1,2021:07:25 20:47:49,1
2133,2,July,2020,17660,1,2020:07:01 17:15:44,1
2134,3,June,2020,10098,1,2020:06:13 22:41:52,1
2135,5,November,2021,13984,1,2021:11:02 10:40:38,1
2136,5,May,2024,14488,1,2024:05:16 16:46:09,1
2137,5,April,2024,11948,1,2024:04:16 10:01:18,1
2138,2,October,2019,19067,1,2019:10:21 17:49:57,1
2139,2,January,2023,17311,1,2023:01:09 10:48:33,1
2140,4,March,2020,10754,1,2020:03:08 22:59:24,1
2141,5,November,2024,10653,1,2024:11:04 16:03:59,1
2142,4,February,2020,17708,1,2020:02:07 21:15:06,1
2143,5,December,2019,18401,1,2019:12:03 14:07:11,1
2144,4,June,2019,16804,1,2019:06:15 15:57:41,1
2145,3,January,2019,19322,1,2019:01:29 13:35:58,1
2146,4,July,2021,10301,1,2021:07:13 13:21:23,1
2147,4,September,2020,18210,1,2020:09:27 11:30:10,1
2148,2,December,2021,13582,1,2021:12:19 22:50:01,1
2149,1,May,2023,12141,1,2023:05:21 22:50:45,1
2150,1,September,2022,12039,1,2022:09:06 11:55:21,1
2151,2,May,2023,17375,1,2023:05:19 22:18:53,1
2152,5,October,2024,19877,1,2024:10:20 14:26:57,1
2153,2,February,2023,15799,1,2023:02:09 19:55:02,1
2154,3,March,2023,15128,1,2023:03:09 11:58:14,1
2155,4,November,2021,18982,1,2021:11:02 20:52:51,1
2156,2,July,2019,10149,1,2019:07:07 14:51:46,1
2157,5,August,2022,10963,1,2022:08:09 13:54:25,1
2158,3,July,2024,15413,1,2024:07:18 16:24:09,1
2159,3,October,2022,12356,1,2022:10:24 16:32:16,1
2160,3,January,2022,17949,1,2022:01:02 19:09:14,1
2161,5,May,2021,12765,1,2021:05:27 22:24:44,1
2162,1,January,2021,11589,1,2021:01:28 09:48:58,1
2163,1,March,2019,19058,1,2019:03:20 12:08:42,1
2164,4,April,2023,12766,1,2023:04:11 15:51:59,1
2165,4,March,2022,17359,1,2022:03:10 09:20:11,1
2166,5,August,2019,17129,1,2019:08:20 11:44:25,1
2167,3,September,2024,15672,1,2024:09:11 10:18:25,1
2168,2,April,2024,16803,1,2024:04:27 11:39:24,1
2169,2,April,2024,16796,1,2024:04:05 20:03:00,1
2170,5,June,2019,13155,1,2019:06:25 09:46:03,1
2171,1,October,2019,12811,1,2019:10:24 15:35:58,1
2172,4,September,2022,18533,1,2022:09:17 18:02:19,1
2173,5,December,2021,11153,1,2021:12:09 17:52:32,1
2174,5,October,2023,15861,1,2023:10:27 17:57:28,1
2175,2,December,2021,16658,1,2021:12:11 11:28:13,1
2176,4,February,2023,18103,1,2023:02:04 12:56:45,1
2177,2,September,2022,14326,1,2022:09:22 17:50:43,1
2178,1,April,2022,13357,1,2022:04:10 22:50:13,1
2179,1,May,2022,19164,1,2022:05:21 15:07:06,1
2180,5,December,2021,12635,1,2021:12:22 16:55:33,1
2181,1,June,2023,18834,1,2023:06:05 18:17:55,1
2182,3,October,2023,13121,1,2023:10:03 16:13:26,1
2183,3,September,2019,12374,1,2019:09:29 15:36:41,1
2184,4,September,2023,10461,1,2023:09:10 13:54:55,1
2185,2,February,2019,17182,1,2019:02:16 14:07:16,1
2186,3,April,2019,12165,1,2019:04:23 16:47:02,1
2187,3,June,2019,11459,1,2019:06:24 22:35:12,1
2188,2,September,2019,14537,1,2019:09:19 19:07:13,1
2189,4,November,2021,10978,1,2021:11:03 17:50:59,1
2190,3,September,2020,16926,1,2020:09:27 14:15:09,1
2191,2,June,2024,12345,1,2024:06:17 19:12:09,1
2192,2,March,2021,13622,1,2021:03:31 10:43:29,1
2193,4,April,2024,12893,1,2024:04:27 13:24:01,1
2194,5,December,2024,16704,1,2024:12:25 20:08:30,1
2195,5,December,2019,19398,1,2019:12:15 19:48:24,1
2196,5,September,2019,17638,1,2019:09:19 11:25:42,1
2197,5,March,2019,15156,1,2019:03:15 14:27:12,1
2198,4,February,2020,12114,1,2020:02:15 21:04:29,1
2199,5,July,2023,19065,1,2023:07:20 15:40:13,1
2200,3,November,2021,16392,1,2021:11:28 11:51:40,1
2201,5,August,2024,19944,1,2024:08:18 18:19:07,1
2202,4,November,2022,13842,1,2022:11:23 15:36:24,1
2203,3,May,2023,18280,1,2023:05:29 19:52:19,1
2204,5,August,2021,11248,1,2021:08:09 10:30:20,1
2205,4,December,2022,10912,1,2022:12:12 12:47:17,1
2206,4,February,2021,15711,1,2021:02:14 09:03:51,1
2207,1,March,2022,12042,1,2022:03:08 20:20:09,1
2208,5,November,2024,18885,1,2024:11:14 09:43:12,1
2209,2,January,2021,16573,1,2021:01:21 20:32:56,1
2210,2,October,2024,13418,1,2024:10:22 12:42:06,1
2211,1,August,2023,16511,1,2023:08:02 21:18:27,1
2212,4,January,2022,13753,1,2022:01:13 11:25:25,1
2213,4,October,2021,18064,1,2021:10:28 16:51:18,1
2214,5,November,2019,18675,1,2019:11:21 16:57:55,1
2215,3,January,2024,11956,1,2024:01:10 21:12:22,1
2216,3,March,2020,11105,1,2020:03:07 19:18:56,1
2217,1,June,2019,13958,1,2019:06:23 09:52:53,1
2218,4,March,2022,13602,1,2022:03:29 12:50:59,1
2219,5,October,2022,11257,1,2022:10:28 09:03:53,1
2220,4,October,2021,18265,1,2021:10:19 13:51:09,1
2221,4,June,2021,12008,1,2021:06:25 17:25:17,1
2222,4,December,2019,14989,1,2019:12:20 18:35:39,1
2223,4,January,2022,10860,1,2022:01:20 19:22:10,1
2224,1,July,2024,14157,1,2024:07:03 09:00:57,1
2225,2,August,2022,11382,1,2022:08:08 20:02:52,1
2226,1,July,2023,12633,1,2023:07:13 15:43:47,1
2227,4,February,2022,13291,1,2022:02:04 17:54:10,1
2228,4,December,2022,16553,1,2022:12:17 22:17:09,1
2229,5,January,2021,16839,1,2021:01:07 09:01:47,1
2230,2,November,2023,13286,1,2023:11:15 12:13:15,1
2231,2,May,2024,16934,1,2024:05:04 12:41:12,1
2232,1,January,2022,19834,1,2022:01:23 11:54:06,1
2233,4,February,2021,16733,1,2021:02:24 21:33:38,1
2234,5,May,2020,16074,1,2020:05:31 20:28:11,1
2235,4,November,2024,19417,1,2024:11:14 19:07:43,1
2236,4,September,2023,15307,1,2023:09:03 14:31:44,1
2237,4,April,2024,10293,1,2024:04:27 11:53:34,1
2238,1,December,2023,19075,1,2023:12:24 20:00:48,1
2239,3,March,2020,10482,1,2020:03:11 09:36:15,1
2240,2,January,2024,14309,1,2024:01:21 15:17:54,1
2241,1,April,2023,16558,1,2023:04:26 18:37:32,1
2242,3,November,2022,10132,1,2022:11:12 22:04:25,1
2243,1,November,2023,17477,1,2023:11:15 16:58:12,1
2244,2,November,2022,19799,1,2022:11:08 14:30:25,1
2245,1,May,2023,10263,1,2023:05:17 09:59:17,1
2246,2,June,2024,15864,1,2024:06:29 09:40:46,1
2247,1,November,2020,15929,1,2020:11:26 19:14:00,1
2248,3,July,2024,17705,1,2024:07:08 22:54:35,1
2249,2,February,2023,13980,1,2023:02:14 19:43:21,1
2250,1,June,2022,14795,1,2022:06:14 20:33:42,1
2251,4,June,2024,16697,1,2024:06:30 11:42:54,1
2252,5,July,2024,17136,1,2024:07:14 21:26:34,1
2253,4,November,2024,12750,1,2024:11:01 17:50:33,1
2254,4,January,2020,16652,1,2020:01:14 09:17:25,1
2255,2,February,2023,18497,1,2023:02:27 17:43:20,1
2256,1,May,2023,11893,1,2023:05:14 14:47:35,1
2257,5,May,2021,19259,1,2021:05:25 12:45:06,1
2258,3,October,2019,17893,1,2019:10:02 17:32:02,1
2259,2,November,2023,15112,1,2023:11:18 21:04:29,1
2260,5,September,2023,16853,1,2023:09:12 10:46:54,1
2261,2,June,2024,16192,1,2024:06:25 15:16:48,1
2262,5,August,2023,19595,1,2023:08:26 15:08:33,1
2263,4,July,2024,11040,1,2024:07:12 10:26:32,1
2264,4,October,2021,11458,1,2021:10:06 12:40:20,1
2265,2,July,2024,18165,1,2024:07:06 14:21:11,1
2266,3,March,2020,16177,1,2020:03:08 09:04:56,1
2267,4,October,2021,11258,1,2021:10:17 16:20:20,1
2268,3,May,2020,18501,1,2020:05:22 10:53:57,1
2269,4,July,2021,17999,1,2021:07:24 15:06:40,1
2270,3,May,2024,18640,1,2024:05:07 20:21:32,1
2271,4,April,2022,14993,1,2022:04:28 14:06:17,1
2272,2,February,2023,18733,1,2023:02:12 10:29:27,1
2273,3,June,2022,16029,1,2022:06:26 21:59:17,1
2274,4,February,2020,16199,1,2020:02:02 22:48:09,1
2275,1,May,2020,16762,1,2020:05:22 15:42:29,1
2276,1,December,2022,14545,1,2022:12:17 21:27:38,1
2277,1,April,2021,14597,1,2021:04:05 10:28:54,1
2278,3,May,2021,17297,1,2021:05:20 15:05:20,1
2279,2,December,2019,15009,1,2019:12:07 21:37:24,1
2280,5,January,2021,14853,1,2021:01:01 19:16:00,1
2281,1,December,2023,18004,1,2023:12:18 17:43:18,1
2282,4,September,2019,14390,1,2019:09:20 17:35:32,1
2283,5,October,2020,14461,1,2020:10:07 16:30:42,1
2284,3,February,2020,15873,1,2020:02:18 19:49:52,1
2285,3,September,2022,17119,1,2022:09:09 12:15:07,1
2286,3,April,2024,14510,1,2024:04:06 12:26:00,1
2287,1,July,2024,14627,1,2024:07:05 22:43:16,1
2288,1,February,2024,17381,1,2024:02:23 16:05:07,1
2289,1,November,2021,16682,1,2021:11:30 09:13:27,1
2290,2,February,2022,15574,1,2022:02:23 10:22:01,1
2291,3,October,2020,10484,1,2020:10:14 11:32:36,1
2292,3,November,2024,17421,1,2024:11:23 19:21:28,1
2293,5,March,2023,17034,1,2023:03:30 10:25:51,1
2294,4,August,2019,13858,1,2019:08:28 14:35:03,1
2295,1,November,2023,11627,1,2023:11:23 11:20:28,1
2296,3,May,2022,15921,1,2022:05:01 17:07:37,1
2297,3,February,2023,10217,1,2023:02:20 17:36:37,1
2298,1,April,2022,16672,1,2022:04:24 18:06:05,1
2299,1,January,2021,16743,1,2021:01:31 11:55:07,1
2300,2,July,2024,15766,1,2024:07:01 21:40:53,1
2301,3,April,2021,15544,1,2021:04:13 18:07:42,1
2302,5,April,2021,18448,1,2021:04:15 17:02:33,1
2303,5,March,2023,12554,1,2023:03:01 12:47:44,1
2304,5,May,2021,10850,1,2021:05:17 18:00:00,1
2305,2,August,2020,18272,1,2020:08:26 22:35:33,1
2306,4,September,2022,12474,1,2022:09:24 13:14:12,1
2307,3,August,2023,19534,1,2023:08:20 22:21:38,1
2308,2,January,2024,11511,1,2024:01:08 17:03:48,1
2309,2,March,2020,12993,1,2020:03:05 17:38:46,1
2310,3,November,2019,13280,1,2019:11:09 22:16:11,1
2311,1,March,2020,14595,1,2020:03:21 10:02:39,1
2312,1,August,2024,11834,1,2024:08:31 10:44:31,1
2313,5,February,2022,11584,1,2022:02:12 20:29:38,1
2314,5,November,2021,18541,1,2021:11:02 14:34:26,1
2315,4,November,2019,13738,1,2019:11:06 21:00:56,1
2316,5,January,2023,14799,1,2023:01:08 18:09:20,1
2317,2,March,2023,14259,1,2023:03:05 12:29:39,1
2318,4,May,2020,16452,1,2020:05:29 13:28:58,1
2319,2,February,2022,17869,1,2022:02:14 11:20:53,1
2320,2,May,2019,14268,1,2019:05:27 12:40:00,1
2321,5,May,2020,17783,1,2020:05:11 10:28:30,1
2322,4,February,2021,12043,1,2021:02:01 18:41:10,1
2323,1,October,2019,12368,1,2019:10:04 20:48:57,1
2324,5,May,2020,12434,1,2020:05:16 21:19:15,1
2325,3,July,2023,12159,1,2023:07:07 09:29:59,1
2326,3,May,2024,12328,1,2024:05:10 13:43:14,1
2327,3,February,2022,17708,1,2022:02:06 09:34:33,1
2328,5,October,2020,13831,1,2020:10:02 21:36:20,1
2329,3,May,2023,13721,1,2023:05:21 19:34:17,1
2330,4,May,2022,11809,1,2022:05:27 13:35:48,1
2331,1,July,2022,12338,1,2022:07:17 09:46:48,1
2332,4,January,2019,11115,1,2019:01:24 18:06:42,1
2333,1,June,2022,12758,1,2022:06:22 09:38:29,1
2334,1,May,2023,11353,1,2023:05:07 09:49:15,1
2335,2,March,2019,13883,1,2019:03:16 22:21:09,1
2336,5,November,2021,18012,1,2021:11:09 14:34:34,1
2337,2,August,2019,12349,1,2019:08:25 10:10:09,1
2338,4,April,2024,10068,1,2024:04:09 15:08:55,1
2339,2,February,2021,11682,1,2021:02:08 19:33:45,1
2340,5,August,2024,11966,1,2024:08:30 13:15:23,1
2341,5,June,2022,14927,1,2022:06:06 17:08:05,1
2342,4,April,2021,14113,1,2021:04:25 09:20:43,1
2343,1,January,2021,19494,1,2021:01:23 16:44:22,1
2344,1,February,2020,15558,1,2020:02:06 20:15:03,1
2345,5,April,2021,16529,1,2021:04:03 13:34:23,1
2346,4,February,2020,13335,1,2020:02:21 15:48:54,1
2347,1,April,2021,14911,1,2021:04:12 10:47:56,1
2348,2,December,2023,14264,1,2023:12:06 11:25:10,1
2349,4,January,2024,15499,1,2024:01:24 17:18:19,1
2350,1,October,2021,12807,1,2021:10:22 14:56:33,1
2351,3,December,2024,15171,1,2024:12:07 20:36:37,1
2352,4,November,2020,13797,1,2020:11:26 18:39:32,1
2353,5,June,2019,10977,1,2019:06:21 09:21:01,1
2354,2,August,2024,14505,1,2024:08:07 16:13:23,1
2355,1,December,2019,11728,1,2019:12:19 21:43:47,1
2356,4,June,2022,17767,1,2022:06:13 13:31:59,1
2357,4,April,2024,12143,1,2024:04:03 19:08:32,1
2358,2,March,2022,11677,1,2022:03:06 17:38:10,1
2359,5,June,2019,10219,1,2019:06:24 20:39:23,1
2360,1,May,2020,15848,1,2020:05:15 14:00:44,1
2361,5,June,2022,18166,1,2022:06:26 14:00:21,1
2362,3,December,2024,16978,1,2024:12:12 19:16:06,1
2363,3,January,2024,18147,1,2024:01:11 09:04:37,1
2364,2,May,2020,16442,1,2020:05:28 15:27:44,1
2365,1,September,2024,17936,1,2024:09:25 17:27:34,1
2366,3,February,2023,11068,1,2023:02:28 16:17:52,1
2367,4,August,2023,19754,1,2023:08:22 22:31:19,1
2368,5,April,2020,13480,1,2020:04:17 09:38:12,1
2369,5,March,2024,18380,1,2024:03:16 21:58:31,1
2370,4,August,2024,19378,1,2024:08:26 20:43:41,1
2371,4,March,2022,17088,1,2022:03:25 11:06:33,1
2372,2,April,2021,19621,1,2021:04:04 21:22:00,1
2373,3,July,2024,17714,1,2024:07:31 16:59:42,1
2374,1,September,2022,18634,1,2022:09:27 09:02:33,1
2375,3,January,2022,19693,1,2022:01:26 17:45:40,1
2376,4,June,2019,13295,1,2019:06:15 16:12:48,1
2377,4,August,2020,15307,1,2020:08:16 21:15:45,1
2378,4,October,2019,14356,1,2019:10:26 10:33:53,1
2379,4,November,2021,18204,1,2021:11:18 18:21:39,1
2380,4,November,2022,13204,1,2022:11:06 17:16:08,1
2381,3,February,2023,14448,1,2023:02:02 19:55:33,1
2382,4,October,2019,13044,1,2019:10:18 15:33:08,1
2383,2,March,2020,17206,1,2020:03:12 21:45:29,1
2384,1,December,2024,19382,1,2024:12:03 15:55:05,1
2385,3,April,2023,10072,1,2023:04:20 19:09:18,1
2386,5,July,2023,11842,1,2023:07:13 19:11:18,1
2387,5,March,2020,15529,1,2020:03:07 14:19:45,1
2388,3,July,2023,14402,1,2023:07:15 20:35:19,1
2389,3,September,2019,14002,1,2019:09:01 16:19:14,1
2390,4,December,2022,14497,1,2022:12:05 21:13:51,1
2391,3,October,2024,14078,1,2024:10:26 16:54:26,1
2392,5,May,2023,12936,1,2023:05:08 12:51:24,1
2393,5,August,2022,12467,1,2022:08:22 17:27:30,1
2394,2,October,2022,11365,1,2022:10:18 12:37:19,1
2395,5,May,2021,16184,1,2021:05:23 09:23:23,1
2396,5,August,2019,15184,1,2019:08:27 13:54:46,1
2397,2,October,2024,15893,1,2024:10:02 12:41:08,1
2398,1,May,2020,10552,1,2020:05:12 17:04:00,1
2399,5,March,2022,18541,1,2022:03:13 10:25:24,1
2400,1,May,2019,18263,1,2019:05:18 18:50:19,1
2401,4,November,2023,17188,1,2023:11:05 19:46:57,1
2402,2,February,2019,10278,1,2019:02:17 22:41:42,1
2403,2,November,2021,12833,1,2021:11:22 13:32:26,1
2404,5,February,2023,15304,1,2023:02:02 09:36:48,1
2405,4,November,2024,12684,1,2024:11:05 09:14:20,1
2406,2,August,2024,15864,1,2024:08:07 17:29:23,1
2407,2,October,2024,19697,1,2024:10:14 15:22:42,1
2408,3,February,2024,19438,1,2024:02:12 18:26:15,1
2409,4,May,2023,14486,1,2023:05:14 18:00:11,1
2410,4,January,2024,18496,1,2024:01:30 21:17:19,1
2411,5,March,2022,10346,1,2022:03:08 16:43:49,1
2412,4,March,2022,16368,1,2022:03:08 13:18:19,1
2413,5,December,2023,11345,1,2023:12:06 22:24:28,1
2414,3,September,2021,12296,1,2021:09:14 15:53:46,1
2415,1,August,2024,11547,1,2024:08:10 18:19:13,1
2416,3,March,2020,15968,1,2020:03:09 16:50:37,1
2417,2,December,2023,19334,1,2023:12:24 10:37:11,1
2418,5,April,2022,16916,1,2022:04:09 17:32:54,1
2419,3,March,2020,14942,1,2020:03:30 09:40:52,1
2420,1,April,2020,18592,1,2020:04:17 12:31:09,1
2421,3,March,2024,10993,1,2024:03:27 17:52:22,1
2422,1,May,2020,19159,1,2020:05:22 16:16:30,1
2423,2,August,2024,17616,1,2024:08:28 22:35:13,1
2424,2,November,2019,18602,1,2019:11:20 22:41:00,1
2425,3,January,2021,14010,1,2021:01:06 22:10:05,1
2426,1,July,2024,16889,1,2024:07:14 15:56:55,1
2427,1,October,2020,19134,1,2020:10:15 12:08:00,1
2428,2,October,2019,18771,1,2019:10:14 12:44:09,1
2429,5,December,2020,19096,1,2020:12:12 11:26:38,1
2430,2,September,2022,16761,1,2022:09:24 14:22:03,1
2431,2,March,2020,12593,1,2020:03:19 11:02:43,1
2432,4,October,2024,16312,1,2024:10:23 13:04:39,1
2433,3,May,2019,15954,1,2019:05:26 21:30:04,1
2434,1,December,2023,13199,1,2023:12:25 15:52:00,1
2435,5,August,2020,14124,1,2020:08:05 09:21:23,1
2436,1,February,2020,17072,1,2020:02:27 14:18:57,1
2437,4,May,2023,11882,1,2023:05:06 22:52:00,1
2438,2,May,2023,17491,1,2023:05:18 17:30:24,1
2439,2,July,2024,11840,1,2024:07:04 11:45:43,1
2440,5,April,2024,13248,1,2024:04:03 19:46:56,1
2441,5,May,2019,14588,1,2019:05:08 22:34:31,1
2442,5,July,2019,11015,1,2019:07:08 19:15:00,1
2443,2,July,2022,16552,1,2022:07:27 12:32:36,1
2444,3,November,2023,11972,1,2023:11:22 11:21:18,1
2445,3,March,2019,16265,1,2019:03:07 15:31:42,1
2446,2,April,2021,17553,1,2021:04:13 16:05:46,1
2447,5,August,2024,14151,1,2024:08:27 17:32:19,1
2448,4,June,2019,14756,1,2019:06:24 16:34:19,1
2449,4,October,2019,12021,1,2019:10:11 20:11:46,1
2450,4,December,2019,19583,1,2019:12:22 22:08:44,1
2451,5,August,2023,13650,1,2023:08:22 09:07:44,1
2452,5,April,2020,18757,1,2020:04:14 12:13:35,1
2453,4,July,2023,19191,1,2023:07:28 13:56:01,1
2454,5,March,2021,13783,1,2021:03:31 12:16:32,1
2455,3,May,2020,14632,1,2020:05:04 16:43:43,1
2456,3,September,2021,17277,1,2021:09:18 21:26:34,1
2457,2,July,2020,10783,1,2020:07:02 21:30:56,1
2458,4,March,2019,15507,1,2019:03:13 17:08:44,1
2459,5,November,2019,11966,1,2019:11:06 14:07:14,1
2460,1,April,2023,15425,1,2023:04:26 14:54:09,1
2461,4,June,2024,13236,1,2024:06:16 10:38:54,1
2462,1,January,2023,10649,1,2023:01:05 17:03:33,1
2463,3,July,2019,12309,1,2019:07:24 16:08:06,1
2464,4,October,2020,14720,1,2020:10:31 11:33:59,1
2465,5,August,2022,14038,1,2022:08:23 15:06:11,1
2466,2,October,2019,15752,1,2019:10:18 22:26:39,1
2467,4,January,2019,11557,1,2019:01:04 15:58:18,1
2468,1,September,2024,15844,1,2024:09:06 10:15:18,1
2469,3,July,2024,12534,1,2024:07:13 13:48:48,1
2470,3,April,2023,14823,1,2023:04:05 15:59:07,1
2471,4,December,2021,16498,1,2021:12:30 16:36:37,1
2472,5,April,2019,12357,1,2019:04:06 21:44:23,1
2473,3,June,2019,11970,1,2019:06:01 15:33:02,1
2474,1,December,2024,19572,1,2024:12:29 13:08:43,1
2475,1,March,2019,14374,1,2019:03:18 10:11:10,1
2476,3,December,2021,10091,1,2021:12:16 20:27:42,1
2477,1,May,2024,15097,1,2024:05:03 10:10:10,1
2478,5,June,2023,11668,1,2023:06:29 21:15:02,1
2479,2,November,2020,15745,1,2020:11:02 22:29:05,1
2480,4,May,2022,16933,1,2022:05:02 17:27:22,1
2481,3,March,2020,10789,1,2020:03:04 15:26:45,1
2482,2,April,2023,12788,1,2023:04:06 09:33:48,1
2483,3,August,2024,14842,1,2024:08:09 16:53:51,1
2484,5,June,2022,11858,1,2022:06:30 17:44:44,1
2485,5,April,2019,16303,1,2019:04:06 12:39:51,1
2486,1,January,2024,19483,1,2024:01:30 12:28:11,1
2487,4,September,2022,16920,1,2022:09:16 20:01:09,1
2488,4,July,2024,10889,1,2024:07:16 14:00:13,1
2489,1,December,2022,13759,1,2022:12:30 12:33:17,1
2490,3,February,2023,18978,1,2023:02:15 16:05:21,1
2491,3,July,2023,13785,1,2023:07:25 09:55:55,1
2492,2,October,2020,17564,1,2020:10:23 19:53:45,1
2493,2,December,2022,11931,1,2022:12:17 13:46:06,1
2494,2,August,2022,12947,1,2022:08:13 14:18:27,1
2495,3,June,2022,14116,1,2022:06:29 22:08:10,1
2496,1,August,2021,16437,1,2021:08:17 13:31:53,1
2497,2,July,2019,14174,1,2019:07:18 13:35:10,1
2498,4,January,2019,16092,1,2019:01:06 22:15:49,1
2499,5,May,2020,18031,1,2020:05:27 21:10:12,1
2500,1,July,2022,16525,1,2022:07:04 16:10:57,1
2501,3,September,2021,17583,1,2021:09:09 17:43:25,1
2502,2,August,2020,16526,1,2020:08:08 13:15:59,1
2503,5,January,2023,15762,1,2023:01:19 09:22:06,1
2504,4,March,2024,18150,1,2024:03:01 16:38:18,1
2505,3,December,2024,14275,1,2024:12:17 21:02:06,1
2506,5,October,2021,11120,1,2021:10:26 09:10:04,1
2507,3,December,2023,19788,1,2023:12:04 10:50:46,1
2508,5,April,2023,16467,1,2023:04:16 14:31:54,1
2509,4,April,2019,18659,1,2019:04:03 21:35:17,1
2510,5,February,2019,14456,1,2019:02:26 12:54:38,1
2511,2,March,2020,18751,1,2020:03:30 10:04:22,1
2512,4,June,2024,17315,1,2024:06:08 15:48:36,1
2513,3,December,2021,14321,1,2021:12:06 20:56:48,1
2514,1,March,2022,10869,1,2022:03:25 17:25:14,1
2515,3,November,2024,10280,1,2024:11:05 20:05:47,1
2516,5,May,2021,14540,1,2021:05:05 22:49:55,1
2517,1,September,2020,17210,1,2020:09:04 09:45:01,1
2518,5,March,2020,15143,1,2020:03:05 21:11:04,1
2519,5,October,2021,12491,1,2021:10:20 21:06:09,1
2520,5,December,2021,16286,1,2021:12:01 12:53:52,1
2521,2,April,2019,13142,1,2019:04:26 09:57:12,1
2522,5,February,2019,14077,1,2019:02:20 19:28:07,1
2523,5,August,2021,14557,1,2021:08:29 19:12:39,1
2524,1,June,2022,16261,1,2022:06:09 19:33:06,1
2525,3,May,2019,18257,1,2019:05:14 18:13:45,1
2526,4,August,2021,10560,1,2021:08:21 10:29:16,1
2527,2,May,2023,17685,1,2023:05:13 17:18:01,1
2528,3,January,2020,11463,1,2020:01:11 11:30:03,1
2529,1,November,2020,10842,1,2020:11:17 12:54:40,1
2530,2,December,2022,14861,1,2022:12:01 19:46:35,1
2531,4,December,2021,17012,1,2021:12:16 18:32:48,1
2532,2,November,2019,13385,1,2019:11:08 09:27:10,1
2533,1,February,2022,18366,1,2022:02:15 19:59:21,1
2534,3,March,2024,12258,1,2024:03:17 10:13:12,1
2535,4,January,2022,19683,1,2022:01:12 19:36:34,1
2536,2,March,2019,19657,1,2019:03:30 12:33:30,1
2537,3,April,2023,17772,1,2023:04:06 17:14:19,1
2538,4,August,2021,15053,1,2021:08:23 20:29:46,1
2539,3,March,2020,13036,1,2020:03:16 22:47:16,1
2540,3,May,2020,12999,1,2020:05:22 09:45:52,1
2541,3,September,2022,15155,1,2022:09:01 19:49:02,1
2542,1,November,2023,14515,1,2023:11:09 15:19:46,1
2543,1,March,2021,17769,1,2021:03:08 14:30:00,1
2544,4,February,2020,14944,1,2020:02:13 18:48:05,1
2545,2,May,2023,18002,1,2023:05:03 11:37:27,1
2546,4,December,2022,11605,1,2022:12:20 11:12:12,1
2547,5,October,2019,14717,1,2019:10:02 15:05:01,1
2548,4,August,2019,14324,1,2019:08:19 21:25:56,1
2549,3,December,2019,19585,1,2019:12:06 20:50:43,1
2550,1,July,2023,14673,1,2023:07:13 22:27:59,1
2551,2,November,2022,16912,1,2022:11:28 15:00:06,1
2552,5,December,2023,15738,1,2023:12:24 10:30:35,1
2553,3,December,2023,19339,1,2023:12:19 15:54:41,1
2554,5,September,2021,19863,1,2021:09:04 13:28:42,1
2555,1,July,2020,17654,1,2020:07:20 13:45:17,1
2556,2,July,2023,12862,1,2023:07:30 20:41:28,1
2557,3,February,2021,15034,1,2021:02:16 12:45:24,1
2558,5,April,2019,14460,1,2019:04:19 13:08:57,1
2559,1,January,2021,14143,1,2021:01:15 15:25:04,1
2560,1,August,2019,11612,1,2019:08:30 21:42:08,1
2561,3,August,2020,10970,1,2020:08:12 13:25:53,1
2562,5,August,2024,12955,1,2024:08:11 19:20:57,1
2563,2,May,2022,16665,1,2022:05:15 17:48:11,1
2564,4,November,2023,18742,1,2023:11:09 16:36:34,1
2565,1,June,2022,17776,1,2022:06:07 21:18:57,1
2566,5,January,2021,19698,1,2021:01:07 12:16:22,1
2567,3,April,2020,16966,1,2020:04:26 14:32:35,1
2568,4,March,2023,19807,1,2023:03:13 17:27:07,1
2569,4,September,2020,16961,1,2020:09:29 17:50:21,1
2570,3,July,2020,19035,1,2020:07:26 12:09:21,1
2571,3,July,2021,11322,1,2021:07:28 11:48:09,1
2572,1,December,2024,10674,1,2024:12:01 17:42:44,1
2573,2,November,2022,19404,1,2022:11:20 16:07:05,1
2574,2,August,2024,11615,1,2024:08:21 15:56:58,1
2575,5,September,2023,10133,1,2023:09:19 16:37:56,1
2576,3,August,2020,17981,1,2020:08:03 12:39:37,1
2577,3,December,2020,12051,1,2020:12:31 16:00:49,1
2578,1,May,2022,12446,1,2022:05:14 19:57:59,1
2579,4,February,2019,17029,1,2019:02:07 10:25:23,1
2580,2,May,2022,14379,1,2022:05:10 20:35:30,1
2581,5,June,2023,15637,1,2023:06:12 16:48:06,1
2582,3,July,2022,17168,1,2022:07:07 09:00:05,1
2583,5,July,2022,19505,1,2022:07:29 13:43:34,1
2584,1,August,2022,18321,1,2022:08:31 20:31:39,1
2585,4,January,2019,13650,1,2019:01:04 16:43:41,1
2586,5,August,2024,19010,1,2024:08:30 21:10:50,1
2587,2,March,2019,18370,1,2019:03:07 13:14:55,1
2588,1,July,2020,19059,1,2020:07:08 11:01:42,1
2589,4,September,2019,17793,1,2019:09:10 09:53:01,1
2590,1,June,2023,14016,1,2023:06:24 10:44:08,1
2591,3,April,2019,14242,1,2019:04:01 21:51:32,1
2592,4,February,2023,11259,1,2023:02:24 11:32:58,1
2593,5,October,2024,12882,1,2024:10:28 14:07:07,1
2594,2,May,2024,12871,1,2024:05:05 14:51:25,1
2595,1,November,2020,16489,1,2020:11:25 17:17:01,1
2596,5,August,2021,17334,1,2021:08:17 14:44:38,1
2597,4,April,2023,15701,1,2023:04:30 16:06:46,1
2598,1,July,2021,18119,1,2021:07:26 18:00:59,1
2599,3,July,2021,13216,1,2021:07:08 09:35:54,1
2600,1,March,2022,11756,1,2022:03:12 12:09:21,1
2601,2,January,2024,11151,1,2024:01:06 16:31:22,1
2602,3,January,2024,17383,1,2024:01:02 18:58:59,1
2603,3,December,2024,16202,1,2024:12:30 18:14:31,1
2604,1,July,2023,12583,1,2023:07:05 20:53:01,1
2605,1,October,2021,15921,1,2021:10:03 19:59:24,1
2606,3,March,2024,12843,1,2024:03:11 13:57:18,1
2607,5,September,2022,19062,1,2022:09:29 17:45:22,1
2608,3,August,2020,12189,1,2020:08:28 10:20:47,1
2609,5,August,2022,18774,1,2022:08:18 15:42:23,1
2610,3,June,2023,16406,1,2023:06:03 20:29:38,1
2611,3,March,2019,14664,1,2019:03:29 14:51:03,1
2612,4,March,2024,14396,1,2024:03:02 12:09:46,1
2613,3,January,2023,12387,1,2023:01:29 10:50:41,1
2614,2,March,2022,19808,1,2022:03:08 14:14:58,1
2615,2,April,2020,19232,1,2020:04:13 21:42:50,1
2616,4,November,2023,16765,1,2023:11:21 19:34:38,1
2617,4,April,2023,16524,1,2023:04:03 19:34:46,1
2618,5,February,2022,12575,1,2022:02:01 12:10:45,1
2619,3,December,2022,16731,1,2022:12:16 19:20:13,1
2620,2,April,2019,19710,1,2019:04:20 10:07:55,1
2621,5,November,2023,13398,1,2023:11:01 21:19:40,1
2622,4,January,2020,17292,1,2020:01:07 09:07:21,1
2623,5,June,2023,13213,1,2023:06:01 11:24:33,1
2624,5,June,2021,14146,1,2021:06:30 12:33:24,1
2625,1,September,2021,10769,1,2021:09:09 10:35:31,1
2626,2,October,2022,15065,1,2022:10:11 21:35:27,1
2627,5,May,2023,13269,1,2023:05:02 12:03:20,1
2628,4,March,2024,17168,1,2024:03:17 21:16:41,1
2629,1,May,2024,17295,1,2024:05:11 15:25:15,1
2630,5,January,2023,10935,1,2023:01:28 18:27:49,1
2631,4,March,2022,17561,1,2022:03:28 15:27:50,1
2632,4,December,2024,13778,1,2024:12:09 15:06:21,1
2633,2,February,2019,17657,1,2019:02:20 17:34:48,1
2634,5,September,2019,18338,1,2019:09:25 19:28:13,1
2635,5,January,2019,11303,1,2019:01:18 22:55:48,1
2636,4,April,2022,19602,1,2022:04:04 16:49:37,1
2637,3,August,2023,16175,1,2023:08:21 20:53:50,1
2638,2,April,2021,13578,1,2021:04:24 16:26:32,1
2639,3,August,2024,12115,1,2024:08:27 14:43:02,1
2640,3,February,2020,11284,1,2020:02:11 22:18:24,1
2641,2,May,2022,19872,1,2022:05:01 11:23:12,1
2642,3,July,2023,11787,1,2023:07:20 18:03:54,1
2643,1,July,2024,16825,1,2024:07:27 15:48:28,1
2644,4,April,2023,19984,1,2023:04:16 21:33:38,1
2645,5,December,2020,10842,1,2020:12:13 15:18:15,1
2646,1,October,2021,11557,1,2021:10:10 16:03:11,1
2647,3,January,2021,17904,1,2021:01:27 16:27:17,1
2648,4,May,2023,12531,1,2023:05:05 10:40:33,1
2649,1,December,2023,13703,1,2023:12:25 10:31:31,1
2650,1,May,2020,10407,1,2020:05:02 14:37:44,1
2651,4,January,2022,16264,1,2022:01:18 11:31:50,1
2652,3,June,2019,19500,1,2019:06:19 18:40:51,1
2653,5,July,2023,11209,1,2023:07:28 10:33:43,1
2654,4,June,2021,17563,1,2021:06:28 22:31:40,1
2655,1,September,2024,10474,1,2024:09:24 22:06:52,1
2656,2,January,2022,10456,1,2022:01:13 12:49:01,1
2657,1,November,2023,16791,1,2023:11:15 18:10:43,1
2658,4,February,2019,13367,1,2019:02:12 18:30:42,1
2659,5,April,2022,16608,1,2022:04:23 14:10:26,1
2660,5,September,2022,16498,1,2022:09:13 17:19:34,1
2661,3,February,2023,19729,1,2023:02:10 18:56:38,1
2662,5,October,2023,14171,1,2023:10:27 15:52:30,1
2663,2,April,2023,17341,1,2023:04:19 13:53:36,1
2664,3,April,2023,10585,1,2023:04:05 22:49:41,1
2665,1,April,2024,18262,1,2024:04:02 21:56:04,1
2666,1,June,2019,13278,1,2019:06:21 22:35:42,1
2667,4,May,2019,14375,1,2019:05:06 22:34:49,1
2668,2,June,2019,19582,1,2019:06:04 18:23:09,1
2669,2,October,2024,17198,1,2024:10:03 20:01:21,1
2670,4,December,2023,17799,1,2023:12:29 20:13:30,1
2671,3,January,2024,11672,1,2024:01:08 14:20:34,1
2672,1,March,2022,10651,1,2022:03:24 11:45:37,1
2673,2,January,2019,19793,1,2019:01:13 12:29:35,1
2674,2,March,2024,18635,1,2024:03:29 15:29:55,1
2675,2,July,2021,16885,1,2021:07:28 16:48:44,1
2676,5,June,2020,18408,1,2020:06:19 14:37:23,1
2677,3,August,2019,19706,1,2019:08:31 12:22:22,1
2678,2,March,2021,19086,1,2021:03:14 12:29:47,1
2679,4,July,2023,16003,1,2023:07:03 22:40:26,1
2680,2,July,2023,10302,1,2023:07:27 09:54:32,1
2681,4,April,2020,14230,1,2020:04:20 16:31:15,1
2682,1,October,2024,19890,1,2024:10:27 22:53:20,1
2683,1,November,2020,16593,1,2020:11:06 13:53:55,1
2684,1,July,2020,18823,1,2020:07:14 13:14:21,1
2685,1,November,2019,14078,1,2019:11:21 20:11:02,1
2686,5,September,2022,17226,1,2022:09:28 15:51:21,1
2687,4,July,2023,14722,1,2023:07:13 09:27:53,1
2688,5,August,2020,11782,1,2020:08:19 13:53:13,1
2689,3,February,2023,15672,1,2023:02:21 15:59:15,1
2690,3,January,2021,10123,1,2021:01:31 11:47:44,1
2691,2,November,2020,15802,1,2020:11:09 10:53:12,1
2692,4,February,2023,18523,1,2023:02:24 20:32:07,1
2693,1,February,2021,12349,1,2021:02:27 09:16:25,1
2694,5,March,2019,19857,1,2019:03:29 21:17:58,1
2695,2,September,2023,15140,1,2023:09:05 21:17:15,1
2696,5,May,2024,14683,1,2024:05:26 18:56:20,1
2697,4,July,2020,13321,1,2020:07:12 16:29:21,1
2698,1,May,2020,13149,1,2020:05:22 11:42:36,1
2699,5,December,2024,19590,1,2024:12:02 17:09:48,1
2700,1,December,2019,13249,1,2019:12:04 17:17:35,1
2701,4,December,2020,12000,1,2020:12:26 14:19:28,1
2702,3,March,2022,16205,1,2022:03:28 15:24:42,1
2703,4,February,2019,17226,1,2019:02:18 09:43:53,1
2704,1,December,2024,11806,1,2024:12:14 11:47:33,1
2705,5,September,2023,12070,1,2023:09:24 13:58:37,1
2706,3,March,2020,10624,1,2020:03:23 16:01:00,1
2707,5,March,2021,11250,1,2021:03:31 17:26:39,1
2708,5,April,2023,11546,1,2023:04:28 12:03:49,1
2709,5,January,2022,15471,1,2022:01:02 20:34:40,1
2710,5,October,2021,15864,1,2021:10:04 17:25:22,1
2711,4,September,2022,17371,1,2022:09:02 21:48:02,1
2712,4,October,2019,19539,1,2019:10:08 21:16:55,1
2713,1,February,2023,13572,1,2023:02:08 11:00:23,1
2714,2,March,2019,18136,1,2019:03:03 19:57:34,1
2715,1,December,2023,15714,1,2023:12:13 11:05:25,1
2716,5,August,2022,11288,1,2022:08:04 20:03:39,1
2717,4,March,2022,12363,1,2022:03:21 17:35:30,1
2718,3,August,2021,17429,1,2021:08:29 14:05:30,1
2719,1,August,2023,13577,1,2023:08:23 15:44:12,1
2720,5,March,2020,11599,1,2020:03:06 17:32:24,1
2721,3,June,2024,13386,1,2024:06:15 13:43:52,1
2722,3,February,2024,12399,1,2024:02:26 12:09:20,1
2723,5,September,2021,14247,1,2021:09:19 15:51:59,1
2724,4,April,2019,15370,1,2019:04:07 19:31:12,1
2725,1,October,2023,11525,1,2023:10:11 12:13:13,1
2726,4,May,2024,10659,1,2024:05:23 21:41:40,1
2727,3,July,2021,14270,1,2021:07:26 15:04:21,1
2728,4,May,2020,16014,1,2020:05:31 19:23:19,1
2729,3,November,2021,15351,1,2021:11:01 12:26:39,1
2730,1,August,2022,13399,1,2022:08:18 09:02:17,1
2731,1,October,2020,15136,1,2020:10:07 16:53:43,1
2732,5,May,2020,13842,1,2020:05:27 21:01:28,1
2733,2,October,2019,18432,1,2019:10:09 10:34:44,1
2734,5,May,2021,12297,1,2021:05:06 11:34:02,1
2735,5,March,2019,18750,1,2019:03:08 14:51:29,1
2736,5,February,2022,11147,1,2022:02:24 14:32:50,1
2737,2,November,2023,11326,1,2023:11:16 12:58:37,1
2738,4,June,2023,18621,1,2023:06:26 18:41:08,1
2739,1,January,2023,16287,1,2023:01:27 12:36:23,1
2740,3,November,2024,13364,1,2024:11:08 13:39:18,1
2741,1,June,2024,16524,1,2024:06:20 16:06:58,1
2742,4,January,2019,17226,1,2019:01:24 16:40:46,1
2743,3,February,2021,10620,1,2021:02:12 14:41:20,1
2744,5,August,2021,17388,1,2021:08:15 15:00:19,1
2745,1,September,2020,11995,1,2020:09:05 12:58:25,1
2746,1,November,2024,19693,1,2024:11:11 09:53:36,1
2747,2,April,2023,12148,1,2023:04:19 22:39:48,1
2748,5,November,2023,16731,1,2023:11:17 22:13:58,1
2749,1,October,2023,15836,1,2023:10:27 21:05:37,1
2750,5,June,2020,11773,1,2020:06:16 10:08:53,1
2751,3,September,2023,10049,1,2023:09:08 11:03:04,1
2752,3,November,2019,12137,1,2019:11:29 14:05:17,1
2753,3,June,2019,10814,1,2019:06:17 12:05:49,1
2754,5,November,2019,15653,1,2019:11:15 13:48:16,1
2755,4,March,2023,13015,1,2023:03:17 19:27:02,1
2756,3,May,2019,18567,1,2019:05:20 12:37:27,1
2757,5,October,2021,13303,1,2021:10:06 19:52:02,1
2758,4,June,2019,18241,1,2019:06:29 20:54:17,1
2759,3,July,2021,11133,1,2021:07:20 12:43:54,1
2760,2,November,2020,19625,1,2020:11:20 09:45:10,1
2761,2,March,2021,11464,1,2021:03:30 14:23:52,1
2762,5,August,2020,12997,1,2020:08:02 12:16:56,1
2763,2,March,2019,16982,1,2019:03:30 10:55:00,1
2764,1,October,2020,18655,1,2020:10:16 13:19:19,1
2765,3,October,2021,10263,1,2021:10:18 18:52:58,1
2766,3,January,2022,10528,1,2022:01:14 19:32:15,1
2767,3,June,2023,16465,1,2023:06:24 12:49:58,1
2768,4,August,2023,18300,1,2023:08:23 18:35:37,1
2769,5,January,2021,14454,1,2021:01:06 14:40:06,1
2770,3,August,2020,19252,1,2020:08:04 21:30:56,1
2771,2,May,2019,12156,1,2019:05:30 11:41:12,1
2772,1,February,2020,13215,1,2020:02:10 15:07:03,1
2773,3,May,2020,13246,1,2020:05:11 09:52:57,1
2774,3,August,2019,18002,1,2019:08:12 11:06:50,1
2775,1,August,2022,15778,1,2022:08:21 09:30:55,1
2776,1,November,2019,18830,1,2019:11:08 17:39:54,1
2777,3,April,2019,13753,1,2019:04:13 22:33:18,1
2778,1,December,2020,14108,1,2020:12:23 10:05:31,1
2779,5,July,2021,16758,1,2021:07:02 22:56:00,1
2780,2,July,2019,10170,1,2019:07:08 22:04:52,1
2781,3,September,2020,14874,1,2020:09:18 21:01:21,1
2782,3,January,2021,18177,1,2021:01:17 17:09:27,1
2783,3,January,2019,13780,1,2019:01:17 18:51:42,1
2784,4,January,2024,15752,1,2024:01:18 09:52:47,1
2785,3,December,2020,10388,1,2020:12:29 13:04:42,1
2786,1,June,2021,13096,1,2021:06:18 12:27:59,1
2787,3,March,2021,10334,1,2021:03:11 16:42:37,1
2788,3,August,2021,18656,1,2021:08:08 12:57:01,1
2789,1,March,2019,14371,1,2019:03:23 17:04:42,1
2790,5,October,2023,13499,1,2023:10:21 13:47:41,1
2791,5,August,2019,14833,1,2019:08:16 11:57:22,1
2792,3,October,2023,11005,1,2023:10:28 11:29:59,1
2793,1,January,2020,13280,1,2020:01:31 13:47:50,1
2794,4,July,2020,15848,1,2020:07:29 19:09:20,1
2795,4,January,2023,16151,1,2023:01:03 13:54:54,1
2796,5,September,2022,16700,1,2022:09:21 21:56:53,1
2797,2,February,2022,12123,1,2022:02:20 13:59:30,1
2798,2,September,2021,10741,1,2021:09:19 13:34:50,1
2799,2,April,2021,15563,1,2021:04:21 17:30:04,1
2800,2,February,2019,14173,1,2019:02:02 12:13:40,1
2801,3,February,2023,13751,1,2023:02:02 14:47:37,1
2802,3,December,2023,19250,1,2023:12:19 22:23:42,1
2803,3,December,2023,15608,1,2023:12:29 12:27:56,1
2804,1,May,2023,13679,1,2023:05:07 18:18:49,1
2805,4,February,2022,11862,1,2022:02:15 21:36:15,1
2806,5,April,2019,16640,1,2019:04:04 09:25:12,1
2807,1,July,2019,14001,1,2019:07:02 15:49:49,1
2808,1,March,2024,15039,1,2024:03:16 12:48:50,1
2809,4,March,2020,12950,1,2020:03:14 16:38:07,1
2810,2,April,2023,11320,1,2023:04:08 22:19:59,1
2811,2,May,2019,11608,1,2019:05:12 16:00:47,1
2812,3,January,2022,19065,1,2022:01:30 14:48:36,1
2813,4,November,2021,11333,1,2021:11:30 15:05:35,1
2814,2,February,2019,16139,1,2019:02:24 09:19:01,1
2815,2,June,2019,17330,1,2019:06:03 10:20:39,1
2816,2,July,2020,14952,1,2020:07:06 18:09:41,1
2817,2,May,2019,16383,1,2019:05:30 11:05:32,1
2818,5,June,2020,12078,1,2020:06:11 09:24:51,1
2819,1,April,2023,16249,1,2023:04:05 12:02:15,1
2820,5,May,2020,12534,1,2020:05:22 09:12:32,1
2821,5,July,2019,15507,1,2019:07:31 13:31:12,1
2822,2,January,2020,14229,1,2020:01:31 22:42:31,1
2823,1,November,2022,11136,1,2022:11:13 20:50:17,1
2824,4,January,2021,14289,1,2021:01:06 16:46:55,1
2825,2,June,2020,17497,1,2020:06:24 19:17:22,1
2826,5,June,2023,19887,1,2023:06:18 13:58:27,1
2827,4,May,2019,16617,1,2019:05:03 11:52:18,1
2828,1,April,2021,19435,1,2021:04:04 11:54:43,1
2829,5,September,2019,10427,1,2019:09:26 10:39:15,1
2830,1,May,2024,13829,1,2024:05:27 12:45:16,1
2831,4,October,2019,18547,1,2019:10:09 17:27:41,1
2832,3,January,2024,13690,1,2024:01:26 21:46:32,1
2833,1,December,2022,13948,1,2022:12:08 11:24:08,1
2834,4,January,2019,15878,1,2019:01:14 13:24:14,1
2835,1,November,2024,12937,1,2024:11:05 12:01:20,1
2836,5,July,2020,18817,1,2020:07:03 11:54:03,1
2837,2,June,2021,11479,1,2021:06:05 22:57:22,1
2838,1,November,2024,17831,1,2024:11:11 22:29:48,1
2839,2,October,2019,11313,1,2019:10:19 17:23:39,1
2840,3,October,2021,12284,1,2021:10:19 11:11:34,1
2841,2,March,2020,16497,1,2020:03:04 13:21:22,1
2842,5,February,2020,17340,1,2020:02:26 12:07:29,1
2843,4,March,2023,16637,1,2023:03:04 17:23:09,1
2844,5,December,2020,10064,1,2020:12:21 13:21:46,1
2845,2,March,2024,18980,1,2024:03:08 15:36:56,1
2846,5,October,2024,11780,1,2024:10:11 13:38:37,1
2847,5,April,2021,14861,1,2021:04:27 10:24:00,1
2848,3,August,2023,14231,1,2023:08:01 21:22:06,1
2849,2,January,2021,13003,1,2021:01:29 17:34:11,1
2850,4,December,2023,19473,1,2023:12:05 09:02:33,1
2851,4,December,2020,10228,1,2020:12:31 19:41:16,1
2852,5,January,2021,15680,1,2021:01:12 15:20:28,1
2853,3,June,2024,13233,1,2024:06:28 10:18:27,1
2854,5,July,2021,19242,1,2021:07:05 20:21:07,1
2855,1,May,2022,12989,1,2022:05:10 19:16:40,1
2856,3,December,2020,14206,1,2020:12:28 21:35:29,1
2857,2,October,2022,11008,1,2022:10:24 16:07:26,1
2858,3,November,2020,19295,1,2020:11:24 21:42:21,1
2859,1,June,2023,11859,1,2023:06:23 10:43:18,1
2860,2,July,2022,15176,1,2022:07:12 20:36:51,1
2861,4,November,2021,15304,1,2021:11:21 11:30:05,1
2862,5,November,2019,19311,1,2019:11:06 17:53:58,1
2863,5,January,2023,18567,1,2023:01:12 22:41:43,1
2864,3,July,2020,14260,1,2020:07:04 20:53:31,1
2865,5,March,2022,12294,1,2022:03:19 21:49:56,1
2866,3,March,2019,16426,1,2019:03:17 22:37:57,1
2867,4,November,2020,11898,1,2020:11:14 09:51:21,1
2868,1,February,2021,16499,1,2021:02:18 19:40:41,1
2869,4,June,2022,12449,1,2022:06:21 11:58:26,1
2870,1,February,2022,11765,1,2022:02:07 20:27:30,1
2871,2,May,2023,10927,1,2023:05:01 21:21:51,1
2872,5,May,2021,13065,1,2021:05:25 14:07:10,1
2873,5,July,2020,19104,1,2020:07:31 22:23:54,1
2874,1,January,2024,19289,1,2024:01:19 20:11:06,1
2875,2,July,2023,19312,1,2023:07:17 13:59:19,1
2876,3,December,2024,18843,1,2024:12:19 21:49:19,1
2877,3,December,2019,12717,1,2019:12:21 13:45:01,1
2878,2,June,2021,14790,1,2021:06:27 20:59:52,1
2879,4,August,2024,12622,1,2024:08:23 15:48:57,1
2880,5,March,2019,15358,1,2019:03:31 14:58:37,1
2881,3,March,2024,12269,1,2024:03:30 16:17:20,1
2882,4,September,2019,18409,1,2019:09:14 22:27:29,1
2883,4,September,2024,16393,1,2024:09:06 17:41:41,1
2884,3,February,2023,16212,1,2023:02:03 13:32:38,1
2885,1,June,2019,18232,1,2019:06:04 17:05:20,1
2886,1,December,2019,14484,1,2019:12:06 13:10:51,1
2887,5,April,2020,19229,1,2020:04:02 09:30:45,1
2888,1,November,2020,18237,1,2020:11:18 11:22:10,1
2889,1,February,2021,12050,1,2021:02:13 13:44:29,1
2890,2,May,2020,14928,1,2020:05:24 18:34:14,1
2891,4,April,2020,18858,1,2020:04:10 14:18:58,1
2892,5,November,2020,15425,1,2020:11:05 17:07:24,1
2893,3,July,2019,11216,1,2019:07:31 15:25:20,1
2894,1,April,2020,19130,1,2020:04:02 14:12:54,1
2895,2,August,2020,19507,1,2020:08:02 12:23:43,1
2896,2,May,2024,10181,1,2024:05:05 20:31:19,1
2897,1,April,2023,17365,1,2023:04:09 22:03:52,1
2898,2,April,2024,19790,1,2024:04:01 11:22:44,1
2899,5,March,2022,17629,1,2022:03:23 10:55:05,1
2900,4,December,2024,15067,1,2024:12:15 15:33:25,1
2901,5,November,2024,19074,1,2024:11:21 18:39:30,1
2902,2,August,2021,15643,1,2021:08:30 11:54:28,1
2903,2,April,2022,14905,1,2022:04:23 09:10:55,1
2904,4,February,2022,11646,1,2022:02:15 17:14:08,1
2905,5,January,2021,16102,1,2021:01:27 14:15:42,1
2906,4,May,2019,18795,1,2019:05:04 18:57:25,1
2907,3,April,2022,19773,1,2022:04:08 10:20:21,1
2908,3,August,2023,13108,1,2023:08:27 21:00:01,1
2909,4,October,2021,18494,1,2021:10:12 18:24:35,1
2910,3,November,2023,13658,1,2023:11:21 09:20:55,1
2911,2,October,2021,13837,1,2021:10:05 21:55:41,1
2912,3,February,2022,11703,1,2022:02:21 16:43:42,1
2913,4,November,2024,12013,1,2024:11:12 16:35:01,1
2914,1,March,2023,11825,1,2023:03:27 09:27:20,1
2915,4,May,2019,11203,1,2019:05:23 16:37:11,1
2916,4,July,2019,12172,1,2019:07:14 19:24:57,1
2917,2,August,2021,16462,1,2021:08:10 22:26:01,1
2918,5,March,2021,16039,1,2021:03:19 18:48:19,1
2919,3,October,2023,15738,1,2023:10:22 21:52:58,1
2920,2,December,2024,18961,1,2024:12:09 13:00:10,1
2921,3,May,2020,15225,1,2020:05:02 11:36:05,1
2922,1,September,2019,18042,1,2019:09:24 20:32:09,1
2923,1,November,2020,14454,1,2020:11:09 10:34:19,1
2924,5,March,2021,17048,1,2021:03:07 13:11:26,1
2925,3,November,2020,13240,1,2020:11:25 12:27:10,1
2926,3,February,2023,15472,1,2023:02:23 12:00:47,1
2927,5,August,2022,10891,1,2022:08:03 18:52:34,1
2928,3,September,2020,17640,1,2020:09:06 22:58:56,1
2929,2,September,2023,13452,1,2023:09:03 12:05:34,1
2930,5,September,2021,16259,1,2021:09:28 10:56:49,1
2931,2,March,2022,19653,1,2022:03:03 21:55:32,1
2932,2,June,2022,19540,1,2022:06:21 13:32:20,1
2933,2,September,2021,11479,1,2021:09:10 11:12:03,1
2934,2,August,2023,14445,1,2023:08:14 16:10:16,1
2935,4,December,2024,13557,1,2024:12:03 18:59:44,1
2936,1,May,2019,10300,1,2019:05:27 16:48:32,1
2937,4,July,2021,18452,1,2021:07:07 18:19:46,1
2938,4,June,2023,16461,1,2023:06:01 18:36:16,1
2939,1,November,2023,13880,1,2023:11:01 11:13:40,1
2940,1,May,2021,11558,1,2021:05:25 13:14:58,1
2941,2,January,2019,19998,1,2019:01:02 14:56:59,1
2942,3,August,2020,15967,1,2020:08:08 10:21:49,1
2943,4,July,2023,12612,1,2023:07:22 15:19:53,1
2944,2,August,2024,16603,1,2024:08:15 09:12:27,1
2945,3,January,2022,14981,1,2022:01:01 14:17:41,1
2946,4,November,2019,17520,1,2019:11:29 10:32:12,1
2947,1,March,2021,18157,1,2021:03:11 14:56:06,1
2948,1,August,2024,15222,1,2024:08:26 10:23:34,1
2949,3,May,2024,10593,1,2024:05:12 15:23:39,1
2950,2,April,2022,12496,1,2022:04:28 12:11:49,1
2951,4,October,2020,19306,1,2020:10:12 14:50:33,1
2952,5,December,2019,12531,1,2019:12:27 15:21:50,1
2953,5,February,2022,17776,1,2022:02:16 17:22:04,1
2954,5,January,2021,17639,1,2021:01:13 09:25:58,1
2955,5,September,2019,16295,1,2019:09:17 09:01:02,1
2956,1,May,2019,14147,1,2019:05:10 18:54:52,1
2957,5,February,2020,18097,1,2020:02:06 11:25:50,1
2958,5,June,2022,12496,1,2022:06:12 22:21:41,1
2959,5,October,2024,13990,1,2024:10:28 18:09:45,1
2960,3,March,2024,16314,1,2024:03:20 11:09:44,1
2961,2,February,2024,12614,1,2024:02:25 15:03:52,1
2962,5,May,2021,18767,1,2021:05:23 09:13:21,1
2963,3,May,2023,12655,1,2023:05:06 14:51:41,1
2964,4,May,2021,14668,1,2021:05:03 13:30:56,1
2965,1,February,2021,16928,1,2021:02:23 18:22:12,1
2966,3,April,2020,10550,1,2020:04:20 14:06:29,1
2967,3,December,2022,13493,1,2022:12:17 13:48:03,1
2968,5,December,2022,12255,1,2022:12:06 09:41:50,1
2969,3,July,2020,15195,1,2020:07:22 12:12:44,1
2970,1,August,2024,16550,1,2024:08:04 18:21:24,1
2971,3,July,2023,15963,1,2023:07:02 09:23:10,1
2972,4,November,2023,10196,1,2023:11:01 19:13:53,1
2973,3,January,2022,13808,1,2022:01:27 15:03:05,1
2974,4,July,2021,17965,1,2021:07:01 18:52:39,1
2975,3,September,2019,12359,1,2019:09:04 21:51:46,1
2976,1,July,2020,10967,1,2020:07:15 12:51:33,1
2977,5,August,2019,15138,1,2019:08:15 21:30:17,1
2978,4,November,2021,12918,1,2021:11:25 15:34:39,1
2979,4,September,2022,14615,1,2022:09:23 09:36:55,1
2980,1,August,2021,15333,1,2021:08:29 18:01:46,1
2981,2,February,2021,15259,1,2021:02:09 15:04:53,1
2982,3,April,2022,16567,1,2022:04:25 21:08:55,1
2983,5,November,2024,12344,1,2024:11:19 14:58:52,1
2984,1,February,2021,19090,1,2021:02:04 11:06:13,1
2985,4,May,2022,10427,1,2022:05:31 14:55:37,1
2986,2,August,2020,10691,1,2020:08:01 21:10:49,1
2987,1,November,2022,14480,1,2022:11:23 19:53:15,1
2988,1,August,2021,14847,1,2021:08:01 18:55:48,1
2989,5,September,2019,16836,1,2019:09:13 10:14:50,1
2990,3,December,2020,16102,1,2020:12:19 22:05:23,1
2991,2,December,2021,14599,1,2021:12:22 10:52:00,1
2992,4,September,2019,18983,1,2019:09:12 17:26:09,1
2993,4,July,2021,17546,1,2021:07:03 17:00:08,1
2994,4,February,2021,13836,1,2021:02:15 11:09:44,1
2995,3,March,2023,14181,1,2023:03:04 13:18:01,1
2996,2,January,2019,18114,1,2019:01:20 19:53:05,1
2997,3,January,2023,16603,1,2023:01:10 21:00:53,1
2998,3,March,2021,14651,1,2021:03:03 14:44:09,1
2999,4,September,2022,18596,1,2022:09:06 14:21:06,1
3000,1,August,2021,19443,1,2021:08:05 21:05:57,1
3001,4,October,2021,12432,1,2021:10:18 12:27:34,1
3002,4,February,2023,10634,1,2023:02:23 14:52:09,1
3003,1,January,2021,11853,1,2021:01:28 17:48:09,1
3004,5,January,2022,15590,1,2022:01:25 19:58:09,1
3005,4,November,2022,16424,1,2022:11:27 19:33:40,1
3006,3,November,2020,13197,1,2020:11:10 11:37:38,1
3007,1,January,2019,11931,1,2019:01:17 09:48:32,1
3008,2,November,2019,15520,1,2019:11:01 22:25:51,1
3009,4,October,2022,14121,1,2022:10:30 21:39:33,1
3010,4,July,2021,15807,1,2021:07:14 17:53:20,1
3011,2,July,2020,16311,1,2020:07:11 12:11:48,1
3012,3,January,2024,18603,1,2024:01:03 18:12:25,1
3013,2,June,2023,17696,1,2023:06:07 12:48:01,1
3014,5,February,2024,17575,1,2024:02:23 13:09:37,1
3015,4,April,2021,18797,1,2021:04:15 18:35:26,1
3016,5,July,2021,10836,1,2021:07:20 16:54:30,1
3017,2,June,2019,17888,1,2019:06:21 13:42:46,1
3018,3,September,2019,15422,1,2019:09:25 22:19:57,1
3019,2,March,2024,19245,1,2024:03:31 19:39:58,1
3020,5,January,2021,16944,1,2021:01:14 15:23:17,1
3021,3,November,2020,19891,1,2020:11:18 14:38:05,1
3022,5,January,2020,19476,1,2020:01:19 12:49:58,1
3023,5,May,2023,13694,1,2023:05:11 19:51:13,1
3024,5,August,2023,17109,1,2023:08:02 10:59:26,1
3025,5,September,2022,18106,1,2022:09:25 14:59:53,1
3026,3,February,2021,15429,1,2021:02:05 12:29:13,1
3027,3,May,2019,10369,1,2019:05:18 20:38:18,1
3028,2,June,2019,10814,1,2019:06:26 17:14:32,1
3029,2,March,2020,19580,1,2020:03:26 09:47:37,1
3030,4,November,2021,13250,1,2021:11:20 21:57:03,1
3031,4,April,2022,12112,1,2022:04:16 16:36:10,1
3032,5,May,2021,19740,1,2021:05:04 16:32:15,1
3033,2,February,2020,11084,1,2020:02:01 11:20:30,1
3034,4,October,2021,15517,1,2021:10:12 10:22:03,1
3035,5,August,2024,13998,1,2024:08:25 17:29:03,1
3036,4,August,2019,10211,1,2019:08:19 10:03:08,1
3037,3,December,2023,11322,1,2023:12:12 17:34:21,1
3038,5,March,2024,18557,1,2024:03:22 12:56:01,1
3039,3,March,2020,12006,1,2020:03:23 15:42:52,1
3040,2,September,2023,18393,1,2023:09:11 14:57:26,1
3041,1,May,2020,13960,1,2020:05:29 12:06:24,1
3042,5,January,2021,11052,1,2021:01:30 21:11:27,1
3043,4,November,2022,15241,1,2022:11:13 14:26:54,1
3044,3,March,2021,13064,1,2021:03:07 16:05:18,1
3045,4,August,2022,17152,1,2022:08:26 09:27:10,1
3046,4,November,2019,19537,1,2019:11:18 17:07:21,1
3047,2,May,2021,14600,1,2021:05:14 14:01:30,1
3048,4,November,2021,18399,1,2021:11:29 14:24:55,1
3049,2,July,2024,13537,1,2024:07:17 20:48:14,1
3050,1,September,2023,11910,1,2023:09:19 19:14:17,1
3051,1,June,2021,12904,1,2021:06:09 18:26:09,1
3052,4,February,2020,16964,1,2020:02:05 09:50:49,1
3053,1,September,2021,12936,1,2021:09:27 15:59:19,1
3054,2,March,2021,10852,1,2021:03:20 11:44:27,1
3055,1,May,2019,18126,1,2019:05:05 12:19:30,1
3056,2,April,2019,15168,1,2019:04:30 11:07:03,1
3057,3,February,2022,12344,1,2022:02:11 09:57:21,1
3058,4,March,2023,19658,1,2023:03:16 20:24:30,1
3059,1,February,2024,16549,1,2024:02:13 10:24:33,1
3060,2,December,2021,12459,1,2021:12:08 16:28:22,1
3061,2,February,2022,17127,1,2022:02:05 14:03:06,1
3062,4,October,2022,17387,1,2022:10:13 18:44:07,1
3063,3,November,2019,18060,1,2019:11:06 13:27:20,1
3064,2,June,2024,13147,1,2024:06:14 18:19:46,1
3065,5,June,2019,16601,1,2019:06:11 15:41:28,1
3066,1,January,2024,17649,1,2024:01:29 17:20:53,1
3067,1,February,2022,17198,1,2022:02:24 13:13:24,1
3068,4,September,2021,11526,1,2021:09:13 20:06:08,1
3069,5,June,2024,12417,1,2024:06:30 11:36:20,1
3070,2,February,2022,14157,1,2022:02:15 16:52:29,1
3071,4,August,2020,16406,1,2020:08:15 10:40:24,1
3072,4,March,2020,17534,1,2020:03:12 22:28:24,1
3073,3,April,2024,14073,1,2024:04:11 22:57:44,1
3074,3,September,2023,16283,1,2023:09:07 12:26:40,1
3075,5,March,2019,11166,1,2019:03:31 21:58:17,1
3076,4,December,2019,13556,1,2019:12:03 11:54:31,1
3077,4,January,2019,11816,1,2019:01:29 10:56:23,1
3078,4,September,2021,14640,1,2021:09:24 18:00:08,1
3079,4,December,2022,10163,1,2022:12:28 18:26:54,1
3080,3,October,2023,13726,1,2023:10:29 11:36:46,1
3081,3,September,2021,11001,1,2021:09:24 12:01:46,1
3082,1,July,2024,12423,1,2024:07:06 19:55:28,1
3083,3,December,2021,14157,1,2021:12:18 19:34:15,1
3084,1,March,2020,19941,1,2020:03:19 11:19:15,1
3085,5,September,2021,14442,1,2021:09:24 09:16:04,1
3086,5,December,2022,17262,1,2022:12:16 10:44:47,1
3087,4,December,2024,16277,1,2024:12:16 12:42:11,1
3088,5,November,2020,10515,1,2020:11:20 13:42:30,1
3089,2,October,2019,19397,1,2019:10:05 13:18:33,1
3090,1,September,2021,13071,1,2021:09:15 22:38:53,1
3091,5,February,2023,10987,1,2023:02:03 11:25:33,1
3092,1,August,2020,11338,1,2020:08:23 17:17:28,1
3093,1,September,2019,11877,1,2019:09:09 14:08:06,1
3094,1,June,2023,13629,1,2023:06:26 22:13:38,1
3095,3,November,2023,19960,1,2023:11:12 13:18:28,1
3096,1,May,2019,16257,1,2019:05:21 20:18:45,1
3097,4,March,2020,17709,1,2020:03:04 15:19:22,1
3098,3,September,2021,16124,1,2021:09:20 12:08:01,1
3099,3,January,2019,18405,1,2019:01:21 13:30:10,1
3100,5,June,2022,15913,1,2022:06:10 14:52:30,1
3101,2,May,2020,15924,1,2020:05:07 18:52:36,1
3102,5,April,2024,10542,1,2024:04:08 16:20:55,1
3103,2,February,2022,12399,1,2022:02:02 22:14:56,1
3104,2,February,2019,15578,1,2019:02:03 12:04:19,1
3105,3,May,2024,13705,1,2024:05:29 19:43:02,1
3106,2,May,2021,16061,1,2021:05:29 14:31:53,1
3107,1,March,2019,15469,1,2019:03:25 19:39:36,1
3108,5,January,2020,17810,1,2020:01:22 14:09:21,1
3109,1,February,2024,15224,1,2024:02:12 22:47:14,1
3110,2,January,2019,12322,1,2019:01:13 13:41:44,1
3111,1,July,2022,14194,1,2022:07:07 09:11:43,1
3112,3,February,2024,14240,1,2024:02:25 22:45:52,1
3113,3,January,2020,15373,1,2020:01:18 13:16:30,1
3114,2,April,2024,10350,1,2024:04:30 19:51:33,1
3115,1,June,2020,14490,1,2020:06:20 15:26:25,1
3116,5,May,2023,14751,1,2023:05:16 11:57:57,1
3117,3,October,2023,11325,1,2023:10:13 20:06:54,1
3118,3,December,2020,10840,1,2020:12:05 11:28:37,1
3119,4,April,2023,19543,1,2023:04:25 13:25:31,1
3120,5,January,2020,16512,1,2020:01:10 12:04:24,1
3121,3,May,2023,17806,1,2023:05:25 15:22:54,1
3122,1,December,2019,16425,1,2019:12:29 21:07:23,1
3123,1,June,2023,19268,1,2023:06:30 22:30:53,1
3124,1,October,2019,19129,1,2019:10:17 14:36:39,1
3125,2,November,2021,11773,1,2021:11:18 14:51:28,1
3126,5,February,2024,10713,1,2024:02:21 15:10:31,1
3127,5,November,2024,17851,1,2024:11:19 16:11:58,1
3128,5,June,2021,15343,1,2021:06:10 10:13:24,1
3129,2,December,2024,10740,1,2024:12:03 14:40:19,1
3130,5,August,2024,16075,1,2024:08:04 14:43:27,1
3131,1,December,2024,18642,1,2024:12:29 15:35:22,1
3132,3,October,2022,13996,1,2022:10:12 17:35:08,1
3133,2,May,2020,17746,1,2020:05:24 16:42:52,1
3134,3,January,2021,13949,1,2021:01:21 11:45:00,1
3135,5,February,2024,16351,1,2024:02:10 21:50:59,1
3136,2,December,2022,14828,1,2022:12:29 12:06:08,1
3137,1,January,2024,15330,1,2024:01:17 13:25:07,1
3138,4,March,2023,19802,1,2023:03:26 09:10:58,1
3139,2,November,2024,19839,1,2024:11:23 10:41:49,1
3140,1,May,2024,19191,1,2024:05:07 18:24:55,1
3141,1,September,2022,15492,1,2022:09:22 22:48:42,1
3142,3,February,2019,10235,1,2019:02:19 12:53:21,1
3143,3,December,2023,19152,1,2023:12:07 14:54:14,1
3144,5,September,2023,12478,1,2023:09:05 18:14:32,1
3145,2,December,2023,13355,1,2023:12:09 16:46:08,1
3146,1,February,2024,13562,1,2024:02:06 10:45:26,1
3147,5,May,2024,12226,1,2024:05:15 09:59:08,1
3148,2,May,2021,10854,1,2021:05:27 17:00:30,1
3149,5,May,2021,11088,1,2021:05:22 10:22:08,1
3150,3,September,2022,17214,1,2022:09:13 10:04:03,1
3151,1,January,2022,18223,1,2022:01:13 18:03:59,1
3152,4,October,2023,14374,1,2023:10:13 09:47:16,1
3153,3,March,2021,16756,1,2021:03:06 12:18:48,1
3154,4,June,2020,15215,1,2020:06:30 15:59:50,1
3155,2,March,2019,16072,1,2019:03:03 22:44:22,1
3156,2,July,2023,18240,1,2023:07:05 16:42:32,1
3157,2,December,2021,15433,1,2021:12:05 12:06:50,1
3158,4,November,2019,19969,1,2019:11:04 12:14:57,1
3159,4,November,2021,12398,1,2021:11:17 22:06:33,1
3160,2,October,2020,12483,1,2020:10:07 19:53:33,1
3161,3,April,2019,10638,1,2019:04:05 11:06:34,1
3162,5,September,2023,11264,1,2023:09:16 10:31:58,1
3163,3,November,2022,15032,1,2022:11:01 12:07:46,1
3164,1,July,2021,16065,1,2021:07:23 15:27:34,1
3165,5,November,2024,14467,1,2024:11:25 19:30:50,1
3166,4,December,2023,16232,1,2023:12:21 09:50:41,1
3167,5,March,2021,17225,1,2021:03:17 19:38:13,1
3168,1,September,2020,19618,1,2020:09:11 12:54:50,1
3169,3,July,2019,17284,1,2019:07:24 15:59:54,1
3170,5,December,2023,17644,1,2023:12:01 22:50:58,1
3171,2,June,2022,14486,1,2022:06:09 15:31:26,1
3172,2,October,2019,18014,1,2019:10:09 20:43:40,1
3173,1,October,2022,10394,1,2022:10:17 09:32:15,1
3174,4,January,2023,13308,1,2023:01:23 12:34:27,1
3175,1,July,2023,14266,1,2023:07:18 13:42:02,1
3176,4,April,2022,19523,1,2022:04:24 17:50:09,1
3177,3,March,2023,13754,1,2023:03:21 22:55:31,1
3178,1,April,2024,19435,1,2024:04:23 14:42:07,1
3179,2,April,2020,18345,1,2020:04:07 21:31:43,1
3180,3,November,2021,16416,1,2021:11:21 20:49:23,1
3181,5,March,2020,17838,1,2020:03:25 22:48:07,1
3182,2,December,2020,13107,1,2020:12:28 13:16:04,1
3183,1,November,2024,15945,1,2024:11:17 15:49:18,1
3184,1,July,2020,13787,1,2020:07:04 09:12:05,1
3185,4,August,2020,13873,1,2020:08:26 12:43:38,1
3186,1,September,2019,19252,1,2019:09:28 11:56:49,1
3187,5,February,2020,16093,1,2020:02:18 21:06:13,1
3188,5,December,2019,14267,1,2019:12:30 22:40:08,1
3189,3,January,2022,14944,1,2022:01:17 19:32:03,1
3190,5,November,2019,14427,1,2019:11:10 21:32:24,1
3191,4,April,2020,10711,1,2020:04:09 22:02:57,1
3192,2,April,2024,11972,1,2024:04:29 18:29:34,1
3193,5,December,2019,18189,1,2019:12:29 10:56:44,1
3194,2,April,2021,12987,1,2021:04:07 16:01:49,1
3195,3,June,2023,14342,1,2023:06:20 16:35:41,1
3196,2,February,2019,13706,1,2019:02:22 13:42:41,1
3197,2,September,2020,15507,1,2020:09:28 09:07:05,1
3198,3,April,2019,16741,1,2019:04:28 11:23:04,1
3199,1,February,2024,14398,1,2024:02:19 16:13:15,1
3200,5,November,2024,15771,1,2024:11:29 16:26:51,1
3201,2,July,2022,13854,1,2022:07:09 13:38:46,1
3202,5,January,2020,14775,1,2020:01:28 15:14:54,1
3203,4,May,2019,18630,1,2019:05:03 09:01:15,1
3204,4,April,2022,15125,1,2022:04:30 21:18:29,1
3205,5,April,2024,11247,1,2024:04:16 11:41:56,1
3206,2,April,2020,19977,1,2020:04:03 10:19:50,1
3207,2,September,2019,17747,1,2019:09:10 18:40:26,1
3208,5,October,2020,19885,1,2020:10:09 18:45:45,1
3209,1,June,2024,11273,1,2024:06:16 10:41:01,1
3210,2,March,2022,19461,1,2022:03:01 19:30:41,1
3211,3,July,2019,13159,1,2019:07:21 10:51:36,1
3212,3,June,2024,18160,1,2024:06:01 10:42:04,1
3213,1,March,2024,13783,1,2024:03:03 10:04:06,1
3214,3,December,2023,10298,1,2023:12:18 20:11:26,1
3215,4,June,2021,12650,1,2021:06:10 15:31:57,1
3216,1,October,2020,17662,1,2020:10:24 19:51:40,1
3217,4,August,2022,19882,1,2022:08:09 15:15:29,1
3218,3,July,2024,16095,1,2024:07:30 18:44:01,1
3219,5,June,2020,15282,1,2020:06:20 19:48:21,1
3220,2,May,2019,16110,1,2019:05:02 18:09:31,1
3221,2,February,2020,10317,1,2020:02:17 11:11:16,1
3222,2,September,2022,16983,1,2022:09:11 14:32:04,1
3223,2,November,2022,16424,1,2022:11:25 16:24:31,1
3224,1,November,2022,17174,1,2022:11:20 13:42:12,1
3225,3,October,2024,18121,1,2024:10:21 15:52:03,1
3226,3,March,2021,11413,1,2021:03:10 12:18:44,1
3227,5,June,2023,12760,1,2023:06:02 18:00:51,1
3228,2,September,2022,18976,1,2022:09:27 13:24:21,1
3229,2,June,2022,14941,1,2022:06:05 17:38:57,1
3230,4,November,2022,14051,1,2022:11:30 18:49:56,1
3231,1,May,2023,15194,1,2023:05:30 09:59:51,1
3232,3,July,2019,16911,1,2019:07:24 12:18:18,1
3233,5,January,2022,12784,1,2022:01:22 14:44:40,1
3234,4,December,2021,15189,1,2021:12:01 20:36:54,1
3235,4,January,2020,13328,1,2020:01:26 19:47:21,1
3236,4,August,2020,15781,1,2020:08:03 12:45:07,1
3237,5,December,2023,15266,1,2023:12:11 10:41:55,1
3238,4,June,2023,19091,1,2023:06:07 11:36:14,1
3239,1,January,2024,18751,1,2024:01:03 21:05:25,1
3240,2,December,2020,15615,1,2020:12:13 10:43:16,1
3241,3,December,2020,16912,1,2020:12:13 11:55:43,1
3242,5,July,2022,11111,1,2022:07:30 13:18:49,1
3243,1,December,2023,11075,1,2023:12:09 20:04:20,1
3244,1,October,2023,17127,1,2023:10:18 19:28:10,1
3245,3,January,2022,17730,1,2022:01:21 20:59:11,1
3246,5,December,2023,11916,1,2023:12:23 22:52:59,1
3247,1,February,2019,10742,1,2019:02:24 10:56:58,1
3248,1,July,2020,19633,1,2020:07:18 17:29:59,1
3249,2,May,2020,15650,1,2020:05:21 14:48:26,1
3250,1,January,2021,16343,1,2021:01:24 13:00:06,1
3251,5,February,2019,18227,1,2019:02:04 10:06:54,1
3252,3,April,2023,15406,1,2023:04:28 20:06:31,1
3253,3,July,2023,11002,1,2023:07:24 18:30:50,1
3254,3,October,2022,14992,1,2022:10:28 18:58:53,1
3255,4,April,2022,19173,1,2022:04:13 20:36:56,1
3256,4,October,2023,13837,1,2023:10:05 20:12:10,1
3257,2,May,2021,18726,1,2021:05:04 10:05:44,1
3258,1,February,2022,16873,1,2022:02:18 17:29:23,1
3259,5,September,2022,17404,1,2022:09:27 11:43:34,1
3260,3,August,2019,18189,1,2019:08:14 11:01:57,1
3261,1,March,2024,18181,1,2024:03:18 19:12:07,1
3262,2,October,2021,15195,1,2021:10:18 09:57:36,1
3263,2,June,2024,11674,1,2024:06:21 12:29:26,1
3264,3,January,2019,10546,1,2019:01:07 09:53:03,1
3265,3,July,2022,11965,1,2022:07:02 21:59:45,1
3266,4,November,2023,11602,1,2023:11:23 14:09:42,1
3267,3,March,2022,11033,1,2022:03:13 10:52:42,1
3268,4,April,2024,13118,1,2024:04:26 22:24:02,1
3269,3,February,2022,16578,1,2022:02:26 14:41:28,1
3270,5,December,2019,17014,1,2019:12:07 15:39:54,1
3271,1,February,2023,10693,1,2023:02:06 10:29:45,1
3272,2,July,2024,15832,1,2024:07:16 19:38:41,1
3273,2,November,2023,18670,1,2023:11:27 10:37:36,1
3274,2,April,2020,12931,1,2020:04:11 11:34:48,1
3275,3,November,2022,19597,1,2022:11:17 18:57:05,1
3276,3,September,2024,17845,1,2024:09:13 20:16:19,1
3277,1,September,2021,18293,1,2021:09:29 10:49:50,1
3278,1,July,2020,13683,1,2020:07:11 15:50:33,1
3279,2,June,2023,17735,1,2023:06:01 12:44:41,1
3280,4,December,2021,14353,1,2021:12:17 09:16:19,1
3281,4,July,2021,18857,1,2021:07:20 16:18:23,1
3282,1,October,2024,16618,1,2024:10:03 12:42:01,1
3283,2,September,2022,10314,1,2022:09:06 10:42:32,1
3284,2,August,2020,13869,1,2020:08:15 12:59:07,1
3285,3,February,2019,10040,1,2019:02:26 16:15:22,1
3286,4,May,2023,18862,1,2023:05:10 13:25:37,1
3287,4,November,2023,15660,1,2023:11:23 12:49:47,1
3288,5,June,2020,17542,1,2020:06:07 11:19:17,1
3289,1,September,2020,16299,1,2020:09:22 10:28:32,1
3290,1,April,2024,19486,1,2024:04:06 14:07:59,1
3291,3,June,2019,14786,1,2019:06:19 22:46:22,1
3292,4,October,2021,10654,1,2021:10:28 09:34:13,1
3293,3,July,2024,10394,1,2024:07:31 19:57:57,1
3294,3,January,2024,19961,1,2024:01:01 19:26:21,1
3295,1,April,2024,10893,1,2024:04:03 14:19:54,1
3296,2,December,2022,11003,1,2022:12:02 15:48:02,1
3297,4,August,2022,19494,1,2022:08:24 20:28:28,1
3298,1,November,2020,12220,1,2020:11:12 15:13:32,1
3299,4,October,2023,11457,1,2023:10:24 22:14:23,1
3300,3,January,2021,15445,1,2021:01:09 21:19:58,1
3301,4,January,2023,18770,1,2023:01:16 09:15:29,1
3302,5,December,2022,14090,1,2022:12:02 11:31:58,1
3303,4,January,2022,19688,1,2022:01:29 20:04:20,1
3304,1,July,2021,19057,1,2021:07:02 10:18:52,1
3305,5,June,2024,15904,1,2024:06:01 13:29:00,1
3306,2,January,2021,13405,1,2021:01:28 21:57:35,1
3307,2,April,2022,14940,1,2022:04:27 09:44:19,1
3308,3,June,2021,16619,1,2021:06:12 10:08:26,1
3309,4,January,2023,11477,1,2023:01:06 13:29:59,1
3310,2,November,2023,19400,1,2023:11:06 16:15:06,1
3311,2,April,2020,18106,1,2020:04:03 15:29:55,1
3312,1,January,2022,15878,1,2022:01:03 17:41:05,1
3313,5,June,2021,14244,1,2021:06:13 22:22:13,1
3314,1,August,2021,11520,1,2021:08:27 19:04:17,1
3315,2,December,2023,15920,1,2023:12:07 18:21:24,1
3316,4,December,2021,19921,1,2021:12:15 17:15:28,1
3317,2,March,2024,12738,1,2024:03:08 21:06:22,1
3318,4,April,2021,15938,1,2021:04:30 11:47:12,1
3319,4,March,2020,15403,1,2020:03:19 11:47:57,1
3320,5,July,2019,17904,1,2019:07:21 14:53:05,1
3321,5,June,2019,17862,1,2019:06:23 22:19:05,1
3322,2,May,2019,18596,1,2019:05:29 20:20:25,1
3323,3,May,2022,17848,1,2022:05:30 14:26:46,1
3324,2,December,2020,10122,1,2020:12:19 19:16:25,1
3325,4,July,2021,19362,1,2021:07:24 16:14:20,1
3326,3,January,2022,11325,1,2022:01:06 14:03:49,1
3327,3,March,2024,11563,1,2024:03:05 20:20:11,1
3328,2,February,2019,16685,1,2019:02:11 16:55:29,1
3329,5,December,2024,19392,1,2024:12:11 19:26:32,1
3330,2,July,2022,17130,1,2022:07:29 13:26:39,1
3331,1,May,2021,14642,1,2021:05:02 22:02:21,1
3332,3,October,2019,14251,1,2019:10:05 18:50:05,1
3333,1,December,2021,16619,1,2021:12:20 09:15:00,1
3334,5,February,2023,18934,1,2023:02:12 12:18:27,1
3335,5,August,2021,18371,1,2021:08:26 20:19:16,1
3336,3,January,2019,19206,1,2019:01:10 18:29:21,1
3337,3,April,2019,19190,1,2019:04:01 15:31:23,1
3338,5,February,2021,11671,1,2021:02:20 18:11:41,1
3339,5,October,2023,17828,1,2023:10:28 13:44:33,1
3340,3,April,2019,19352,1,2019:04:28 14:25:52,1
3341,4,June,2024,14093,1,2024:06:29 11:37:12,1
3342,1,August,2022,16266,1,2022:08:28 21:57:32,1
3343,4,December,2022,17094,1,2022:12:28 15:03:12,1
3344,2,March,2022,10395,1,2022:03:12 10:31:14,1
3345,2,February,2019,18248,1,2019:02:03 13:00:58,1
3346,2,September,2023,16251,1,2023:09:14 10:06:27,1
3347,2,June,2019,15910,1,2019:06:21 21:10:53,1
3348,3,April,2019,19675,1,2019:04:27 21:06:55,1
3349,4,September,2019,13535,1,2019:09:01 18:02:51,1
3350,2,August,2021,10933,1,2021:08:21 10:20:52,1
3351,2,February,2024,12436,1,2024:02:13 13:20:20,1
3352,5,July,2023,19543,1,2023:07:23 18:01:12,1
3353,3,July,2020,10119,1,2020:07:15 19:07:09,1
3354,2,September,2022,13893,1,2022:09:29 13:37:32,1
3355,3,May,2024,12515,1,2024:05:26 09:40:56,1
3356,1,May,2024,13017,1,2024:05:19 15:36:43,1
3357,4,December,2022,11449,1,2022:12:28 22:54:00,1
3358,4,June,2024,12644,1,2024:06:18 14:20:29,1
3359,3,March,2024,11202,1,2024:03:06 17:20:18,1
3360,3,November,2023,16330,1,2023:11:24 18:36:57,1
3361,1,August,2024,10987,1,2024:08:24 17:50:06,1
3362,4,July,2022,10488,1,2022:07:21 14:51:27,1
3363,2,June,2024,16442,1,2024:06:09 10:33:09,1
3364,4,April,2021,16373,1,2021:04:19 20:29:27,1
3365,4,June,2021,12212,1,2021:06:09 09:23:11,1
3366,5,July,2021,11427,1,2021:07:09 15:57:42,1
3367,5,August,2023,10031,1,2023:08:01 11:21:49,1
3368,1,March,2021,10340,1,2021:03:12 13:46:04,1
3369,5,April,2023,12038,1,2023:04:24 17:46:50,1
3370,2,October,2022,14712,1,2022:10:09 21:10:59,1
3371,4,August,2023,14172,1,2023:08:14 16:49:08,1
3372,3,December,2022,11448,1,2022:12:20 15:30:42,1
3373,1,November,2022,19901,1,2022:11:30 22:45:03,1
3374,5,November,2020,19577,1,2020:11:19 12:55:53,1
3375,5,January,2021,14746,1,2021:01:13 15:30:46,1
3376,2,May,2022,10737,1,2022:05:22 11:03:05,1
3377,1,January,2024,19234,1,2024:01:07 22:46:59,1
3378,3,May,2023,10792,1,2023:05:30 20:44:22,1
3379,4,July,2019,13960,1,2019:07:16 17:21:31,1
3380,3,December,2023,15273,1,2023:12:14 19:32:38,1
3381,2,November,2024,19279,1,2024:11:25 20:14:34,1
3382,4,September,2023,13629,1,2023:09:20 20:12:47,1
3383,5,April,2020,15041,1,2020:04:22 15:18:14,1
3384,3,May,2024,10928,1,2024:05:05 17:24:50,1
3385,1,June,2019,10284,1,2019:06:09 19:58:41,1
3386,2,October,2020,12945,1,2020:10:06 09:32:44,1
3387,3,March,2019,16207,1,2019:03:28 22:52:19,1
3388,4,July,2022,14485,1,2022:07:30 20:07:55,1
3389,1,July,2024,17242,1,2024:07:17 19:29:17,1
3390,5,May,2019,14721,1,2019:05:16 22:56:02,1
3391,3,April,2023,19556,1,2023:04:28 11:43:03,1
3392,3,June,2023,14295,1,2023:06:16 12:53:29,1
3393,2,October,2020,12641,1,2020:10:13 15:10:20,1
3394,1,February,2021,14055,1,2021:02:15 21:42:57,1
3395,2,April,2021,11191,1,2021:04:09 13:42:48,1
3396,3,September,2024,15773,1,2024:09:12 15:54:15,1
3397,1,August,2022,16731,1,2022:08:18 16:07:47,1
3398,1,October,2019,15886,1,2019:10:02 19:06:23,1
3399,5,August,2021,11939,1,2021:08:23 11:25:43,1
3400,1,March,2020,18450,1,2020:03:20 22:16:16,1
3401,3,April,2024,10704,1,2024:04:05 22:43:28,1
3402,1,June,2023,13963,1,2023:06:30 20:55:07,1
3403,2,April,2019,12452,1,2019:04:07 13:26:22,1
3404,5,December,2020,16877,1,2020:12:13 16:43:12,1
3405,4,September,2022,11869,1,2022:09:23 16:50:05,1
3406,3,August,2020,13753,1,2020:08:03 10:14:26,1
3407,3,October,2023,14413,1,2023:10:05 12:05:09,1
3408,5,July,2019,19799,1,2019:07:05 09:44:17,1
3409,3,October,2022,19807,1,2022:10:18 09:36:15,1
3410,4,December,2023,13467,1,2023:12:10 13:41:13,1
3411,3,July,2019,13188,1,2019:07:15 10:04:31,1
3412,1,January,2019,17678,1,2019:01:10 21:41:46,1
3413,4,June,2024,12216,1,2024:06:17 16:44:26,1
3414,3,August,2019,16066,1,2019:08:18 16:09:52,1
3415,2,April,2021,17159,1,2021:04:29 12:25:20,1
3416,2,August,2023,17873,1,2023:08:30 15:39:16,1
3417,3,December,2019,15313,1,2019:12:22 15:35:46,1
3418,3,September,2024,13743,1,2024:09:12 15:32:09,1
3419,4,September,2021,19762,1,2021:09:02 12:51:30,1
3420,2,February,2022,15091,1,2022:02:10 12:20:46,1
3421,1,January,2022,16786,1,2022:01:31 20:27:27,1
3422,3,January,2024,12999,1,2024:01:04 20:41:01,1
3423,5,April,2019,14452,1,2019:04:10 17:12:32,1
3424,4,September,2024,13862,1,2024:09:18 16:25:55,1
3425,1,May,2019,13923,1,2019:05:28 14:49:00,1
3426,2,February,2022,17865,1,2022:02:14 20:47:19,1
3427,4,May,2022,17343,1,2022:05:13 22:51:21,1
3428,4,May,2023,17471,1,2023:05:11 11:40:22,1
3429,5,February,2019,12757,1,2019:02:25 14:23:24,1
3430,3,April,2022,18363,1,2022:04:19 13:38:19,1
3431,1,February,2019,19606,1,2019:02:25 16:28:21,1
3432,5,November,2024,17072,1,2024:11:20 13:18:50,1
3433,5,January,2024,11436,1,2024:01:29 15:03:29,1
3434,2,June,2022,12508,1,2022:06:22 13:34:58,1
3435,5,January,2022,18662,1,2022:01:04 12:26:18,1
3436,1,November,2021,18097,1,2021:11:27 19:11:17,1
3437,3,October,2023,18589,1,2023:10:15 17:13:13,1
3438,3,November,2020,13662,1,2020:11:29 09:21:39,1
3439,3,October,2023,10221,1,2023:10:07 20:34:09,1
3440,1,July,2021,10119,1,2021:07:18 15:44:22,1
3441,3,May,2020,19481,1,2020:05:17 11:47:38,1
3442,4,August,2023,19824,1,2023:08:07 15:01:10,1
3443,2,October,2023,17249,1,2023:10:21 09:39:41,1
3444,4,October,2024,14413,1,2024:10:21 17:47:05,1
3445,2,January,2019,17894,1,2019:01:23 12:23:18,1
3446,2,October,2022,15343,1,2022:10:08 15:25:15,1
3447,3,May,2024,19320,1,2024:05:07 11:39:44,1
3448,4,July,2022,11319,1,2022:07:22 20:45:54,1
3449,3,May,2019,14506,1,2019:05:13 09:27:44,1
3450,3,October,2020,15760,1,2020:10:04 19:46:33,1
3451,5,September,2019,10497,1,2019:09:21 12:11:58,1
3452,4,May,2023,11087,1,2023:05:20 22:39:40,1
3453,2,April,2020,10050,1,2020:04:11 09:28:14,1
3454,4,December,2024,13892,1,2024:12:31 21:49:12,1
3455,2,February,2024,13027,1,2024:02:20 15:36:48,1
3456,5,November,2021,16936,1,2021:11:01 12:39:14,1
3457,3,January,2020,18280,1,2020:01:30 21:37:58,1
3458,5,November,2022,12179,1,2022:11:01 21:40:46,1
3459,3,December,2019,10901,1,2019:12:31 19:14:27,1
3460,3,February,2021,19657,1,2021:02:23 16:32:35,1
3461,2,October,2023,19498,1,2023:10:24 17:36:19,1
3462,4,January,2021,15674,1,2021:01:04 19:47:38,1
3463,3,September,2022,16426,1,2022:09:27 22:04:25,1
3464,4,July,2022,16535,1,2022:07:03 18:21:08,1
3465,3,June,2021,15285,1,2021:06:30 21:45:11,1
3466,4,March,2024,17033,1,2024:03:09 09:42:22,1
3467,2,August,2023,11353,1,2023:08:22 12:11:49,1
3468,3,May,2022,19856,1,2022:05:30 20:33:14,1
3469,5,November,2022,14994,1,2022:11:10 09:09:53,1
3470,3,September,2019,15379,1,2019:09:28 11:38:15,1
3471,3,December,2022,13458,1,2022:12:05 10:19:46,1
3472,3,June,2019,15950,1,2019:06:03 16:15:37,1
3473,5,April,2021,18169,1,2021:04:08 18:31:31,1
3474,5,June,2024,10398,1,2024:06:29 10:41:11,1
3475,5,May,2022,15998,1,2022:05:03 14:18:51,1
3476,2,March,2024,19665,1,2024:03:25 11:31:32,1
3477,2,February,2022,17094,1,2022:02:01 10:07:24,1
3478,2,January,2020,14767,1,2020:01:19 19:47:26,1
3479,1,November,2022,16183,1,2022:11:23 20:31:31,1
3480,3,April,2020,15592,1,2020:04:28 20:52:49,1
3481,2,February,2024,14771,1,2024:02:01 14:36:38,1
3482,1,October,2021,11043,1,2021:10:07 20:28:12,1
3483,1,January,2023,17423,1,2023:01:16 10:03:25,1
3484,5,March,2023,18102,1,2023:03:05 14:25:27,1
3485,3,February,2022,13136,1,2022:02:26 17:14:22,1
3486,3,August,2022,12475,1,2022:08:23 20:47:10,1
3487,3,November,2022,13154,1,2022:11:04 10:54:21,1
3488,4,September,2019,15560,1,2019:09:28 12:31:25,1
3489,4,March,2022,15778,1,2022:03:20 12:30:10,1
3490,4,January,2022,17589,1,2022:01:20 09:17:58,1
3491,3,November,2020,18962,1,2020:11:21 15:28:16,1
3492,3,July,2021,15938,1,2021:07:12 21:57:16,1
3493,1,May,2019,15336,1,2019:05:07 11:14:36,1
3494,2,May,2023,19276,1,2023:05:26 14:36:43,1
3495,4,September,2021,11566,1,2021:09:26 17:46:29,1
3496,5,June,2019,10109,1,2019:06:11 15:39:07,1
3497,2,March,2021,17210,1,2021:03:23 19:43:21,1
3498,4,February,2023,13527,1,2023:02:03 09:27:50,1
3499,3,May,2020,18059,1,2020:05:03 10:03:15,1
3500,5,September,2023,13450,1,2023:09:30 18:13:33,1
3501,4,September,2019,12094,1,2019:09:04 12:33:20,1
3502,1,January,2024,12939,1,2024:01:31 15:14:21,1
3503,4,April,2022,18017,1,2022:04:15 14:00:51,1
3504,1,March,2019,16877,1,2019:03:11 14:46:16,1
3505,2,April,2020,15477,1,2020:04:29 21:22:28,1
3506,1,January,2022,10015,1,2022:01:07 18:55:37,1
3507,3,January,2022,16747,1,2022:01:28 12:35:55,1
3508,3,January,2024,14404,1,2024:01:06 22:51:53,1
3509,2,February,2022,13469,1,2022:02:25 20:18:03,1
3510,5,June,2020,13816,1,2020:06:12 19:08:24,1
3511,1,June,2024,11095,1,2024:06:25 19:19:40,1
3512,2,October,2023,19362,1,2023:10:29 11:30:55,1
3513,4,January,2023,11229,1,2023:01:05 22:31:03,1
3514,5,June,2024,13043,1,2024:06:24 19:03:35,1
3515,5,February,2022,16004,1,2022:02:16 17:05:00,1
3516,3,November,2022,11930,1,2022:11:13 17:03:08,1
3517,1,March,2022,18041,1,2022:03:24 12:17:19,1
3518,2,April,2023,11630,1,2023:04:04 18:36:09,1
3519,3,August,2023,14861,1,2023:08:21 17:06:44,1
3520,4,May,2019,17211,1,2019:05:04 18:00:48,1
3521,5,August,2019,16332,1,2019:08:29 09:59:27,1
3522,3,December,2024,14780,1,2024:12:18 19:29:44,1
3523,3,June,2023,18732,1,2023:06:10 17:45:01,1
3524,2,November,2021,11414,1,2021:11:16 22:46:24,1
3525,1,June,2022,16829,1,2022:06:03 14:33:04,1
3526,4,November,2019,19719,1,2019:11:01 11:59:18,1
3527,3,November,2020,16210,1,2020:11:17 09:51:02,1
3528,5,January,2019,16486,1,2019:01:01 09:41:52,1
3529,2,November,2024,10013,1,2024:11:08 16:47:26,1
3530,5,March,2020,17113,1,2020:03:25 12:26:08,1
3531,2,May,2019,17374,1,2019:05:03 10:07:27,1
3532,4,February,2020,15641,1,2020:02:06 21:03:39,1
3533,2,January,2024,13395,1,2024:01:18 14:08:43,1
3534,4,May,2023,16113,1,2023:05:07 12:59:59,1
3535,3,November,2022,11854,1,2022:11:07 15:04:06,1
3536,1,January,2021,11589,1,2021:01:21 16:30:29,1
3537,5,November,2020,12313,1,2020:11:28 10:43:46,1
3538,2,September,2022,16147,1,2022:09:03 15:45:21,1
3539,3,July,2019,16261,1,2019:07:07 09:28:02,1
3540,4,July,2019,11193,1,2019:07:04 11:02:20,1
3541,1,May,2019,18239,1,2019:05:22 10:10:10,1
3542,4,May,2022,14072,1,2022:05:15 12:34:59,1
3543,3,January,2019,19692,1,2019:01:17 22:23:23,1
3544,1,September,2019,11470,1,2019:09:05 09:57:48,1
3545,4,November,2021,19800,1,2021:11:17 19:02:06,1
3546,5,July,2024,18659,1,2024:07:09 20:27:53,1
3547,4,February,2024,16095,1,2024:02:03 18:15:54,1
3548,1,August,2023,16591,1,2023:08:30 22:55:14,1
3549,5,October,2023,13988,1,2023:10:28 09:36:02,1
3550,3,September,2021,17124,1,2021:09:29 16:44:17,1
3551,3,June,2020,19233,1,2020:06:28 20:46:44,1
3552,1,November,2019,17233,1,2019:11:15 19:17:17,1
3553,4,May,2020,13263,1,2020:05:17 17:57:40,1
3554,1,November,2021,14195,1,2021:11:25 13:41:48,1
3555,5,November,2023,12448,1,2023:11:15 10:42:12,1
3556,4,September,2019,12381,1,2019:09:29 20:52:27,1
3557,4,November,2023,10073,1,2023:11:26 13:51:33,1
3558,4,January,2022,17751,1,2022:01:18 12:16:52,1
3559,5,June,2020,15257,1,2020:06:26 20:33:16,1
3560,5,March,2021,10805,1,2021:03:21 13:05:16,1
3561,3,June,2019,19573,1,2019:06:13 20:28:14,1
3562,3,April,2024,18818,1,2024:04:19 19:13:55,1
3563,2,May,2021,16977,1,2021:05:05 09:26:40,1
3564,5,November,2024,18635,1,2024:11:21 15:18:38,1
3565,3,July,2022,10791,1,2022:07:17 17:15:37,1
3566,1,July,2022,11314,1,2022:07:23 16:24:59,1
3567,4,March,2021,13833,1,2021:03:02 09:41:18,1
3568,2,June,2022,16189,1,2022:06:12 16:14:08,1
3569,4,March,2024,15246,1,2024:03:26 13:50:48,1
3570,5,November,2023,13222,1,2023:11:06 11:52:45,1
3571,4,October,2021,16780,1,2021:10:04 16:38:37,1
3572,1,August,2019,17682,1,2019:08:12 13:22:11,1
3573,3,November,2023,11013,1,2023:11:20 10:30:48,1
3574,5,January,2019,13984,1,2019:01:24 10:45:53,1
3575,3,December,2019,19823,1,2019:12:23 20:06:36,1
3576,3,September,2021,12326,1,2021:09:16 20:36:52,1
3577,2,November,2023,14921,1,2023:11:24 19:51:26,1
3578,1,February,2020,12866,1,2020:02:14 19:21:43,1
3579,1,March,2021,16067,1,2021:03:22 09:14:00,1
3580,3,February,2020,17745,1,2020:02:16 13:16:48,1
3581,4,December,2024,14036,1,2024:12:18 18:11:10,1
3582,5,November,2019,10943,1,2019:11:26 11:02:59,1
3583,2,February,2020,10276,1,2020:02:24 13:33:10,1
3584,5,March,2022,15455,1,2022:03:04 15:51:30,1
3585,1,January,2022,18909,1,2022:01:17 16:17:31,1
3586,4,November,2023,13951,1,2023:11:24 14:42:02,1
3587,2,September,2023,13177,1,2023:09:05 15:55:23,1
3588,3,August,2019,12328,1,2019:08:31 15:26:25,1
3589,2,January,2019,13414,1,2019:01:26 12:32:32,1
3590,2,June,2019,15911,1,2019:06:10 13:43:38,1
3591,1,January,2023,19863,1,2023:01:15 21:00:20,1
3592,5,November,2019,15983,1,2019:11:18 14:53:53,1
3593,3,August,2021,12619,1,2021:08:16 11:16:03,1
3594,1,February,2024,18014,1,2024:02:20 21:34:54,1
3595,2,June,2020,17226,1,2020:06:07 14:03:15,1
3596,4,August,2019,11461,1,2019:08:19 12:07:23,1
3597,4,May,2019,16310,1,2019:05:24 09:36:14,1
3598,5,June,2023,17247,1,2023:06:05 17:08:34,1
3599,4,October,2020,16804,1,2020:10:27 12:08:37,1
3600,3,March,2022,10159,1,2022:03:07 09:43:05,1
3601,1,January,2020,15342,1,2020:01:29 22:59:08,1
3602,3,February,2022,14993,1,2022:02:23 20:42:03,1
3603,1,January,2022,10993,1,2022:01:29 14:01:57,1
3604,2,August,2024,15093,1,2024:08:27 21:54:46,1
3605,1,September,2022,18911,1,2022:09:16 20:42:17,1
3606,2,August,2020,13699,1,2020:08:09 11:15:37,1
3607,1,June,2019,14019,1,2019:06:02 14:46:57,1
3608,4,September,2019,17060,1,2019:09:07 12:13:46,1
3609,4,September,2023,16873,1,2023:09:05 11:25:16,1
3610,1,September,2019,15153,1,2019:09:18 22:54:56,1
3611,3,February,2023,11965,1,2023:02:19 13:10:00,1
3612,3,December,2023,19476,1,2023:12:16 14:58:39,1
3613,1,June,2019,10812,1,2019:06:19 10:39:15,1
3614,5,July,2022,19355,1,2022:07:11 19:58:31,1
3615,4,September,2019,17181,1,2019:09:22 17:12:51,1
3616,4,July,2019,19749,1,2019:07:01 15:54:44,1
3617,5,November,2023,12287,1,2023:11:14 21:40:30,1
3618,2,July,2022,11143,1,2022:07:08 11:46:28,1
3619,5,September,2020,15261,1,2020:09:09 11:12:24,1
3620,3,January,2021,16354,1,2021:01:16 13:07:35,1
3621,4,June,2020,19841,1,2020:06:28 20:59:53,1
3622,3,July,2021,16516,1,2021:07:31 10:22:47,1
3623,3,March,2019,19947,1,2019:03:16 20:46:43,1
3624,5,May,2023,14338,1,2023:05:26 09:49:26,1
3625,4,January,2020,16548,1,2020:01:30 17:57:03,1
3626,2,January,2020,16899,1,2020:01:22 10:49:11,1
3627,5,December,2020,12645,1,2020:12:02 11:59:38,1
3628,4,March,2019,14059,1,2019:03:05 18:16:03,1
3629,1,June,2021,15814,1,2021:06:04 18:21:42,1
3630,1,February,2019,18689,1,2019:02:23 17:26:07,1
3631,4,September,2023,19985,1,2023:09:09 16:13:07,1
3632,2,August,2021,10977,1,2021:08:22 16:19:52,1
3633,5,May,2023,10281,1,2023:05:15 16:03:16,1
3634,1,July,2019,12969,1,2019:07:31 20:14:23,1
3635,3,October,2023,18579,1,2023:10:16 11:26:11,1
3636,4,April,2024,11728,1,2024:04:22 19:55:10,1
3637,2,June,2020,11917,1,2020:06:15 22:26:04,1
3638,1,May,2021,11542,1,2021:05:29 12:17:14,1
3639,5,March,2021,10837,1,2021:03:11 19:38:34,1
3640,4,March,2020,13720,1,2020:03:12 10:25:51,1
3641,1,June,2022,10185,1,2022:06:12 09:53:10,1
3642,3,May,2019,16855,1,2019:05:22 19:10:17,1
3643,5,April,2021,13638,1,2021:04:12 19:09:23,1
3644,5,November,2023,19737,1,2023:11:11 15:16:59,1
3645,2,October,2020,12564,1,2020:10:17 14:29:08,1
3646,5,March,2022,14977,1,2022:03:23 19:39:55,1
3647,3,April,2021,14777,1,2021:04:06 12:41:40,1
3648,5,April,2022,10876,1,2022:04:20 18:28:32,1
3649,3,December,2020,12740,1,2020:12:23 11:25:36,1
3650,3,June,2019,12293,1,2019:06:27 10:33:44,1
3651,3,May,2024,15771,1,2024:05:09 18:50:37,1
3652,2,May,2023,18597,1,2023:05:01 11:46:27,1
3653,1,July,2023,17722,1,2023:07:04 21:52:17,1
3654,5,November,2023,11584,1,2023:11:17 20:38:41,1
3655,2,August,2023,14988,1,2023:08:14 13:28:34,1
3656,1,May,2024,11357,1,2024:05:22 12:43:22,1
3657,5,May,2023,11364,1,2023:05:07 10:15:10,1
3658,2,February,2019,19343,1,2019:02:18 18:54:48,1
3659,4,February,2022,19755,1,2022:02:08 16:36:19,1
3660,4,February,2021,19070,1,2021:02:28 13:46:00,1
3661,2,April,2023,17079,1,2023:04:22 11:53:56,1
3662,1,December,2021,11961,1,2021:12:14 19:28:11,1
3663,1,December,2021,10983,1,2021:12:16 12:39:57,1
3664,2,April,2019,14681,1,2019:04:23 11:48:25,1
3665,1,August,2022,12156,1,2022:08:12 17:26:58,1
3666,5,February,2021,18956,1,2021:02:27 13:46:05,1
3667,2,May,2019,12273,1,2019:05:01 12:43:11,1
3668,1,November,2019,16152,1,2019:11:06 17:10:21,1
3669,3,May,2023,11198,1,2023:05:09 20:10:09,1
3670,4,April,2021,13075,1,2021:04:21 14:21:27,1
3671,4,August,2020,15443,1,2020:08:28 19:13:15,1
3672,1,January,2019,15051,1,2019:01:02 19:03:43,1
3673,4,March,2023,16245,1,2023:03:19 13:17:48,1
3674,5,February,2019,12238,1,2019:02:02 19:04:09,1
3675,1,November,2024,16681,1,2024:11:09 22:42:58,1
3676,2,May,2020,13673,1,2020:05:09 21:11:13,1
3677,5,July,2023,10472,1,2023:07:15 21:47:29,1
3678,2,October,2020,12037,1,2020:10:05 09:48:00,1
3679,4,March,2019,18857,1,2019:03:19 12:38:16,1
3680,2,October,2019,13553,1,2019:10:23 17:22:10,1
3681,2,January,2019,14281,1,2019:01:13 16:10:00,1
3682,2,June,2022,10044,1,2022:06:04 14:22:03,1
3683,5,July,2023,18711,1,2023:07:28 14:38:56,1
3684,5,September,2020,10165,1,2020:09:20 21:42:21,1
3685,4,January,2024,16482,1,2024:01:09 16:39:36,1
3686,1,August,2022,17545,1,2022:08:28 15:41:20,1
3687,1,June,2021,10396,1,2021:06:02 15:02:28,1
3688,3,August,2020,10620,1,2020:08:06 11:28:03,1
3689,3,March,2020,19021,1,2020:03:22 10:50:11,1
3690,5,July,2022,13804,1,2022:07:04 10:38:15,1
3691,2,May,2019,11203,1,2019:05:31 14:39:17,1
3692,2,May,2022,13074,1,2022:05:26 16:33:53,1
3693,1,October,2022,14198,1,2022:10:01 17:09:49,1
3694,5,November,2024,15963,1,2024:11:21 14:31:53,1
3695,1,February,2023,14917,1,2023:02:04 11:08:53,1
3696,5,December,2020,12610,1,2020:12:21 12:10:57,1
3697,1,September,2020,17344,1,2020:09:14 12:38:39,1
3698,2,December,2024,16892,1,2024:12:21 13:39:33,1
3699,5,June,2021,12476,1,2021:06:01 11:05:09,1
3700,3,June,2023,13316,1,2023:06:20 13:08:16,1
3701,1,June,2024,13559,1,2024:06:22 19:14:40,1
3702,3,December,2023,11460,1,2023:12:28 11:43:03,1
3703,2,August,2023,17904,1,2023:08:17 16:21:03,1
3704,5,March,2019,17768,1,2019:03:11 10:12:25,1
3705,5,September,2020,18458,1,2020:09:21 20:05:26,1
3706,2,October,2023,17072,1,2023:10:18 18:58:15,1
3707,4,December,2022,11084,1,2022:12:14 16:01:58,1
3708,1,April,2022,19216,1,2022:04:01 13:18:47,1
3709,3,April,2022,12576,1,2022:04:25 17:39:32,1
3710,1,June,2021,14698,1,2021:06:03 11:01:29,1
3711,1,May,2021,10422,1,2021:05:18 09:29:34,1
3712,5,June,2021,12055,1,2021:06:22 12:19:03,1
3713,1,March,2024,19839,1,2024:03:27 20:06:08,1
3714,3,March,2021,17958,1,2021:03:27 09:19:16,1
3715,1,October,2022,19847,1,2022:10:14 09:15:21,1
3716,4,June,2022,14745,1,2022:06:17 16:21:22,1
3717,5,July,2021,10478,1,2021:07:12 21:52:59,1
3718,3,March,2021,15315,1,2021:03:11 09:03:52,1
3719,1,September,2023,10201,1,2023:09:30 10:23:34,1
3720,3,October,2023,10927,1,2023:10:02 10:57:00,1
3721,3,August,2024,14853,1,2024:08:08 09:19:23,1
3722,5,May,2023,18869,1,2023:05:21 16:59:11,1
3723,4,May,2019,17021,1,2019:05:06 10:08:46,1
3724,2,June,2019,19379,1,2019:06:29 21:16:14,1
3725,1,June,2021,19243,1,2021:06:14 19:26:06,1
3726,1,December,2024,10731,1,2024:12:31 09:30:39,1
3727,5,February,2023,13795,1,2023:02:05 21:20:34,1
3728,5,April,2020,12942,1,2020:04:22 16:22:17,1
3729,4,September,2019,16507,1,2019:09:19 20:32:19,1
3730,1,September,2019,19524,1,2019:09:26 19:00:54,1
3731,2,November,2024,18853,1,2024:11:02 13:06:26,1
3732,1,August,2021,14893,1,2021:08:27 17:09:20,1
3733,1,February,2021,13931,1,2021:02:05 10:48:56,1
3734,5,December,2019,14542,1,2019:12:29 15:01:57,1
3735,2,April,2022,17695,1,2022:04:19 11:22:53,1
3736,1,March,2021,14386,1,2021:03:29 21:34:13,1
3737,4,February,2022,10641,1,2022:02:26 09:23:50,1
3738,4,December,2023,15303,1,2023:12:12 13:12:00,1
3739,4,January,2021,12076,1,2021:01:24 15:14:06,1
3740,2,May,2021,12231,1,2021:05:30 14:54:32,1
3741,2,December,2024,17784,1,2024:12:24 10:17:22,1
3742,4,October,2023,19308,1,2023:10:16 21:10:05,1
3743,2,May,2020,11944,1,2020:05:03 16:57:14,1
3744,3,September,2019,13821,1,2019:09:18 22:08:43,1
3745,5,November,2023,13939,1,2023:11:22 17:47:35,1
3746,5,February,2024,16977,1,2024:02:19 21:03:52,1
3747,5,May,2019,10087,1,2019:05:29 14:36:02,1
3748,2,June,2023,12900,1,2023:06:28 22:51:45,1
3749,5,April,2023,16135,1,2023:04:15 09:39:12,1
3750,4,July,2023,13395,1,2023:07:03 19:31:44,1
3751,4,February,2020,18739,1,2020:02:14 19:11:09,1
3752,5,December,2020,10837,1,2020:12:09 15:32:45,1
3753,2,May,2023,12928,1,2023:05:23 14:32:27,1
3754,3,September,2021,12089,1,2021:09:20 16:20:49,1
3755,3,February,2021,15215,1,2021:02:22 20:27:20,1
3756,3,November,2022,10081,1,2022:11:15 13:24:00,1
3757,2,September,2022,14781,1,2022:09:15 13:17:05,1
3758,1,June,2024,10139,1,2024:06:01 14:05:24,1
3759,4,October,2024,19850,1,2024:10:31 21:26:06,1
3760,3,December,2022,12220,1,2022:12:14 21:54:31,1
3761,5,August,2023,19104,1,2023:08:18 12:18:56,1
3762,2,January,2020,14487,1,2020:01:25 19:08:05,1
3763,2,March,2024,17901,1,2024:03:06 13:45:21,1
3764,2,March,2020,11045,1,2020:03:29 10:38:22,1
3765,5,April,2023,17093,1,2023:04:24 12:43:01,1
3766,1,December,2022,19102,1,2022:12:28 15:53:24,1
3767,4,November,2019,19583,1,2019:11:09 16:38:30,1
3768,5,October,2021,16680,1,2021:10:31 22:59:49,1
3769,1,March,2023,19333,1,2023:03:05 19:48:12,1
3770,5,April,2019,15619,1,2019:04:04 11:12:40,1
3771,5,May,2022,18178,1,2022:05:01 11:10:31,1
3772,5,April,2022,12938,1,2022:04:23 13:28:26,1
3773,1,September,2023,16743,1,2023:09:21 22:02:01,1
3774,1,July,2019,13721,1,2019:07:26 10:34:52,1
3775,4,December,2021,19381,1,2021:12:26 18:16:00,1
3776,2,June,2024,19715,1,2024:06:06 15:09:22,1
3777,3,July,2022,13490,1,2022:07:27 11:18:23,1
3778,5,October,2022,16955,1,2022:10:06 14:13:57,1
3779,1,September,2019,18891,1,2019:09:25 12:24:21,1
3780,3,October,2021,18132,1,2021:10:29 22:20:46,1
3781,4,May,2020,19351,1,2020:05:04 19:21:03,1
3782,3,January,2019,19909,1,2019:01:19 15:50:23,1
3783,4,April,2019,10222,1,2019:04:24 22:50:47,1
3784,4,December,2020,10214,1,2020:12:05 20:49:17,1
3785,4,November,2023,16154,1,2023:11:20 20:31:22,1
3786,2,September,2020,11235,1,2020:09:07 18:52:50,1
3787,4,August,2019,16022,1,2019:08:16 15:52:25,1
3788,5,August,2022,12398,1,2022:08:25 14:58:46,1
3789,2,November,2020,12391,1,2020:11:26 09:28:55,1
3790,4,July,2021,12094,1,2021:07:31 22:20:28,1
3791,2,November,2024,10382,1,2024:11:29 10:21:25,1
3792,1,May,2024,14151,1,2024:05:06 19:53:51,1
3793,3,April,2019,19128,1,2019:04:17 13:33:52,1
3794,5,August,2020,13995,1,2020:08:28 15:58:03,1
3795,1,October,2019,11352,1,2019:10:09 12:56:23,1
3796,3,August,2023,12381,1,2023:08:14 14:44:39,1
3797,5,April,2019,19668,1,2019:04:12 11:47:29,1
3798,4,March,2021,18599,1,2021:03:15 18:43:41,1
3799,5,June,2022,18265,1,2022:06:04 13:18:30,1
3800,3,February,2022,15763,1,2022:02:23 16:29:02,1
3801,3,November,2024,13790,1,2024:11:06 14:32:38,1
3802,2,January,2023,16219,1,2023:01:26 14:32:25,1
3803,3,April,2022,18086,1,2022:04:23 12:08:39,1
3804,5,March,2022,12031,1,2022:03:14 11:03:52,1
3805,4,April,2021,10011,1,2021:04:24 20:53:55,1
3806,3,January,2019,13058,1,2019:01:20 22:25:15,1
3807,5,August,2024,15178,1,2024:08:16 22:07:29,1
3808,1,February,2023,13960,1,2023:02:19 16:35:54,1
3809,3,January,2022,14461,1,2022:01:15 15:45:28,1
3810,5,August,2022,17626,1,2022:08:05 21:48:55,1
3811,2,November,2019,14673,1,2019:11:09 13:35:31,1
3812,1,March,2024,15786,1,2024:03:12 22:28:30,1
3813,4,January,2022,17182,1,2022:01:31 12:08:23,1
3814,1,October,2022,11700,1,2022:10:26 12:14:25,1
3815,2,April,2019,12868,1,2019:04:24 10:31:17,1
3816,4,March,2019,18759,1,2019:03:18 18:46:16,1
3817,5,November,2019,14552,1,2019:11:03 13:54:21,1
3818,5,June,2023,13600,1,2023:06:11 10:59:21,1
3819,1,January,2024,19814,1,2024:01:19 13:36:41,1
3820,5,September,2020,15725,1,2020:09:05 10:39:08,1
3821,1,December,2022,15290,1,2022:12:21 12:15:13,1
3822,1,June,2021,14439,1,2021:06:07 14:44:27,1
3823,3,April,2022,10168,1,2022:04:01 17:03:38,1
3824,5,March,2023,19645,1,2023:03:25 15:34:07,1
3825,4,September,2020,12646,1,2020:09:25 22:03:10,1
3826,3,January,2020,15146,1,2020:01:08 21:57:48,1
3827,3,May,2019,19163,1,2019:05:20 11:59:31,1
3828,5,July,2023,14106,1,2023:07:15 12:23:05,1
3829,5,April,2021,18078,1,2021:04:26 21:34:16,1
3830,3,February,2019,15690,1,2019:02:14 13:51:48,1
3831,3,February,2019,17522,1,2019:02:07 13:00:31,1
3832,5,December,2024,14917,1,2024:12:15 10:57:42,1
3833,1,August,2024,16751,1,2024:08:14 20:26:50,1
3834,1,April,2019,14903,1,2019:04:10 15:36:37,1
3835,1,February,2024,11555,1,2024:02:20 21:05:21,1
3836,3,April,2023,13240,1,2023:04:19 15:27:23,1
3837,5,January,2019,11048,1,2019:01:01 19:07:34,1
3838,4,June,2023,14501,1,2023:06:01 16:09:50,1
3839,1,October,2020,11143,1,2020:10:25 22:13:32,1
3840,1,February,2020,11697,1,2020:02:01 15:14:51,1
3841,4,April,2019,18214,1,2019:04:19 18:16:21,1
3842,5,January,2023,16242,1,2023:01:01 12:17:57,1
3843,3,November,2023,16643,1,2023:11:26 15:41:35,1
3844,4,March,2019,13421,1,2019:03:09 16:07:25,1
3845,3,July,2020,14287,1,2020:07:24 15:50:20,1
3846,5,November,2024,13827,1,2024:11:06 14:44:25,1
3847,1,July,2024,15608,1,2024:07:15 15:57:24,1
3848,5,July,2021,16172,1,2021:07:01 18:15:17,1
3849,2,October,2021,14433,1,2021:10:09 16:31:53,1
3850,3,April,2020,12190,1,2020:04:11 20:35:33,1
3851,2,August,2021,18135,1,2021:08:09 13:07:55,1
3852,4,December,2019,10019,1,2019:12:01 16:55:01,1
3853,2,January,2021,17187,1,2021:01:16 22:55:36,1
3854,1,May,2022,17216,1,2022:05:06 20:38:35,1
3855,2,December,2020,13361,1,2020:12:22 19:19:58,1
3856,4,June,2024,12268,1,2024:06:17 14:07:47,1
3857,3,August,2021,16884,1,2021:08:30 09:55:42,1
3858,4,January,2019,17068,1,2019:01:17 09:21:13,1
3859,2,May,2024,18597,1,2024:05:19 13:48:42,1
3860,5,April,2024,18879,1,2024:04:16 13:11:52,1
3861,5,July,2024,14155,1,2024:07:14 14:35:49,1
3862,1,August,2022,10102,1,2022:08:12 12:28:46,1
3863,3,September,2021,12881,1,2021:09:22 19:12:13,1
3864,2,January,2023,15401,1,2023:01:16 18:04:25,1
3865,2,January,2023,13884,1,2023:01:07 20:13:40,1
3866,3,February,2023,15094,1,2023:02:24 10:22:12,1
3867,2,April,2019,19216,1,2019:04:16 16:28:07,1
3868,4,November,2023,11155,1,2023:11:25 21:41:34,1
3869,3,August,2019,12432,1,2019:08:11 16:40:53,1
3870,3,January,2023,14278,1,2023:01:08 22:20:36,1
3871,5,October,2022,14224,1,2022:10:22 17:47:30,1
3872,1,June,2021,15708,1,2021:06:22 15:40:25,1
3873,2,June,2024,15268,1,2024:06:30 12:34:37,1
3874,3,January,2021,13504,1,2021:01:31 09:45:25,1
3875,4,October,2019,16938,1,2019:10:21 12:07:19,1
3876,5,September,2020,18031,1,2020:09:04 15:00:52,1
3877,1,January,2023,10075,1,2023:01:03 14:29:55,1
3878,1,May,2020,11149,1,2020:05:06 14:40:36,1
3879,2,September,2020,11397,1,2020:09:28 20:12:02,1
3880,4,June,2024,19007,1,2024:06:16 17:37:11,1
3881,2,November,2024,10547,1,2024:11:15 21:47:13,1
3882,1,October,2024,16544,1,2024:10:26 22:51:30,1
3883,2,December,2024,15082,1,2024:12:14 09:37:34,1
3884,5,January,2024,18781,1,2024:01:20 22:07:30,1
3885,3,June,2023,17583,1,2023:06:27 12:07:44,1
3886,5,January,2022,19237,1,2022:01:01 15:10:34,1
3887,3,August,2021,18861,1,2021:08:25 14:03:11,1
3888,1,March,2023,10909,1,2023:03:04 20:45:31,1
3889,1,January,2023,15904,1,2023:01:07 12:38:50,1
3890,5,March,2022,16922,1,2022:03:03 12:30:53,1
3891,3,April,2022,19679,1,2022:04:29 17:11:05,1
3892,4,December,2024,14160,1,2024:12:13 09:20:59,1
3893,3,December,2024,11426,1,2024:12:06 19:23:41,1
3894,3,May,2024,11456,1,2024:05:13 13:01:19,1
3895,4,June,2024,16634,1,2024:06:22 10:14:28,1
3896,4,July,2022,11552,1,2022:07:13 15:39:08,1
3897,1,January,2023,11924,1,2023:01:10 14:37:26,1
3898,1,February,2020,17092,1,2020:02:11 10:37:49,1
3899,1,June,2021,19920,1,2021:06:14 21:51:20,1
3900,4,October,2022,13345,1,2022:10:13 22:12:22,1
3901,2,August,2021,14702,1,2021:08:13 13:52:24,1
3902,5,April,2020,19935,1,2020:04:02 14:45:37,1
3903,2,February,2022,17648,1,2022:02:24 10:04:01,1
3904,2,March,2024,14776,1,2024:03:14 10:03:31,1
3905,1,February,2023,19619,1,2023:02:27 11:12:34,1
3906,4,December,2023,17706,1,2023:12:22 22:52:17,1
3907,2,February,2023,11189,1,2023:02:17 09:39:31,1
3908,2,October,2019,13626,1,2019:10:24 17:32:49,1
3909,1,January,2020,13417,1,2020:01:03 13:13:45,1
3910,2,January,2023,17141,1,2023:01:31 16:57:18,1
3911,4,April,2020,19195,1,2020:04:06 21:50:24,1
3912,4,October,2021,17952,1,2021:10:05 21:22:29,1
3913,3,February,2022,19136,1,2022:02:10 18:30:58,1
3914,1,July,2020,19232,1,2020:07:07 20:58:12,1
3915,4,January,2020,16528,1,2020:01:06 14:21:13,1
3916,1,July,2023,18114,1,2023:07:04 12:24:52,1
3917,3,August,2020,19032,1,2020:08:28 18:48:04,1
3918,4,February,2024,11245,1,2024:02:18 20:45:23,1
3919,4,February,2024,19802,1,2024:02:23 12:53:03,1
3920,3,June,2021,15770,1,2021:06:14 22:36:08,1
3921,3,December,2024,14632,1,2024:12:19 18:08:12,1
3922,3,March,2021,15791,1,2021:03:04 22:28:05,1
3923,3,May,2020,17478,1,2020:05:30 09:50:35,1
3924,2,March,2020,17284,1,2020:03:29 22:31:42,1
3925,5,July,2019,11938,1,2019:07:11 15:20:41,1
3926,1,November,2020,18298,1,2020:11:09 21:15:34,1
3927,3,June,2024,13108,1,2024:06:28 14:42:25,1
3928,1,December,2024,13790,1,2024:12:11 18:59:35,1
3929,2,January,2022,18668,1,2022:01:29 17:19:31,1
3930,1,March,2024,18246,1,2024:03:14 20:08:18,1
3931,4,August,2019,12869,1,2019:08:05 10:59:10,1
3932,2,November,2021,19105,1,2021:11:27 21:43:12,1
3933,1,March,2021,11491,1,2021:03:24 20:30:26,1
3934,1,July,2022,12842,1,2022:07:17 15:51:27,1
3935,3,October,2019,19305,1,2019:10:21 12:38:23,1
3936,3,December,2024,17427,1,2024:12:11 19:50:08,1
3937,3,August,2022,12761,1,2022:08:12 18:35:54,1
3938,4,November,2023,16143,1,2023:11:03 14:19:01,1
3939,5,May,2022,14473,1,2022:05:27 13:01:02,1
3940,5,October,2022,17621,1,2022:10:27 12:02:05,1
3941,5,December,2019,11179,1,2019:12:24 14:31:10,1
3942,2,February,2024,10455,1,2024:02:19 18:32:07,1
3943,5,September,2021,16002,1,2021:09:08 15:03:57,1
3944,4,July,2019,18418,1,2019:07:30 21:47:24,1
3945,5,December,2023,19296,1,2023:12:18 21:07:35,1
3946,4,November,2022,11413,1,2022:11:05 16:43:01,1
3947,2,November,2022,12124,1,2022:11:19 22:57:25,1
3948,5,May,2021,15144,1,2021:05:01 20:33:44,1
3949,2,February,2024,15039,1,2024:02:25 14:48:25,1
3950,2,October,2023,14039,1,2023:10:11 11:04:03,1
3951,3,December,2024,14721,1,2024:12:18 21:57:32,1
3952,4,February,2021,12153,1,2021:02:23 17:23:49,1
3953,3,April,2022,16098,1,2022:04:12 21:11:33,1
3954,1,December,2020,17432,1,2020:12:21 18:31:15,1
3955,4,July,2021,15743,1,2021:07:28 22:17:32,1
3956,3,March,2019,19091,1,2019:03:11 09:28:24,1
3957,1,June,2024,10723,1,2024:06:10 10:23:13,1
3958,4,June,2022,17195,1,2022:06:22 15:32:19,1
3959,2,February,2020,17041,1,2020:02:28 19:29:11,1
3960,3,May,2019,17949,1,2019:05:24 19:45:38,1
3961,2,June,2024,19278,1,2024:06:06 15:01:26,1
3962,2,September,2023,10226,1,2023:09:30 18:40:44,1
3963,3,November,2023,12032,1,2023:11:25 17:52:29,1
3964,5,November,2021,15644,1,2021:11:04 15:26:15,1
3965,3,January,2021,14863,1,2021:01:02 22:50:33,1
3966,2,May,2023,12488,1,2023:05:07 17:53:18,1
3967,5,June,2024,11005,1,2024:06:16 19:09:28,1
3968,5,March,2024,16816,1,2024:03:09 10:54:53,1
3969,2,June,2021,13166,1,2021:06:06 13:35:49,1
3970,2,November,2021,10988,1,2021:11:13 22:06:05,1
3971,1,May,2022,19281,1,2022:05:16 21:16:39,1
3972,5,September,2024,10589,1,2024:09:02 21:17:44,1
3973,4,March,2024,15258,1,2024:03:02 18:48:08,1
3974,2,October,2019,19722,1,2019:10:29 16:20:19,1
3975,2,February,2024,19034,1,2024:02:15 12:20:38,1
3976,4,January,2023,10511,1,2023:01:18 14:40:40,1
3977,2,April,2019,18523,1,2019:04:26 14:11:24,1
3978,1,November,2022,15719,1,2022:11:14 21:30:34,1
3979,1,May,2020,14753,1,2020:05:25 16:54:52,1
3980,4,March,2024,13305,1,2024:03:22 15:31:56,1
3981,2,September,2020,10526,1,2020:09:05 19:37:28,1
3982,4,March,2020,17662,1,2020:03:02 11:24:04,1
3983,1,July,2022,15790,1,2022:07:06 13:41:48,1
3984,2,January,2020,18399,1,2020:01:02 14:39:32,1
3985,3,December,2020,15848,1,2020:12:14 22:44:28,1
3986,4,July,2020,16375,1,2020:07:22 19:13:26,1
3987,4,April,2019,16567,1,2019:04:24 12:12:32,1
3988,2,November,2024,11950,1,2024:11:14 22:08:10,1
3989,4,January,2024,19004,1,2024:01:10 11:24:52,1
3990,2,June,2023,10535,1,2023:06:14 10:21:28,1
3991,4,January,2022,10169,1,2022:01:18 11:59:28,1
3992,4,November,2019,17250,1,2019:11:13 21:30:24,1
3993,1,July,2020,18493,1,2020:07:02 11:18:32,1
3994,3,November,2020,15209,1,2020:11:10 20:53:10,1
3995,3,December,2019,19942,1,2019:12:02 11:59:30,1
3996,3,January,2019,16274,1,2019:01:11 15:34:38,1
3997,4,January,2021,18282,1,2021:01:26 12:25:56,1
3998,3,March,2023,11505,1,2023:03:14 17:39:47,1
3999,5,February,2022,13214,1,2022:02:06 14:19:17,1
4000,2,November,2021,18734,1,2021:11:10 20:42:35,1
4001,2,July,2024,18835,1,2024:07:22 11:11:48,1
4002,4,November,2021,19715,1,2021:11:11 21:54:31,1
4003,4,July,2021,10228,1,2021:07:19 21:57:51,1
4004,4,September,2019,12993,1,2019:09:17 17:03:17,1
4005,4,October,2024,10024,1,2024:10:08 14:32:32,1
4006,2,February,2021,14690,1,2021:02:19 13:27:36,1
4007,3,January,2024,18214,1,2024:01:20 21:23:34,1
4008,4,August,2023,14455,1,2023:08:08 22:52:40,1
4009,5,September,2021,17338,1,2021:09:04 11:02:11,1
4010,3,September,2021,10873,1,2021:09:22 14:23:00,1
4011,3,May,2022,16681,1,2022:05:03 15:28:33,1
4012,4,August,2024,11756,1,2024:08:03 21:28:08,1
4013,5,January,2019,11830,1,2019:01:22 17:41:39,1
4014,2,September,2019,19689,1,2019:09:18 21:22:33,1
4015,5,February,2020,11002,1,2020:02:16 17:38:09,1
4016,3,March,2019,14143,1,2019:03:22 15:01:33,1
4017,3,April,2024,13713,1,2024:04:30 22:14:30,1
4018,2,January,2020,18634,1,2020:01:18 19:10:29,1
4019,2,March,2019,12582,1,2019:03:08 20:50:25,1
4020,3,May,2021,18400,1,2021:05:07 12:34:26,1
4021,3,December,2024,19509,1,2024:12:19 09:40:03,1
4022,1,December,2020,10213,1,2020:12:20 10:40:15,1
4023,5,March,2020,10124,1,2020:03:23 19:52:10,1
4024,2,August,2024,10657,1,2024:08:20 16:28:12,1
4025,3,June,2020,14789,1,2020:06:15 09:07:18,1
4026,1,June,2024,13972,1,2024:06:07 09:51:54,1
4027,4,January,2022,19134,1,2022:01:13 14:29:31,1
4028,4,May,2022,17336,1,2022:05:04 20:19:20,1
4029,5,December,2021,16064,1,2021:12:28 22:53:33,1
4030,3,January,2024,14253,1,2024:01:16 22:45:57,1
4031,4,September,2022,19116,1,2022:09:13 10:08:05,1
4032,1,April,2019,19605,1,2019:04:20 13:20:27,1
4033,3,July,2024,15552,1,2024:07:24 17:23:01,1
4034,4,June,2019,18274,1,2019:06:16 19:45:21,1
4035,3,January,2021,13064,1,2021:01:22 14:36:48,1
4036,4,April,2020,13594,1,2020:04:18 10:42:19,1
4037,1,September,2019,10893,1,2019:09:19 22:03:08,1
4038,4,November,2019,18280,1,2019:11:06 10:51:39,1
4039,3,January,2021,10076,1,2021:01:21 22:06:38,1
4040,2,August,2022,18419,1,2022:08:17 12:51:28,1
4041,5,August,2021,12007,1,2021:08:17 14:04:23,1
4042,2,July,2022,16944,1,2022:07:22 12:59:11,1
4043,4,August,2024,14836,1,2024:08:29 18:51:03,1
4044,2,January,2020,17606,1,2020:01:30 17:02:24,1
4045,2,February,2021,11084,1,2021:02:22 21:30:23,1
4046,1,October,2021,19724,1,2021:10:16 16:05:04,1
4047,5,November,2024,13657,1,2024:11:03 13:30:26,1
4048,3,October,2024,19948,1,2024:10:16 15:38:31,1
4049,2,May,2021,10429,1,2021:05:21 09:40:40,1
4050,1,December,2023,18739,1,2023:12:26 18:10:43,1
4051,1,August,2023,17782,1,2023:08:02 13:37:30,1
4052,3,December,2023,19008,1,2023:12:15 18:58:21,1
4053,3,November,2020,10997,1,2020:11:21 13:58:58,1
4054,2,November,2021,13521,1,2021:11:21 14:18:29,1
4055,5,February,2019,14166,1,2019:02:14 17:16:22,1
4056,1,October,2022,17624,1,2022:10:24 18:10:42,1
4057,4,May,2024,15909,1,2024:05:08 11:46:57,1
4058,3,November,2020,16096,1,2020:11:03 19:20:54,1
4059,5,April,2022,11738,1,2022:04:06 15:25:23,1
4060,3,October,2022,13518,1,2022:10:13 16:13:14,1
4061,4,October,2023,19693,1,2023:10:15 17:31:12,1
4062,1,January,2021,15603,1,2021:01:03 15:43:26,1
4063,3,July,2021,18164,1,2021:07:23 18:28:52,1
4064,2,May,2022,16616,1,2022:05:11 14:37:15,1
4065,3,February,2021,13219,1,2021:02:02 20:41:47,1
4066,4,September,2019,13560,1,2019:09:13 20:34:07,1
4067,3,December,2019,17477,1,2019:12:03 20:21:43,1
4068,2,January,2021,13172,1,2021:01:09 14:48:08,1
4069,5,April,2021,19569,1,2021:04:24 14:15:58,1
4070,4,February,2019,19312,1,2019:02:18 10:09:35,1
4071,2,May,2019,13284,1,2019:05:09 13:03:56,1
4072,2,May,2020,12768,1,2020:05:13 19:47:37,1
4073,2,November,2023,12460,1,2023:11:18 13:06:58,1
4074,3,September,2023,19197,1,2023:09:30 14:05:57,1
4075,2,April,2024,11372,1,2024:04:26 20:27:34,1
4076,3,January,2024,12749,1,2024:01:20 16:44:39,1
4077,1,September,2023,19042,1,2023:09:10 21:16:40,1
4078,4,April,2019,11276,1,2019:04:22 14:36:21,1
4079,4,July,2024,16592,1,2024:07:29 13:23:50,1
4080,4,November,2024,17601,1,2024:11:21 19:10:33,1
4081,5,March,2020,19297,1,2020:03:28 18:33:21,1
4082,1,December,2022,19181,1,2022:12:20 19:52:33,1
4083,4,July,2021,14972,1,2021:07:15 21:31:39,1
4084,4,February,2024,12941,1,2024:02:09 19:12:18,1
4085,2,October,2024,15630,1,2024:10:02 09:01:05,1
4086,1,November,2019,12476,1,2019:11:15 18:15:17,1
4087,3,April,2023,14636,1,2023:04:11 12:18:28,1
4088,5,January,2023,15764,1,2023:01:18 17:07:48,1
4089,5,April,2021,15581,1,2021:04:25 15:12:03,1
4090,3,August,2023,11814,1,2023:08:24 22:16:06,1
4091,1,July,2021,11226,1,2021:07:25 20:18:51,1
4092,5,May,2021,10030,1,2021:05:10 17:07:39,1
4093,4,May,2023,13536,1,2023:05:29 21:38:43,1
4094,5,November,2022,17802,1,2022:11:24 13:44:19,1
4095,1,October,2019,14573,1,2019:10:21 14:28:16,1
4096,5,January,2024,17048,1,2024:01:23 19:09:48,1
4097,4,January,2023,13411,1,2023:01:28 19:13:28,1
4098,4,October,2023,10889,1,2023:10:20 12:48:11,1
4099,4,June,2024,11467,1,2024:06:23 17:06:10,1
4100,4,January,2021,18534,1,2021:01:02 13:45:34,1
4101,2,January,2024,17031,1,2024:01:05 14:57:05,1
4102,4,February,2022,15759,1,2022:02:03 20:34:47,1
4103,1,October,2024,15688,1,2024:10:24 17:06:25,1
4104,3,February,2021,19051,1,2021:02:25 19:09:20,1
4105,5,May,2022,15253,1,2022:05:20 10:13:29,1
4106,2,June,2020,13993,1,2020:06:17 17:06:08,1
4107,5,November,2019,14890,1,2019:11:27 20:25:07,1
4108,2,January,2022,13535,1,2022:01:18 21:02:46,1
4109,1,November,2022,10279,1,2022:11:17 18:02:30,1
4110,2,April,2022,13392,1,2022:04:16 19:22:48,1
4111,3,March,2019,12925,1,2019:03:29 14:15:53,1
4112,2,March,2020,19639,1,2020:03:23 20:22:55,1
4113,5,August,2024,17466,1,2024:08:16 09:09:28,1
4114,5,August,2020,10437,1,2020:08:13 15:41:59,1
4115,4,October,2022,15562,1,2022:10:25 14:40:24,1
4116,4,August,2022,11060,1,2022:08:14 12:38:19,1
4117,4,June,2023,18594,1,2023:06:23 15:18:35,1
4118,2,October,2022,12253,1,2022:10:03 13:35:24,1
4119,5,February,2022,14311,1,2022:02:23 10:21:50,1
4120,1,April,2022,13412,1,2022:04:04 20:26:36,1
4121,2,July,2019,19668,1,2019:07:14 12:26:07,1
4122,2,June,2023,11579,1,2023:06:22 14:35:18,1
4123,3,September,2019,11837,1,2019:09:25 16:09:57,1
4124,2,July,2023,12383,1,2023:07:26 13:53:02,1
4125,4,September,2019,16329,1,2019:09:08 17:14:40,1
4126,4,January,2021,14998,1,2021:01:10 18:21:32,1
4127,4,May,2022,10644,1,2022:05:12 16:08:06,1
4128,3,October,2023,13206,1,2023:10:07 20:55:38,1
4129,5,March,2022,15640,1,2022:03:17 16:36:33,1
4130,1,January,2024,10678,1,2024:01:27 11:40:43,1
4131,3,February,2024,13316,1,2024:02:03 14:47:23,1
4132,3,June,2022,15813,1,2022:06:07 19:53:34,1
4133,1,August,2020,18122,1,2020:08:12 15:24:01,1
4134,5,June,2019,13659,1,2019:06:28 10:24:56,1
4135,3,October,2022,12013,1,2022:10:03 17:10:46,1
4136,4,February,2021,16531,1,2021:02:11 19:57:05,1
4137,4,January,2021,16046,1,2021:01:14 12:40:55,1
4138,5,February,2019,13165,1,2019:02:03 22:25:02,1
4139,4,July,2023,15396,1,2023:07:04 21:46:48,1
4140,3,September,2019,14255,1,2019:09:04 17:35:47,1
4141,5,March,2022,15519,1,2022:03:20 19:00:55,1
4142,1,July,2024,18633,1,2024:07:20 13:31:54,1
4143,4,May,2024,10646,1,2024:05:22 15:01:49,1
4144,5,October,2019,11575,1,2019:10:19 16:17:28,1
4145,1,September,2023,15635,1,2023:09:02 09:54:41,1
4146,5,June,2021,14867,1,2021:06:25 09:38:29,1
4147,5,August,2023,19419,1,2023:08:13 17:55:10,1
4148,5,January,2021,18372,1,2021:01:03 10:06:02,1
4149,3,October,2022,17730,1,2022:10:21 20:27:40,1
4150,1,July,2019,14642,1,2019:07:06 16:54:10,1
4151,1,June,2022,10294,1,2022:06:11 12:23:24,1
4152,1,May,2020,11234,1,2020:05:22 14:04:03,1
4153,4,March,2019,18400,1,2019:03:29 21:54:11,1
4154,2,February,2023,11552,1,2023:02:04 19:32:36,1
4155,2,March,2024,10362,1,2024:03:22 20:10:15,1
4156,3,September,2023,16034,1,2023:09:17 17:53:02,1
4157,2,July,2022,15260,1,2022:07:21 14:27:19,1
4158,1,July,2020,19836,1,2020:07:02 20:54:42,1
4159,2,May,2021,11592,1,2021:05:10 11:13:34,1
4160,1,June,2019,11343,1,2019:06:19 09:14:38,1
4161,3,September,2022,13222,1,2022:09:21 14:00:19,1
4162,4,May,2021,10731,1,2021:05:06 18:47:00,1
4163,2,October,2022,13682,1,2022:10:19 16:46:36,1
4164,5,March,2021,16651,1,2021:03:01 19:18:58,1
4165,2,January,2020,16308,1,2020:01:23 19:27:15,1
4166,4,July,2024,19015,1,2024:07:25 18:00:29,1
4167,3,April,2022,16773,1,2022:04:26 21:02:37,1
4168,3,May,2022,15812,1,2022:05:23 15:13:42,1
4169,2,May,2024,17940,1,2024:05:28 13:46:22,1
4170,1,January,2023,18018,1,2023:01:07 16:27:28,1
4171,4,September,2020,12719,1,2020:09:21 15:08:11,1
4172,1,July,2022,14784,1,2022:07:06 10:07:10,1
4173,2,February,2022,19736,1,2022:02:21 15:28:39,1
4174,2,September,2024,15774,1,2024:09:13 10:51:33,1
4175,2,August,2023,16079,1,2023:08:24 15:12:31,1
4176,4,March,2019,15554,1,2019:03:18 13:06:09,1
4177,4,June,2019,15497,1,2019:06:04 19:40:40,1
4178,5,April,2019,14201,1,2019:04:03 15:30:35,1
4179,2,January,2020,19412,1,2020:01:12 10:26:49,1
4180,5,October,2020,15818,1,2020:10:08 13:37:17,1
4181,5,October,2020,17243,1,2020:10:28 16:05:29,1
4182,1,January,2020,12156,1,2020:01:20 12:12:22,1
4183,3,October,2024,10261,1,2024:10:10 10:59:31,1
4184,4,June,2021,18047,1,2021:06:22 14:02:48,1
4185,2,August,2022,16039,1,2022:08:04 21:54:36,1
4186,5,May,2024,16619,1,2024:05:28 18:21:15,1
4187,1,December,2020,10557,1,2020:12:05 16:58:34,1
4188,2,September,2020,18832,1,2020:09:23 11:11:53,1
4189,5,July,2022,18217,1,2022:07:20 19:05:33,1
4190,4,April,2020,16461,1,2020:04:16 19:27:41,1
4191,4,December,2020,12144,1,2020:12:29 20:40:57,1
4192,3,July,2019,11211,1,2019:07:10 15:03:22,1
4193,4,July,2021,12204,1,2021:07:29 21:39:19,1
4194,2,June,2021,12326,1,2021:06:25 14:58:51,1
4195,5,December,2024,15413,1,2024:12:10 11:49:29,1
4196,5,January,2021,15547,1,2021:01:16 22:41:42,1
4197,2,January,2019,14881,1,2019:01:15 22:48:49,1
4198,3,June,2023,18022,1,2023:06:17 21:43:34,1
4199,3,November,2019,17464,1,2019:11:28 13:05:51,1
4200,3,February,2020,11187,1,2020:02:06 12:03:25,1
4201,3,November,2020,14404,1,2020:11:29 14:42:09,1
4202,4,June,2023,17451,1,2023:06:15 13:06:34,1
4203,2,December,2020,14311,1,2020:12:14 09:21:49,1
4204,4,July,2024,13715,1,2024:07:05 21:29:43,1
4205,2,August,2023,11485,1,2023:08:07 09:47:04,1
4206,4,October,2024,13594,1,2024:10:13 12:19:31,1
4207,4,November,2022,19992,1,2022:11:26 21:10:49,1
4208,5,December,2024,12013,1,2024:12:28 16:02:52,1
4209,3,July,2021,19220,1,2021:07:05 20:34:18,1
4210,3,December,2022,14913,1,2022:12:15 12:06:18,1
4211,1,December,2023,13632,1,2023:12:20 10:41:29,1
4212,5,April,2019,17457,1,2019:04:09 14:44:27,1
4213,1,January,2019,14703,1,2019:01:08 10:51:15,1
4214,1,February,2024,12748,1,2024:02:05 11:32:28,1
4215,2,January,2019,11418,1,2019:01:12 15:59:07,1
4216,3,June,2020,15459,1,2020:06:29 17:45:00,1
4217,4,August,2020,19775,1,2020:08:17 17:14:35,1
4218,4,November,2022,11024,1,2022:11:07 09:22:40,1
4219,2,May,2023,18723,1,2023:05:15 11:13:44,1
4220,2,September,2019,19049,1,2019:09:27 17:20:05,1
4221,2,April,2024,17602,1,2024:04:05 14:09:14,1
4222,1,March,2022,10833,1,2022:03:02 14:34:25,1
4223,5,December,2019,19040,1,2019:12:20 12:10:17,1
4224,5,December,2023,13690,1,2023:12:11 13:21:55,1
4225,4,December,2023,19468,1,2023:12:31 16:01:56,1
4226,2,March,2021,13265,1,2021:03:20 18:45:42,1
4227,1,March,2021,12443,1,2021:03:16 19:43:12,1
4228,3,July,2023,17665,1,2023:07:21 12:36:37,1
4229,2,August,2022,13254,1,2022:08:05 12:24:34,1
4230,3,October,2020,14830,1,2020:10:26 17:27:20,1
4231,5,December,2022,16455,1,2022:12:07 09:57:38,1
4232,1,February,2021,16026,1,2021:02:15 16:51:19,1
4233,2,May,2022,18501,1,2022:05:29 11:20:28,1
4234,1,May,2021,13836,1,2021:05:08 09:48:02,1
4235,5,April,2022,17544,1,2022:04:13 17:59:38,1
4236,2,March,2019,12966,1,2019:03:24 10:37:36,1
4237,5,June,2021,11286,1,2021:06:30 16:24:05,1
4238,2,November,2024,11884,1,2024:11:11 19:04:09,1
4239,3,August,2024,13731,1,2024:08:04 18:53:44,1
4240,2,May,2024,16583,1,2024:05:14 19:28:44,1
4241,5,June,2019,16060,1,2019:06:09 21:46:13,1
4242,2,October,2021,10651,1,2021:10:06 16:48:12,1
4243,3,December,2022,15613,1,2022:12:15 16:37:06,1
4244,4,March,2023,14675,1,2023:03:16 17:10:06,1
4245,5,November,2019,10881,1,2019:11:09 18:28:12,1
4246,4,April,2021,10346,1,2021:04:19 15:32:34,1
4247,5,November,2022,16123,1,2022:11:29 09:13:34,1
4248,5,October,2020,12149,1,2020:10:21 20:53:20,1
4249,3,August,2022,14802,1,2022:08:31 10:55:15,1
4250,5,April,2022,15506,1,2022:04:06 10:50:05,1
4251,2,June,2023,16596,1,2023:06:18 12:44:12,1
4252,4,June,2024,16381,1,2024:06:19 17:52:50,1
4253,5,January,2024,16763,1,2024:01:08 14:48:54,1
4254,1,May,2022,17273,1,2022:05:05 15:47:34,1
4255,5,October,2020,10075,1,2020:10:01 12:35:42,1
4256,4,October,2022,13949,1,2022:10:01 21:30:45,1
4257,5,September,2021,12682,1,2021:09:09 11:14:34,1
4258,2,January,2022,13576,1,2022:01:03 09:51:48,1
4259,2,March,2024,19996,1,2024:03:10 11:34:13,1
4260,2,December,2020,18874,1,2020:12:01 09:59:38,1
4261,3,March,2020,17740,1,2020:03:11 09:08:46,1
4262,3,May,2024,10500,1,2024:05:09 22:20:18,1
4263,5,July,2023,17517,1,2023:07:12 17:31:08,1
4264,5,April,2021,15674,1,2021:04:02 18:13:00,1
4265,2,September,2020,17270,1,2020:09:20 11:03:17,1
4266,5,March,2019,18447,1,2019:03:24 13:24:28,1
4267,3,October,2020,13242,1,2020:10:29 13:09:34,1
4268,2,April,2024,15822,1,2024:04:16 19:06:21,1
4269,5,September,2024,11848,1,2024:09:04 10:58:42,1
4270,3,December,2024,14243,1,2024:12:20 18:42:30,1
4271,2,May,2021,13937,1,2021:05:11 11:17:00,1
4272,5,March,2020,13653,1,2020:03:07 14:09:52,1
4273,3,March,2020,12945,1,2020:03:04 20:47:22,1
4274,1,June,2019,11169,1,2019:06:21 16:34:02,1
4275,4,November,2024,18175,1,2024:11:16 22:39:02,1
4276,2,June,2020,14793,1,2020:06:04 16:39:14,1
4277,4,May,2019,19940,1,2019:05:21 19:50:11,1
4278,3,March,2021,12351,1,2021:03:08 14:42:00,1
4279,4,June,2022,15324,1,2022:06:14 09:16:41,1
4280,4,August,2023,10696,1,2023:08:18 13:06:20,1
4281,2,August,2022,16396,1,2022:08:11 13:05:41,1
4282,1,December,2022,14234,1,2022:12:06 20:40:02,1
4283,2,October,2024,11485,1,2024:10:12 09:34:30,1
4284,1,August,2019,15242,1,2019:08:09 12:22:45,1
4285,3,August,2021,16729,1,2021:08:03 09:40:43,1
4286,1,October,2019,19411,1,2019:10:19 16:11:32,1
4287,1,July,2021,13626,1,2021:07:06 10:52:31,1
4288,1,December,2023,14987,1,2023:12:03 17:27:53,1
4289,1,September,2024,18210,1,2024:09:01 13:45:02,1
4290,3,August,2019,18831,1,2019:08:29 19:02:12,1
4291,4,August,2023,18048,1,2023:08:15 09:56:27,1
4292,5,February,2022,11518,1,2022:02:07 19:55:45,1
4293,2,December,2019,11402,1,2019:12:05 15:03:15,1
4294,4,May,2023,14687,1,2023:05:09 12:50:19,1
4295,1,April,2024,12928,1,2024:04:04 13:47:47,1
4296,2,September,2023,12021,1,2023:09:04 13:59:47,1
4297,5,August,2023,14956,1,2023:08:05 11:06:09,1
4298,5,September,2019,17668,1,2019:09:01 11:20:47,1
4299,3,December,2022,12702,1,2022:12:01 09:00:25,1
4300,3,March,2021,19715,1,2021:03:12 20:08:05,1
4301,3,January,2022,16713,1,2022:01:31 09:21:32,1
4302,4,December,2020,17829,1,2020:12:15 22:33:22,1
4303,3,February,2022,19781,1,2022:02:02 19:25:54,1
4304,3,August,2022,18322,1,2022:08:12 19:01:00,1
4305,3,October,2020,13543,1,2020:10:01 09:39:53,1
4306,2,June,2020,13646,1,2020:06:04 15:11:48,1
4307,4,June,2022,15038,1,2022:06:29 14:59:29,1
4308,4,February,2019,10655,1,2019:02:15 12:26:12,1
4309,3,March,2019,19056,1,2019:03:20 11:28:09,1
4310,2,January,2021,13632,1,2021:01:10 10:46:45,1
4311,4,April,2023,19665,1,2023:04:18 21:19:02,1
4312,3,July,2019,12046,1,2019:07:13 09:21:15,1
4313,1,July,2020,12125,1,2020:07:27 12:13:40,1
4314,2,February,2023,18620,1,2023:02:19 13:41:12,1
4315,5,May,2021,14416,1,2021:05:31 17:56:57,1
4316,5,August,2024,16620,1,2024:08:31 22:37:24,1
4317,4,July,2023,16207,1,2023:07:20 17:38:35,1
4318,3,December,2021,17324,1,2021:12:29 16:20:32,1
4319,4,November,2019,19990,1,2019:11:27 16:33:44,1
4320,1,February,2023,14847,1,2023:02:07 20:37:45,1
4321,1,January,2023,15296,1,2023:01:14 19:35:01,1
4322,2,October,2023,11338,1,2023:10:14 20:01:45,1
4323,4,November,2022,16138,1,2022:11:16 17:07:18,1
4324,2,January,2024,11819,1,2024:01:10 09:46:15,1
4325,3,February,2021,15104,1,2021:02:20 18:42:31,1
4326,5,July,2021,11879,1,2021:07:30 17:45:36,1
4327,1,May,2024,18332,1,2024:05:19 22:14:42,1
4328,3,August,2019,18259,1,2019:08:30 19:28:09,1
4329,5,December,2019,14520,1,2019:12:21 10:14:57,1
4330,3,June,2020,12968,1,2020:06:07 21:17:38,1
4331,4,June,2023,19546,1,2023:06:16 12:44:44,1
4332,5,July,2023,17592,1,2023:07:25 17:51:07,1
4333,3,August,2022,12835,1,2022:08:09 18:32:37,1
4334,2,January,2019,16235,1,2019:01:13 16:07:57,1
4335,2,December,2023,19716,1,2023:12:03 21:54:53,1
4336,2,August,2024,16714,1,2024:08:26 11:54:26,1
4337,4,September,2023,17829,1,2023:09:04 15:15:41,1
4338,1,March,2023,11132,1,2023:03:12 10:22:51,1
4339,2,May,2022,11916,1,2022:05:29 18:28:59,1
4340,3,November,2022,17187,1,2022:11:09 13:02:54,1
4341,5,October,2023,13840,1,2023:10:31 20:48:35,1
4342,4,February,2022,12704,1,2022:02:21 11:45:18,1
4343,2,September,2021,19338,1,2021:09:18 18:28:12,1
4344,3,December,2020,17793,1,2020:12:29 18:26:56,1
4345,3,December,2019,11748,1,2019:12:14 21:14:03,1
4346,1,August,2023,10471,1,2023:08:20 15:39:32,1
4347,3,April,2020,12776,1,2020:04:10 18:57:09,1
4348,3,January,2022,16976,1,2022:01:29 09:49:16,1
4349,5,March,2021,16472,1,2021:03:05 18:09:12,1
4350,5,January,2024,15079,1,2024:01:26 20:47:30,1
4351,2,January,2024,10811,1,2024:01:05 17:52:54,1
4352,4,September,2021,18197,1,2021:09:12 21:05:54,1
4353,1,October,2020,15701,1,2020:10:21 19:22:55,1
4354,5,February,2023,17461,1,2023:02:23 16:51:06,1
4355,1,February,2022,18808,1,2022:02:27 14:13:24,1
4356,4,March,2021,18378,1,2021:03:13 12:39:59,1
4357,2,August,2022,10161,1,2022:08:17 18:45:31,1
4358,1,October,2019,12099,1,2019:10:01 18:55:48,1
4359,3,March,2019,18322,1,2019:03:14 19:43:40,1
4360,2,September,2022,11302,1,2022:09:11 11:09:54,1
4361,2,May,2019,10042,1,2019:05:31 19:11:22,1
4362,3,February,2019,12345,1,2019:02:09 13:55:12,1
4363,1,October,2019,16025,1,2019:10:11 14:22:57,1
4364,2,August,2021,13068,1,2021:08:09 18:00:54,1
4365,2,December,2023,19739,1,2023:12:13 15:51:04,1
4366,2,September,2024,11781,1,2024:09:15 15:21:56,1
4367,2,November,2024,15319,1,2024:11:23 21:41:44,1
4368,4,September,2021,12212,1,2021:09:07 16:27:02,1
4369,4,December,2023,13562,1,2023:12:09 09:55:28,1
4370,3,February,2023,19379,1,2023:02:22 10:00:37,1
4371,2,November,2022,10217,1,2022:11:10 10:58:35,1
4372,3,October,2021,19660,1,2021:10:15 13:53:41,1
4373,3,December,2020,19004,1,2020:12:23 17:14:33,1
4374,4,July,2020,10471,1,2020:07:08 21:25:51,1
4375,5,November,2023,17279,1,2023:11:24 12:21:15,1
4376,2,May,2019,16012,1,2019:05:25 20:29:07,1
4377,5,May,2024,13408,1,2024:05:07 18:56:59,1
4378,3,March,2023,13479,1,2023:03:17 20:04:40,1
4379,4,May,2023,17995,1,2023:05:19 11:55:05,1
4380,4,December,2024,10831,1,2024:12:27 15:13:04,1
4381,4,September,2024,16645,1,2024:09:05 17:01:53,1
4382,2,May,2020,10451,1,2020:05:09 21:27:02,1
4383,3,February,2022,13015,1,2022:02:01 13:11:51,1
4384,1,October,2021,16074,1,2021:10:05 18:56:04,1
4385,2,September,2022,18208,1,2022:09:02 13:09:35,1
4386,2,October,2019,17540,1,2019:10:06 09:53:47,1
4387,1,August,2021,19639,1,2021:08:22 21:21:31,1
4388,4,May,2022,10121,1,2022:05:16 19:02:47,1
4389,4,June,2019,19928,1,2019:06:23 09:57:47,1
4390,5,July,2022,12755,1,2022:07:09 20:09:27,1
4391,3,November,2023,15185,1,2023:11:11 19:16:39,1
4392,4,July,2021,18644,1,2021:07:15 13:56:03,1
4393,1,January,2023,14727,1,2023:01:07 15:36:04,1
4394,4,January,2021,13006,1,2021:01:29 12:14:34,1
4395,2,June,2022,11759,1,2022:06:03 22:51:49,1
4396,4,July,2024,17581,1,2024:07:15 18:45:54,1
4397,1,November,2023,15211,1,2023:11:14 21:25:43,1
4398,5,May,2019,12305,1,2019:05:10 15:36:51,1
4399,2,April,2021,12300,1,2021:04:29 12:40:48,1
4400,2,November,2022,17245,1,2022:11:01 18:15:16,1
4401,5,September,2024,16913,1,2024:09:21 15:39:40,1
4402,3,July,2022,15994,1,2022:07:09 13:21:34,1
4403,3,January,2023,14124,1,2023:01:27 16:25:59,1
4404,2,March,2024,19107,1,2024:03:22 15:55:09,1
4405,3,February,2024,10034,1,2024:02:11 21:10:26,1
4406,3,April,2022,14819,1,2022:04:25 16:22:11,1
4407,3,April,2023,16598,1,2023:04:03 15:16:53,1
4408,5,June,2024,18928,1,2024:06:04 18:13:38,1
4409,4,February,2020,13474,1,2020:02:29 11:27:28,1
4410,5,June,2023,10466,1,2023:06:26 11:49:49,1
4411,1,October,2022,14513,1,2022:10:05 22:36:38,1
4412,3,January,2024,15257,1,2024:01:08 12:11:09,1
4413,4,October,2023,14123,1,2023:10:14 17:17:14,1
4414,5,April,2020,11278,1,2020:04:23 22:41:59,1
4415,3,October,2023,12474,1,2023:10:15 15:49:21,1
4416,2,July,2023,18128,1,2023:07:18 17:45:19,1
4417,1,May,2019,12509,1,2019:05:17 19:21:40,1
4418,4,August,2020,13355,1,2020:08:06 22:13:33,1
4419,1,February,2019,15489,1,2019:02:28 13:36:14,1
4420,2,April,2020,19009,1,2020:04:07 22:07:12,1
4421,2,December,2023,17098,1,2023:12:20 16:47:24,1
4422,4,December,2024,12869,1,2024:12:12 09:02:32,1
4423,5,November,2024,11380,1,2024:11:17 14:07:13,1
4424,2,March,2023,14389,1,2023:03:22 11:36:59,1
4425,1,December,2021,14345,1,2021:12:05 11:26:18,1
4426,3,April,2023,14625,1,2023:04:14 19:23:15,1
4427,1,February,2023,13326,1,2023:02:28 10:14:26,1
4428,3,December,2023,15605,1,2023:12:08 20:05:43,1
4429,3,March,2023,18620,1,2023:03:01 15:41:30,1
4430,3,February,2024,18623,1,2024:02:09 12:15:33,1
4431,1,March,2022,15835,1,2022:03:14 11:56:21,1
4432,4,May,2024,17101,1,2024:05:27 12:34:24,1
4433,5,May,2021,17234,1,2021:05:08 11:20:08,1
4434,2,July,2024,12353,1,2024:07:11 14:48:40,1
4435,4,July,2019,17873,1,2019:07:30 22:28:52,1
4436,4,October,2020,19225,1,2020:10:17 20:22:34,1
4437,4,August,2024,11119,1,2024:08:04 11:11:32,1
4438,1,May,2020,18776,1,2020:05:11 18:41:54,1
4439,2,January,2019,12821,1,2019:01:04 17:18:50,1
4440,5,January,2019,15995,1,2019:01:07 15:14:30,1
4441,1,January,2022,16633,1,2022:01:09 09:00:45,1
4442,2,September,2023,10675,1,2023:09:22 17:01:24,1
4443,1,August,2024,18896,1,2024:08:15 14:58:34,1
4444,5,January,2024,18080,1,2024:01:12 13:48:30,1
4445,5,November,2019,15142,1,2019:11:09 16:16:38,1
4446,1,November,2024,17054,1,2024:11:22 18:16:20,1
4447,3,August,2024,14746,1,2024:08:23 11:35:28,1
4448,4,April,2019,10907,1,2019:04:19 16:48:29,1
4449,1,June,2024,14766,1,2024:06:01 16:12:17,1
4450,5,March,2019,16421,1,2019:03:14 10:41:58,1
4451,3,June,2022,15207,1,2022:06:24 18:15:33,1
4452,2,August,2020,12334,1,2020:08:26 19:26:26,1
4453,1,March,2022,11339,1,2022:03:05 16:25:19,1
4454,2,October,2020,14866,1,2020:10:27 13:44:49,1
4455,4,July,2019,15352,1,2019:07:22 19:42:56,1
4456,5,June,2023,17932,1,2023:06:09 22:27:36,1
4457,5,June,2019,18335,1,2019:06:25 19:14:32,1
4458,4,October,2022,11357,1,2022:10:04 11:56:48,1
4459,3,June,2019,10870,1,2019:06:19 22:41:08,1
4460,2,January,2021,17745,1,2021:01:02 22:21:18,1
4461,4,December,2023,13595,1,2023:12:02 18:33:35,1
4462,1,March,2021,16784,1,2021:03:20 10:23:49,1
4463,4,November,2024,19175,1,2024:11:25 17:49:19,1
4464,3,September,2019,12422,1,2019:09:17 17:40:01,1
4465,5,November,2024,11756,1,2024:11:20 21:23:50,1
4466,4,August,2020,13864,1,2020:08:27 22:02:28,1
4467,2,December,2019,19690,1,2019:12:11 16:41:16,1
4468,1,April,2021,10603,1,2021:04:20 19:26:12,1
4469,1,January,2021,13205,1,2021:01:28 11:40:20,1
4470,1,June,2022,15694,1,2022:06:23 20:48:29,1
4471,4,February,2019,10452,1,2019:02:28 22:37:19,1
4472,4,August,2021,11484,1,2021:08:22 14:22:38,1
4473,2,February,2022,13300,1,2022:02:21 16:09:45,1
4474,5,November,2022,19208,1,2022:11:14 17:11:55,1
4475,4,February,2022,19815,1,2022:02:19 10:28:20,1
4476,1,June,2020,11135,1,2020:06:13 14:54:27,1
4477,4,November,2022,11888,1,2022:11:10 09:08:29,1
4478,1,April,2024,10564,1,2024:04:19 20:41:16,1
4479,2,November,2021,11572,1,2021:11:25 17:56:21,1
4480,2,August,2023,17483,1,2023:08:29 22:02:13,1
4481,1,April,2019,10820,1,2019:04:29 22:43:10,1
4482,5,November,2022,14383,1,2022:11:07 22:01:41,1
4483,2,August,2020,15764,1,2020:08:28 21:51:04,1
4484,3,June,2023,15778,1,2023:06:11 14:43:12,1
4485,5,September,2023,10219,1,2023:09:27 14:57:13,1
4486,2,July,2019,17611,1,2019:07:05 09:27:28,1
4487,1,May,2023,18131,1,2023:05:23 16:29:34,1
4488,1,April,2020,15096,1,2020:04:30 17:08:13,1
4489,3,February,2022,19209,1,2022:02:08 13:19:16,1
4490,1,September,2019,18562,1,2019:09:11 22:05:22,1
4491,3,December,2019,13321,1,2019:12:12 22:35:05,1
4492,2,September,2021,11123,1,2021:09:05 21:12:59,1
4493,5,February,2023,18438,1,2023:02:22 14:45:48,1
4494,1,November,2024,13857,1,2024:11:04 10:20:00,1
4495,1,February,2023,12646,1,2023:02:11 16:11:49,1
4496,4,June,2021,13383,1,2021:06:13 18:53:36,1
4497,4,July,2019,18778,1,2019:07:03 11:45:59,1
4498,4,February,2019,12191,1,2019:02:16 21:16:08,1
4499,1,July,2021,18914,1,2021:07:12 17:11:26,1
4500,4,May,2024,10933,1,2024:05:03 11:01:10,1
4501,1,December,2023,10842,1,2023:12:10 16:18:03,1
4502,2,October,2024,19585,1,2024:10:31 13:41:24,1
4503,1,March,2019,10500,1,2019:03:03 09:23:48,1
4504,4,October,2021,13317,1,2021:10:29 15:30:34,1
4505,4,September,2024,13635,1,2024:09:16 15:10:12,1
4506,5,January,2021,15458,1,2021:01:19 14:05:07,1
4507,4,May,2024,10059,1,2024:05:20 18:16:58,1
4508,4,May,2024,14390,1,2024:05:29 21:17:01,1
4509,3,August,2020,17955,1,2020:08:14 19:39:49,1
4510,4,February,2022,18986,1,2022:02:02 20:22:52,1
4511,4,May,2023,19843,1,2023:05:04 16:27:55,1
4512,3,September,2022,13657,1,2022:09:03 20:32:12,1
4513,4,July,2022,13893,1,2022:07:29 14:01:51,1
4514,3,April,2019,14529,1,2019:04:18 21:20:23,1
4515,3,April,2019,15287,1,2019:04:01 22:32:25,1
4516,1,February,2024,11255,1,2024:02:23 22:23:09,1
4517,1,February,2019,19517,1,2019:02:08 18:27:18,1
4518,1,March,2023,12236,1,2023:03:26 11:54:12,1
4519,5,March,2020,17155,1,2020:03:19 18:44:24,1
4520,5,July,2024,12738,1,2024:07:11 12:03:45,1
4521,5,September,2021,14097,1,2021:09:06 14:46:24,1
4522,1,December,2022,17375,1,2022:12:18 17:20:09,1
4523,3,April,2022,16802,1,2022:04:27 19:06:13,1
4524,3,December,2024,17326,1,2024:12:14 20:21:57,1
4525,3,September,2019,16387,1,2019:09:27 15:27:43,1
4526,2,April,2020,13081,1,2020:04:30 09:48:14,1
4527,1,July,2024,17294,1,2024:07:07 16:30:25,1
4528,5,July,2019,19087,1,2019:07:21 10:56:29,1
4529,5,November,2021,13215,1,2021:11:10 12:08:08,1
4530,1,May,2024,13416,1,2024:05:02 12:42:36,1
4531,1,March,2021,15131,1,2021:03:11 17:38:05,1
4532,4,February,2020,18536,1,2020:02:23 17:50:50,1
4533,1,May,2019,19975,1,2019:05:20 22:44:29,1
4534,2,July,2020,12107,1,2020:07:13 13:27:09,1
4535,1,April,2024,18549,1,2024:04:03 20:23:45,1
4536,3,March,2021,15190,1,2021:03:15 20:57:59,1
4537,5,December,2022,15857,1,2022:12:01 12:52:00,1
4538,1,December,2022,16633,1,2022:12:09 22:26:34,1
4539,2,October,2021,16554,1,2021:10:21 14:01:58,1
4540,3,April,2023,18880,1,2023:04:17 14:40:27,1
4541,2,March,2024,13788,1,2024:03:24 19:16:34,1
4542,1,October,2019,14238,1,2019:10:26 21:52:27,1
4543,4,November,2020,13279,1,2020:11:19 20:41:31,1
4544,3,July,2021,12409,1,2021:07:21 16:25:34,1
4545,2,January,2022,13052,1,2022:01:27 14:46:01,1
4546,2,August,2020,17021,1,2020:08:01 10:56:09,1
4547,5,April,2024,10443,1,2024:04:26 18:04:15,1
4548,4,September,2024,16795,1,2024:09:22 17:51:04,1
4549,4,April,2019,13739,1,2019:04:13 13:41:07,1
4550,3,September,2021,19220,1,2021:09:05 11:55:40,1
4551,5,January,2022,11804,1,2022:01:08 16:58:37,1
4552,5,February,2024,19791,1,2024:02:11 13:35:32,1
4553,2,November,2019,11879,1,2019:11:22 15:10:17,1
4554,2,August,2019,17900,1,2019:08:17 15:50:37,1
4555,3,July,2024,17481,1,2024:07:04 09:23:25,1
4556,2,December,2020,13421,1,2020:12:03 09:16:52,1
4557,5,September,2019,12063,1,2019:09:10 11:04:51,1
4558,2,August,2022,18918,1,2022:08:10 09:12:28,1
4559,1,July,2020,17859,1,2020:07:27 09:39:23,1
4560,4,November,2024,14469,1,2024:11:23 19:05:40,1
4561,3,January,2022,17642,1,2022:01:31 11:15:01,1
4562,1,April,2019,13266,1,2019:04:23 22:23:17,1
4563,5,December,2021,13319,1,2021:12:02 21:12:03,1
4564,1,September,2023,12413,1,2023:09:08 16:43:02,1
4565,3,May,2024,12435,1,2024:05:23 19:58:22,1
4566,5,October,2024,17058,1,2024:10:31 14:01:30,1
4567,1,August,2022,14358,1,2022:08:08 20:17:25,1
4568,3,September,2021,10877,1,2021:09:23 13:09:35,1
4569,5,October,2019,18995,1,2019:10:25 10:24:53,1
4570,4,October,2023,19964,1,2023:10:07 09:34:41,1
4571,1,November,2020,10329,1,2020:11:14 19:56:40,1
4572,4,September,2023,18141,1,2023:09:02 22:35:13,1
4573,1,January,2023,19066,1,2023:01:13 10:12:07,1
4574,5,December,2024,10667,1,2024:12:13 16:58:42,1
4575,2,July,2020,17685,1,2020:07:12 18:13:37,1
4576,2,June,2019,19293,1,2019:06:25 21:56:19,1
4577,5,May,2022,11861,1,2022:05:18 15:53:19,1
4578,4,July,2020,10841,1,2020:07:23 21:21:02,1
4579,2,August,2023,15589,1,2023:08:21 14:53:31,1
4580,1,September,2024,13721,1,2024:09:25 10:55:27,1
4581,4,June,2022,14583,1,2022:06:26 09:42:30,1
4582,1,July,2024,10920,1,2024:07:18 10:44:50,1
4583,1,March,2019,14223,1,2019:03:05 18:55:10,1
4584,4,May,2020,13136,1,2020:05:01 11:19:57,1
4585,4,July,2024,15840,1,2024:07:08 15:16:24,1
4586,2,December,2019,17847,1,2019:12:04 11:36:42,1
4587,3,May,2022,18860,1,2022:05:10 19:27:01,1
4588,4,February,2023,16545,1,2023:02:01 22:58:21,1
4589,5,August,2019,17421,1,2019:08:15 16:15:56,1
4590,5,August,2023,10931,1,2023:08:02 20:15:51,1
4591,2,January,2023,17107,1,2023:01:13 12:08:46,1
4592,5,April,2023,14900,1,2023:04:21 22:11:35,1
4593,4,January,2022,13994,1,2022:01:11 13:44:58,1
4594,4,October,2024,16313,1,2024:10:21 10:05:59,1
4595,4,July,2019,18575,1,2019:07:10 17:25:38,1
4596,3,October,2019,15045,1,2019:10:23 17:50:41,1
4597,1,May,2021,16741,1,2021:05:09 21:38:00,1
4598,3,August,2023,19975,1,2023:08:27 14:25:56,1
4599,1,February,2020,13293,1,2020:02:09 11:44:15,1
4600,3,January,2024,14759,1,2024:01:28 18:06:03,1
4601,4,November,2024,16928,1,2024:11:29 15:35:00,1
4602,3,July,2019,14664,1,2019:07:04 13:29:08,1
4603,3,January,2021,12534,1,2021:01:27 19:46:09,1
4604,3,November,2023,19100,1,2023:11:04 14:35:20,1
4605,4,July,2021,17881,1,2021:07:06 21:14:13,1
4606,3,September,2024,13060,1,2024:09:08 17:45:52,1
4607,5,May,2021,18312,1,2021:05:10 09:45:46,1
4608,5,May,2023,15446,1,2023:05:02 09:18:07,1
4609,3,June,2021,14968,1,2021:06:29 15:43:05,1
4610,1,February,2022,11854,1,2022:02:28 13:05:18,1
4611,4,December,2020,15909,1,2020:12:28 10:40:23,1
4612,3,February,2021,15550,1,2021:02:07 19:46:15,1
4613,3,January,2022,14042,1,2022:01:27 15:03:04,1
4614,3,October,2019,13322,1,2019:10:28 21:48:21,1
4615,4,October,2021,14806,1,2021:10:27 12:08:08,1
4616,5,January,2023,13505,1,2023:01:04 10:43:09,1
4617,5,December,2022,16493,1,2022:12:12 13:26:19,1
4618,5,November,2021,17138,1,2021:11:27 18:41:17,1
4619,3,April,2019,17356,1,2019:04:24 15:37:53,1
4620,4,November,2021,11620,1,2021:11:14 22:55:58,1
4621,5,April,2020,10073,1,2020:04:27 14:08:26,1
4622,4,December,2021,10185,1,2021:12:14 13:18:37,1
4623,2,October,2021,19023,1,2021:10:08 16:30:03,1
4624,4,October,2021,16644,1,2021:10:29 22:21:31,1
4625,4,March,2019,14379,1,2019:03:12 09:05:05,1
4626,1,April,2020,19523,1,2020:04:10 19:40:11,1
4627,1,November,2019,13192,1,2019:11:07 09:22:29,1
4628,5,February,2021,12375,1,2021:02:17 18:32:41,1
4629,3,September,2023,10627,1,2023:09:22 14:38:11,1
4630,2,February,2021,19842,1,2021:02:20 12:23:34,1
4631,2,January,2022,17404,1,2022:01:31 20:16:36,1
4632,2,March,2021,12503,1,2021:03:09 15:33:09,1
4633,3,September,2021,18697,1,2021:09:16 21:00:48,1
4634,1,February,2022,17100,1,2022:02:25 11:02:50,1
4635,5,August,2022,14172,1,2022:08:29 21:23:11,1
4636,3,April,2023,11681,1,2023:04:20 19:15:46,1
4637,2,March,2024,16001,1,2024:03:20 15:26:52,1
4638,2,May,2019,13247,1,2019:05:08 16:42:18,1
4639,5,June,2020,14346,1,2020:06:16 11:25:56,1
4640,2,January,2019,15679,1,2019:01:25 15:57:09,1
4641,1,July,2023,12185,1,2023:07:09 16:18:30,1
4642,5,September,2022,17584,1,2022:09:14 20:13:56,1
4643,3,May,2020,12251,1,2020:05:30 12:47:23,1
4644,4,May,2019,12055,1,2019:05:07 22:55:34,1
4645,2,November,2020,11004,1,2020:11:18 09:51:47,1
4646,5,July,2022,18164,1,2022:07:21 14:16:52,1
4647,4,August,2022,15093,1,2022:08:22 17:30:53,1
4648,5,August,2019,18205,1,2019:08:23 19:08:17,1
4649,5,April,2020,15760,1,2020:04:05 14:58:17,1
4650,1,March,2022,11064,1,2022:03:29 09:38:20,1
4651,2,February,2024,18044,1,2024:02:26 15:44:13,1
4652,1,October,2021,11846,1,2021:10:30 10:21:00,1
4653,4,October,2019,12628,1,2019:10:24 21:02:10,1
4654,3,April,2022,14243,1,2022:04:07 10:35:58,1
4655,4,January,2022,12118,1,2022:01:17 19:51:43,1
4656,3,January,2021,16662,1,2021:01:23 17:10:31,1
4657,5,May,2019,12171,1,2019:05:28 11:34:29,1
4658,2,June,2022,18786,1,2022:06:06 21:42:43,1
4659,1,May,2024,11057,1,2024:05:02 22:19:57,1
4660,4,November,2022,19168,1,2022:11:09 22:33:26,1
4661,5,September,2019,17303,1,2019:09:17 12:20:07,1
4662,2,February,2020,17249,1,2020:02:22 14:19:50,1
4663,5,January,2021,18499,1,2021:01:11 21:37:52,1
4664,1,October,2021,17088,1,2021:10:09 14:40:24,1
4665,4,May,2023,19270,1,2023:05:31 15:52:32,1
4666,3,September,2020,17571,1,2020:09:25 21:28:14,1
4667,2,April,2019,18968,1,2019:04:19 13:41:46,1
4668,4,April,2023,12198,1,2023:04:21 21:45:30,1
4669,4,November,2021,16399,1,2021:11:12 14:11:06,1
4670,4,June,2019,18092,1,2019:06:30 18:08:00,1
4671,4,January,2021,14663,1,2021:01:24 15:10:54,1
4672,3,April,2023,10089,1,2023:04:12 13:20:54,1
4673,4,July,2022,19464,1,2022:07:04 13:37:29,1
4674,2,November,2024,11282,1,2024:11:29 10:13:46,1
4675,4,April,2024,15747,1,2024:04:12 15:19:12,1
4676,2,November,2020,16621,1,2020:11:01 12:19:51,1
4677,3,May,2019,13050,1,2019:05:27 15:35:50,1
4678,5,February,2022,18374,1,2022:02:25 15:26:50,1
4679,1,July,2020,17595,1,2020:07:02 20:16:31,1
4680,2,April,2023,19659,1,2023:04:11 11:51:00,1
4681,4,August,2022,19209,1,2022:08:29 21:30:24,1
4682,4,December,2020,10202,1,2020:12:23 16:18:34,1
4683,4,December,2024,15969,1,2024:12:06 09:41:09,1
4684,4,April,2024,17903,1,2024:04:09 13:14:33,1
4685,3,October,2024,19159,1,2024:10:28 12:03:04,1
4686,5,July,2019,14656,1,2019:07:22 16:27:27,1
4687,1,March,2019,10817,1,2019:03:18 17:47:42,1
4688,3,November,2020,12324,1,2020:11:10 15:38:59,1
4689,3,May,2021,18912,1,2021:05:13 12:52:03,1
4690,5,May,2022,11300,1,2022:05:24 18:08:49,1
4691,1,May,2020,15238,1,2020:05:31 19:19:36,1
4692,2,October,2020,10511,1,2020:10:06 13:06:45,1
4693,4,August,2020,16492,1,2020:08:17 15:55:38,1
4694,2,July,2021,19211,1,2021:07:17 13:06:13,1
4695,1,November,2019,11322,1,2019:11:22 11:07:16,1
4696,2,October,2020,19091,1,2020:10:14 21:48:12,1
4697,1,April,2021,13076,1,2021:04:12 15:29:27,1
4698,1,April,2020,15195,1,2020:04:28 13:45:04,1
4699,5,February,2023,18935,1,2023:02:25 20:57:28,1
4700,1,November,2019,18532,1,2019:11:27 19:11:17,1
4701,5,April,2022,10016,1,2022:04:22 10:40:17,1
4702,3,May,2020,15901,1,2020:05:05 16:18:22,1
4703,2,July,2021,14612,1,2021:07:18 21:30:09,1
4704,1,December,2020,18007,1,2020:12:09 21:02:51,1
4705,2,July,2019,15169,1,2019:07:17 19:22:40,1
4706,1,May,2021,13001,1,2021:05:05 21:57:33,1
4707,4,June,2023,11735,1,2023:06:15 15:10:30,1
4708,2,July,2023,18741,1,2023:07:13 12:39:45,1
4709,3,October,2023,17671,1,2023:10:28 11:49:05,1
4710,2,August,2023,14078,1,2023:08:06 20:44:23,1
4711,5,August,2023,12125,1,2023:08:18 10:42:55,1
4712,1,October,2023,17378,1,2023:10:04 19:52:45,1
4713,4,November,2023,18734,1,2023:11:19 22:15:23,1
4714,3,November,2021,11759,1,2021:11:05 17:54:37,1
4715,5,May,2020,10304,1,2020:05:15 17:11:50,1
4716,5,January,2024,11599,1,2024:01:04 20:15:36,1
4717,5,July,2019,16356,1,2019:07:13 20:01:36,1
4718,4,December,2024,15065,1,2024:12:25 17:47:08,1
4719,4,April,2022,12833,1,2022:04:27 09:25:22,1
4720,4,January,2020,16176,1,2020:01:31 10:03:01,1
4721,1,January,2022,12639,1,2022:01:26 11:51:12,1
4722,3,June,2020,16945,1,2020:06:14 12:00:53,1
4723,3,May,2021,13785,1,2021:05:04 14:36:16,1
4724,1,February,2022,13031,1,2022:02:27 15:13:40,1
4725,5,December,2021,15606,1,2021:12:06 14:47:24,1
4726,4,February,2023,17476,1,2023:02:21 19:35:03,1
4727,2,February,2024,13867,1,2024:02:08 19:07:17,1
4728,2,October,2024,19430,1,2024:10:24 14:08:53,1
4729,2,April,2023,17222,1,2023:04:08 22:19:33,1
4730,1,July,2022,18966,1,2022:07:21 19:49:18,1
4731,3,August,2019,14910,1,2019:08:01 17:39:07,1
4732,1,February,2019,11336,1,2019:02:20 14:34:16,1
4733,1,January,2020,11011,1,2020:01:26 15:55:10,1
4734,2,June,2021,12853,1,2021:06:28 15:48:43,1
4735,2,October,2020,17493,1,2020:10:27 14:54:47,1
4736,5,December,2023,13853,1,2023:12:10 19:52:12,1
4737,5,January,2024,14264,1,2024:01:12 14:45:49,1
4738,4,June,2020,13789,1,2020:06:28 12:41:37,1
4739,3,May,2022,13693,1,2022:05:11 11:13:17,1
4740,3,March,2023,12640,1,2023:03:19 14:57:08,1
4741,5,March,2024,19041,1,2024:03:16 19:43:10,1
4742,3,March,2021,14532,1,2021:03:13 15:59:33,1
4743,5,April,2024,14498,1,2024:04:22 11:36:56,1
4744,4,April,2024,15403,1,2024:04:12 22:36:56,1
4745,3,September,2023,11365,1,2023:09:18 17:04:09,1
4746,5,March,2019,18592,1,2019:03:01 22:37:17,1
4747,1,April,2022,17674,1,2022:04:13 16:29:41,1
4748,1,August,2023,18092,1,2023:08:20 18:09:25,1
4749,4,February,2022,12631,1,2022:02:21 16:20:25,1
4750,2,January,2024,17784,1,2024:01:28 18:02:25,1
4751,1,July,2019,17035,1,2019:07:07 09:14:11,1
4752,2,December,2019,16760,1,2019:12:30 13:41:14,1
4753,5,February,2020,11033,1,2020:02:14 17:37:26,1
4754,1,July,2022,17408,1,2022:07:16 19:03:58,1
4755,5,July,2020,13237,1,2020:07:12 21:22:07,1
4756,3,March,2019,15552,1,2019:03:15 15:49:11,1
4757,1,July,2024,16871,1,2024:07:21 09:41:48,1
4758,1,July,2021,14026,1,2021:07:30 19:49:51,1
4759,2,June,2020,15756,1,2020:06:12 19:42:07,1
4760,4,June,2020,18868,1,2020:06:06 13:15:30,1
4761,4,August,2019,12132,1,2019:08:24 17:51:52,1
4762,3,December,2024,14367,1,2024:12:08 21:35:02,1
4763,2,July,2020,16584,1,2020:07:23 18:42:16,1
4764,5,December,2022,15007,1,2022:12:08 14:34:43,1
4765,2,June,2020,12701,1,2020:06:07 14:44:24,1
4766,3,May,2019,16983,1,2019:05:23 10:46:20,1
4767,5,June,2019,15498,1,2019:06:02 15:14:53,1
4768,4,August,2023,15917,1,2023:08:24 17:48:57,1
4769,4,November,2022,11299,1,2022:11:10 12:12:12,1
4770,1,February,2020,19638,1,2020:02:25 16:35:48,1
4771,4,March,2024,16862,1,2024:03:25 13:58:05,1
4772,4,August,2022,10465,1,2022:08:21 13:07:27,1
4773,5,April,2021,11358,1,2021:04:14 12:42:14,1
4774,5,December,2019,13302,1,2019:12:21 21:58:50,1
4775,5,December,2024,17769,1,2024:12:22 22:26:32,1
4776,2,July,2024,15333,1,2024:07:29 21:21:35,1
4777,4,December,2022,11112,1,2022:12:05 14:11:52,1
4778,3,February,2024,19497,1,2024:02:05 11:31:26,1
4779,1,July,2019,15608,1,2019:07:02 21:40:05,1
4780,1,March,2022,19529,1,2022:03:17 18:19:29,1
4781,2,February,2020,18439,1,2020:02:13 12:47:15,1
4782,5,July,2024,10037,1,2024:07:05 22:28:18,1
4783,3,November,2024,11315,1,2024:11:13 16:07:45,1
4784,4,March,2023,12492,1,2023:03:02 18:30:29,1
4785,4,November,2024,10348,1,2024:11:17 12:36:17,1
4786,4,May,2019,17100,1,2019:05:02 20:59:13,1
4787,1,February,2021,15677,1,2021:02:16 21:20:01,1
4788,3,August,2019,12733,1,2019:08:14 17:38:08,1
4789,2,April,2021,16295,1,2021:04:24 19:49:47,1
4790,2,May,2021,17255,1,2021:05:29 10:38:25,1
4791,4,September,2019,16825,1,2019:09:02 14:23:54,1
4792,3,January,2024,11938,1,2024:01:09 17:35:27,1
4793,1,February,2024,13318,1,2024:02:05 21:22:29,1
4794,3,October,2024,13814,1,2024:10:18 10:05:51,1
4795,3,February,2020,11575,1,2020:02:04 19:01:24,1
4796,2,September,2019,14930,1,2019:09:12 14:52:29,1
4797,1,December,2024,10701,1,2024:12:05 12:46:30,1
4798,1,February,2022,19526,1,2022:02:14 13:30:33,1
4799,2,September,2019,19713,1,2019:09:25 14:33:37,1
4800,1,January,2020,16233,1,2020:01:12 14:24:09,1
4801,4,June,2020,14035,1,2020:06:16 19:31:40,1
4802,3,September,2022,16714,1,2022:09:11 22:20:19,1
4803,4,May,2023,16785,1,2023:05:03 20:28:19,1
4804,5,July,2020,14572,1,2020:07:26 10:13:48,1
4805,3,July,2023,13181,1,2023:07:25 10:45:32,1
4806,3,June,2019,15226,1,2019:06:28 15:40:46,1
4807,2,April,2019,13657,1,2019:04:02 22:23:49,1
4808,1,August,2023,11027,1,2023:08:26 18:51:51,1
4809,1,October,2019,19263,1,2019:10:25 16:07:08,1
4810,4,October,2019,10847,1,2019:10:04 19:19:52,1
4811,2,April,2019,19733,1,2019:04:12 14:50:55,1
4812,5,April,2019,16663,1,2019:04:12 11:05:24,1
4813,4,March,2024,11199,1,2024:03:28 15:55:12,1
4814,1,May,2020,12435,1,2020:05:05 16:46:27,1
4815,4,June,2020,12583,1,2020:06:25 18:03:08,1
4816,2,October,2022,12429,1,2022:10:09 20:09:22,1
4817,3,August,2024,12514,1,2024:08:09 17:11:04,1
4818,4,December,2021,11072,1,2021:12:22 09:18:17,1
4819,1,October,2021,11918,1,2021:10:27 11:11:32,1
4820,1,May,2022,12912,1,2022:05:19 15:16:36,1
4821,4,April,2020,11431,1,2020:04:04 22:53:17,1
4822,1,April,2021,15624,1,2021:04:23 16:51:06,1
4823,4,July,2023,14304,1,2023:07:25 17:28:15,1
4824,4,October,2024,13177,1,2024:10:07 20:18:42,1
4825,4,February,2020,19688,1,2020:02:08 16:18:29,1
4826,1,October,2022,18248,1,2022:10:29 18:32:08,1
4827,1,April,2020,17708,1,2020:04:25 20:08:43,1
4828,3,November,2022,19914,1,2022:11:01 21:54:53,1
4829,4,July,2023,16893,1,2023:07:12 10:44:38,1
4830,2,June,2023,18413,1,2023:06:09 17:43:50,1
4831,3,June,2020,15993,1,2020:06:06 14:28:50,1
4832,4,June,2019,18018,1,2019:06:11 22:03:36,1
4833,5,March,2020,13994,1,2020:03:27 10:59:22,1
4834,3,March,2023,13544,1,2023:03:06 13:38:41,1
4835,4,May,2021,16866,1,2021:05:11 12:40:00,1
4836,1,March,2024,14564,1,2024:03:07 13:52:47,1
4837,4,April,2023,16925,1,2023:04:08 11:59:33,1
4838,1,February,2020,13108,1,2020:02:12 18:49:48,1
4839,1,December,2021,14022,1,2021:12:01 22:13:57,1
4840,5,May,2021,17114,1,2021:05:29 13:44:30,1
4841,3,May,2024,11785,1,2024:05:15 11:35:45,1
4842,1,August,2023,11409,1,2023:08:04 09:29:35,1
4843,3,May,2024,19783,1,2024:05:17 14:51:18,1
4844,4,December,2022,12387,1,2022:12:17 09:48:53,1
4845,5,September,2024,12726,1,2024:09:27 10:27:20,1
4846,5,November,2021,14605,1,2021:11:26 11:08:54,1
4847,2,June,2021,14879,1,2021:06:06 20:58:06,1
4848,2,January,2020,19131,1,2020:01:21 09:32:43,1
4849,4,November,2021,15109,1,2021:11:13 12:00:16,1
4850,1,March,2024,18966,1,2024:03:14 12:46:02,1
4851,1,June,2020,18449,1,2020:06:27 15:14:55,1
4852,3,September,2023,17569,1,2023:09:30 22:40:24,1
4853,3,May,2019,15957,1,2019:05:27 20:13:59,1
4854,1,August,2022,14584,1,2022:08:05 22:47:56,1
4855,3,June,2022,11370,1,2022:06:16 19:12:21,1
4856,4,August,2021,13476,1,2021:08:11 18:31:25,1
4857,5,February,2021,11887,1,2021:02:05 15:45:23,1
4858,4,April,2024,11173,1,2024:04:24 22:11:27,1
4859,2,October,2023,17594,1,2023:10:22 11:29:36,1
4860,3,January,2019,19775,1,2019:01:25 14:02:01,1
4861,1,November,2023,18860,1,2023:11:09 20:24:53,1
4862,2,December,2019,14019,1,2019:12:28 11:53:47,1
4863,5,November,2020,19118,1,2020:11:28 16:58:10,1
4864,4,May,2023,18983,1,2023:05:01 11:34:40,1
4865,2,March,2022,19035,1,2022:03:01 22:32:07,1
4866,1,November,2019,19872,1,2019:11:20 21:32:23,1
4867,4,October,2020,19250,1,2020:10:06 10:20:18,1
4868,1,July,2022,13751,1,2022:07:28 20:41:23,1
4869,2,November,2023,19113,1,2023:11:27 09:54:01,1
4870,5,November,2019,18177,1,2019:11:03 12:41:34,1
4871,4,January,2019,12121,1,2019:01:16 09:10:53,1
4872,5,January,2023,12447,1,2023:01:11 12:03:02,1
4873,3,September,2023,15076,1,2023:09:11 10:09:52,1
4874,3,May,2020,14514,1,2020:05:05 12:18:56,1
4875,1,September,2023,16311,1,2023:09:25 20:35:55,1
4876,3,January,2022,12165,1,2022:01:31 11:41:38,1
4877,5,September,2019,15564,1,2019:09:21 12:39:31,1
4878,5,July,2024,14914,1,2024:07:31 20:58:41,1
4879,5,April,2023,18578,1,2023:04:22 20:17:31,1
4880,2,August,2022,10282,1,2022:08:25 16:18:53,1
4881,5,March,2022,10592,1,2022:03:08 12:23:36,1
4882,5,December,2020,14691,1,2020:12:24 12:53:30,1
4883,2,August,2021,13066,1,2021:08:22 12:50:36,1
4884,1,January,2023,14982,1,2023:01:23 16:41:46,1
4885,4,June,2019,10238,1,2019:06:05 21:12:48,1
4886,5,March,2024,16738,1,2024:03:21 12:07:50,1
4887,5,September,2021,14388,1,2021:09:15 15:24:22,1
4888,5,January,2023,18243,1,2023:01:22 14:00:53,1
4889,5,December,2024,11472,1,2024:12:16 09:01:06,1
4890,5,December,2024,11266,1,2024:12:27 10:29:51,1
4891,1,August,2020,19297,1,2020:08:27 11:17:06,1
4892,1,February,2024,15335,1,2024:02:15 16:02:50,1
4893,3,September,2019,17516,1,2019:09:10 17:01:51,1
4894,3,November,2021,14946,1,2021:11:03 22:01:12,1
4895,2,July,2024,11874,1,2024:07:08 22:55:38,1
4896,4,May,2024,10598,1,2024:05:07 12:37:41,1
4897,4,February,2024,15138,1,2024:02:09 16:26:04,1
4898,5,October,2019,15305,1,2019:10:07 13:47:46,1
4899,1,December,2020,18344,1,2020:12:07 15:28:32,1
4900,1,April,2022,16828,1,2022:04:07 09:25:54,1
4901,1,April,2022,10044,1,2022:04:27 10:36:16,1
4902,2,October,2022,12381,1,2022:10:07 10:52:47,1
4903,3,September,2019,12335,1,2019:09:20 22:16:46,1
4904,2,October,2023,17844,1,2023:10:16 14:28:49,1
4905,2,June,2019,14697,1,2019:06:24 14:26:57,1
4906,5,November,2022,17721,1,2022:11:14 09:10:32,1
4907,1,December,2020,12095,1,2020:12:09 10:20:50,1
4908,1,November,2019,13568,1,2019:11:22 22:57:12,1
4909,3,February,2023,15482,1,2023:02:20 19:22:40,1
4910,5,December,2023,12437,1,2023:12:02 17:34:23,1
4911,5,December,2021,16930,1,2021:12:13 19:42:16,1
4912,5,January,2019,14215,1,2019:01:25 20:10:33,1
4913,5,November,2022,14065,1,2022:11:05 22:10:30,1
4914,2,November,2024,18970,1,2024:11:09 09:54:08,1
4915,4,June,2024,10885,1,2024:06:10 16:44:10,1
4916,3,April,2024,10647,1,2024:04:12 18:48:12,1
4917,5,February,2022,15601,1,2022:02:09 16:24:24,1
4918,1,January,2021,17578,1,2021:01:25 12:41:05,1
4919,2,February,2022,13808,1,2022:02:15 14:28:57,1
4920,4,January,2024,16463,1,2024:01:03 11:24:04,1
4921,1,September,2023,10665,1,2023:09:26 22:58:58,1
4922,5,April,2020,17373,1,2020:04:20 19:32:13,1
4923,5,July,2024,11256,1,2024:07:13 21:06:59,1
4924,1,June,2019,16337,1,2019:06:21 13:40:02,1
4925,1,December,2022,11987,1,2022:12:28 15:17:36,1
4926,3,October,2024,15218,1,2024:10:15 15:50:19,1
4927,3,May,2024,12115,1,2024:05:11 16:31:37,1
4928,5,January,2019,12866,1,2019:01:26 13:52:52,1
4929,1,October,2019,13200,1,2019:10:24 15:48:03,1
4930,4,October,2023,11669,1,2023:10:02 20:58:28,1
4931,2,August,2020,12612,1,2020:08:07 14:21:52,1
4932,2,January,2023,11392,1,2023:01:09 16:43:00,1
4933,5,February,2019,10654,1,2019:02:21 14:30:19,1
4934,1,September,2019,10573,1,2019:09:17 11:29:34,1
4935,2,March,2022,18053,1,2022:03:18 11:51:29,1
4936,2,September,2019,11353,1,2019:09:24 18:18:07,1
4937,4,July,2019,11435,1,2019:07:19 18:29:25,1
4938,4,November,2024,17152,1,2024:11:09 18:51:11,1
4939,4,March,2023,12546,1,2023:03:18 18:21:42,1
4940,4,May,2022,11806,1,2022:05:06 22:38:30,1
4941,4,March,2024,15048,1,2024:03:15 10:13:54,1
4942,3,July,2023,12287,1,2023:07:25 19:38:56,1
4943,2,February,2020,18454,1,2020:02:05 11:19:44,1
4944,5,July,2020,17422,1,2020:07:30 20:23:38,1
4945,3,April,2019,17497,1,2019:04:23 21:50:34,1
4946,4,May,2023,17105,1,2023:05:23 20:29:37,1
4947,5,October,2020,14585,1,2020:10:30 17:15:37,1
4948,2,May,2019,18086,1,2019:05:21 21:17:27,1
4949,1,June,2021,13447,1,2021:06:10 19:54:21,1
4950,1,September,2021,12359,1,2021:09:17 11:25:19,1
4951,4,September,2022,16989,1,2022:09:15 15:49:07,1
4952,5,November,2024,10683,1,2024:11:23 09:32:37,1
4953,5,October,2022,12700,1,2022:10:29 12:22:53,1
4954,3,April,2022,18309,1,2022:04:12 18:42:20,1
4955,1,August,2022,16713,1,2022:08:08 15:27:33,1
4956,5,March,2021,12712,1,2021:03:15 21:11:53,1
4957,4,August,2022,13305,1,2022:08:18 09:21:07,1
4958,1,September,2022,14183,1,2022:09:28 10:29:40,1
4959,4,September,2023,19422,1,2023:09:20 17:03:23,1
4960,4,February,2024,18551,1,2024:02:03 13:50:35,1
4961,5,November,2024,19393,1,2024:11:09 18:03:17,1
4962,2,June,2024,16159,1,2024:06:27 19:38:46,1
4963,3,May,2019,18338,1,2019:05:11 16:17:42,1
4964,4,March,2020,16876,1,2020:03:31 09:09:39,1
4965,1,June,2020,18214,1,2020:06:25 14:28:57,1
4966,5,March,2022,15345,1,2022:03:12 09:11:44,1
4967,3,April,2019,10213,1,2019:04:13 17:19:31,1
4968,5,May,2023,16082,1,2023:05:12 09:18:24,1
4969,5,June,2023,16004,1,2023:06:08 17:41:31,1
4970,3,May,2023,19480,1,2023:05:25 13:50:23,1
4971,5,December,2024,15720,1,2024:12:27 18:12:42,1
4972,3,June,2023,18237,1,2023:06:16 12:57:48,1
4973,2,May,2022,14676,1,2022:05:02 11:07:40,1
4974,1,April,2022,12437,1,2022:04:28 18:18:46,1
4975,1,June,2021,19151,1,2021:06:12 19:41:43,1
4976,3,September,2024,10731,1,2024:09:13 22:32:36,1
4977,5,February,2022,11029,1,2022:02:10 20:07:21,1
4978,1,June,2020,10542,1,2020:06:04 15:38:23,1
4979,5,August,2022,16514,1,2022:08:10 22:35:36,1
4980,4,October,2023,14435,1,2023:10:20 14:58:36,1
4981,2,May,2022,14792,1,2022:05:11 21:09:21,1
4982,2,August,2022,15746,1,2022:08:05 13:32:45,1
4983,3,February,2022,13076,1,2022:02:20 21:26:29,1
4984,4,April,2024,12002,1,2024:04:21 21:00:35,1
4985,1,December,2020,10102,1,2020:12:12 09:40:39,1
4986,1,November,2020,19924,1,2020:11:21 16:14:25,1
4987,5,January,2024,12520,1,2024:01:06 13:56:38,1
4988,4,April,2023,13483,1,2023:04:10 16:55:31,1
4989,1,May,2021,16380,1,2021:05:22 11:12:52,1
4990,1,June,2019,19635,1,2019:06:22 22:07:31,1
4991,5,May,2022,18859,1,2022:05:18 13:59:55,1
4992,4,October,2021,14076,1,2021:10:27 14:13:37,1
4993,5,June,2022,14165,1,2022:06:22 10:11:03,1
4994,2,February,2024,13988,1,2024:02:08 09:08:51,1
4995,4,September,2023,13903,1,2023:09:18 22:17:24,1
4996,1,August,2019,13542,1,2019:08:07 14:10:19,1
4997,4,November,2024,16960,1,2024:11:04 18:55:29,1
4998,3,October,2024,17968,1,2024:10:31 19:23:50,1
4999,5,June,2024,16726,1,2024:06:04 15:07:37,1
5000,1,July,2023,18904,1,2023:07:07 22:34:36,1
5001,5,January,2024,16790,1,2024:01:03 13:52:42,1
5002,2,August,2019,12701,1,2019:08:06 20:06:26,1
5003,3,October,2024,15812,1,2024:10:08 12:40:27,1
5004,4,July,2020,15582,1,2020:07:26 13:08:02,1
5005,2,October,2021,10764,1,2021:10:17 17:08:01,1
5006,1,July,2023,19946,1,2023:07:22 19:36:09,1
5007,5,May,2021,10394,1,2021:05:31 17:45:37,1
5008,1,February,2024,16239,1,2024:02:01 18:49:15,1
5009,5,March,2019,15673,1,2019:03:27 22:23:09,1
5010,5,April,2021,15814,1,2021:04:18 17:54:57,1
5011,5,September,2022,17201,1,2022:09:06 19:44:04,1
5012,4,February,2024,10695,1,2024:02:02 20:48:35,1
5013,2,December,2020,12697,1,2020:12:29 10:57:04,1
5014,4,September,2023,11930,1,2023:09:01 10:47:20,1
5015,2,October,2021,16717,1,2021:10:27 13:51:01,1
5016,4,March,2024,19799,1,2024:03:08 19:16:14,1
5017,5,June,2019,17416,1,2019:06:22 12:38:25,1
5018,2,July,2022,11521,1,2022:07:18 14:34:13,1
5019,2,March,2019,17743,1,2019:03:23 13:59:44,1
5020,3,March,2024,18202,1,2024:03:24 17:23:57,1
5021,5,November,2020,11948,1,2020:11:26 20:08:08,1
5022,3,August,2024,16647,1,2024:08:14 21:06:55,1
5023,3,August,2019,11634,1,2019:08:25 18:43:00,1
5024,5,June,2019,18919,1,2019:06:22 18:09:38,1
5025,1,July,2020,15376,1,2020:07:13 15:28:03,1
5026,4,June,2020,10266,1,2020:06:27 21:02:45,1
5027,4,July,2019,14767,1,2019:07:14 21:11:40,1
5028,4,April,2024,18361,1,2024:04:15 22:35:47,1
5029,5,February,2024,16470,1,2024:02:25 15:42:49,1
5030,1,February,2020,15899,1,2020:02:15 14:23:57,1
5031,3,February,2019,15672,1,2019:02:22 17:00:20,1
5032,1,April,2023,12289,1,2023:04:09 20:47:10,1
5033,5,October,2023,17426,1,2023:10:17 17:03:56,1
5034,2,November,2023,14935,1,2023:11:01 10:55:59,1
5035,4,September,2021,19941,1,2021:09:26 19:14:28,1
5036,1,February,2024,14080,1,2024:02:03 14:04:29,1
5037,1,December,2020,13086,1,2020:12:07 13:45:38,1
5038,2,April,2019,15458,1,2019:04:12 10:44:43,1
5039,4,May,2022,12514,1,2022:05:29 14:30:01,1
5040,1,November,2019,18317,1,2019:11:26 19:02:02,1
5041,3,December,2020,15088,1,2020:12:01 11:08:13,1
5042,2,April,2022,13589,1,2022:04:21 18:15:10,1
5043,2,June,2021,11019,1,2021:06:11 21:48:19,1
5044,2,June,2023,14705,1,2023:06:10 13:52:51,1
5045,5,January,2023,19735,1,2023:01:17 19:38:53,1
5046,3,December,2022,19671,1,2022:12:07 09:39:01,1
5047,1,October,2019,12682,1,2019:10:30 22:24:35,1
5048,5,November,2021,19536,1,2021:11:03 10:45:28,1
5049,2,August,2023,13763,1,2023:08:02 14:45:28,1
5050,1,October,2021,18089,1,2021:10:12 20:30:06,1
5051,4,October,2022,12415,1,2022:10:06 12:27:19,1
5052,5,October,2022,12039,1,2022:10:21 11:49:19,1
5053,5,December,2022,15080,1,2022:12:02 11:16:43,1
5054,4,October,2022,14995,1,2022:10:20 20:03:33,1
5055,2,May,2020,14587,1,2020:05:31 13:47:43,1
5056,5,October,2021,16310,1,2021:10:03 19:45:47,1
5057,2,March,2023,13946,1,2023:03:26 17:59:26,1
5058,1,October,2021,16185,1,2021:10:27 11:23:09,1
5059,4,February,2021,19808,1,2021:02:27 16:07:04,1
5060,4,February,2024,16915,1,2024:02:21 12:43:20,1
5061,3,September,2023,13451,1,2023:09:14 09:49:41,1
5062,4,January,2019,14239,1,2019:01:22 17:58:50,1
5063,4,December,2021,11516,1,2021:12:05 17:08:19,1
5064,3,April,2021,15396,1,2021:04:05 21:32:25,1
5065,5,February,2019,17911,1,2019:02:24 10:37:15,1
5066,2,December,2024,13210,1,2024:12:28 22:17:50,1
5067,5,March,2021,12598,1,2021:03:13 15:39:43,1
5068,2,December,2022,17012,1,2022:12:23 09:59:01,1
5069,1,August,2023,14161,1,2023:08:17 13:35:51,1
5070,5,August,2024,16945,1,2024:08:21 10:07:24,1
5071,2,June,2021,19873,1,2021:06:18 22:20:20,1
5072,5,September,2019,19091,1,2019:09:18 18:35:01,1
5073,3,November,2020,16053,1,2020:11:04 13:05:26,1
5074,3,March,2021,13639,1,2021:03:21 19:14:31,1
5075,2,March,2020,16938,1,2020:03:23 11:15:09,1
5076,3,December,2021,19227,1,2021:12:06 09:35:18,1
5077,2,April,2024,19869,1,2024:04:16 22:12:38,1
5078,4,February,2023,19068,1,2023:02:09 18:36:12,1
5079,2,July,2022,11636,1,2022:07:27 22:23:11,1
5080,5,May,2020,17884,1,2020:05:05 17:20:43,1
5081,3,August,2021,19325,1,2021:08:26 17:32:00,1
5082,3,August,2024,11965,1,2024:08:18 15:20:57,1
5083,2,November,2019,18948,1,2019:11:07 19:28:55,1
5084,4,September,2024,17417,1,2024:09:13 16:00:54,1
5085,5,October,2019,17124,1,2019:10:01 16:43:32,1
5086,3,May,2022,11800,1,2022:05:11 21:34:25,1
5087,5,December,2024,17199,1,2024:12:18 12:07:14,1
5088,1,June,2020,14273,1,2020:06:23 16:15:39,1
5089,2,February,2022,17389,1,2022:02:14 15:17:33,1
5090,2,July,2024,15933,1,2024:07:01 18:09:17,1
5091,3,February,2022,18295,1,2022:02:07 21:59:52,1
5092,5,January,2024,16235,1,2024:01:30 14:04:06,1
5093,2,January,2024,17048,1,2024:01:13 17:10:37,1
5094,4,July,2020,10155,1,2020:07:30 17:55:42,1
5095,4,March,2022,15708,1,2022:03:07 19:13:07,1
5096,2,August,2020,12955,1,2020:08:24 15:20:07,1
5097,2,November,2023,14443,1,2023:11:29 09:26:54,1
5098,3,May,2022,18819,1,2022:05:25 13:12:22,1
5099,5,December,2022,13599,1,2022:12:09 17:20:07,1
5100,4,July,2020,10576,1,2020:07:12 09:50:05,1
5101,3,August,2022,14254,1,2022:08:23 19:09:34,1
5102,5,October,2020,15233,1,2020:10:06 10:30:09,1
5103,5,October,2020,14382,1,2020:10:19 14:05:33,1
5104,5,October,2020,12374,1,2020:10:19 16:07:04,1
5105,2,September,2021,17218,1,2021:09:13 17:58:53,1
5106,4,March,2024,16945,1,2024:03:24 18:07:26,1
5107,1,July,2024,15563,1,2024:07:05 12:27:04,1
5108,4,May,2019,13499,1,2019:05:23 17:24:06,1
5109,2,February,2024,19972,1,2024:02:05 12:51:01,1
5110,5,August,2020,19483,1,2020:08:15 22:46:14,1
5111,1,August,2019,11480,1,2019:08:08 17:51:26,1
5112,3,June,2024,14693,1,2024:06:28 16:40:52,1
5113,1,July,2021,16962,1,2021:07:16 20:21:44,1
5114,4,February,2024,15558,1,2024:02:12 12:26:22,1
5115,1,July,2020,15031,1,2020:07:01 16:22:52,1
5116,4,November,2023,16456,1,2023:11:08 18:14:29,1
5117,5,November,2020,19351,1,2020:11:03 11:41:13,1
5118,3,February,2023,16607,1,2023:02:16 21:51:33,1
5119,2,April,2023,13675,1,2023:04:12 09:11:23,1
5120,4,December,2024,14079,1,2024:12:16 16:00:53,1
5121,3,November,2020,16542,1,2020:11:05 17:50:52,1
5122,5,August,2024,13690,1,2024:08:16 17:01:58,1
5123,2,June,2019,12994,1,2019:06:08 12:21:39,1
5124,3,September,2023,18707,1,2023:09:16 12:05:54,1
5125,1,February,2021,14120,1,2021:02:09 19:19:44,1
5126,2,January,2019,18988,1,2019:01:28 09:20:28,1
5127,2,September,2020,10057,1,2020:09:11 22:56:53,1
5128,1,July,2024,17745,1,2024:07:31 16:32:43,1
5129,1,October,2021,15717,1,2021:10:11 12:09:28,1
5130,4,July,2024,14693,1,2024:07:31 12:03:33,1
5131,5,June,2021,16052,1,2021:06:03 21:46:02,1
5132,1,June,2019,15095,1,2019:06:27 18:59:08,1
5133,1,December,2023,13154,1,2023:12:29 19:16:03,1
5134,5,March,2021,10068,1,2021:03:24 16:17:25,1
5135,4,March,2020,11669,1,2020:03:23 13:22:57,1
5136,4,May,2019,19755,1,2019:05:30 17:29:16,1
5137,4,November,2019,15906,1,2019:11:25 15:13:13,1
5138,3,December,2020,10337,1,2020:12:21 13:51:42,1
5139,3,November,2020,12040,1,2020:11:13 13:39:14,1
5140,4,April,2019,16532,1,2019:04:26 20:47:41,1
5141,1,June,2020,11514,1,2020:06:11 10:12:53,1
5142,5,August,2022,15081,1,2022:08:29 09:33:49,1
5143,3,August,2020,14683,1,2020:08:16 20:10:47,1
5144,2,December,2019,15169,1,2019:12:10 17:19:50,1
5145,5,February,2022,14379,1,2022:02:26 09:50:25,1
5146,4,August,2023,14119,1,2023:08:28 19:27:30,1
5147,1,February,2019,13744,1,2019:02:20 18:46:25,1
5148,3,September,2022,17145,1,2022:09:17 16:12:12,1
5149,1,March,2023,15272,1,2023:03:14 18:54:53,1
5150,4,June,2021,11046,1,2021:06:09 14:03:59,1
5151,5,August,2020,15065,1,2020:08:09 17:40:53,1
5152,4,March,2024,13474,1,2024:03:17 11:25:20,1
5153,4,July,2019,19055,1,2019:07:21 11:03:00,1
5154,3,January,2020,12487,1,2020:01:09 12:05:06,1
5155,5,January,2024,14791,1,2024:01:08 12:52:04,1
5156,5,September,2019,13647,1,2019:09:27 12:29:45,1
5157,4,September,2022,16444,1,2022:09:15 18:35:17,1
5158,5,August,2024,11648,1,2024:08:03 13:57:07,1
5159,2,January,2019,16904,1,2019:01:09 20:53:29,1
5160,4,April,2021,10798,1,2021:04:24 20:06:27,1
5161,3,July,2024,14045,1,2024:07:23 12:14:40,1
5162,5,August,2021,19321,1,2021:08:09 12:19:36,1
5163,5,October,2023,14077,1,2023:10:03 18:35:50,1
5164,3,December,2019,13942,1,2019:12:22 17:52:02,1
5165,5,November,2024,15401,1,2024:11:17 13:24:46,1
5166,2,September,2024,13743,1,2024:09:21 15:11:32,1
5167,2,November,2021,12451,1,2021:11:18 09:56:12,1
5168,1,January,2024,13356,1,2024:01:11 10:29:31,1
5169,1,September,2023,17978,1,2023:09:02 22:54:53,1
5170,2,April,2022,15498,1,2022:04:08 11:40:09,1
5171,4,June,2021,10982,1,2021:06:21 13:27:03,1
5172,4,March,2022,16690,1,2022:03:08 10:25:54,1
5173,4,February,2019,13379,1,2019:02:03 22:20:17,1
5174,2,January,2023,10143,1,2023:01:20 14:35:03,1
5175,1,January,2022,16342,1,2022:01:13 17:36:06,1
5176,4,May,2021,11187,1,2021:05:10 22:35:45,1
5177,1,December,2024,10286,1,2024:12:07 13:04:57,1
5178,3,May,2020,18653,1,2020:05:28 16:02:52,1
5179,3,February,2021,12194,1,2021:02:23 20:20:42,1
5180,5,March,2019,13806,1,2019:03:03 10:27:11,1
5181,3,August,2022,15747,1,2022:08:17 18:33:03,1
5182,3,February,2024,10309,1,2024:02:22 12:00:58,1
5183,2,January,2022,15613,1,2022:01:03 14:07:22,1
5184,3,June,2019,12719,1,2019:06:10 16:36:34,1
5185,1,May,2021,15412,1,2021:05:17 21:41:25,1
5186,2,February,2024,14206,1,2024:02:08 13:30:22,1
5187,4,November,2020,10262,1,2020:11:15 15:01:14,1
5188,1,October,2024,11668,1,2024:10:19 16:26:30,1
5189,5,December,2019,13979,1,2019:12:20 15:41:10,1
5190,4,May,2023,15426,1,2023:05:01 16:08:43,1
5191,3,July,2021,15049,1,2021:07:30 14:47:49,1
5192,2,May,2019,13108,1,2019:05:28 21:36:02,1
5193,3,May,2021,11228,1,2021:05:23 14:16:58,1
5194,4,January,2019,17695,1,2019:01:28 12:59:25,1
5195,1,February,2023,10743,1,2023:02:02 19:59:45,1
5196,1,October,2022,13395,1,2022:10:10 11:28:46,1
5197,2,September,2023,12545,1,2023:09:09 20:22:55,1
5198,1,October,2022,13272,1,2022:10:22 11:47:25,1
5199,2,April,2022,19588,1,2022:04:27 20:31:19,1
5200,3,April,2024,16678,1,2024:04:19 20:50:39,1
5201,4,October,2020,10861,1,2020:10:03 17:33:42,1
5202,4,December,2024,10583,1,2024:12:19 15:27:54,1
5203,4,January,2021,16166,1,2021:01:06 15:44:05,1
5204,2,July,2024,18676,1,2024:07:31 11:37:52,1
5205,1,March,2023,12110,1,2023:03:29 12:24:43,1
5206,2,December,2022,18745,1,2022:12:26 14:41:49,1
5207,3,September,2019,15251,1,2019:09:06 13:23:09,1
5208,3,August,2023,10503,1,2023:08:17 15:38:58,1
5209,2,April,2019,14963,1,2019:04:17 17:52:06,1
5210,2,May,2022,19228,1,2022:05:01 12:02:28,1
5211,1,April,2022,12886,1,2022:04:11 10:40:08,1
5212,5,March,2023,19639,1,2023:03:16 09:43:48,1
5213,4,January,2021,10672,1,2021:01:02 16:59:27,1
5214,1,June,2019,16989,1,2019:06:08 20:05:34,1
5215,5,November,2022,17001,1,2022:11:11 17:47:32,1
5216,1,April,2019,18205,1,2019:04:11 09:15:08,1
5217,4,October,2020,11477,1,2020:10:12 15:05:53,1
5218,5,December,2022,17931,1,2022:12:28 21:10:21,1
5219,1,April,2022,18752,1,2022:04:05 21:58:18,1
5220,5,October,2019,14037,1,2019:10:19 19:25:35,1
5221,5,August,2020,15366,1,2020:08:28 13:58:29,1
5222,2,January,2020,19632,1,2020:01:31 22:24:46,1
5223,3,May,2023,19372,1,2023:05:14 10:39:11,1
5224,3,May,2019,14328,1,2019:05:23 18:42:39,1
5225,3,January,2023,16469,1,2023:01:27 10:39:36,1
5226,2,November,2019,14791,1,2019:11:14 17:45:12,1
5227,3,August,2023,13083,1,2023:08:15 10:57:20,1
5228,5,January,2021,15445,1,2021:01:12 20:33:52,1
5229,1,February,2019,14936,1,2019:02:19 11:33:24,1
5230,1,August,2020,14695,1,2020:08:30 11:28:47,1
5231,4,November,2024,17677,1,2024:11:07 18:33:46,1
5232,1,September,2022,18324,1,2022:09:19 21:53:41,1
5233,4,August,2023,16758,1,2023:08:09 19:10:41,1
5234,1,June,2019,14039,1,2019:06:09 12:41:21,1
5235,4,July,2024,14837,1,2024:07:24 15:14:42,1
5236,2,January,2021,10948,1,2021:01:05 18:51:32,1
5237,4,December,2023,11254,1,2023:12:26 19:08:59,1
5238,3,October,2023,17250,1,2023:10:15 09:43:27,1
5239,5,September,2022,10839,1,2022:09:18 14:33:03,1
5240,5,July,2023,15223,1,2023:07:24 22:36:45,1
5241,3,May,2019,11098,1,2019:05:24 21:56:26,1
5242,3,December,2019,13986,1,2019:12:12 13:03:12,1
5243,2,December,2023,15181,1,2023:12:09 15:48:31,1
5244,5,February,2020,17988,1,2020:02:08 15:53:34,1
5245,3,February,2020,18602,1,2020:02:16 15:00:28,1
5246,5,January,2020,19728,1,2020:01:29 17:20:11,1
5247,1,January,2020,13094,1,2020:01:14 12:04:21,1
5248,1,April,2024,13840,1,2024:04:04 18:18:40,1
5249,1,November,2023,10268,1,2023:11:18 10:46:54,1
5250,4,March,2021,12761,1,2021:03:25 20:51:52,1
5251,1,October,2020,14428,1,2020:10:06 21:04:35,1
5252,1,December,2023,12605,1,2023:12:21 17:46:01,1
5253,4,January,2022,16056,1,2022:01:31 17:05:22,1
5254,3,October,2024,11032,1,2024:10:11 11:09:57,1
5255,2,May,2019,15209,1,2019:05:24 09:41:10,1
5256,3,May,2022,18800,1,2022:05:10 21:36:23,1
5257,4,June,2019,14180,1,2019:06:05 14:07:54,1
5258,3,June,2022,19560,1,2022:06:13 17:42:22,1
5259,2,October,2024,15909,1,2024:10:30 19:28:37,1
5260,2,March,2023,10184,1,2023:03:07 11:57:30,1
5261,4,January,2023,17527,1,2023:01:02 20:02:19,1
5262,2,August,2022,12565,1,2022:08:24 19:37:01,1
5263,1,November,2019,18472,1,2019:11:15 10:02:18,1
5264,5,January,2021,16558,1,2021:01:16 14:40:14,1
5265,4,May,2023,15629,1,2023:05:20 19:57:53,1
5266,5,June,2020,15024,1,2020:06:04 22:54:27,1
5267,1,September,2023,18741,1,2023:09:05 15:56:09,1
5268,4,August,2023,19638,1,2023:08:09 09:08:04,1
5269,5,April,2021,13962,1,2021:04:01 22:13:57,1
5270,1,September,2019,12754,1,2019:09:12 17:34:33,1
5271,5,June,2023,19867,1,2023:06:23 12:26:41,1
5272,2,July,2022,12091,1,2022:07:02 09:01:26,1
5273,4,March,2022,12791,1,2022:03:14 12:02:48,1
5274,3,May,2021,15639,1,2021:05:07 12:15:11,1
5275,3,December,2019,11038,1,2019:12:06 14:04:44,1
5276,2,May,2022,13318,1,2022:05:06 20:30:09,1
5277,1,July,2023,16361,1,2023:07:13 12:42:34,1
5278,2,April,2019,15566,1,2019:04:22 09:17:35,1
5279,5,October,2021,13641,1,2021:10:12 16:05:14,1
5280,5,May,2023,12110,1,2023:05:09 21:36:11,1
5281,4,April,2023,12256,1,2023:04:07 18:09:34,1
5282,1,November,2020,19203,1,2020:11:17 21:51:37,1
5283,3,January,2019,18249,1,2019:01:28 15:43:09,1
5284,3,October,2022,17131,1,2022:10:26 12:51:41,1
5285,1,April,2023,16665,1,2023:04:16 12:53:31,1
5286,3,May,2019,13116,1,2019:05:27 13:59:10,1
5287,5,September,2023,13418,1,2023:09:28 18:04:45,1
5288,2,December,2022,17754,1,2022:12:30 14:09:42,1
5289,2,April,2022,15837,1,2022:04:01 09:44:11,1
5290,4,April,2021,15325,1,2021:04:17 15:45:19,1
5291,4,April,2023,16454,1,2023:04:24 12:39:31,1
5292,4,July,2020,14051,1,2020:07:21 19:14:28,1
5293,5,November,2024,18828,1,2024:11:02 22:41:05,1
5294,1,March,2024,10091,1,2024:03:07 16:27:09,1
5295,3,July,2023,12756,1,2023:07:03 21:17:48,1
5296,1,November,2023,14204,1,2023:11:02 21:43:33,1
5297,1,December,2020,10062,1,2020:12:02 18:38:10,1
5298,1,September,2024,18330,1,2024:09:23 14:04:58,1
5299,1,July,2022,18548,1,2022:07:23 14:09:38,1
5300,5,July,2019,19979,1,2019:07:15 10:47:30,1
5301,3,March,2024,13821,1,2024:03:16 10:09:18,1
5302,2,November,2024,14652,1,2024:11:24 14:08:04,1
5303,4,September,2020,12239,1,2020:09:08 11:31:28,1
5304,3,March,2020,18395,1,2020:03:21 22:47:27,1
5305,5,November,2019,16120,1,2019:11:27 14:33:38,1
5306,1,May,2020,12170,1,2020:05:30 16:56:11,1
5307,1,January,2022,12767,1,2022:01:08 11:52:24,1
5308,5,June,2021,15770,1,2021:06:04 21:27:36,1
5309,1,September,2021,16670,1,2021:09:15 22:18:03,1
5310,5,May,2019,11097,1,2019:05:08 10:11:42,1
5311,3,October,2022,17627,1,2022:10:25 19:14:08,1
5312,5,August,2023,14118,1,2023:08:24 14:49:46,1
5313,5,March,2024,10153,1,2024:03:06 22:05:57,1
5314,5,June,2024,17818,1,2024:06:06 15:02:08,1
5315,4,February,2024,11521,1,2024:02:19 19:07:05,1
5316,5,August,2024,18752,1,2024:08:10 15:47:08,1
5317,5,July,2020,15066,1,2020:07:24 19:41:44,1
5318,2,February,2022,12598,1,2022:02:06 12:30:10,1
5319,3,October,2022,16366,1,2022:10:01 19:28:07,1
5320,2,July,2023,14048,1,2023:07:03 18:38:02,1
5321,3,May,2020,17936,1,2020:05:24 17:48:10,1
5322,3,May,2020,18040,1,2020:05:02 09:30:19,1
5323,1,October,2019,12282,1,2019:10:12 13:18:21,1
5324,1,August,2021,19030,1,2021:08:03 16:22:18,1
5325,2,April,2022,17847,1,2022:04:06 14:01:03,1
5326,3,September,2024,13273,1,2024:09:06 19:23:33,1
5327,5,June,2022,18664,1,2022:06:20 14:27:05,1
5328,1,October,2019,12912,1,2019:10:10 11:42:30,1
5329,1,May,2023,17143,1,2023:05:07 15:13:19,1
5330,4,May,2024,15974,1,2024:05:29 18:25:23,1
5331,4,March,2024,16045,1,2024:03:28 11:17:45,1
5332,5,March,2023,10915,1,2023:03:19 15:10:36,1
5333,3,May,2024,12242,1,2024:05:18 17:01:13,1
5334,3,June,2023,10086,1,2023:06:27 20:31:09,1
5335,1,December,2023,11887,1,2023:12:01 09:44:18,1
5336,4,May,2023,13313,1,2023:05:09 15:31:33,1
5337,1,January,2019,14832,1,2019:01:16 13:04:18,1
5338,5,February,2023,11666,1,2023:02:07 13:04:54,1
5339,2,April,2024,12196,1,2024:04:25 17:16:22,1
5340,3,September,2024,16734,1,2024:09:22 16:44:24,1
5341,4,December,2022,14599,1,2022:12:21 19:07:36,1
5342,3,October,2020,18985,1,2020:10:14 11:57:42,1
5343,3,January,2021,16537,1,2021:01:31 22:45:35,1
5344,3,January,2022,13021,1,2022:01:20 13:44:06,1
5345,2,May,2021,16837,1,2021:05:21 21:47:48,1
5346,1,January,2021,13788,1,2021:01:27 11:31:00,1
5347,1,July,2021,18094,1,2021:07:16 09:29:32,1
5348,5,August,2024,16993,1,2024:08:26 22:35:34,1
5349,4,April,2021,12223,1,2021:04:17 11:44:58,1
5350,1,July,2021,15423,1,2021:07:27 09:27:18,1
5351,3,February,2022,18019,1,2022:02:28 18:58:47,1
5352,1,April,2020,12876,1,2020:04:14 16:52:35,1
5353,3,January,2022,12942,1,2022:01:21 09:21:57,1
5354,2,June,2021,14374,1,2021:06:22 10:13:44,1
5355,4,January,2019,18489,1,2019:01:03 09:37:57,1
5356,3,August,2019,14675,1,2019:08:23 19:34:56,1
5357,4,July,2024,13599,1,2024:07:13 11:09:26,1
5358,3,April,2024,18793,1,2024:04:17 17:32:00,1
5359,2,December,2021,16588,1,2021:12:04 12:13:35,1
5360,2,May,2021,16458,1,2021:05:23 13:29:42,1
5361,2,September,2022,12704,1,2022:09:25 18:52:01,1
5362,4,September,2020,15485,1,2020:09:14 09:33:30,1
5363,2,September,2022,16592,1,2022:09:08 16:23:48,1
5364,1,September,2024,13279,1,2024:09:20 12:42:03,1
5365,4,August,2020,12650,1,2020:08:01 11:43:02,1
5366,3,October,2024,14421,1,2024:10:26 22:41:43,1
5367,4,November,2023,19055,1,2023:11:15 20:43:29,1
5368,1,August,2021,11362,1,2021:08:24 20:32:26,1
5369,3,December,2023,17850,1,2023:12:03 21:43:13,1
5370,1,May,2023,11479,1,2023:05:21 09:11:12,1
5371,2,January,2021,18917,1,2021:01:11 18:56:17,1
5372,1,December,2023,10913,1,2023:12:22 21:13:02,1
5373,2,March,2023,13338,1,2023:03:04 19:18:19,1
5374,4,June,2024,10709,1,2024:06:05 18:12:43,1
5375,3,February,2023,11391,1,2023:02:26 12:56:41,1
5376,1,May,2022,13714,1,2022:05:01 16:42:04,1
5377,3,July,2024,18048,1,2024:07:29 18:01:34,1
5378,1,August,2022,17900,1,2022:08:05 14:13:30,1
5379,2,June,2021,12321,1,2021:06:23 15:52:31,1
5380,1,June,2021,16382,1,2021:06:24 11:53:53,1
5381,1,November,2023,18160,1,2023:11:27 20:19:48,1
5382,1,March,2024,13294,1,2024:03:04 21:07:41,1
5383,4,December,2024,14429,1,2024:12:24 20:14:38,1
5384,4,April,2019,16567,1,2019:04:13 13:56:11,1
5385,5,August,2024,12571,1,2024:08:27 18:26:37,1
5386,4,September,2022,15877,1,2022:09:30 10:34:29,1
5387,3,November,2021,12521,1,2021:11:08 09:09:54,1
5388,3,January,2022,15132,1,2022:01:08 15:33:56,1
5389,2,March,2021,17338,1,2021:03:05 11:18:04,1
5390,3,October,2021,11805,1,2021:10:11 13:05:27,1
5391,5,September,2019,10544,1,2019:09:09 19:52:21,1
5392,2,June,2020,14844,1,2020:06:15 20:41:15,1
5393,1,August,2021,19976,1,2021:08:05 19:43:47,1
5394,1,July,2022,13485,1,2022:07:01 15:25:15,1
5395,1,December,2022,19147,1,2022:12:20 21:19:44,1
5396,4,September,2021,16351,1,2021:09:03 14:34:14,1
5397,3,December,2021,10888,1,2021:12:27 12:51:15,1
5398,4,July,2021,19671,1,2021:07:23 19:47:43,1
5399,5,April,2023,11179,1,2023:04:12 13:27:18,1
5400,1,September,2022,12279,1,2022:09:20 16:53:46,1
5401,4,April,2021,11470,1,2021:04:15 11:55:03,1
5402,3,December,2020,10622,1,2020:12:20 21:25:35,1
5403,5,December,2023,18993,1,2023:12:06 11:06:09,1
5404,2,December,2019,16884,1,2019:12:01 12:12:34,1
5405,2,September,2021,19887,1,2021:09:02 19:23:07,1
5406,5,February,2023,12461,1,2023:02:03 17:20:28,1
5407,1,April,2019,19853,1,2019:04:13 13:40:55,1
5408,1,July,2024,19929,1,2024:07:30 20:43:27,1
5409,5,August,2021,14673,1,2021:08:09 11:24:17,1
5410,5,October,2019,19589,1,2019:10:23 09:12:26,1
5411,5,March,2024,13103,1,2024:03:22 20:26:28,1
5412,5,June,2020,11752,1,2020:06:29 11:53:57,1
5413,4,April,2022,17195,1,2022:04:26 15:41:59,1
5414,1,July,2023,11895,1,2023:07:18 15:55:15,1
5415,4,July,2024,10360,1,2024:07:19 17:39:55,1
5416,5,May,2020,16775,1,2020:05:08 15:10:32,1
5417,2,December,2024,19761,1,2024:12:28 11:53:10,1
5418,3,February,2021,18536,1,2021:02:14 15:21:33,1
5419,3,July,2024,11552,1,2024:07:01 18:53:54,1
5420,1,November,2019,13661,1,2019:11:05 14:05:13,1
5421,2,December,2021,16869,1,2021:12:26 20:34:52,1
5422,5,September,2021,11807,1,2021:09:21 21:29:54,1
5423,3,December,2023,13659,1,2023:12:09 22:21:06,1
5424,1,October,2019,16373,1,2019:10:21 18:03:04,1
5425,3,August,2024,19275,1,2024:08:30 22:54:51,1
5426,5,August,2024,16731,1,2024:08:02 09:08:37,1
5427,1,December,2019,12223,1,2019:12:21 20:23:17,1
5428,2,December,2019,16358,1,2019:12:28 16:48:19,1
5429,5,December,2022,15067,1,2022:12:20 14:41:26,1
5430,2,June,2020,19465,1,2020:06:29 16:50:54,1
5431,4,September,2022,19031,1,2022:09:11 14:48:00,1
5432,2,May,2022,17816,1,2022:05:29 13:28:19,1
5433,4,November,2023,11558,1,2023:11:26 15:55:40,1
5434,4,November,2024,11783,1,2024:11:05 14:57:54,1
5435,4,August,2021,15340,1,2021:08:05 09:51:08,1
5436,2,February,2022,18727,1,2022:02:16 09:59:03,1
5437,5,May,2021,14810,1,2021:05:20 11:34:26,1
5438,1,January,2023,16933,1,2023:01:20 09:35:57,1
5439,2,May,2023,16366,1,2023:05:23 10:23:50,1
5440,3,June,2019,16842,1,2019:06:24 20:47:48,1
5441,4,February,2020,10214,1,2020:02:27 20:36:26,1
5442,5,July,2020,15615,1,2020:07:06 18:01:15,1
5443,1,January,2022,14276,1,2022:01:09 11:20:14,1
5444,3,August,2021,19790,1,2021:08:08 14:31:10,1
5445,2,November,2019,16465,1,2019:11:29 09:22:54,1
5446,3,February,2019,13295,1,2019:02:27 15:48:59,1
5447,3,November,2020,12076,1,2020:11:29 15:49:08,1
5448,1,September,2020,19285,1,2020:09:22 09:50:49,1
5449,5,December,2024,19681,1,2024:12:06 12:46:47,1
5450,4,September,2020,11102,1,2020:09:29 12:46:04,1
5451,1,November,2019,15877,1,2019:11:07 18:24:04,1
5452,4,May,2022,15242,1,2022:05:29 17:40:13,1
5453,3,May,2022,19100,1,2022:05:27 09:25:37,1
5454,5,January,2021,13066,1,2021:01:28 12:15:52,1
5455,2,August,2024,18156,1,2024:08:22 20:19:18,1
5456,4,March,2022,12616,1,2022:03:24 20:04:26,1
5457,2,April,2019,18374,1,2019:04:25 14:05:25,1
5458,2,September,2020,13933,1,2020:09:13 19:24:33,1
5459,5,February,2024,11686,1,2024:02:29 15:30:42,1
5460,2,November,2019,11510,1,2019:11:25 09:54:33,1
5461,3,September,2019,19903,1,2019:09:01 20:38:12,1
5462,1,September,2023,17054,1,2023:09:27 22:53:51,1
5463,2,February,2022,11114,1,2022:02:05 11:20:10,1
5464,1,December,2023,13292,1,2023:12:10 16:35:55,1
5465,2,October,2021,18608,1,2021:10:15 10:14:21,1
5466,3,November,2024,18957,1,2024:11:07 15:46:12,1
5467,1,October,2024,17305,1,2024:10:26 20:30:13,1
5468,4,September,2024,19471,1,2024:09:22 11:52:43,1
5469,5,November,2023,12156,1,2023:11:03 11:47:00,1
5470,3,September,2023,13774,1,2023:09:03 22:18:13,1
5471,3,November,2023,13005,1,2023:11:17 17:18:11,1
5472,2,July,2020,13626,1,2020:07:25 18:52:02,1
5473,2,February,2021,19832,1,2021:02:18 13:47:41,1
5474,3,March,2022,18513,1,2022:03:02 10:54:48,1
5475,3,July,2024,14792,1,2024:07:24 20:25:24,1
5476,4,September,2024,12483,1,2024:09:18 10:12:37,1
5477,5,February,2020,13364,1,2020:02:29 13:44:50,1
5478,3,July,2024,16308,1,2024:07:02 12:04:46,1
5479,2,August,2019,17397,1,2019:08:15 22:39:36,1
5480,3,April,2020,14939,1,2020:04:24 15:15:29,1
5481,5,April,2021,17365,1,2021:04:19 15:10:55,1
5482,2,May,2020,15843,1,2020:05:04 13:39:52,1
5483,5,December,2022,16437,1,2022:12:11 21:50:56,1
5484,2,July,2021,11843,1,2021:07:05 18:58:26,1
5485,5,December,2019,18982,1,2019:12:20 13:08:26,1
5486,5,June,2024,15415,1,2024:06:11 22:11:23,1
5487,2,July,2023,18608,1,2023:07:18 10:54:04,1
5488,1,April,2022,18965,1,2022:04:18 09:39:48,1
5489,5,August,2022,16571,1,2022:08:30 14:25:17,1
5490,5,July,2022,11390,1,2022:07:01 09:38:37,1
5491,3,August,2022,17914,1,2022:08:10 17:28:23,1
5492,1,August,2023,10177,1,2023:08:16 18:41:08,1
5493,3,March,2021,10320,1,2021:03:04 19:58:27,1
5494,1,December,2024,19456,1,2024:12:05 20:14:38,1
5495,4,April,2020,11051,1,2020:04:24 11:45:11,1
5496,3,June,2023,14828,1,2023:06:14 14:12:42,1
5497,4,February,2019,14749,1,2019:02:06 20:47:31,1
5498,5,September,2023,17188,1,2023:09:27 12:22:51,1
5499,4,March,2023,18666,1,2023:03:21 15:08:57,1
5500,4,October,2020,11174,1,2020:10:08 16:20:54,1
5501,4,February,2022,15056,1,2022:02:15 21:55:24,1
5502,2,August,2022,13608,1,2022:08:23 13:30:48,1
5503,5,November,2021,10605,1,2021:11:11 09:54:15,1
5504,2,March,2024,10738,1,2024:03:27 22:34:29,1
5505,2,April,2024,14880,1,2024:04:13 11:13:04,1
5506,5,July,2024,10731,1,2024:07:28 13:44:16,1
5507,5,February,2022,17309,1,2022:02:09 13:56:54,1
5508,5,July,2024,11220,1,2024:07:16 22:00:58,1
5509,3,June,2021,19105,1,2021:06:08 21:28:56,1
5510,3,November,2022,19187,1,2022:11:27 17:39:37,1
5511,1,February,2023,11702,1,2023:02:16 21:38:04,1
5512,2,March,2019,12024,1,2019:03:15 11:00:14,1
5513,3,July,2024,14256,1,2024:07:11 21:06:02,1
5514,4,December,2020,16269,1,2020:12:15 11:44:38,1
5515,5,June,2020,16117,1,2020:06:27 20:13:58,1
5516,2,March,2022,19875,1,2022:03:29 10:31:27,1
5517,4,September,2022,10805,1,2022:09:12 09:00:56,1
5518,4,July,2021,14998,1,2021:07:09 13:09:53,1
5519,5,July,2019,15316,1,2019:07:05 15:45:21,1
5520,1,July,2021,15655,1,2021:07:15 18:56:05,1
5521,5,June,2024,16049,1,2024:06:13 21:51:48,1
5522,5,October,2024,19577,1,2024:10:12 22:15:20,1
5523,3,July,2021,17552,1,2021:07:29 09:09:12,1
5524,5,May,2022,18287,1,2022:05:25 21:40:33,1
5525,3,July,2019,14303,1,2019:07:09 15:27:56,1
5526,2,June,2021,15692,1,2021:06:02 14:40:51,1
5527,3,December,2024,11919,1,2024:12:10 10:00:12,1
5528,3,May,2022,19861,1,2022:05:24 19:00:30,1
5529,4,May,2021,19857,1,2021:05:31 18:50:44,1
5530,4,November,2022,17511,1,2022:11:16 10:55:46,1
5531,1,April,2021,17769,1,2021:04:09 13:33:08,1
5532,3,February,2022,18918,1,2022:02:16 13:10:50,1
5533,1,March,2024,12442,1,2024:03:17 20:47:20,1
5534,3,October,2019,18592,1,2019:10:01 10:12:09,1
5535,5,March,2020,16231,1,2020:03:24 09:26:55,1
5536,3,October,2020,12428,1,2020:10:26 19:56:10,1
5537,1,February,2019,17768,1,2019:02:14 12:55:20,1
5538,5,March,2024,13734,1,2024:03:13 22:12:55,1
5539,5,May,2024,10326,1,2024:05:09 19:57:16,1
5540,5,April,2021,17275,1,2021:04:20 15:21:29,1
5541,2,March,2020,19696,1,2020:03:10 17:10:09,1
5542,3,February,2023,14428,1,2023:02:13 09:40:55,1
5543,3,May,2019,16694,1,2019:05:22 16:03:48,1
5544,4,October,2023,19491,1,2023:10:14 20:33:16,1
5545,3,August,2019,14542,1,2019:08:15 13:51:01,1
5546,3,December,2024,12741,1,2024:12:17 22:11:15,1
5547,2,December,2021,15800,1,2021:12:26 15:47:25,1
5548,2,January,2024,11164,1,2024:01:05 22:43:46,1
5549,2,May,2020,19804,1,2020:05:24 20:27:13,1
5550,1,June,2020,10279,1,2020:06:03 11:27:53,1
5551,3,January,2022,16438,1,2022:01:13 15:03:20,1
5552,4,August,2020,15826,1,2020:08:09 13:13:50,1
5553,5,December,2022,19397,1,2022:12:07 21:07:49,1
5554,1,January,2023,11910,1,2023:01:20 14:32:43,1
5555,3,May,2020,10740,1,2020:05:28 17:24:09,1
5556,5,July,2024,13312,1,2024:07:26 16:36:43,1
5557,2,March,2021,17016,1,2021:03:04 16:23:17,1
5558,5,August,2020,12667,1,2020:08:04 13:49:13,1
5559,3,April,2021,18126,1,2021:04:08 16:30:02,1
5560,3,February,2020,17541,1,2020:02:03 20:23:46,1
5561,3,January,2021,18149,1,2021:01:20 14:48:34,1
5562,1,February,2022,10465,1,2022:02:12 19:42:56,1
5563,1,February,2024,15733,1,2024:02:23 15:19:44,1
5564,2,September,2024,11294,1,2024:09:05 20:17:37,1
5565,2,March,2024,19895,1,2024:03:11 13:37:09,1
5566,1,June,2021,19726,1,2021:06:23 19:36:41,1
5567,3,November,2019,14756,1,2019:11:15 13:28:16,1
5568,2,August,2019,14180,1,2019:08:25 13:27:03,1
5569,4,August,2019,11564,1,2019:08:19 18:44:43,1
5570,3,December,2022,12777,1,2022:12:17 18:43:18,1
5571,1,September,2023,11420,1,2023:09:22 09:37:48,1
5572,5,November,2022,14481,1,2022:11:06 22:09:22,1
5573,4,October,2020,15254,1,2020:10:29 12:47:03,1
5574,5,October,2020,15068,1,2020:10:07 09:43:59,1
5575,2,August,2019,12101,1,2019:08:08 17:37:47,1
5576,2,June,2023,17310,1,2023:06:30 21:22:54,1
5577,3,November,2023,14553,1,2023:11:20 15:54:18,1
5578,2,February,2020,19567,1,2020:02:05 16:49:05,1
5579,4,April,2022,15356,1,2022:04:23 20:38:19,1
5580,2,July,2022,15906,1,2022:07:20 16:25:34,1
5581,5,November,2020,19558,1,2020:11:02 09:35:40,1
5582,4,August,2022,15821,1,2022:08:30 18:42:57,1
5583,5,August,2022,12969,1,2022:08:29 21:27:37,1
5584,2,July,2023,11671,1,2023:07:08 13:43:08,1
5585,3,April,2020,12962,1,2020:04:21 15:53:25,1
5586,5,March,2020,15032,1,2020:03:14 09:23:58,1
5587,3,January,2020,13722,1,2020:01:09 22:41:41,1
5588,5,May,2023,11012,1,2023:05:21 15:05:19,1
5589,4,September,2021,17673,1,2021:09:08 21:30:43,1
5590,2,February,2019,17820,1,2019:02:07 19:52:50,1
5591,2,August,2020,17942,1,2020:08:04 20:53:25,1
5592,4,March,2024,13602,1,2024:03:24 15:36:24,1
5593,4,October,2024,19173,1,2024:10:11 15:54:05,1
5594,5,May,2024,19574,1,2024:05:22 10:49:35,1
5595,4,January,2020,16783,1,2020:01:30 21:02:56,1
5596,2,April,2021,12883,1,2021:04:04 11:24:52,1
5597,4,October,2024,15749,1,2024:10:18 16:26:50,1
5598,2,March,2023,10701,1,2023:03:06 15:42:59,1
5599,1,June,2020,16725,1,2020:06:26 16:57:59,1
5600,4,August,2022,14106,1,2022:08:16 19:46:49,1
5601,4,February,2024,11812,1,2024:02:20 15:13:26,1
5602,5,October,2023,14013,1,2023:10:18 13:16:12,1
5603,2,July,2020,10331,1,2020:07:27 22:16:37,1
5604,5,September,2020,16509,1,2020:09:02 16:01:56,1
5605,4,September,2021,16098,1,2021:09:30 09:18:10,1
5606,4,July,2020,18863,1,2020:07:19 17:32:24,1
5607,4,February,2022,18538,1,2022:02:06 16:23:54,1
5608,5,July,2023,19417,1,2023:07:06 14:36:34,1
5609,5,January,2020,15639,1,2020:01:17 11:36:30,1
5610,4,August,2019,14688,1,2019:08:15 12:54:44,1
5611,3,March,2019,15627,1,2019:03:27 20:30:26,1
5612,3,July,2023,14431,1,2023:07:10 13:18:19,1
5613,4,September,2020,10612,1,2020:09:09 10:20:55,1
5614,1,May,2021,12584,1,2021:05:02 22:35:42,1
5615,3,April,2021,15437,1,2021:04:03 19:12:36,1
5616,5,September,2024,12536,1,2024:09:08 16:14:07,1
5617,4,June,2023,18016,1,2023:06:22 18:32:20,1
5618,5,October,2024,14271,1,2024:10:25 09:31:15,1
5619,5,May,2023,18688,1,2023:05:30 13:32:55,1
5620,1,May,2024,18657,1,2024:05:22 22:06:38,1
5621,2,September,2019,16250,1,2019:09:27 18:43:55,1
5622,5,September,2021,16644,1,2021:09:01 09:25:45,1
5623,4,June,2022,11316,1,2022:06:18 14:49:20,1
5624,5,January,2019,19561,1,2019:01:14 20:54:32,1
5625,2,March,2022,16241,1,2022:03:16 18:27:18,1
5626,1,March,2020,12162,1,2020:03:12 18:39:37,1
5627,3,September,2021,11845,1,2021:09:06 21:28:45,1
5628,4,February,2024,15165,1,2024:02:11 12:00:45,1
5629,2,January,2024,12397,1,2024:01:07 18:07:44,1
5630,3,August,2024,10320,1,2024:08:03 22:54:36,1
5631,2,November,2021,16592,1,2021:11:27 12:02:36,1
5632,2,July,2019,11234,1,2019:07:22 09:11:51,1
5633,5,December,2023,10849,1,2023:12:05 17:41:34,1
5634,1,August,2023,14661,1,2023:08:17 16:56:02,1
5635,3,June,2023,15384,1,2023:06:01 14:14:56,1
5636,2,November,2024,19546,1,2024:11:01 20:03:40,1
5637,1,October,2022,19018,1,2022:10:28 11:52:28,1
5638,5,May,2022,19652,1,2022:05:11 10:25:37,1
5639,4,June,2019,12176,1,2019:06:29 21:43:43,1
5640,3,July,2023,14122,1,2023:07:25 20:40:54,1
5641,3,October,2023,11173,1,2023:10:09 20:46:10,1
5642,3,June,2024,10116,1,2024:06:05 09:18:00,1
5643,4,June,2021,10716,1,2021:06:01 11:45:28,1
5644,2,February,2023,12101,1,2023:02:24 13:02:11,1
5645,1,December,2024,16741,1,2024:12:02 20:11:34,1
5646,1,February,2022,17706,1,2022:02:17 09:28:23,1
5647,4,November,2019,13916,1,2019:11:06 09:45:17,1
5648,5,August,2023,12161,1,2023:08:06 21:44:27,1
5649,2,July,2022,14869,1,2022:07:20 10:51:58,1
5650,1,October,2024,12806,1,2024:10:24 11:06:54,1
5651,5,September,2024,12775,1,2024:09:25 15:44:17,1
5652,1,March,2019,13069,1,2019:03:08 14:45:19,1
5653,5,July,2019,13232,1,2019:07:16 10:08:51,1
5654,3,November,2021,11214,1,2021:11:22 17:48:35,1
5655,3,December,2020,12661,1,2020:12:30 19:00:18,1
5656,2,March,2020,14957,1,2020:03:23 17:17:59,1
5657,1,March,2019,19840,1,2019:03:31 10:37:33,1
5658,2,February,2024,11805,1,2024:02:12 21:59:18,1
5659,4,February,2022,19443,1,2022:02:10 17:33:00,1
5660,2,November,2024,12858,1,2024:11:06 16:21:01,1
5661,1,July,2019,16610,1,2019:07:15 13:27:29,1
5662,4,November,2019,16637,1,2019:11:08 22:40:24,1
5663,3,June,2024,16661,1,2024:06:20 22:57:20,1
5664,4,June,2023,11363,1,2023:06:21 11:47:01,1
5665,1,August,2024,12228,1,2024:08:13 20:57:24,1
5666,2,June,2021,15567,1,2021:06:26 20:24:52,1
5667,5,September,2019,11364,1,2019:09:04 21:55:43,1
5668,1,March,2019,19308,1,2019:03:10 20:29:24,1
5669,1,April,2024,15400,1,2024:04:17 11:47:14,1
5670,3,July,2022,14608,1,2022:07:12 21:35:13,1
5671,5,February,2021,16923,1,2021:02:08 11:25:54,1
5672,1,October,2019,19594,1,2019:10:10 21:34:51,1
5673,4,November,2022,12104,1,2022:11:14 18:51:33,1
5674,5,August,2020,15561,1,2020:08:06 20:38:51,1
5675,5,November,2020,18416,1,2020:11:13 17:25:12,1
5676,1,March,2022,16670,1,2022:03:05 14:29:14,1
5677,3,May,2021,12482,1,2021:05:03 12:36:38,1
5678,3,April,2021,12102,1,2021:04:29 17:03:47,1
5679,5,May,2020,10048,1,2020:05:12 09:02:01,1
5680,1,February,2022,10693,1,2022:02:16 19:57:27,1
5681,5,February,2021,11479,1,2021:02:12 20:02:28,1
5682,1,January,2020,15861,1,2020:01:03 18:47:39,1
5683,3,December,2021,15188,1,2021:12:04 11:10:39,1
5684,1,February,2023,13669,1,2023:02:20 20:30:02,1
5685,3,September,2020,10703,1,2020:09:14 10:21:29,1
5686,1,March,2020,17098,1,2020:03:05 09:22:39,1
5687,2,May,2022,11074,1,2022:05:26 11:50:21,1
5688,4,June,2023,13681,1,2023:06:10 19:13:50,1
5689,5,January,2023,17433,1,2023:01:14 12:05:05,1
5690,1,May,2019,10266,1,2019:05:07 17:36:12,1
5691,3,April,2022,16368,1,2022:04:21 18:00:34,1
5692,3,May,2023,12032,1,2023:05:15 22:15:08,1
5693,2,October,2023,18708,1,2023:10:28 19:13:39,1
5694,5,September,2024,14366,1,2024:09:06 11:14:58,1
5695,4,January,2022,12750,1,2022:01:09 13:39:59,1
5696,4,November,2019,18474,1,2019:11:22 22:26:25,1
5697,3,May,2021,18442,1,2021:05:31 16:08:16,1
5698,3,December,2024,12671,1,2024:12:28 19:31:39,1
5699,1,December,2020,16122,1,2020:12:30 21:37:52,1
5700,5,September,2024,10925,1,2024:09:19 21:04:23,1
5701,1,January,2023,11903,1,2023:01:19 20:46:35,1
5702,1,March,2020,11644,1,2020:03:29 17:40:58,1
5703,3,June,2021,17008,1,2021:06:26 11:37:12,1
5704,2,November,2020,15967,1,2020:11:22 14:05:59,1
5705,4,December,2021,12417,1,2021:12:07 22:28:39,1
5706,1,May,2023,13352,1,2023:05:07 18:10:27,1
5707,3,February,2024,16355,1,2024:02:29 10:45:15,1
5708,4,January,2019,13806,1,2019:01:09 17:02:00,1
5709,3,August,2022,15990,1,2022:08:26 11:20:16,1
5710,3,June,2019,11808,1,2019:06:02 15:09:44,1
5711,5,November,2024,18884,1,2024:11:21 20:15:14,1
5712,1,April,2022,19239,1,2022:04:19 22:45:24,1
5713,2,August,2023,15153,1,2023:08:20 13:07:12,1
5714,2,March,2022,17843,1,2022:03:27 09:37:48,1
5715,3,July,2020,15957,1,2020:07:15 16:05:25,1
5716,5,February,2022,14118,1,2022:02:10 21:13:20,1
5717,5,August,2019,15229,1,2019:08:25 09:54:00,1
5718,4,September,2024,17833,1,2024:09:17 14:43:46,1
5719,2,July,2019,19553,1,2019:07:17 09:16:24,1
5720,2,August,2020,16177,1,2020:08:13 22:02:39,1
5721,1,January,2020,19423,1,2020:01:07 22:52:43,1
5722,4,January,2023,13049,1,2023:01:13 18:04:48,1
5723,2,April,2023,11708,1,2023:04:26 18:33:29,1
5724,3,July,2021,10812,1,2021:07:06 11:47:54,1
5725,2,September,2020,17229,1,2020:09:27 15:54:02,1
5726,3,October,2024,10859,1,2024:10:06 19:36:13,1
5727,1,December,2019,18171,1,2019:12:04 20:28:26,1
5728,4,November,2019,13610,1,2019:11:05 11:13:18,1
5729,4,June,2023,18561,1,2023:06:24 11:32:08,1
5730,2,February,2021,15078,1,2021:02:20 09:14:56,1
5731,3,October,2024,18455,1,2024:10:21 12:08:52,1
5732,3,September,2024,15905,1,2024:09:24 13:13:59,1
5733,3,May,2023,11305,1,2023:05:13 21:28:32,1
5734,4,October,2020,17364,1,2020:10:26 14:32:39,1
5735,1,November,2019,18537,1,2019:11:05 12:11:13,1
5736,1,February,2023,10498,1,2023:02:25 16:42:47,1
5737,1,June,2023,15272,1,2023:06:08 20:53:59,1
5738,1,June,2023,17415,1,2023:06:05 22:05:52,1
5739,4,September,2024,11111,1,2024:09:08 15:27:05,1
5740,2,February,2023,18981,1,2023:02:15 15:18:00,1
5741,3,April,2021,14992,1,2021:04:16 17:07:32,1
5742,4,March,2022,11731,1,2022:03:16 17:56:58,1
5743,5,September,2020,10261,1,2020:09:29 14:41:48,1
5744,2,September,2021,10637,1,2021:09:19 18:15:04,1
5745,5,October,2019,17028,1,2019:10:09 09:18:35,1
5746,4,October,2022,18511,1,2022:10:31 20:41:21,1
5747,1,November,2021,15878,1,2021:11:03 14:40:58,1
5748,5,October,2019,19915,1,2019:10:11 16:40:00,1
5749,5,July,2019,14347,1,2019:07:10 09:23:34,1
5750,5,June,2024,19750,1,2024:06:26 20:14:03,1
5751,1,June,2023,11263,1,2023:06:09 09:31:07,1
5752,1,September,2024,10714,1,2024:09:25 18:39:52,1
5753,2,December,2021,14458,1,2021:12:04 19:34:47,1
5754,1,November,2023,13568,1,2023:11:25 22:21:13,1
5755,4,January,2023,13028,1,2023:01:02 16:34:05,1
5756,4,December,2020,15587,1,2020:12:27 15:34:43,1
5757,3,April,2021,12760,1,2021:04:15 15:03:57,1
5758,4,February,2021,17641,1,2021:02:26 13:10:01,1
5759,3,February,2021,17571,1,2021:02:06 13:53:32,1
5760,2,October,2020,18062,1,2020:10:01 11:14:09,1
5761,5,September,2019,15192,1,2019:09:09 18:05:28,1
5762,1,October,2021,12566,1,2021:10:30 16:51:01,1
5763,3,March,2023,10125,1,2023:03:08 22:43:44,1
5764,5,March,2020,13359,1,2020:03:21 20:38:54,1
5765,3,November,2020,18305,1,2020:11:15 14:09:24,1
5766,2,January,2020,19154,1,2020:01:09 17:11:55,1
5767,5,September,2022,17700,1,2022:09:28 22:42:48,1
5768,4,January,2019,18087,1,2019:01:17 09:32:31,1
5769,3,March,2023,19025,1,2023:03:05 19:30:28,1
5770,5,March,2019,18995,1,2019:03:20 18:49:30,1
5771,5,August,2024,11215,1,2024:08:29 11:50:37,1
5772,4,September,2022,15833,1,2022:09:28 18:28:16,1
5773,3,April,2024,17375,1,2024:04:15 16:20:04,1
5774,4,July,2024,17811,1,2024:07:24 14:10:43,1
5775,2,May,2021,18350,1,2021:05:17 20:56:16,1
5776,3,October,2021,18074,1,2021:10:29 21:40:10,1
5777,4,April,2021,15041,1,2021:04:24 20:23:32,1
5778,3,March,2021,16518,1,2021:03:07 19:11:12,1
5779,4,March,2022,17353,1,2022:03:24 13:37:31,1
5780,3,November,2021,19755,1,2021:11:18 14:37:10,1
5781,5,November,2021,19574,1,2021:11:04 16:39:20,1
5782,4,July,2023,14146,1,2023:07:01 17:56:23,1
5783,1,November,2021,15764,1,2021:11:16 18:27:49,1
5784,5,November,2019,16369,1,2019:11:25 19:34:11,1
5785,5,October,2022,19073,1,2022:10:08 21:16:41,1
5786,3,March,2019,17335,1,2019:03:12 10:39:06,1
5787,4,January,2020,13806,1,2020:01:14 15:00:12,1
5788,3,January,2021,19235,1,2021:01:14 18:50:01,1
5789,3,October,2021,17540,1,2021:10:28 19:46:48,1
5790,2,February,2022,16138,1,2022:02:04 17:47:40,1
5791,4,March,2019,15866,1,2019:03:06 10:27:07,1
5792,4,May,2022,19788,1,2022:05:17 09:20:37,1
5793,2,September,2019,13556,1,2019:09:03 18:27:25,1
5794,3,August,2023,12372,1,2023:08:28 13:08:31,1
5795,5,November,2020,16903,1,2020:11:01 13:37:52,1
5796,3,April,2024,18241,1,2024:04:16 11:59:32,1
5797,3,February,2024,10584,1,2024:02:25 12:00:05,1
5798,1,April,2020,16202,1,2020:04:05 12:42:15,1
5799,3,January,2021,19069,1,2021:01:14 21:56:29,1
5800,4,February,2020,13748,1,2020:02:20 21:19:10,1
5801,4,November,2022,17917,1,2022:11:01 10:05:43,1
5802,1,December,2020,16913,1,2020:12:07 15:54:57,1
5803,5,June,2020,10882,1,2020:06:10 19:23:59,1
5804,2,July,2019,14555,1,2019:07:01 17:14:05,1
5805,1,March,2021,10512,1,2021:03:12 09:57:46,1
5806,2,August,2024,19840,1,2024:08:28 09:36:09,1
5807,2,May,2019,13016,1,2019:05:13 13:28:32,1
5808,2,February,2024,18404,1,2024:02:08 13:45:28,1
5809,5,May,2024,16813,1,2024:05:17 12:02:03,1
5810,4,March,2024,15263,1,2024:03:20 12:46:23,1
5811,2,February,2019,15193,1,2019:02:18 16:05:27,1
5812,4,May,2019,17024,1,2019:05:12 16:57:55,1
5813,3,January,2022,11851,1,2022:01:05 17:07:35,1
5814,4,November,2021,19933,1,2021:11:25 19:47:07,1
5815,5,January,2024,17274,1,2024:01:30 21:30:09,1
5816,3,November,2022,16307,1,2022:11:11 16:13:30,1
5817,3,May,2023,15213,1,2023:05:25 09:22:30,1
5818,2,March,2021,10053,1,2021:03:05 09:05:12,1
5819,5,December,2021,19182,1,2021:12:23 16:05:41,1
5820,1,December,2020,12583,1,2020:12:20 21:38:28,1
5821,4,October,2023,19162,1,2023:10:07 13:10:59,1
5822,3,November,2020,12975,1,2020:11:01 13:23:14,1
5823,2,February,2024,11069,1,2024:02:12 12:46:32,1
5824,2,December,2022,12890,1,2022:12:07 16:54:29,1
5825,2,April,2021,19081,1,2021:04:02 10:36:19,1
5826,5,November,2022,14418,1,2022:11:22 16:56:59,1
5827,1,August,2024,18411,1,2024:08:26 14:28:15,1
5828,1,April,2023,16943,1,2023:04:17 12:28:07,1
5829,3,December,2023,17222,1,2023:12:01 18:28:35,1
5830,4,October,2024,17372,1,2024:10:17 14:58:49,1
5831,1,August,2023,11872,1,2023:08:30 15:41:44,1
5832,4,April,2019,11760,1,2019:04:22 16:06:45,1
5833,1,December,2020,17444,1,2020:12:13 10:27:12,1
5834,4,August,2023,17810,1,2023:08:17 09:50:07,1
5835,4,May,2021,15987,1,2021:05:17 17:44:14,1
5836,5,December,2020,10035,1,2020:12:01 10:56:20,1
5837,2,May,2020,18428,1,2020:05:07 22:48:12,1
5838,4,June,2023,11132,1,2023:06:01 11:20:11,1
5839,4,December,2019,16580,1,2019:12:01 21:54:01,1
5840,2,September,2023,16530,1,2023:09:01 12:09:49,1
5841,3,September,2023,19294,1,2023:09:26 12:36:49,1
5842,5,December,2021,10780,1,2021:12:27 21:44:23,1
5843,5,November,2022,14336,1,2022:11:03 18:32:52,1
5844,4,January,2021,10867,1,2021:01:04 13:26:29,1
5845,5,March,2024,16310,1,2024:03:15 22:47:06,1
5846,4,June,2024,11434,1,2024:06:09 14:06:27,1
5847,3,December,2022,19196,1,2022:12:07 13:54:37,1
5848,1,July,2020,14897,1,2020:07:13 10:06:11,1
5849,5,December,2019,12043,1,2019:12:21 19:48:22,1
5850,5,August,2021,12346,1,2021:08:24 15:41:11,1
5851,2,December,2022,19620,1,2022:12:21 14:10:50,1
5852,2,June,2024,16476,1,2024:06:29 11:28:26,1
5853,3,June,2024,15815,1,2024:06:24 13:31:43,1
5854,4,November,2021,13588,1,2021:11:08 11:06:43,1
5855,2,March,2023,17667,1,2023:03:13 17:07:54,1
5856,5,May,2019,13207,1,2019:05:06 16:33:32,1
5857,2,August,2024,15831,1,2024:08:29 14:06:28,1
5858,1,April,2023,12370,1,2023:04:23 11:36:47,1
5859,2,April,2020,11224,1,2020:04:25 14:22:31,1
5860,5,June,2021,18657,1,2021:06:23 09:19:18,1
5861,1,December,2021,11997,1,2021:12:22 20:02:50,1
5862,5,July,2023,11215,1,2023:07:30 15:43:04,1
5863,5,February,2019,19409,1,2019:02:05 12:04:11,1
5864,1,September,2023,18117,1,2023:09:18 16:40:50,1
5865,2,August,2023,16086,1,2023:08:01 11:03:13,1
5866,5,February,2021,18335,1,2021:02:08 19:37:01,1
5867,5,October,2019,17870,1,2019:10:12 20:59:30,1
5868,2,July,2019,12961,1,2019:07:07 16:59:56,1
5869,1,June,2023,12201,1,2023:06:11 13:53:57,1
5870,3,February,2020,15714,1,2020:02:07 19:13:04,1
5871,1,July,2019,17050,1,2019:07:03 10:02:10,1
5872,4,December,2023,13655,1,2023:12:08 16:50:18,1
5873,4,February,2019,13892,1,2019:02:21 09:21:49,1
5874,4,December,2024,17368,1,2024:12:18 16:03:10,1
5875,4,February,2024,18142,1,2024:02:26 19:13:44,1
5876,5,May,2021,16889,1,2021:05:16 12:01:05,1
5877,4,June,2019,18506,1,2019:06:09 12:29:58,1
5878,1,March,2021,14296,1,2021:03:01 17:45:58,1
5879,3,March,2020,15076,1,2020:03:14 12:56:41,1
5880,5,July,2020,18330,1,2020:07:03 22:54:37,1
5881,3,September,2019,19342,1,2019:09:13 21:18:07,1
5882,4,August,2019,19368,1,2019:08:05 14:27:32,1
5883,4,February,2024,17189,1,2024:02:06 15:25:29,1
5884,2,January,2020,13085,1,2020:01:14 19:00:18,1
5885,3,October,2023,13643,1,2023:10:15 19:16:24,1
5886,1,February,2020,18932,1,2020:02:23 15:49:09,1
5887,4,October,2023,15410,1,2023:10:12 09:53:14,1
5888,1,September,2024,13770,1,2024:09:02 21:16:50,1
5889,1,March,2022,19991,1,2022:03:01 22:37:19,1
5890,3,November,2024,12459,1,2024:11:14 18:41:41,1
5891,1,January,2021,17371,1,2021:01:13 21:15:04,1
5892,2,November,2021,12719,1,2021:11:05 22:31:57,1
5893,5,May,2023,11308,1,2023:05:30 21:49:39,1
5894,3,March,2021,11112,1,2021:03:04 14:01:29,1
5895,1,December,2021,19231,1,2021:12:04 16:08:19,1
5896,2,April,2022,14187,1,2022:04:17 15:56:56,1
5897,3,April,2021,13475,1,2021:04:09 15:04:20,1
5898,3,July,2022,15382,1,2022:07:07 12:52:52,1
5899,3,November,2024,13549,1,2024:11:19 21:29:32,1
5900,4,May,2019,16802,1,2019:05:24 17:49:19,1
5901,5,April,2021,15332,1,2021:04:16 10:35:28,1
5902,4,November,2020,13054,1,2020:11:08 16:41:01,1
5903,5,January,2023,17352,1,2023:01:10 09:01:47,1
5904,1,June,2022,14566,1,2022:06:11 12:22:28,1
5905,4,December,2024,16953,1,2024:12:13 18:52:37,1
5906,1,April,2021,13055,1,2021:04:16 19:46:53,1
5907,5,August,2024,15081,1,2024:08:18 21:04:53,1
5908,1,October,2024,18442,1,2024:10:25 20:24:22,1
5909,5,January,2020,16909,1,2020:01:01 18:10:22,1
5910,1,February,2021,15507,1,2021:02:18 21:54:47,1
5911,5,July,2022,16537,1,2022:07:29 09:53:25,1
5912,4,February,2020,11228,1,2020:02:29 09:09:44,1
5913,1,June,2022,14902,1,2022:06:07 16:58:12,1
5914,2,July,2023,19264,1,2023:07:01 19:28:41,1
5915,3,February,2022,12850,1,2022:02:28 21:13:25,1
5916,4,July,2023,17775,1,2023:07:04 13:24:24,1
5917,5,October,2022,14847,1,2022:10:24 11:29:32,1
5918,3,December,2019,10670,1,2019:12:12 14:40:32,1
5919,5,April,2024,16667,1,2024:04:02 22:02:42,1
5920,3,January,2022,10217,1,2022:01:21 22:00:06,1
5921,1,April,2023,15141,1,2023:04:22 17:50:01,1
5922,2,April,2020,13003,1,2020:04:15 14:48:57,1
5923,3,March,2023,10993,1,2023:03:21 10:10:23,1
5924,4,June,2024,17460,1,2024:06:09 21:46:33,1
5925,3,September,2020,19581,1,2020:09:01 16:49:21,1
5926,3,July,2020,17747,1,2020:07:14 12:56:10,1
5927,1,August,2022,11352,1,2022:08:01 19:05:45,1
5928,4,March,2022,15675,1,2022:03:30 22:54:40,1
5929,3,November,2023,17366,1,2023:11:10 19:40:13,1
5930,4,October,2021,14857,1,2021:10:26 15:29:18,1
5931,2,November,2024,10001,1,2024:11:30 21:02:41,1
5932,4,April,2024,12552,1,2024:04:21 15:14:22,1
5933,4,October,2022,14372,1,2022:10:09 16:37:16,1
5934,1,October,2024,19404,1,2024:10:25 15:19:04,1
5935,4,August,2024,16886,1,2024:08:20 12:26:43,1
5936,4,February,2019,12527,1,2019:02:10 17:17:20,1
5937,2,November,2021,18524,1,2021:11:25 14:36:25,1
5938,3,December,2023,11672,1,2023:12:07 17:48:52,1
5939,2,September,2023,10706,1,2023:09:28 11:34:52,1
5940,1,August,2020,12071,1,2020:08:17 11:25:33,1
5941,1,March,2022,14962,1,2022:03:01 16:46:41,1
5942,1,November,2019,15689,1,2019:11:10 15:14:05,1
5943,5,September,2021,19210,1,2021:09:06 11:29:53,1
5944,4,September,2023,11050,1,2023:09:23 16:35:23,1
5945,5,September,2021,15182,1,2021:09:11 09:54:48,1
5946,3,August,2022,10165,1,2022:08:16 17:35:23,1
5947,4,November,2023,13874,1,2023:11:04 15:57:44,1
5948,1,October,2021,15352,1,2021:10:18 21:56:05,1
5949,5,May,2024,15570,1,2024:05:29 14:45:30,1
5950,3,March,2019,14584,1,2019:03:15 09:22:30,1
5951,2,May,2023,11000,1,2023:05:24 12:07:51,1
5952,4,May,2021,10338,1,2021:05:08 19:45:02,1
5953,4,November,2020,14105,1,2020:11:30 13:48:43,1
5954,2,January,2020,13903,1,2020:01:27 10:47:53,1
5955,2,January,2023,17575,1,2023:01:26 12:21:54,1
5956,1,May,2020,17565,1,2020:05:01 11:49:20,1
5957,2,November,2021,12786,1,2021:11:07 22:49:03,1
5958,1,September,2022,12599,1,2022:09:04 22:58:35,1
5959,4,December,2020,10026,1,2020:12:05 11:24:29,1
5960,1,March,2021,10096,1,2021:03:18 13:24:44,1
5961,5,January,2024,19712,1,2024:01:28 10:18:22,1
5962,2,December,2021,18174,1,2021:12:31 19:01:55,1
5963,5,July,2021,19852,1,2021:07:25 13:43:48,1
5964,3,December,2021,15465,1,2021:12:06 14:51:37,1
5965,5,March,2022,11961,1,2022:03:11 21:24:55,1
5966,4,September,2023,15115,1,2023:09:20 15:18:16,1
5967,3,October,2020,11639,1,2020:10:17 12:37:42,1
5968,2,October,2023,12554,1,2023:10:26 14:55:50,1
5969,3,July,2024,12621,1,2024:07:02 12:30:39,1
5970,2,March,2020,15723,1,2020:03:10 15:55:21,1
5971,5,November,2024,13537,1,2024:11:29 12:21:36,1
5972,1,January,2021,11169,1,2021:01:28 12:53:55,1
5973,3,September,2022,13987,1,2022:09:20 19:26:56,1
5974,2,August,2022,11475,1,2022:08:22 13:32:34,1
5975,5,February,2024,16109,1,2024:02:20 12:24:24,1
5976,4,September,2019,15646,1,2019:09:09 22:31:40,1
5977,1,May,2022,19928,1,2022:05:20 21:01:09,1
5978,4,April,2021,11941,1,2021:04:03 14:57:13,1
5979,1,May,2024,12491,1,2024:05:09 16:13:51,1
5980,1,December,2019,11041,1,2019:12:11 10:49:54,1
5981,4,March,2023,13621,1,2023:03:08 13:05:35,1
5982,2,May,2020,10893,1,2020:05:27 18:49:39,1
5983,2,October,2024,10373,1,2024:10:15 13:31:23,1
5984,3,March,2021,16423,1,2021:03:31 16:01:11,1
5985,1,September,2019,19616,1,2019:09:13 16:50:33,1
5986,2,September,2022,17470,1,2022:09:18 19:39:24,1
5987,2,September,2021,11468,1,2021:09:11 19:50:12,1
5988,1,June,2020,15015,1,2020:06:30 19:16:37,1
5989,5,November,2021,11073,1,2021:11:13 12:32:42,1
5990,5,February,2023,12414,1,2023:02:28 18:04:32,1
5991,4,July,2024,18787,1,2024:07:18 17:10:05,1
5992,5,May,2021,19277,1,2021:05:19 14:08:28,1
5993,2,April,2021,13108,1,2021:04:10 22:06:28,1
5994,5,December,2024,10582,1,2024:12:02 14:08:11,1
5995,5,March,2024,11979,1,2024:03:10 12:51:48,1
5996,1,May,2019,12619,1,2019:05:05 18:12:35,1
5997,2,July,2023,10111,1,2023:07:01 17:53:50,1
5998,1,April,2021,16636,1,2021:04:14 09:35:19,1
5999,4,June,2020,11232,1,2020:06:08 11:36:27,1
6000,3,January,2021,17639,1,2021:01:27 18:04:42,1
6001,3,June,2020,15910,1,2020:06:21 13:14:43,1
6002,4,June,2021,12134,1,2021:06:17 16:20:22,1
6003,4,April,2022,11159,1,2022:04:29 12:26:58,1
6004,2,April,2023,13670,1,2023:04:17 10:12:05,1
6005,3,May,2020,15281,1,2020:05:20 09:18:32,1
6006,1,January,2023,12054,1,2023:01:21 18:12:02,1
6007,3,June,2021,12422,1,2021:06:26 10:03:40,1
6008,4,October,2024,10723,1,2024:10:08 20:47:10,1
6009,2,January,2024,13372,1,2024:01:14 19:44:04,1
6010,1,October,2020,17298,1,2020:10:21 15:48:48,1
6011,5,March,2022,17172,1,2022:03:19 13:20:07,1
6012,3,August,2020,15167,1,2020:08:31 19:50:57,1
6013,4,March,2021,14122,1,2021:03:11 13:22:46,1
6014,2,December,2021,18542,1,2021:12:18 09:32:06,1
6015,2,July,2020,15534,1,2020:07:20 16:09:18,1
6016,3,January,2023,15244,1,2023:01:14 10:33:05,1
6017,4,December,2019,12667,1,2019:12:30 20:54:54,1
6018,2,January,2023,15008,1,2023:01:02 18:02:54,1
6019,1,December,2023,11452,1,2023:12:13 14:40:48,1
6020,4,August,2021,16595,1,2021:08:26 15:49:16,1
6021,3,June,2021,18538,1,2021:06:16 14:10:34,1
6022,2,August,2020,18857,1,2020:08:14 16:15:45,1
6023,1,November,2019,14052,1,2019:11:12 09:24:00,1
6024,2,June,2023,13246,1,2023:06:19 12:44:46,1
6025,1,July,2020,18165,1,2020:07:30 16:31:24,1
6026,3,March,2021,10984,1,2021:03:20 22:04:18,1
6027,2,January,2022,11989,1,2022:01:02 22:47:38,1
6028,4,January,2022,10821,1,2022:01:25 12:20:31,1
6029,3,December,2024,17037,1,2024:12:16 20:29:02,1
6030,2,August,2019,13812,1,2019:08:17 13:29:37,1
6031,5,May,2024,11728,1,2024:05:23 17:30:13,1
6032,5,April,2023,10846,1,2023:04:15 15:35:54,1
6033,1,September,2023,12718,1,2023:09:01 12:11:20,1
6034,3,May,2020,16696,1,2020:05:28 17:37:49,1
6035,5,February,2019,10832,1,2019:02:08 12:23:00,1
6036,4,February,2024,11181,1,2024:02:12 15:02:33,1
6037,5,April,2023,18385,1,2023:04:16 15:27:45,1
6038,5,January,2021,10006,1,2021:01:24 09:41:52,1
6039,5,September,2021,16042,1,2021:09:27 17:47:54,1
6040,2,October,2022,12238,1,2022:10:02 15:48:06,1
6041,2,April,2022,11310,1,2022:04:07 14:14:06,1
6042,3,November,2020,15082,1,2020:11:01 16:55:55,1
6043,5,April,2020,10088,1,2020:04:25 19:42:17,1
6044,1,August,2024,16823,1,2024:08:30 19:33:59,1
6045,3,January,2023,14915,1,2023:01:01 13:50:08,1
6046,3,November,2022,16369,1,2022:11:01 17:09:09,1
6047,4,September,2024,18626,1,2024:09:14 18:22:57,1
6048,4,March,2020,19256,1,2020:03:09 21:56:17,1
6049,2,June,2023,17008,1,2023:06:20 17:16:14,1
6050,3,November,2024,15101,1,2024:11:11 15:33:11,1
6051,4,December,2020,18336,1,2020:12:29 14:38:16,1
6052,4,May,2019,18609,1,2019:05:14 09:50:05,1
6053,5,May,2023,10467,1,2023:05:07 10:56:37,1
6054,3,May,2024,11349,1,2024:05:16 12:28:18,1
6055,3,January,2022,16504,1,2022:01:10 10:50:46,1
6056,1,April,2021,16815,1,2021:04:16 15:05:03,1
6057,4,February,2022,15174,1,2022:02:11 14:56:13,1
6058,2,June,2019,12654,1,2019:06:23 17:55:17,1
6059,2,October,2024,13546,1,2024:10:21 09:30:51,1
6060,5,December,2023,12026,1,2023:12:28 12:12:37,1
6061,4,August,2023,19267,1,2023:08:04 12:52:22,1
6062,3,August,2021,11322,1,2021:08:06 18:53:16,1
6063,5,January,2020,17099,1,2020:01:29 17:51:48,1
6064,5,May,2021,12695,1,2021:05:21 18:26:33,1
6065,3,April,2023,13355,1,2023:04:10 15:31:17,1
6066,4,January,2023,11087,1,2023:01:13 13:07:39,1
6067,2,February,2020,10748,1,2020:02:23 12:17:51,1
6068,2,April,2023,19001,1,2023:04:22 20:25:10,1
6069,2,June,2022,13642,1,2022:06:13 09:41:08,1
6070,5,June,2019,16293,1,2019:06:12 19:49:15,1
6071,1,January,2024,16430,1,2024:01:18 10:19:30,1
6072,1,September,2019,10631,1,2019:09:08 12:23:03,1
6073,3,March,2023,15550,1,2023:03:19 11:24:25,1
6074,5,May,2019,18427,1,2019:05:23 17:36:20,1
6075,5,July,2024,19112,1,2024:07:12 10:36:26,1
6076,1,March,2019,18809,1,2019:03:21 20:23:37,1
6077,4,August,2022,10388,1,2022:08:12 22:20:46,1
6078,5,November,2019,13282,1,2019:11:09 19:00:10,1
6079,1,December,2023,14419,1,2023:12:07 18:07:53,1
6080,4,October,2024,13762,1,2024:10:28 10:57:31,1
6081,2,March,2020,14467,1,2020:03:14 22:57:05,1
6082,1,June,2023,12145,1,2023:06:17 14:49:22,1
6083,4,May,2019,19139,1,2019:05:21 11:18:04,1
6084,1,April,2021,10203,1,2021:04:28 17:08:43,1
6085,5,January,2024,15569,1,2024:01:10 22:30:16,1
6086,2,March,2019,16228,1,2019:03:07 16:24:10,1
6087,5,October,2022,19293,1,2022:10:28 20:29:37,1
6088,1,September,2024,12950,1,2024:09:23 17:38:21,1
6089,1,November,2024,10467,1,2024:11:22 12:01:24,1
6090,1,November,2021,18756,1,2021:11:24 11:01:06,1
6091,4,December,2021,16770,1,2021:12:10 22:59:17,1
6092,3,March,2023,19176,1,2023:03:22 22:58:09,1
6093,1,October,2022,17012,1,2022:10:19 22:22:45,1
6094,3,October,2020,12108,1,2020:10:10 20:51:58,1
6095,4,November,2023,12822,1,2023:11:20 18:15:18,1
6096,4,August,2024,13709,1,2024:08:27 11:15:32,1
6097,1,August,2020,16391,1,2020:08:13 11:35:18,1
6098,1,January,2021,15926,1,2021:01:01 14:13:28,1
6099,4,January,2021,15158,1,2021:01:07 09:16:37,1
6100,4,June,2023,18295,1,2023:06:23 18:32:47,1
6101,1,December,2020,19123,1,2020:12:31 09:32:01,1
6102,3,February,2022,17606,1,2022:02:16 20:09:08,1
6103,2,September,2020,17063,1,2020:09:17 17:40:00,1
6104,5,December,2019,17658,1,2019:12:23 17:17:17,1
6105,3,January,2022,12862,1,2022:01:20 19:44:12,1
6106,3,July,2024,12258,1,2024:07:25 18:26:26,1
6107,2,September,2019,14186,1,2019:09:13 18:44:26,1
6108,5,August,2023,10663,1,2023:08:07 18:28:34,1
6109,4,September,2021,11270,1,2021:09:09 21:59:41,1
6110,1,October,2024,14877,1,2024:10:08 13:55:54,1
6111,5,June,2021,13169,1,2021:06:26 11:48:41,1
6112,1,June,2022,18142,1,2022:06:03 11:13:04,1
6113,3,March,2023,14949,1,2023:03:06 12:49:39,1
6114,4,August,2023,11660,1,2023:08:31 22:33:56,1
6115,2,March,2022,15274,1,2022:03:28 17:47:29,1
6116,1,July,2024,14943,1,2024:07:21 21:49:23,1
6117,2,August,2020,12019,1,2020:08:10 17:15:04,1
6118,2,January,2020,19806,1,2020:01:04 18:05:12,1
6119,1,February,2019,13991,1,2019:02:10 18:16:42,1
6120,2,August,2021,11958,1,2021:08:02 09:51:32,1
6121,1,October,2021,16788,1,2021:10:20 21:15:10,1
6122,3,December,2023,15585,1,2023:12:19 09:49:26,1
6123,1,July,2024,15549,1,2024:07:21 12:35:04,1
6124,4,January,2019,19187,1,2019:01:28 11:32:05,1
6125,5,May,2020,18208,1,2020:05:30 13:38:14,1
6126,1,April,2020,19868,1,2020:04:01 18:10:26,1
6127,1,March,2021,11228,1,2021:03:24 21:56:27,1
6128,1,November,2019,17206,1,2019:11:07 14:00:29,1
6129,4,May,2024,13119,1,2024:05:30 17:58:32,1
6130,1,March,2021,12850,1,2021:03:25 14:07:17,1
6131,2,June,2021,14128,1,2021:06:22 13:33:07,1
6132,5,December,2023,14789,1,2023:12:07 12:55:44,1
6133,5,November,2020,13918,1,2020:11:16 14:22:07,1
6134,2,April,2020,16242,1,2020:04:04 21:44:55,1
6135,2,August,2020,11229,1,2020:08:04 14:08:02,1
6136,3,February,2022,14911,1,2022:02:28 14:54:19,1
6137,2,January,2023,12766,1,2023:01:14 21:30:46,1
6138,5,December,2019,19401,1,2019:12:30 22:37:45,1
6139,4,April,2022,10260,1,2022:04:09 09:02:32,1
6140,3,November,2019,10258,1,2019:11:04 09:01:16,1
6141,1,July,2019,12539,1,2019:07:14 21:33:03,1
6142,3,August,2024,11848,1,2024:08:04 14:30:14,1
6143,1,March,2023,15656,1,2023:03:16 11:18:06,1
6144,5,February,2024,10841,1,2024:02:19 18:36:22,1
6145,3,April,2019,14026,1,2019:04:27 15:29:15,1
6146,1,August,2019,12418,1,2019:08:27 13:29:32,1
6147,1,June,2023,12281,1,2023:06:09 16:17:08,1
6148,2,December,2019,14188,1,2019:12:30 15:08:52,1
6149,2,March,2019,11604,1,2019:03:06 22:06:00,1
6150,4,September,2021,10255,1,2021:09:26 19:07:57,1
6151,4,July,2024,10848,1,2024:07:30 17:57:37,1
6152,4,July,2019,19380,1,2019:07:12 16:00:32,1
6153,3,March,2024,11113,1,2024:03:18 18:32:14,1
6154,5,December,2020,14668,1,2020:12:18 11:41:23,1
6155,3,October,2020,11733,1,2020:10:07 20:18:28,1
6156,3,October,2019,15584,1,2019:10:04 11:21:00,1
6157,4,October,2023,11781,1,2023:10:02 12:12:06,1
6158,4,September,2021,18099,1,2021:09:12 09:09:51,1
6159,2,December,2024,13684,1,2024:12:29 12:32:06,1
6160,5,April,2019,18666,1,2019:04:17 20:56:58,1
6161,1,March,2023,15025,1,2023:03:27 18:09:46,1
6162,1,January,2022,10367,1,2022:01:19 14:18:59,1
6163,2,April,2022,18283,1,2022:04:05 10:46:59,1
6164,5,July,2022,16842,1,2022:07:05 18:25:55,1
6165,4,September,2020,10487,1,2020:09:22 21:35:35,1
6166,1,July,2022,11379,1,2022:07:29 19:24:11,1
6167,2,July,2024,19905,1,2024:07:30 20:20:00,1
6168,5,November,2024,16396,1,2024:11:04 17:42:47,1
6169,2,August,2022,17370,1,2022:08:11 13:01:22,1
6170,1,October,2020,17170,1,2020:10:21 13:53:54,1
6171,5,November,2023,16268,1,2023:11:27 19:24:11,1
6172,2,November,2019,16716,1,2019:11:25 22:51:39,1
6173,3,March,2020,12167,1,2020:03:21 22:23:42,1
6174,2,June,2021,19982,1,2021:06:13 20:38:33,1
6175,4,April,2020,15981,1,2020:04:28 21:24:38,1
6176,3,January,2021,11136,1,2021:01:08 16:58:28,1
6177,5,September,2023,10867,1,2023:09:02 15:55:06,1
6178,3,April,2019,14300,1,2019:04:05 17:07:38,1
6179,5,May,2020,10922,1,2020:05:20 13:24:36,1
6180,5,March,2022,15487,1,2022:03:06 15:57:10,1
6181,4,October,2024,11402,1,2024:10:13 09:16:26,1
6182,4,January,2023,13263,1,2023:01:21 09:19:53,1
6183,5,June,2024,11664,1,2024:06:25 15:42:38,1
6184,4,February,2020,12422,1,2020:02:19 17:47:20,1
6185,1,September,2019,12414,1,2019:09:09 18:02:19,1
6186,1,June,2020,16657,1,2020:06:26 15:48:35,1
6187,3,March,2021,18217,1,2021:03:09 18:10:43,1
6188,3,March,2020,10860,1,2020:03:05 17:37:20,1
6189,3,May,2021,17721,1,2021:05:28 14:29:02,1
6190,3,January,2023,14380,1,2023:01:29 11:34:39,1
6191,2,September,2024,11344,1,2024:09:24 22:52:59,1
6192,3,October,2019,16763,1,2019:10:01 21:47:04,1
6193,2,August,2024,11654,1,2024:08:28 21:06:10,1
6194,3,August,2020,18627,1,2020:08:10 10:29:05,1
6195,2,June,2024,12470,1,2024:06:19 17:26:25,1
6196,3,March,2023,18553,1,2023:03:06 10:19:37,1
6197,3,November,2022,18398,1,2022:11:14 13:35:36,1
6198,3,June,2022,11388,1,2022:06:05 15:03:02,1
6199,2,November,2021,16111,1,2021:11:26 09:07:49,1
6200,2,December,2022,11461,1,2022:12:29 10:10:51,1
6201,1,October,2019,11786,1,2019:10:17 16:12:23,1
6202,5,February,2023,14748,1,2023:02:03 10:23:17,1
6203,4,December,2020,13086,1,2020:12:19 20:08:36,1
6204,3,November,2024,15539,1,2024:11:27 14:33:09,1
6205,4,September,2024,18634,1,2024:09:25 21:06:46,1
6206,4,July,2020,13501,1,2020:07:25 12:39:40,1
6207,5,October,2020,19510,1,2020:10:30 18:40:43,1
6208,5,January,2020,17599,1,2020:01:25 12:58:29,1
6209,3,June,2019,16674,1,2019:06:11 11:31:24,1
6210,3,March,2024,12005,1,2024:03:14 21:00:28,1
6211,2,August,2019,10662,1,2019:08:23 22:40:33,1
6212,2,April,2020,17751,1,2020:04:27 15:39:11,1
6213,2,September,2020,18964,1,2020:09:19 11:13:29,1
6214,3,November,2021,10366,1,2021:11:19 09:12:59,1
6215,2,June,2022,12738,1,2022:06:07 10:27:50,1
6216,5,July,2024,14127,1,2024:07:06 18:19:35,1
6217,4,September,2021,18786,1,2021:09:10 22:01:27,1
6218,3,October,2019,10646,1,2019:10:28 14:01:39,1
6219,2,December,2024,14950,1,2024:12:24 21:38:48,1
6220,1,November,2019,16665,1,2019:11:22 18:42:49,1
6221,5,December,2020,13549,1,2020:12:31 15:08:36,1
6222,2,May,2019,11443,1,2019:05:17 18:22:33,1
6223,4,December,2022,14292,1,2022:12:01 17:20:56,1
6224,2,August,2020,12044,1,2020:08:10 12:14:12,1
6225,2,October,2022,15894,1,2022:10:29 18:17:18,1
6226,2,July,2019,17112,1,2019:07:02 19:55:05,1
6227,2,April,2022,19007,1,2022:04:04 16:19:16,1
6228,3,August,2024,18144,1,2024:08:31 15:10:19,1
6229,5,January,2024,13950,1,2024:01:26 20:33:05,1
6230,2,March,2021,12951,1,2021:03:24 15:58:54,1
6231,4,November,2024,14131,1,2024:11:16 14:28:37,1
6232,3,November,2022,11804,1,2022:11:17 11:24:32,1
6233,3,December,2024,17782,1,2024:12:31 20:41:34,1
6234,3,May,2022,17290,1,2022:05:19 21:31:43,1
6235,4,May,2022,14349,1,2022:05:11 11:01:51,1
6236,2,March,2022,19096,1,2022:03:18 17:55:29,1
6237,3,May,2024,11176,1,2024:05:28 19:38:24,1
6238,4,May,2020,19602,1,2020:05:13 20:36:47,1
6239,3,April,2023,11582,1,2023:04:26 11:29:55,1
6240,3,September,2022,11354,1,2022:09:20 14:03:02,1
6241,3,July,2020,11784,1,2020:07:04 17:23:49,1
6242,5,July,2020,12698,1,2020:07:29 17:39:10,1
6243,3,August,2020,13850,1,2020:08:25 19:34:18,1
6244,1,September,2021,17996,1,2021:09:12 19:13:53,1
6245,2,April,2021,17143,1,2021:04:05 10:02:30,1
6246,5,May,2019,11893,1,2019:05:06 22:21:09,1
6247,5,November,2021,16600,1,2021:11:08 16:38:46,1
6248,2,June,2022,13086,1,2022:06:08 16:21:25,1
6249,2,March,2024,14704,1,2024:03:16 16:43:29,1
6250,1,June,2024,10966,1,2024:06:12 10:19:27,1
6251,4,June,2021,20000,1,2021:06:29 11:56:06,1
6252,4,October,2019,17383,1,2019:10:16 14:17:55,1
6253,4,November,2021,14910,1,2021:11:10 14:04:20,1
6254,1,December,2022,11069,1,2022:12:27 18:58:35,1
6255,4,May,2021,11734,1,2021:05:12 10:46:09,1
6256,5,March,2019,17584,1,2019:03:30 11:21:28,1
6257,1,September,2020,19720,1,2020:09:28 12:45:30,1
6258,3,December,2024,10584,1,2024:12:28 12:35:33,1
6259,1,June,2024,11406,1,2024:06:16 20:48:45,1
6260,5,November,2023,19690,1,2023:11:24 12:52:01,1
6261,4,March,2024,17273,1,2024:03:18 18:29:43,1
6262,3,May,2023,11654,1,2023:05:16 15:14:17,1
6263,2,November,2021,16346,1,2021:11:22 14:33:31,1
6264,2,June,2020,18451,1,2020:06:13 14:52:37,1
6265,2,November,2022,11737,1,2022:11:27 20:04:05,1
6266,3,December,2023,11931,1,2023:12:26 18:32:46,1
6267,3,September,2022,12175,1,2022:09:16 14:12:06,1
6268,2,October,2024,11129,1,2024:10:20 14:32:04,1
6269,4,June,2022,10728,1,2022:06:16 22:28:43,1
6270,1,January,2021,15456,1,2021:01:18 22:50:30,1
6271,3,February,2021,18640,1,2021:02:27 11:30:45,1
6272,1,April,2023,15742,1,2023:04:27 09:47:05,1
6273,3,April,2022,19392,1,2022:04:03 21:57:50,1
6274,2,July,2022,15356,1,2022:07:21 14:03:56,1
6275,5,March,2024,15740,1,2024:03:15 21:52:34,1
6276,1,June,2022,12549,1,2022:06:05 12:21:54,1
6277,1,August,2020,10342,1,2020:08:12 17:41:39,1
6278,5,April,2023,16593,1,2023:04:01 13:11:07,1
6279,3,April,2023,12952,1,2023:04:28 13:00:37,1
6280,1,April,2022,18596,1,2022:04:12 20:45:43,1
6281,4,October,2019,12859,1,2019:10:23 22:53:33,1
6282,3,October,2021,10633,1,2021:10:17 17:13:59,1
6283,3,August,2020,19991,1,2020:08:29 18:23:38,1
6284,3,October,2020,11694,1,2020:10:25 16:16:02,1
6285,2,September,2024,17874,1,2024:09:11 18:14:07,1
6286,4,October,2019,17222,1,2019:10:17 10:54:57,1
6287,5,April,2024,12109,1,2024:04:11 15:05:37,1
6288,5,June,2022,14578,1,2022:06:12 15:07:04,1
6289,2,July,2024,17343,1,2024:07:06 18:45:59,1
6290,2,April,2019,13329,1,2019:04:17 19:39:23,1
6291,3,April,2021,14105,1,2021:04:26 19:17:33,1
6292,1,August,2021,19306,1,2021:08:08 19:40:26,1
6293,5,November,2021,12905,1,2021:11:25 21:28:42,1
6294,1,September,2019,12868,1,2019:09:05 16:39:11,1
6295,4,November,2020,14594,1,2020:11:23 16:56:29,1
6296,5,December,2020,11916,1,2020:12:28 15:11:08,1
6297,1,January,2022,19566,1,2022:01:22 20:09:16,1
6298,4,March,2023,17321,1,2023:03:20 22:31:53,1
6299,5,May,2024,11548,1,2024:05:04 10:19:26,1
6300,3,March,2022,10968,1,2022:03:30 13:50:17,1
6301,4,January,2021,11794,1,2021:01:24 13:28:51,1
6302,2,March,2024,15829,1,2024:03:14 18:41:11,1
6303,3,December,2020,12169,1,2020:12:29 10:51:50,1
6304,2,October,2024,16354,1,2024:10:06 10:25:01,1
6305,1,April,2020,17516,1,2020:04:10 20:15:26,1
6306,5,November,2022,16234,1,2022:11:13 12:49:33,1
6307,2,April,2022,19800,1,2022:04:15 17:44:10,1
6308,4,August,2023,18367,1,2023:08:31 16:53:06,1
6309,3,November,2022,12274,1,2022:11:03 22:07:57,1
6310,4,August,2021,18892,1,2021:08:06 16:50:11,1
6311,5,December,2021,15987,1,2021:12:31 17:21:54,1
6312,1,November,2020,19218,1,2020:11:08 09:09:21,1
6313,4,September,2023,16877,1,2023:09:18 09:14:32,1
6314,4,February,2022,18382,1,2022:02:25 12:39:54,1
6315,4,February,2019,17914,1,2019:02:07 20:04:12,1
6316,2,September,2021,16108,1,2021:09:26 20:10:25,1
6317,1,August,2019,17484,1,2019:08:14 15:43:26,1
6318,2,December,2022,14432,1,2022:12:28 21:27:05,1
6319,2,February,2024,15591,1,2024:02:19 09:18:45,1
6320,2,July,2019,12051,1,2019:07:15 16:45:40,1
6321,5,August,2022,11242,1,2022:08:01 21:42:15,1
6322,3,March,2019,12087,1,2019:03:23 12:28:35,1
6323,1,October,2022,19771,1,2022:10:21 20:28:53,1
6324,2,May,2024,14421,1,2024:05:18 15:53:53,1
6325,2,December,2022,13672,1,2022:12:14 15:34:36,1
6326,1,March,2024,11606,1,2024:03:24 10:14:44,1
6327,3,July,2024,16894,1,2024:07:26 13:33:11,1
6328,3,November,2019,12534,1,2019:11:22 10:47:32,1
6329,4,May,2024,17975,1,2024:05:05 20:03:23,1
6330,3,March,2022,19262,1,2022:03:27 18:19:32,1
6331,3,July,2022,10439,1,2022:07:12 21:44:05,1
6332,2,February,2020,12237,1,2020:02:17 11:54:04,1
6333,1,March,2021,19925,1,2021:03:13 11:28:22,1
6334,4,January,2020,14573,1,2020:01:25 20:16:32,1
6335,2,May,2023,10093,1,2023:05:30 18:01:10,1
6336,4,September,2024,10806,1,2024:09:14 09:16:24,1
6337,5,April,2020,18455,1,2020:04:30 16:20:13,1
6338,4,December,2024,11812,1,2024:12:03 11:08:31,1
6339,1,January,2022,10422,1,2022:01:03 20:28:43,1
6340,2,January,2022,11615,1,2022:01:13 21:18:12,1
6341,4,December,2023,14098,1,2023:12:10 20:22:13,1
6342,2,March,2023,18002,1,2023:03:08 20:29:28,1
6343,4,December,2019,19852,1,2019:12:20 20:24:28,1
6344,5,July,2023,13960,1,2023:07:28 18:06:21,1
6345,5,August,2022,12091,1,2022:08:09 17:20:19,1
6346,2,June,2019,12022,1,2019:06:23 10:39:22,1
6347,2,June,2022,16714,1,2022:06:19 21:55:39,1
6348,1,June,2020,15595,1,2020:06:22 18:10:52,1
6349,3,March,2022,14842,1,2022:03:19 13:14:25,1
6350,4,November,2022,13958,1,2022:11:22 20:55:52,1
6351,5,November,2022,15324,1,2022:11:07 19:16:36,1
6352,2,January,2024,15064,1,2024:01:09 13:51:59,1
6353,2,April,2019,13497,1,2019:04:22 15:28:47,1
6354,5,December,2019,15038,1,2019:12:12 11:10:29,1
6355,1,September,2024,16363,1,2024:09:29 19:29:43,1
6356,4,August,2024,17415,1,2024:08:09 16:28:42,1
6357,3,October,2022,13554,1,2022:10:06 21:21:35,1
6358,2,May,2021,18022,1,2021:05:18 17:33:04,1
6359,1,February,2024,16714,1,2024:02:24 13:01:07,1
6360,5,September,2022,14442,1,2022:09:28 10:05:16,1
6361,2,September,2021,10871,1,2021:09:30 21:40:21,1
6362,4,February,2019,15457,1,2019:02:09 13:58:51,1
6363,3,July,2024,16522,1,2024:07:01 09:10:41,1
6364,1,May,2019,16762,1,2019:05:22 21:13:24,1
6365,5,September,2023,15918,1,2023:09:18 09:35:25,1
6366,2,March,2022,11519,1,2022:03:31 21:58:55,1
6367,3,September,2023,12177,1,2023:09:22 17:49:46,1
6368,4,December,2022,11738,1,2022:12:16 11:19:59,1
6369,5,November,2023,18942,1,2023:11:01 18:20:58,1
6370,2,July,2022,15004,1,2022:07:13 21:37:13,1
6371,1,October,2019,16067,1,2019:10:16 22:25:02,1
6372,3,May,2020,17652,1,2020:05:05 14:41:15,1
6373,4,November,2022,12685,1,2022:11:24 22:10:43,1
6374,3,September,2023,13705,1,2023:09:14 21:28:06,1
6375,3,February,2021,17849,1,2021:02:06 18:59:47,1
6376,1,June,2021,15644,1,2021:06:26 21:37:48,1
6377,3,February,2023,17512,1,2023:02:09 21:07:35,1
6378,5,July,2021,11395,1,2021:07:25 20:55:18,1
6379,1,November,2020,10064,1,2020:11:15 14:43:12,1
6380,3,July,2024,13936,1,2024:07:23 14:11:18,1
6381,1,October,2024,19474,1,2024:10:23 18:33:46,1
6382,5,July,2024,13125,1,2024:07:24 12:34:22,1
6383,3,February,2019,12437,1,2019:02:14 20:10:21,1
6384,1,February,2021,10061,1,2021:02:20 11:04:24,1
6385,4,July,2020,14660,1,2020:07:25 13:11:26,1
6386,4,June,2023,12056,1,2023:06:25 17:24:54,1
6387,5,September,2019,14269,1,2019:09:30 09:52:39,1
6388,5,May,2022,19819,1,2022:05:04 12:05:07,1
6389,2,June,2020,16917,1,2020:06:29 19:36:53,1
6390,2,March,2021,16545,1,2021:03:02 15:30:04,1
6391,5,June,2020,12751,1,2020:06:05 21:59:49,1
6392,2,January,2023,16750,1,2023:01:01 20:59:30,1
6393,1,January,2021,14335,1,2021:01:27 17:12:22,1
6394,4,June,2024,13202,1,2024:06:26 14:34:41,1
6395,5,July,2022,19666,1,2022:07:29 22:55:44,1
6396,5,November,2022,16847,1,2022:11:07 19:32:27,1
6397,2,August,2020,11650,1,2020:08:06 22:09:17,1
6398,4,July,2024,18277,1,2024:07:28 18:35:29,1
6399,2,February,2024,19854,1,2024:02:08 13:45:34,1
6400,4,July,2019,17432,1,2019:07:03 21:57:52,1
6401,5,May,2020,15774,1,2020:05:02 20:15:36,1
6402,4,November,2019,10107,1,2019:11:03 21:29:01,1
6403,4,February,2021,19666,1,2021:02:27 20:29:23,1
6404,4,May,2023,13835,1,2023:05:02 17:08:49,1
6405,4,April,2022,18142,1,2022:04:28 16:50:26,1
6406,3,November,2022,13012,1,2022:11:27 18:04:20,1
6407,4,March,2024,12748,1,2024:03:07 17:21:27,1
6408,1,November,2020,17221,1,2020:11:29 11:11:45,1
6409,5,July,2019,13161,1,2019:07:12 16:33:39,1
6410,1,October,2023,16134,1,2023:10:23 12:06:41,1
6411,1,April,2019,12106,1,2019:04:12 16:11:22,1
6412,2,March,2020,17034,1,2020:03:29 10:02:12,1
6413,1,March,2021,19387,1,2021:03:14 11:02:06,1
6414,5,September,2020,16259,1,2020:09:04 21:38:25,1
6415,3,May,2023,18349,1,2023:05:08 14:34:44,1
6416,1,March,2019,10425,1,2019:03:03 20:45:56,1
6417,2,October,2024,17905,1,2024:10:06 11:56:42,1
6418,4,January,2020,19221,1,2020:01:22 16:44:20,1
6419,3,January,2019,11749,1,2019:01:31 22:46:17,1
6420,1,June,2022,14233,1,2022:06:06 21:08:32,1
6421,3,July,2024,13508,1,2024:07:05 15:57:47,1
6422,4,February,2021,12544,1,2021:02:02 20:10:22,1
6423,5,September,2020,13112,1,2020:09:28 21:18:41,1
6424,5,July,2021,12212,1,2021:07:08 22:58:10,1
6425,5,July,2024,15858,1,2024:07:02 21:18:41,1
6426,1,February,2022,17407,1,2022:02:17 09:54:20,1
6427,4,December,2022,14514,1,2022:12:12 11:42:16,1
6428,4,June,2024,18151,1,2024:06:08 14:40:42,1
6429,3,November,2024,12109,1,2024:11:18 14:19:19,1
6430,5,January,2023,14938,1,2023:01:20 14:56:57,1
6431,4,March,2021,11885,1,2021:03:20 16:57:20,1
6432,4,October,2019,17192,1,2019:10:16 19:58:06,1
6433,2,June,2021,14825,1,2021:06:25 09:02:11,1
6434,5,December,2024,10248,1,2024:12:11 15:05:36,1
6435,1,October,2021,19307,1,2021:10:26 12:14:56,1
6436,2,February,2024,12115,1,2024:02:26 19:13:15,1
6437,1,October,2022,11125,1,2022:10:28 19:07:28,1
6438,5,April,2022,11462,1,2022:04:09 20:07:29,1
6439,4,February,2023,12013,1,2023:02:04 20:39:37,1
6440,2,November,2023,15309,1,2023:11:12 21:09:32,1
6441,3,March,2024,11430,1,2024:03:08 16:44:47,1
6442,2,November,2019,18269,1,2019:11:16 21:40:05,1
6443,2,April,2023,13867,1,2023:04:11 10:04:00,1
6444,1,July,2020,14447,1,2020:07:03 17:54:36,1
6445,3,October,2019,15440,1,2019:10:28 21:58:23,1
6446,4,August,2021,16726,1,2021:08:19 10:15:02,1
6447,4,April,2024,15305,1,2024:04:30 21:46:49,1
6448,5,January,2019,10546,1,2019:01:28 18:37:43,1
6449,3,June,2022,13970,1,2022:06:03 22:53:18,1
6450,2,July,2024,17747,1,2024:07:16 16:22:19,1
6451,2,September,2024,13664,1,2024:09:20 14:43:44,1
6452,4,February,2022,16108,1,2022:02:07 15:04:52,1
6453,3,June,2021,14033,1,2021:06:26 20:26:22,1
6454,4,June,2019,16042,1,2019:06:28 11:02:27,1
6455,2,April,2020,15403,1,2020:04:07 11:27:57,1
6456,3,September,2021,12876,1,2021:09:09 14:37:06,1
6457,3,November,2023,13631,1,2023:11:09 11:59:06,1
6458,4,June,2023,16108,1,2023:06:08 19:20:47,1
6459,5,July,2022,17849,1,2022:07:19 10:42:00,1
6460,2,May,2024,12037,1,2024:05:05 22:49:14,1
6461,3,December,2020,18921,1,2020:12:12 11:49:39,1
6462,3,November,2024,18335,1,2024:11:17 16:14:05,1
6463,1,March,2019,14723,1,2019:03:03 13:54:11,1
6464,5,August,2019,16381,1,2019:08:25 19:30:09,1
6465,5,November,2023,14985,1,2023:11:26 13:14:02,1
6466,4,October,2019,17765,1,2019:10:28 13:10:06,1
6467,5,August,2023,19071,1,2023:08:21 18:13:19,1
6468,1,March,2023,12744,1,2023:03:06 09:41:30,1
6469,1,May,2023,11714,1,2023:05:15 11:22:44,1
6470,4,October,2022,16586,1,2022:10:27 10:48:22,1
6471,4,December,2020,19495,1,2020:12:23 22:35:55,1
6472,1,January,2021,12967,1,2021:01:28 19:33:19,1
6473,3,April,2023,14656,1,2023:04:04 19:11:20,1
6474,2,July,2019,14948,1,2019:07:01 13:44:18,1
6475,2,November,2023,18477,1,2023:11:10 22:30:33,1
6476,4,February,2022,13825,1,2022:02:15 14:44:27,1
6477,1,June,2024,12541,1,2024:06:26 09:19:06,1
6478,1,September,2023,15288,1,2023:09:02 20:03:28,1
6479,4,July,2022,19998,1,2022:07:04 16:56:29,1
6480,1,July,2024,11115,1,2024:07:30 17:25:52,1
6481,1,June,2021,16389,1,2021:06:20 09:15:41,1
6482,1,August,2023,14526,1,2023:08:25 21:25:25,1
6483,1,June,2023,13692,1,2023:06:28 17:51:25,1
6484,3,September,2022,16068,1,2022:09:16 16:37:26,1
6485,1,May,2024,14504,1,2024:05:24 11:03:13,1
6486,3,December,2020,16359,1,2020:12:25 19:15:21,1
6487,4,January,2024,10690,1,2024:01:16 20:28:00,1
6488,4,January,2021,18759,1,2021:01:08 21:59:37,1
6489,4,July,2020,14279,1,2020:07:03 09:06:35,1
6490,3,June,2021,12103,1,2021:06:25 16:29:10,1
6491,3,November,2019,13821,1,2019:11:09 10:23:56,1
6492,2,November,2019,10955,1,2019:11:03 20:15:30,1
6493,5,December,2023,10867,1,2023:12:03 21:03:53,1
6494,4,July,2021,14952,1,2021:07:14 22:04:32,1
6495,4,July,2022,13672,1,2022:07:25 10:12:22,1
6496,5,September,2022,16132,1,2022:09:01 19:46:25,1
6497,2,September,2019,16035,1,2019:09:16 21:17:57,1
6498,3,March,2021,19180,1,2021:03:01 18:34:04,1
6499,3,August,2022,12051,1,2022:08:27 14:52:21,1
6500,1,April,2020,18138,1,2020:04:07 20:14:25,1
6501,4,July,2021,12350,1,2021:07:04 18:36:16,1
6502,4,January,2023,17264,1,2023:01:18 15:22:46,1
6503,4,November,2019,16780,1,2019:11:11 10:16:11,1
6504,3,February,2023,18868,1,2023:02:14 16:09:54,1
6505,3,October,2020,19102,1,2020:10:28 19:54:21,1
6506,3,October,2024,15941,1,2024:10:25 11:43:07,1
6507,4,September,2024,19096,1,2024:09:02 12:16:28,1
6508,1,November,2024,11664,1,2024:11:25 18:32:18,1
6509,2,December,2020,15196,1,2020:12:15 16:20:22,1
6510,3,October,2023,12142,1,2023:10:07 20:17:23,1
6511,1,June,2020,14593,1,2020:06:19 14:47:55,1
6512,1,August,2023,11502,1,2023:08:23 12:50:21,1
6513,4,March,2022,18227,1,2022:03:14 16:53:08,1
6514,4,May,2019,14751,1,2019:05:11 13:59:21,1
6515,3,February,2022,13268,1,2022:02:10 21:28:46,1
6516,1,May,2023,14873,1,2023:05:22 17:56:25,1
6517,4,January,2020,12493,1,2020:01:26 21:52:33,1
6518,5,May,2023,13183,1,2023:05:26 10:44:05,1
6519,4,April,2022,11310,1,2022:04:25 17:44:47,1
6520,5,December,2024,15133,1,2024:12:10 10:59:20,1
6521,4,July,2024,10894,1,2024:07:31 21:31:34,1
6522,2,October,2020,18045,1,2020:10:19 12:58:08,1
6523,1,August,2023,11332,1,2023:08:18 21:59:14,1
6524,2,February,2021,10045,1,2021:02:07 14:07:18,1
6525,4,May,2022,18227,1,2022:05:27 22:38:36,1
6526,4,March,2022,10357,1,2022:03:26 09:21:06,1
6527,3,June,2021,17194,1,2021:06:27 14:27:50,1
6528,5,November,2020,13841,1,2020:11:01 22:25:11,1
6529,5,July,2020,12893,1,2020:07:30 11:07:52,1
6530,4,January,2019,10388,1,2019:01:22 10:07:26,1
6531,2,February,2024,15533,1,2024:02:19 17:33:01,1
6532,4,November,2022,11171,1,2022:11:28 19:56:55,1
6533,1,December,2019,12309,1,2019:12:10 10:29:44,1
6534,3,December,2020,19376,1,2020:12:14 11:26:29,1
6535,5,June,2024,10760,1,2024:06:15 12:43:46,1
6536,2,October,2024,12711,1,2024:10:06 10:28:04,1
6537,2,June,2024,15683,1,2024:06:27 11:39:10,1
6538,1,April,2024,17526,1,2024:04:09 11:09:36,1
6539,1,April,2023,17368,1,2023:04:05 21:25:50,1
6540,5,October,2020,12762,1,2020:10:09 18:42:24,1
6541,1,November,2019,11854,1,2019:11:24 19:53:45,1
6542,4,November,2020,19913,1,2020:11:23 19:27:09,1
6543,1,May,2019,13744,1,2019:05:24 14:05:59,1
6544,5,December,2022,13824,1,2022:12:23 16:06:43,1
6545,5,June,2024,15605,1,2024:06:02 13:59:09,1
6546,3,January,2023,15261,1,2023:01:26 18:45:06,1
6547,3,October,2023,11945,1,2023:10:05 22:22:07,1
6548,5,February,2024,15341,1,2024:02:06 13:26:40,1
6549,1,December,2020,16692,1,2020:12:10 22:41:32,1
6550,4,November,2019,15100,1,2019:11:19 11:32:15,1
6551,1,September,2022,16104,1,2022:09:24 12:06:19,1
6552,3,March,2020,12952,1,2020:03:05 09:49:58,1
6553,5,October,2022,12059,1,2022:10:03 17:31:08,1
6554,2,August,2022,17422,1,2022:08:25 11:39:39,1
6555,3,February,2024,12599,1,2024:02:06 14:23:07,1
6556,2,April,2021,12677,1,2021:04:23 09:25:54,1
6557,3,April,2019,14826,1,2019:04:19 12:15:23,1
6558,1,June,2024,16034,1,2024:06:20 09:05:41,1
6559,4,July,2022,16990,1,2022:07:22 11:32:06,1
6560,1,April,2021,16133,1,2021:04:05 18:21:30,1
6561,4,April,2019,13102,1,2019:04:21 21:46:01,1
6562,2,March,2022,18466,1,2022:03:14 11:51:54,1
6563,5,October,2024,18319,1,2024:10:20 11:25:12,1
6564,5,December,2021,19198,1,2021:12:20 18:14:53,1
6565,4,November,2022,13421,1,2022:11:22 09:52:18,1
6566,4,December,2019,19750,1,2019:12:01 10:38:36,1
6567,5,May,2022,12393,1,2022:05:02 15:37:43,1
6568,5,November,2020,15929,1,2020:11:08 17:28:41,1
6569,4,February,2023,17582,1,2023:02:05 15:13:09,1
6570,1,December,2022,19579,1,2022:12:07 12:50:08,1
6571,3,January,2024,15479,1,2024:01:25 21:16:09,1
6572,1,December,2023,19539,1,2023:12:21 13:16:57,1
6573,2,February,2021,19040,1,2021:02:06 16:26:35,1
6574,1,July,2020,12734,1,2020:07:29 21:01:34,1
6575,1,December,2021,12556,1,2021:12:29 15:20:48,1
6576,4,January,2019,12970,1,2019:01:04 12:48:26,1
6577,2,July,2021,12578,1,2021:07:21 14:46:36,1
6578,5,May,2022,11451,1,2022:05:11 09:26:03,1
6579,4,February,2021,16708,1,2021:02:25 14:51:47,1
6580,5,January,2023,10914,1,2023:01:08 16:39:16,1
6581,3,March,2020,18091,1,2020:03:11 20:14:36,1
6582,4,July,2024,14544,1,2024:07:18 21:48:59,1
6583,1,July,2020,19676,1,2020:07:07 15:15:35,1
6584,2,December,2019,10682,1,2019:12:07 11:24:41,1
6585,5,November,2020,15935,1,2020:11:04 20:50:49,1
6586,2,August,2023,10513,1,2023:08:24 10:57:15,1
6587,3,June,2021,17869,1,2021:06:29 20:58:39,1
6588,5,June,2020,11197,1,2020:06:09 12:43:49,1
6589,4,June,2019,19335,1,2019:06:22 15:02:59,1
6590,1,November,2021,13717,1,2021:11:14 18:42:49,1
6591,2,December,2022,17214,1,2022:12:20 20:03:48,1
6592,1,November,2019,18468,1,2019:11:14 21:23:58,1
6593,3,April,2022,14880,1,2022:04:30 11:16:16,1
6594,1,September,2024,18011,1,2024:09:23 09:40:48,1
6595,3,February,2024,15178,1,2024:02:17 10:06:37,1
6596,4,October,2022,14206,1,2022:10:24 21:11:03,1
6597,3,August,2024,17150,1,2024:08:31 21:39:32,1
6598,4,September,2024,10426,1,2024:09:29 18:14:26,1
6599,4,January,2021,16972,1,2021:01:15 20:43:34,1
6600,4,March,2023,14381,1,2023:03:28 10:07:25,1
6601,5,July,2020,19256,1,2020:07:27 19:35:40,1
6602,2,November,2020,13015,1,2020:11:22 14:10:18,1
6603,5,July,2021,19986,1,2021:07:31 22:41:14,1
6604,5,March,2021,13070,1,2021:03:19 22:07:49,1
6605,3,June,2021,17611,1,2021:06:30 20:49:06,1
6606,5,July,2024,16050,1,2024:07:26 21:00:06,1
6607,1,September,2024,12096,1,2024:09:12 11:07:05,1
6608,5,June,2022,19726,1,2022:06:24 17:55:11,1
6609,4,January,2019,18324,1,2019:01:20 21:28:44,1
6610,2,April,2022,15157,1,2022:04:18 21:31:57,1
6611,1,March,2020,15709,1,2020:03:01 17:39:50,1
6612,2,August,2019,18367,1,2019:08:01 19:31:15,1
6613,4,March,2021,10773,1,2021:03:01 10:44:43,1
6614,2,February,2024,15598,1,2024:02:06 11:39:20,1
6615,1,May,2023,14993,1,2023:05:17 16:50:05,1
6616,2,June,2024,16792,1,2024:06:01 17:50:42,1
6617,4,November,2021,13415,1,2021:11:23 13:16:53,1
6618,4,January,2019,14201,1,2019:01:15 19:34:03,1
6619,2,December,2022,18770,1,2022:12:18 09:36:02,1
6620,1,August,2020,11856,1,2020:08:12 14:17:36,1
6621,3,March,2022,18438,1,2022:03:18 22:50:12,1
6622,1,December,2020,10783,1,2020:12:29 11:17:15,1
6623,5,January,2022,19759,1,2022:01:05 12:51:34,1
6624,2,March,2023,16818,1,2023:03:28 19:17:02,1
6625,3,June,2019,19129,1,2019:06:19 18:01:16,1
6626,5,August,2022,18219,1,2022:08:08 21:28:36,1
6627,1,February,2023,12712,1,2023:02:24 18:28:03,1
6628,2,April,2021,18581,1,2021:04:04 14:44:46,1
6629,4,August,2022,13296,1,2022:08:15 21:56:20,1
6630,3,April,2019,10133,1,2019:04:05 18:55:08,1
6631,5,September,2023,18376,1,2023:09:06 20:41:31,1
6632,4,February,2023,10546,1,2023:02:09 11:15:04,1
6633,2,February,2020,16112,1,2020:02:20 09:47:51,1
6634,5,March,2023,14040,1,2023:03:04 21:26:20,1
6635,1,October,2023,19998,1,2023:10:04 22:32:00,1
6636,3,February,2021,17491,1,2021:02:21 15:57:17,1
6637,5,October,2019,11949,1,2019:10:17 12:05:57,1
6638,4,October,2023,14710,1,2023:10:26 12:44:52,1
6639,2,November,2022,13985,1,2022:11:17 22:04:05,1
6640,3,December,2020,15515,1,2020:12:06 19:41:51,1
6641,1,October,2024,19457,1,2024:10:20 21:30:58,1
6642,3,December,2020,11007,1,2020:12:28 14:38:45,1
6643,3,January,2020,14125,1,2020:01:07 12:24:52,1
6644,1,April,2022,19009,1,2022:04:13 11:51:56,1
6645,5,March,2019,12392,1,2019:03:01 18:51:47,1
6646,4,January,2019,14377,1,2019:01:30 15:09:31,1
6647,1,September,2020,12268,1,2020:09:09 16:46:59,1
6648,3,January,2019,13328,1,2019:01:23 22:25:06,1
6649,2,January,2023,10632,1,2023:01:15 10:30:07,1
6650,4,October,2023,15061,1,2023:10:06 14:56:38,1
6651,3,September,2020,18717,1,2020:09:24 11:45:15,1
6652,5,February,2020,11396,1,2020:02:13 11:00:00,1
6653,3,November,2021,12732,1,2021:11:18 21:11:40,1
6654,4,January,2024,16533,1,2024:01:26 09:03:25,1
6655,5,February,2023,16743,1,2023:02:13 17:59:20,1
6656,4,October,2024,15355,1,2024:10:31 09:11:41,1
6657,4,June,2021,16886,1,2021:06:13 12:21:03,1
6658,1,April,2019,14410,1,2019:04:09 19:51:19,1
6659,1,August,2024,13985,1,2024:08:13 21:36:43,1
6660,3,December,2024,10953,1,2024:12:14 18:21:50,1
6661,1,July,2024,10486,1,2024:07:05 10:27:50,1
6662,1,May,2020,11091,1,2020:05:24 15:55:32,1
6663,1,September,2023,11644,1,2023:09:14 10:59:31,1
6664,4,November,2023,17770,1,2023:11:04 09:51:42,1
6665,1,August,2019,14184,1,2019:08:19 16:28:08,1
6666,5,September,2021,18210,1,2021:09:15 22:22:10,1
6667,4,June,2022,19394,1,2022:06:17 17:54:56,1
6668,2,February,2021,13830,1,2021:02:25 15:38:34,1
6669,5,March,2021,10639,1,2021:03:04 14:04:41,1
6670,3,August,2022,13346,1,2022:08:03 12:49:21,1
6671,5,October,2019,17198,1,2019:10:19 13:22:03,1
6672,3,February,2024,16824,1,2024:02:12 18:02:08,1
6673,5,August,2022,18347,1,2022:08:01 09:02:57,1
6674,1,July,2024,13176,1,2024:07:19 12:49:35,1
6675,1,December,2023,14647,1,2023:12:12 19:09:14,1
6676,3,October,2019,16814,1,2019:10:07 15:47:58,1
6677,3,February,2021,14655,1,2021:02:20 18:47:27,1
6678,5,April,2019,14569,1,2019:04:07 13:27:07,1
6679,1,February,2021,12148,1,2021:02:02 16:30:07,1
6680,2,September,2020,17309,1,2020:09:29 10:13:42,1
6681,5,April,2021,10908,1,2021:04:24 15:46:07,1
6682,4,June,2024,19332,1,2024:06:09 10:16:59,1
6683,1,August,2024,12503,1,2024:08:27 18:58:52,1
6684,3,July,2022,18484,1,2022:07:29 12:06:26,1
6685,1,June,2022,13028,1,2022:06:19 21:40:27,1
6686,2,February,2021,15198,1,2021:02:08 15:41:26,1
6687,5,November,2020,10121,1,2020:11:29 10:26:08,1
6688,4,November,2022,18298,1,2022:11:29 21:27:28,1
6689,2,February,2020,13807,1,2020:02:16 22:18:54,1
6690,5,August,2024,17510,1,2024:08:28 16:06:28,1
6691,2,November,2023,14016,1,2023:11:20 10:43:32,1
6692,4,November,2021,10211,1,2021:11:04 15:07:54,1
6693,2,July,2024,14828,1,2024:07:11 19:23:22,1
6694,3,May,2023,10018,1,2023:05:08 10:00:25,1
6695,4,May,2019,15907,1,2019:05:10 16:52:09,1
6696,4,February,2020,12377,1,2020:02:07 14:52:30,1
6697,2,September,2023,19792,1,2023:09:11 21:07:38,1
6698,1,August,2022,16769,1,2022:08:25 14:01:52,1
6699,1,May,2019,12029,1,2019:05:15 14:54:22,1
6700,5,August,2019,15698,1,2019:08:01 12:17:44,1
6701,1,June,2020,16365,1,2020:06:08 22:47:58,1
6702,3,March,2020,12032,1,2020:03:08 16:44:51,1
6703,1,February,2022,19054,1,2022:02:28 22:46:34,1
6704,3,October,2024,15039,1,2024:10:28 16:59:17,1
6705,2,October,2021,16624,1,2021:10:07 20:09:28,1
6706,4,December,2021,19128,1,2021:12:24 14:15:03,1
6707,1,July,2024,16313,1,2024:07:20 10:02:36,1
6708,1,May,2022,12980,1,2022:05:01 11:09:21,1
6709,5,February,2019,15962,1,2019:02:23 21:40:03,1
6710,5,May,2021,19432,1,2021:05:31 09:58:30,1
6711,4,August,2019,14917,1,2019:08:22 20:42:27,1
6712,1,February,2022,10150,1,2022:02:24 13:22:05,1
6713,3,November,2021,12843,1,2021:11:15 19:40:07,1
6714,3,December,2023,13993,1,2023:12:31 19:47:44,1
6715,1,October,2019,15101,1,2019:10:24 11:39:54,1
6716,3,June,2023,12091,1,2023:06:04 16:24:49,1
6717,5,March,2021,18916,1,2021:03:06 22:04:19,1
6718,1,September,2019,15362,1,2019:09:25 10:37:01,1
6719,1,January,2023,18156,1,2023:01:31 13:38:37,1
6720,2,December,2019,16963,1,2019:12:07 22:59:49,1
6721,5,August,2023,13530,1,2023:08:06 13:25:45,1
6722,3,September,2020,15525,1,2020:09:22 22:27:30,1
6723,5,May,2020,14126,1,2020:05:28 09:29:32,1
6724,2,July,2020,19404,1,2020:07:14 22:16:47,1
6725,4,December,2019,11732,1,2019:12:15 12:34:41,1
6726,5,October,2020,16548,1,2020:10:25 21:49:08,1
6727,3,February,2024,16107,1,2024:02:07 11:20:53,1
6728,3,December,2024,18429,1,2024:12:27 10:23:26,1
6729,5,March,2023,14167,1,2023:03:27 12:20:34,1
6730,1,February,2019,19981,1,2019:02:23 11:55:05,1
6731,4,October,2022,16483,1,2022:10:11 16:31:42,1
6732,4,December,2019,17335,1,2019:12:04 15:44:21,1
6733,1,December,2021,10295,1,2021:12:19 11:34:33,1
6734,3,August,2024,10552,1,2024:08:12 22:08:39,1
6735,5,August,2024,16193,1,2024:08:13 15:31:27,1
6736,3,March,2023,13780,1,2023:03:19 16:03:14,1
6737,1,April,2021,19012,1,2021:04:13 18:42:43,1
6738,3,November,2022,19763,1,2022:11:05 21:07:43,1
6739,5,March,2023,15130,1,2023:03:06 18:26:34,1
6740,1,March,2021,17279,1,2021:03:03 22:27:32,1
6741,3,June,2020,10859,1,2020:06:02 12:19:57,1
6742,4,August,2023,14814,1,2023:08:01 16:25:00,1
6743,5,February,2021,10622,1,2021:02:19 11:54:54,1
6744,3,November,2021,13865,1,2021:11:14 12:40:16,1
6745,3,August,2024,14273,1,2024:08:17 14:44:35,1
6746,3,October,2022,19953,1,2022:10:26 13:29:49,1
6747,2,July,2024,12660,1,2024:07:26 11:08:35,1
6748,3,January,2024,11756,1,2024:01:02 16:03:46,1
6749,4,March,2024,15939,1,2024:03:23 19:25:57,1
6750,3,April,2022,16418,1,2022:04:03 18:33:31,1
6751,3,November,2023,17260,1,2023:11:13 13:57:56,1
6752,2,September,2023,18438,1,2023:09:10 13:25:59,1
6753,3,November,2023,11008,1,2023:11:16 17:19:46,1
6754,4,March,2023,17365,1,2023:03:14 10:12:13,1
6755,2,August,2023,11193,1,2023:08:04 11:56:36,1
6756,3,August,2024,16521,1,2024:08:02 21:34:21,1
6757,4,June,2024,17724,1,2024:06:19 19:39:24,1
6758,5,February,2023,13058,1,2023:02:18 16:55:18,1
6759,4,May,2024,19085,1,2024:05:21 09:48:29,1
6760,2,April,2020,16841,1,2020:04:19 14:31:17,1
6761,1,May,2021,17419,1,2021:05:29 14:17:12,1
6762,1,May,2019,16736,1,2019:05:27 20:12:23,1
6763,3,May,2023,13595,1,2023:05:09 18:34:52,1
6764,3,July,2020,19710,1,2020:07:05 17:16:51,1
6765,2,May,2021,13180,1,2021:05:28 19:57:06,1
6766,3,September,2022,12994,1,2022:09:14 20:24:40,1
6767,5,June,2021,13506,1,2021:06:06 14:35:37,1
6768,1,December,2021,18556,1,2021:12:24 14:46:29,1
6769,3,November,2024,18085,1,2024:11:28 11:54:14,1
6770,5,November,2023,10893,1,2023:11:27 12:25:36,1
6771,5,June,2019,18228,1,2019:06:10 16:38:11,1
6772,4,October,2024,10244,1,2024:10:22 21:11:29,1
6773,5,August,2021,16441,1,2021:08:10 16:38:22,1
6774,1,June,2023,18393,1,2023:06:13 16:53:53,1
6775,4,May,2020,19807,1,2020:05:21 11:08:20,1
6776,2,September,2020,16110,1,2020:09:18 13:45:39,1
6777,5,August,2021,13315,1,2021:08:27 10:41:34,1
6778,3,November,2023,19239,1,2023:11:17 14:52:34,1
6779,2,July,2019,10894,1,2019:07:17 17:23:07,1
6780,4,January,2019,13993,1,2019:01:06 14:07:40,1
6781,5,January,2022,11934,1,2022:01:31 19:42:51,1
6782,4,March,2020,10920,1,2020:03:22 18:36:32,1
6783,5,November,2023,15928,1,2023:11:26 10:55:23,1
6784,1,February,2024,10687,1,2024:02:07 14:29:07,1
6785,5,May,2023,16383,1,2023:05:12 11:02:36,1
6786,3,February,2022,10830,1,2022:02:09 09:50:21,1
6787,3,November,2020,13919,1,2020:11:05 12:10:44,1
6788,1,February,2022,17077,1,2022:02:08 12:11:39,1
6789,2,May,2022,15990,1,2022:05:12 12:46:56,1
6790,2,May,2020,10654,1,2020:05:09 19:14:20,1
6791,5,February,2019,11890,1,2019:02:16 20:08:52,1
6792,1,November,2021,15002,1,2021:11:22 20:01:18,1
6793,2,April,2020,19634,1,2020:04:27 18:10:20,1
6794,2,August,2022,16072,1,2022:08:28 10:25:00,1
6795,2,August,2022,16734,1,2022:08:07 13:50:55,1
6796,4,January,2024,14738,1,2024:01:12 17:14:37,1
6797,3,March,2022,19158,1,2022:03:31 16:45:05,1
6798,3,October,2020,19883,1,2020:10:29 09:13:36,1
6799,2,June,2024,11281,1,2024:06:27 22:35:21,1
6800,2,March,2022,10924,1,2022:03:18 17:41:23,1
6801,5,November,2023,10930,1,2023:11:02 10:40:30,1
6802,4,May,2022,15797,1,2022:05:05 12:16:19,1
6803,2,May,2019,14981,1,2019:05:17 11:19:04,1
6804,3,January,2023,14147,1,2023:01:09 13:01:57,1
6805,5,December,2023,11432,1,2023:12:26 10:41:16,1
6806,5,May,2020,14581,1,2020:05:18 16:36:57,1
6807,1,November,2023,14811,1,2023:11:17 16:57:08,1
6808,1,February,2020,13895,1,2020:02:04 09:59:27,1
6809,5,September,2023,14801,1,2023:09:21 15:10:09,1
6810,3,July,2024,15546,1,2024:07:26 14:30:28,1
6811,5,January,2024,17916,1,2024:01:01 20:18:48,1
6812,2,May,2023,11691,1,2023:05:11 20:59:48,1
6813,5,September,2024,17511,1,2024:09:01 17:48:57,1
6814,4,October,2022,19466,1,2022:10:24 20:03:11,1
6815,2,June,2022,11526,1,2022:06:21 20:24:39,1
6816,4,September,2024,16952,1,2024:09:02 14:00:17,1
6817,2,October,2021,16014,1,2021:10:10 17:56:37,1
6818,4,August,2023,12494,1,2023:08:07 10:55:02,1
6819,5,March,2020,13228,1,2020:03:02 10:29:51,1
6820,2,April,2019,10171,1,2019:04:28 17:41:16,1
6821,1,December,2019,18834,1,2019:12:08 13:10:57,1
6822,2,April,2019,16849,1,2019:04:28 11:05:19,1
6823,2,February,2023,14923,1,2023:02:26 12:04:33,1
6824,1,March,2020,18487,1,2020:03:21 20:44:09,1
6825,5,January,2020,10905,1,2020:01:12 19:42:29,1
6826,2,September,2022,12030,1,2022:09:11 18:17:11,1
6827,2,October,2022,11086,1,2022:10:26 12:44:41,1
6828,3,November,2021,17503,1,2021:11:09 11:14:56,1
6829,3,September,2023,13572,1,2023:09:23 09:53:00,1
6830,3,December,2022,13702,1,2022:12:01 21:33:48,1
6831,1,August,2019,11934,1,2019:08:31 11:23:15,1
6832,2,April,2021,10655,1,2021:04:18 22:29:02,1
6833,4,March,2021,14598,1,2021:03:31 17:52:39,1
6834,2,October,2024,17115,1,2024:10:08 09:34:52,1
6835,3,March,2019,19276,1,2019:03:15 21:34:13,1
6836,5,June,2019,19152,1,2019:06:28 21:50:07,1
6837,2,June,2021,14006,1,2021:06:15 18:50:58,1
6838,5,December,2019,13187,1,2019:12:28 09:01:41,1
6839,4,May,2020,14856,1,2020:05:05 13:22:56,1
6840,5,January,2023,19326,1,2023:01:04 20:19:02,1
6841,2,September,2024,11990,1,2024:09:23 19:23:12,1
6842,5,August,2020,18694,1,2020:08:12 09:55:11,1
6843,5,June,2023,16490,1,2023:06:21 15:26:33,1
6844,5,October,2022,15160,1,2022:10:01 17:22:19,1
6845,3,February,2019,18172,1,2019:02:07 12:11:39,1
6846,5,May,2024,15667,1,2024:05:05 22:30:02,1
6847,2,July,2023,17521,1,2023:07:08 13:01:49,1
6848,1,March,2024,11671,1,2024:03:09 22:41:09,1
6849,2,September,2023,12463,1,2023:09:02 09:29:19,1
6850,4,August,2024,14334,1,2024:08:03 14:53:12,1
6851,2,November,2022,19516,1,2022:11:03 14:35:08,1
6852,4,December,2023,12831,1,2023:12:12 10:24:07,1
6853,1,December,2023,13112,1,2023:12:04 20:13:42,1
6854,4,February,2024,10632,1,2024:02:02 11:59:33,1
6855,1,August,2021,10618,1,2021:08:23 19:38:04,1
6856,2,August,2024,11269,1,2024:08:10 19:03:58,1
6857,4,October,2020,17166,1,2020:10:15 16:26:38,1
6858,5,February,2021,14007,1,2021:02:08 16:50:05,1
6859,3,October,2020,14963,1,2020:10:31 14:58:30,1
6860,1,April,2021,19116,1,2021:04:02 10:47:55,1
6861,5,November,2021,15260,1,2021:11:18 12:37:42,1
6862,2,September,2021,11557,1,2021:09:10 09:38:05,1
6863,3,June,2023,14040,1,2023:06:20 13:14:40,1
6864,4,July,2020,16840,1,2020:07:01 19:11:09,1
6865,3,June,2023,15554,1,2023:06:06 15:04:40,1
6866,3,December,2021,18938,1,2021:12:12 15:05:09,1
6867,5,October,2021,16671,1,2021:10:25 17:52:43,1
6868,2,October,2020,12499,1,2020:10:06 13:50:49,1
6869,5,December,2021,13672,1,2021:12:16 13:45:29,1
6870,3,June,2024,14194,1,2024:06:13 10:41:19,1
6871,1,June,2020,19961,1,2020:06:26 15:17:55,1
6872,3,July,2024,10391,1,2024:07:08 12:56:29,1
6873,5,October,2021,13018,1,2021:10:24 15:58:45,1
6874,4,January,2021,11428,1,2021:01:21 14:20:42,1
6875,3,November,2023,14653,1,2023:11:07 22:53:52,1
6876,5,February,2019,13624,1,2019:02:04 17:06:09,1
6877,2,September,2020,11689,1,2020:09:10 22:36:09,1
6878,1,September,2024,13139,1,2024:09:10 20:34:15,1
6879,5,October,2021,17630,1,2021:10:08 20:55:19,1
6880,5,July,2023,19413,1,2023:07:30 22:57:18,1
6881,4,May,2024,15666,1,2024:05:20 19:20:16,1
6882,2,September,2022,15421,1,2022:09:20 12:50:30,1
6883,3,January,2019,17691,1,2019:01:15 10:20:12,1
6884,1,June,2019,13703,1,2019:06:09 21:54:36,1
6885,3,April,2023,19506,1,2023:04:19 20:17:18,1
6886,3,December,2021,18974,1,2021:12:25 20:35:08,1
6887,3,August,2024,13360,1,2024:08:06 21:33:37,1
6888,2,August,2021,18355,1,2021:08:12 11:08:39,1
6889,4,January,2022,11293,1,2022:01:26 21:23:36,1
6890,4,February,2023,18392,1,2023:02:07 15:35:37,1
6891,4,January,2020,17506,1,2020:01:23 17:34:38,1
6892,2,August,2024,15055,1,2024:08:09 15:55:37,1
6893,4,February,2019,13414,1,2019:02:27 14:33:09,1
6894,4,June,2022,19729,1,2022:06:25 12:31:40,1
6895,2,August,2020,15254,1,2020:08:06 15:10:58,1
6896,3,September,2023,14144,1,2023:09:13 15:09:28,1
6897,5,July,2021,17597,1,2021:07:18 16:13:24,1
6898,2,July,2024,12098,1,2024:07:30 14:03:05,1
6899,1,November,2021,10294,1,2021:11:29 17:05:36,1
6900,4,February,2022,11211,1,2022:02:15 15:30:20,1
6901,2,February,2020,15386,1,2020:02:11 18:36:51,1
6902,4,November,2023,16423,1,2023:11:17 13:38:07,1
6903,5,April,2022,18728,1,2022:04:15 18:17:45,1
6904,3,July,2023,12254,1,2023:07:12 11:49:28,1
6905,4,April,2020,12818,1,2020:04:16 18:37:17,1
6906,4,November,2020,13874,1,2020:11:30 15:53:16,1
6907,2,April,2022,17612,1,2022:04:01 11:18:41,1
6908,4,October,2021,16893,1,2021:10:12 21:31:12,1
6909,5,January,2019,14917,1,2019:01:06 20:09:13,1
6910,1,April,2020,19373,1,2020:04:28 21:40:42,1
6911,1,July,2022,11181,1,2022:07:12 20:08:49,1
6912,2,September,2024,14478,1,2024:09:29 18:20:14,1
6913,1,December,2021,17173,1,2021:12:16 13:00:39,1
6914,3,October,2022,19974,1,2022:10:13 09:01:57,1
6915,1,May,2023,15978,1,2023:05:12 11:45:08,1
6916,5,September,2021,14918,1,2021:09:14 14:33:09,1
6917,1,November,2022,16060,1,2022:11:14 11:31:55,1
6918,2,May,2022,10704,1,2022:05:12 16:31:31,1
6919,2,November,2019,17089,1,2019:11:13 11:46:49,1
6920,2,December,2019,16977,1,2019:12:04 10:57:13,1
6921,4,April,2019,10478,1,2019:04:03 16:38:58,1
6922,4,September,2023,17110,1,2023:09:16 19:16:00,1
6923,5,April,2024,16286,1,2024:04:29 13:57:50,1
6924,5,July,2021,19611,1,2021:07:30 16:45:29,1
6925,3,April,2020,11690,1,2020:04:26 17:07:50,1
6926,2,April,2022,11204,1,2022:04:26 10:35:46,1
6927,4,September,2020,17233,1,2020:09:27 21:58:38,1
6928,1,September,2022,19668,1,2022:09:23 15:14:34,1
6929,3,June,2024,13861,1,2024:06:11 17:22:00,1
6930,1,February,2022,11230,1,2022:02:12 21:52:28,1
6931,4,January,2019,17402,1,2019:01:09 14:50:51,1
6932,1,June,2023,15507,1,2023:06:26 15:16:29,1
6933,4,September,2019,17756,1,2019:09:18 17:56:12,1
6934,3,April,2021,13259,1,2021:04:21 18:46:37,1
6935,5,June,2019,18021,1,2019:06:07 16:48:59,1
6936,3,October,2019,15502,1,2019:10:17 12:11:08,1
6937,2,March,2024,18670,1,2024:03:28 10:00:11,1
6938,2,August,2024,18413,1,2024:08:20 10:43:08,1
6939,4,March,2023,11033,1,2023:03:12 15:48:23,1
6940,5,July,2020,16001,1,2020:07:07 20:58:41,1
6941,4,August,2022,19471,1,2022:08:29 10:37:22,1
6942,2,August,2023,13633,1,2023:08:04 19:52:36,1
6943,4,January,2024,10371,1,2024:01:15 10:41:16,1
6944,4,November,2024,16534,1,2024:11:11 09:08:20,1
6945,5,December,2022,13159,1,2022:12:24 12:06:40,1
6946,2,June,2024,16513,1,2024:06:03 13:28:34,1
6947,5,April,2020,19429,1,2020:04:11 09:23:05,1
6948,2,July,2019,16002,1,2019:07:08 14:06:19,1
6949,4,May,2021,14175,1,2021:05:03 09:13:56,1
6950,1,June,2022,15712,1,2022:06:26 09:40:10,1
6951,5,November,2022,17515,1,2022:11:11 16:30:51,1
6952,2,April,2022,19255,1,2022:04:26 19:47:21,1
6953,3,January,2020,13604,1,2020:01:02 15:25:01,1
6954,3,November,2021,11770,1,2021:11:06 09:49:16,1
6955,4,March,2020,18827,1,2020:03:08 16:52:47,1
6956,3,July,2022,19640,1,2022:07:24 11:38:49,1
6957,1,October,2023,16975,1,2023:10:13 16:25:13,1
6958,3,February,2024,16125,1,2024:02:09 15:26:53,1
6959,4,August,2020,19599,1,2020:08:23 22:31:06,1
6960,3,October,2020,19039,1,2020:10:07 13:04:40,1
6961,3,July,2023,10534,1,2023:07:13 09:03:36,1
6962,3,February,2024,15289,1,2024:02:04 17:33:11,1
6963,2,October,2021,12934,1,2021:10:16 12:35:06,1
6964,4,April,2021,12901,1,2021:04:18 15:31:59,1
6965,2,May,2024,10673,1,2024:05:10 16:20:16,1
6966,4,September,2021,10014,1,2021:09:25 15:52:50,1
6967,2,November,2024,10882,1,2024:11:23 15:48:03,1
6968,4,December,2022,15969,1,2022:12:07 20:33:28,1
6969,5,March,2019,19084,1,2019:03:14 11:22:14,1
6970,4,August,2020,15015,1,2020:08:01 13:43:22,1
6971,1,November,2019,10068,1,2019:11:26 10:52:45,1
6972,3,January,2022,16531,1,2022:01:27 13:27:08,1
6973,1,March,2019,16860,1,2019:03:05 21:47:33,1
6974,5,May,2024,16284,1,2024:05:22 13:05:45,1
6975,1,February,2021,12137,1,2021:02:08 15:32:40,1
6976,4,July,2023,16274,1,2023:07:05 09:26:48,1
6977,2,April,2020,16497,1,2020:04:16 18:13:47,1
6978,1,August,2023,17103,1,2023:08:19 14:04:20,1
6979,1,July,2020,12505,1,2020:07:17 14:24:26,1
6980,5,June,2024,15405,1,2024:06:16 12:41:32,1
6981,1,May,2021,16391,1,2021:05:14 10:59:44,1
6982,2,March,2023,19047,1,2023:03:22 17:51:40,1
6983,3,July,2023,18579,1,2023:07:20 10:29:54,1
6984,3,May,2024,18031,1,2024:05:25 20:29:52,1
6985,4,July,2023,19075,1,2023:07:31 15:54:26,1
6986,1,November,2022,10346,1,2022:11:19 19:51:46,1
6987,3,July,2021,16769,1,2021:07:27 22:47:38,1
6988,4,February,2021,18407,1,2021:02:26 17:19:10,1
6989,3,April,2024,17211,1,2024:04:26 18:20:21,1
6990,3,February,2022,19580,1,2022:02:09 14:56:28,1
6991,3,January,2024,15519,1,2024:01:13 13:42:40,1
6992,3,March,2019,11361,1,2019:03:30 18:59:32,1
6993,3,April,2020,18341,1,2020:04:05 15:55:56,1
6994,5,May,2021,16867,1,2021:05:26 21:09:04,1
6995,1,April,2021,19085,1,2021:04:13 14:40:24,1
6996,3,December,2022,13298,1,2022:12:25 13:26:25,1
6997,4,May,2019,18155,1,2019:05:06 12:13:15,1
6998,2,June,2019,12217,1,2019:06:12 19:18:30,1
6999,5,April,2021,13319,1,2021:04:22 19:03:36,1
7000,1,April,2021,17443,1,2021:04:02 10:53:14,1
7001,2,June,2023,18870,1,2023:06:30 14:14:33,1
7002,3,July,2020,17421,1,2020:07:12 10:58:54,1
7003,5,April,2020,18311,1,2020:04:05 09:49:45,1
7004,1,May,2019,17952,1,2019:05:26 20:54:25,1
7005,2,February,2020,11425,1,2020:02:22 10:48:07,1
7006,2,July,2020,12191,1,2020:07:07 17:09:04,1
7007,1,January,2024,14256,1,2024:01:29 14:06:19,1
7008,4,September,2023,14209,1,2023:09:08 19:58:04,1
7009,5,May,2021,18839,1,2021:05:02 15:21:06,1
7010,5,February,2020,14667,1,2020:02:04 22:10:16,1
7011,1,September,2019,16778,1,2019:09:17 16:54:29,1
7012,4,November,2022,19619,1,2022:11:09 22:19:52,1
7013,1,September,2022,14786,1,2022:09:21 21:19:00,1
7014,5,January,2023,19295,1,2023:01:10 13:46:45,1
7015,3,April,2021,14613,1,2021:04:26 19:46:25,1
7016,5,August,2021,13827,1,2021:08:17 12:34:07,1
7017,2,February,2020,12402,1,2020:02:01 12:31:50,1
7018,4,December,2022,18743,1,2022:12:18 17:39:16,1
7019,4,March,2019,12321,1,2019:03:30 16:23:46,1
7020,4,May,2020,12683,1,2020:05:21 14:22:25,1
7021,2,September,2023,14776,1,2023:09:12 16:13:46,1
7022,3,November,2021,11174,1,2021:11:15 17:42:07,1
7023,3,September,2022,18651,1,2022:09:28 11:14:40,1
7024,2,January,2023,17442,1,2023:01:08 22:20:27,1
7025,1,December,2023,11601,1,2023:12:04 13:03:39,1
7026,2,February,2020,18244,1,2020:02:17 14:23:32,1
7027,4,April,2023,18877,1,2023:04:26 19:30:41,1
7028,2,August,2024,11206,1,2024:08:02 18:08:13,1
7029,5,October,2020,12808,1,2020:10:16 09:35:57,1
7030,2,May,2020,11664,1,2020:05:03 18:50:22,1
7031,4,January,2020,11809,1,2020:01:03 21:41:53,1
7032,5,June,2021,16122,1,2021:06:21 16:57:36,1
7033,4,September,2019,14894,1,2019:09:01 19:22:44,1
7034,2,May,2021,14805,1,2021:05:20 12:50:29,1
7035,4,July,2019,10555,1,2019:07:18 16:42:12,1
7036,3,January,2021,11271,1,2021:01:20 10:24:52,1
7037,1,January,2019,19272,1,2019:01:08 18:04:53,1
7038,5,November,2023,10595,1,2023:11:04 09:57:49,1
7039,5,December,2021,14847,1,2021:12:05 09:17:11,1
7040,5,August,2020,10329,1,2020:08:18 14:34:53,1
7041,3,March,2022,14186,1,2022:03:09 10:49:42,1
7042,4,April,2024,17426,1,2024:04:03 15:10:08,1
7043,5,August,2022,19974,1,2022:08:20 12:30:19,1
7044,4,October,2022,12360,1,2022:10:29 16:23:40,1
7045,2,December,2024,10785,1,2024:12:08 19:27:59,1
7046,1,June,2019,19948,1,2019:06:06 21:37:49,1
7047,1,April,2023,19163,1,2023:04:17 14:08:01,1
7048,5,August,2021,16225,1,2021:08:29 13:40:47,1
7049,3,June,2024,13571,1,2024:06:02 11:17:45,1
7050,4,February,2022,12690,1,2022:02:04 22:58:39,1
7051,1,March,2020,16598,1,2020:03:22 16:02:14,1
7052,3,January,2021,14100,1,2021:01:05 13:29:00,1
7053,1,December,2023,16288,1,2023:12:11 10:54:27,1
7054,3,August,2020,18315,1,2020:08:07 17:29:47,1
7055,3,February,2024,11341,1,2024:02:20 09:01:01,1
7056,4,March,2020,13895,1,2020:03:29 14:10:04,1
7057,4,July,2019,18899,1,2019:07:15 14:39:33,1
7058,5,October,2019,11404,1,2019:10:04 15:05:18,1
7059,2,November,2021,14745,1,2021:11:03 22:07:32,1
7060,1,April,2024,11787,1,2024:04:06 17:23:35,1
7061,4,May,2019,15750,1,2019:05:30 19:51:16,1
7062,5,December,2024,15623,1,2024:12:05 22:16:26,1
7063,1,February,2020,12469,1,2020:02:29 15:58:32,1
7064,1,April,2024,11508,1,2024:04:24 17:46:04,1
7065,5,December,2019,12664,1,2019:12:30 10:24:47,1
7066,2,April,2020,15837,1,2020:04:25 13:42:08,1
7067,2,December,2020,15177,1,2020:12:07 14:58:12,1
7068,5,December,2022,17379,1,2022:12:20 15:49:54,1
7069,5,June,2020,15871,1,2020:06:03 22:34:06,1
7070,4,July,2019,17793,1,2019:07:26 12:15:16,1
7071,1,January,2021,12480,1,2021:01:31 13:31:17,1
7072,1,March,2022,18404,1,2022:03:06 13:29:39,1
7073,1,April,2024,18795,1,2024:04:15 09:36:17,1
7074,2,March,2021,12247,1,2021:03:19 10:41:04,1
7075,2,December,2024,11054,1,2024:12:09 18:44:31,1
7076,4,April,2023,12153,1,2023:04:07 09:48:29,1
7077,4,December,2020,16423,1,2020:12:31 18:50:19,1
7078,3,July,2019,14547,1,2019:07:02 22:08:47,1
7079,4,February,2023,13301,1,2023:02:11 21:32:07,1
7080,2,March,2020,13216,1,2020:03:21 16:32:53,1
7081,3,July,2019,18531,1,2019:07:19 21:47:56,1
7082,1,September,2019,13457,1,2019:09:23 16:11:35,1
7083,4,June,2019,17045,1,2019:06:09 11:33:33,1
7084,2,January,2022,10071,1,2022:01:25 20:47:02,1
7085,3,November,2024,14154,1,2024:11:19 22:31:28,1
7086,4,October,2021,15135,1,2021:10:21 11:55:47,1
7087,1,June,2020,17153,1,2020:06:05 10:16:59,1
7088,4,July,2019,11029,1,2019:07:03 19:31:17,1
7089,2,October,2022,19273,1,2022:10:05 18:07:52,1
7090,4,February,2020,17557,1,2020:02:22 21:30:55,1
7091,3,November,2022,17990,1,2022:11:28 22:42:38,1
7092,5,September,2023,11791,1,2023:09:28 18:44:13,1
7093,4,November,2021,17472,1,2021:11:16 14:49:56,1
7094,3,November,2020,14105,1,2020:11:27 16:05:46,1
7095,2,November,2019,13376,1,2019:11:10 09:14:16,1
7096,1,June,2019,12214,1,2019:06:20 13:35:40,1
7097,2,May,2024,10883,1,2024:05:13 09:36:58,1
7098,2,July,2024,15298,1,2024:07:19 11:23:05,1
7099,4,July,2023,12913,1,2023:07:01 13:42:24,1
7100,4,August,2022,15901,1,2022:08:22 16:03:14,1
7101,5,July,2022,10752,1,2022:07:25 15:46:11,1
7102,4,November,2021,13419,1,2021:11:24 21:39:21,1
7103,5,June,2019,12674,1,2019:06:19 16:24:13,1
7104,4,November,2019,18741,1,2019:11:05 22:26:48,1
7105,5,May,2019,13262,1,2019:05:07 11:05:48,1
7106,4,March,2019,13521,1,2019:03:17 22:37:04,1
7107,2,November,2019,11089,1,2019:11:15 20:51:46,1
7108,1,April,2024,15221,1,2024:04:25 18:19:59,1
7109,3,November,2019,13326,1,2019:11:13 11:48:01,1
7110,3,July,2024,15125,1,2024:07:16 18:35:07,1
7111,4,October,2020,15368,1,2020:10:16 12:20:20,1
7112,2,October,2020,16064,1,2020:10:02 11:35:07,1
7113,4,February,2024,12318,1,2024:02:07 12:20:41,1
7114,2,July,2019,16215,1,2019:07:10 09:16:51,1
7115,2,February,2022,19437,1,2022:02:16 19:23:35,1
7116,5,June,2022,17980,1,2022:06:11 09:56:54,1
7117,1,March,2022,18117,1,2022:03:06 15:47:06,1
7118,4,August,2024,15591,1,2024:08:09 12:39:41,1
7119,3,April,2019,11267,1,2019:04:24 12:28:02,1
7120,1,November,2019,19031,1,2019:11:24 20:43:19,1
7121,2,October,2020,15491,1,2020:10:17 13:39:49,1
7122,1,May,2023,19274,1,2023:05:29 10:03:49,1
7123,1,December,2024,11333,1,2024:12:27 21:51:32,1
7124,2,August,2019,11275,1,2019:08:24 11:01:08,1
7125,4,July,2021,17393,1,2021:07:13 22:06:12,1
7126,5,November,2020,15765,1,2020:11:17 12:32:22,1
7127,2,August,2021,13169,1,2021:08:07 18:46:22,1
7128,2,November,2020,14989,1,2020:11:12 15:33:40,1
7129,1,November,2020,17257,1,2020:11:29 14:19:36,1
7130,3,October,2022,15353,1,2022:10:15 12:36:26,1
7131,2,April,2020,19623,1,2020:04:12 17:41:20,1
7132,5,August,2020,12351,1,2020:08:06 22:25:54,1
7133,1,August,2020,14795,1,2020:08:08 15:25:35,1
7134,1,September,2019,15828,1,2019:09:02 10:11:37,1
7135,2,September,2024,18910,1,2024:09:18 20:03:23,1
7136,1,October,2023,10067,1,2023:10:05 15:14:29,1
7137,1,February,2023,15443,1,2023:02:15 21:14:14,1
7138,5,April,2022,14670,1,2022:04:08 19:58:37,1
7139,2,December,2019,12425,1,2019:12:02 10:04:08,1
7140,3,May,2020,16092,1,2020:05:10 12:50:50,1
7141,4,August,2023,13312,1,2023:08:09 19:13:21,1
7142,2,April,2020,11568,1,2020:04:10 18:55:38,1
7143,4,March,2019,17817,1,2019:03:04 21:32:11,1
7144,3,May,2024,10808,1,2024:05:17 18:35:43,1
7145,4,December,2021,16872,1,2021:12:10 09:07:39,1
7146,1,March,2022,15474,1,2022:03:14 19:09:12,1
7147,3,November,2022,17433,1,2022:11:11 16:05:05,1
7148,5,January,2022,12466,1,2022:01:10 15:49:26,1
7149,1,August,2023,19546,1,2023:08:29 21:53:25,1
7150,2,June,2021,19224,1,2021:06:19 16:31:31,1
7151,5,May,2023,15081,1,2023:05:07 13:06:00,1
7152,3,October,2022,13039,1,2022:10:20 12:43:20,1
7153,1,January,2019,15709,1,2019:01:17 18:28:01,1
7154,4,December,2022,14357,1,2022:12:25 09:43:50,1
7155,5,January,2020,18886,1,2020:01:21 09:26:12,1
7156,2,October,2021,17226,1,2021:10:23 21:43:47,1
7157,4,May,2019,14583,1,2019:05:06 11:03:22,1
7158,1,May,2022,15085,1,2022:05:01 20:44:21,1
7159,3,September,2020,17053,1,2020:09:02 19:11:40,1
7160,1,February,2024,16209,1,2024:02:13 11:43:03,1
7161,2,December,2023,17672,1,2023:12:08 21:33:26,1
7162,2,March,2022,14901,1,2022:03:01 14:55:38,1
7163,3,August,2021,19891,1,2021:08:16 16:14:46,1
7164,3,September,2024,15571,1,2024:09:15 20:31:43,1
7165,1,January,2021,18656,1,2021:01:30 09:08:06,1
7166,2,April,2021,17289,1,2021:04:27 11:26:02,1
7167,1,January,2022,18446,1,2022:01:28 13:45:49,1
7168,1,April,2024,12256,1,2024:04:03 15:59:23,1
7169,4,December,2024,17065,1,2024:12:13 10:57:40,1
7170,1,August,2024,19210,1,2024:08:26 09:28:29,1
7171,3,June,2020,15408,1,2020:06:14 20:06:57,1
7172,1,March,2020,13342,1,2020:03:09 16:41:07,1
7173,1,March,2022,16658,1,2022:03:04 21:36:03,1
7174,4,December,2024,19385,1,2024:12:15 20:37:54,1
7175,4,January,2024,15322,1,2024:01:26 10:01:49,1
7176,3,July,2021,15792,1,2021:07:23 20:29:39,1
7177,3,February,2020,19577,1,2020:02:20 18:19:20,1
7178,5,February,2019,19381,1,2019:02:13 16:40:29,1
7179,5,September,2021,19474,1,2021:09:27 15:16:17,1
7180,4,December,2022,11737,1,2022:12:16 11:09:50,1
7181,5,February,2023,12300,1,2023:02:15 17:06:06,1
7182,3,February,2022,16384,1,2022:02:17 10:46:27,1
7183,1,February,2024,12392,1,2024:02:29 17:17:32,1
7184,5,December,2020,15750,1,2020:12:22 13:27:19,1
7185,5,October,2019,18528,1,2019:10:14 12:43:19,1
7186,3,January,2024,18746,1,2024:01:17 16:05:41,1
7187,5,February,2024,17328,1,2024:02:21 16:47:48,1
7188,5,July,2024,16625,1,2024:07:11 22:07:09,1
7189,1,January,2020,15174,1,2020:01:18 14:38:32,1
7190,4,August,2024,18148,1,2024:08:26 19:02:57,1
7191,1,February,2022,12652,1,2022:02:16 10:05:55,1
7192,4,October,2023,16209,1,2023:10:24 20:53:04,1
7193,1,November,2023,18970,1,2023:11:10 14:43:10,1
7194,4,August,2020,18794,1,2020:08:19 17:42:59,1
7195,1,March,2021,16067,1,2021:03:01 10:56:39,1
7196,4,December,2022,17041,1,2022:12:07 17:24:48,1
7197,5,May,2023,18392,1,2023:05:29 09:29:32,1
7198,4,July,2024,11433,1,2024:07:07 13:59:32,1
7199,1,April,2019,15293,1,2019:04:30 16:37:58,1
7200,2,June,2024,18329,1,2024:06:07 18:15:06,1
7201,5,December,2020,19456,1,2020:12:30 19:20:16,1
7202,2,September,2021,18906,1,2021:09:24 21:04:01,1
7203,4,July,2019,13290,1,2019:07:25 10:11:53,1
7204,1,April,2024,16865,1,2024:04:13 09:08:51,1
7205,3,November,2024,18552,1,2024:11:02 13:52:44,1
7206,3,April,2019,11126,1,2019:04:06 11:55:37,1
7207,1,June,2019,18429,1,2019:06:29 10:27:21,1
7208,2,January,2022,17517,1,2022:01:10 17:13:40,1
7209,4,March,2023,17426,1,2023:03:28 17:13:10,1
7210,4,December,2022,16472,1,2022:12:20 11:14:39,1
7211,4,December,2023,10768,1,2023:12:08 10:18:06,1
7212,1,May,2024,17206,1,2024:05:07 18:53:48,1
7213,4,July,2022,14096,1,2022:07:08 10:28:28,1
7214,5,July,2019,10777,1,2019:07:12 18:38:27,1
7215,2,November,2023,19880,1,2023:11:18 20:08:29,1
7216,2,July,2020,17677,1,2020:07:15 12:13:25,1
7217,5,February,2024,19669,1,2024:02:07 10:57:26,1
7218,3,March,2020,13155,1,2020:03:10 14:07:22,1
7219,3,June,2023,10209,1,2023:06:18 09:29:21,1
7220,3,August,2024,17457,1,2024:08:29 17:10:28,1
7221,4,October,2022,10851,1,2022:10:25 17:49:36,1
7222,2,April,2024,15796,1,2024:04:23 14:07:41,1
7223,1,May,2020,10448,1,2020:05:31 18:19:45,1
7224,4,March,2020,12872,1,2020:03:30 20:59:51,1
7225,1,February,2020,15700,1,2020:02:13 10:43:44,1
7226,4,February,2022,10233,1,2022:02:23 20:19:10,1
7227,5,August,2021,17308,1,2021:08:06 09:18:57,1
7228,5,August,2019,18371,1,2019:08:06 15:19:49,1
7229,4,January,2023,12171,1,2023:01:27 20:44:17,1
7230,2,December,2024,18242,1,2024:12:22 20:00:00,1
7231,1,November,2019,10652,1,2019:11:13 14:27:19,1
7232,2,October,2020,12994,1,2020:10:29 16:08:24,1
7233,5,July,2023,15661,1,2023:07:27 09:36:35,1
7234,1,September,2020,19557,1,2020:09:08 11:00:23,1
7235,1,March,2024,14636,1,2024:03:05 20:06:13,1
7236,2,April,2021,17341,1,2021:04:16 10:07:29,1
7237,2,April,2023,14150,1,2023:04:23 19:50:59,1
7238,3,February,2022,16915,1,2022:02:27 15:32:54,1
7239,2,September,2019,17601,1,2019:09:14 18:28:37,1
7240,5,November,2022,10446,1,2022:11:06 21:44:05,1
7241,4,July,2023,11420,1,2023:07:08 22:32:51,1
7242,1,March,2019,13649,1,2019:03:28 20:27:22,1
7243,3,September,2024,15212,1,2024:09:09 14:37:10,1
7244,1,December,2021,10786,1,2021:12:28 19:32:30,1
7245,1,March,2024,19757,1,2024:03:10 14:43:45,1
7246,4,October,2020,12688,1,2020:10:05 19:20:41,1
7247,1,February,2024,12849,1,2024:02:01 12:42:49,1
7248,1,May,2021,12319,1,2021:05:28 15:29:34,1
7249,3,March,2024,11189,1,2024:03:23 14:52:45,1
7250,2,February,2022,14392,1,2022:02:26 12:50:43,1
7251,1,June,2024,10882,1,2024:06:18 18:30:28,1
7252,2,June,2024,15735,1,2024:06:01 11:20:36,1
7253,4,November,2019,12460,1,2019:11:29 19:37:45,1
7254,2,May,2021,13312,1,2021:05:15 09:43:29,1
7255,2,March,2023,16570,1,2023:03:27 13:07:49,1
7256,3,January,2021,10985,1,2021:01:10 19:31:01,1
7257,2,March,2022,15180,1,2022:03:30 11:30:54,1
7258,4,February,2022,11811,1,2022:02:21 20:56:04,1
7259,3,July,2024,12196,1,2024:07:31 10:15:05,1
7260,5,June,2019,15896,1,2019:06:12 16:59:52,1
7261,1,February,2019,11332,1,2019:02:05 17:28:37,1
7262,5,August,2021,10175,1,2021:08:01 20:20:27,1
7263,2,February,2019,19791,1,2019:02:20 13:12:41,1
7264,2,July,2019,16348,1,2019:07:08 11:01:44,1
7265,2,July,2023,13456,1,2023:07:28 11:47:51,1
7266,1,March,2019,15221,1,2019:03:18 15:50:24,1
7267,2,July,2021,13946,1,2021:07:06 18:26:21,1
7268,5,November,2020,15169,1,2020:11:24 17:10:57,1
7269,5,October,2020,17196,1,2020:10:28 09:26:02,1
7270,4,January,2023,10467,1,2023:01:17 09:05:40,1
7271,4,November,2023,15240,1,2023:11:18 17:44:19,1
7272,1,February,2024,18396,1,2024:02:22 12:08:07,1
7273,4,March,2024,19909,1,2024:03:14 19:59:10,1
7274,4,March,2019,14184,1,2019:03:29 22:12:55,1
7275,4,June,2023,14682,1,2023:06:06 20:24:09,1
7276,1,November,2021,13940,1,2021:11:25 14:46:34,1
7277,1,January,2019,17236,1,2019:01:17 17:25:19,1
7278,4,December,2022,15167,1,2022:12:28 15:41:57,1
7279,2,August,2023,14939,1,2023:08:18 09:51:58,1
7280,3,June,2022,11084,1,2022:06:11 11:01:25,1
7281,5,February,2020,12713,1,2020:02:12 15:49:09,1
7282,3,November,2020,11385,1,2020:11:06 15:57:14,1
7283,2,May,2020,19391,1,2020:05:04 15:51:01,1
7284,5,March,2023,19047,1,2023:03:12 12:10:44,1
7285,1,December,2023,11830,1,2023:12:30 11:51:14,1
7286,2,January,2023,10990,1,2023:01:01 18:01:55,1
7287,4,November,2022,18742,1,2022:11:15 11:26:46,1
7288,5,April,2020,12719,1,2020:04:28 22:56:53,1
7289,2,April,2019,18572,1,2019:04:07 11:00:42,1
7290,1,April,2022,18800,1,2022:04:14 11:22:17,1
7291,5,December,2023,11296,1,2023:12:01 13:56:36,1
7292,2,September,2023,18012,1,2023:09:04 10:29:26,1
7293,2,March,2023,15175,1,2023:03:23 17:48:03,1
7294,4,April,2022,15568,1,2022:04:06 21:39:41,1
7295,3,April,2019,15936,1,2019:04:26 20:07:30,1
7296,4,December,2022,10748,1,2022:12:11 16:46:06,1
7297,5,October,2020,11868,1,2020:10:05 13:54:14,1
7298,1,October,2023,14430,1,2023:10:06 15:39:37,1
7299,5,June,2019,16418,1,2019:06:23 18:23:51,1
7300,2,September,2020,15782,1,2020:09:05 15:37:14,1
7301,5,June,2023,14854,1,2023:06:21 13:01:45,1
7302,1,January,2020,11210,1,2020:01:03 18:00:04,1
7303,1,July,2022,18757,1,2022:07:16 15:47:04,1
7304,2,April,2023,18035,1,2023:04:09 21:48:04,1
7305,4,August,2020,15945,1,2020:08:06 13:46:49,1
7306,1,December,2020,15356,1,2020:12:21 14:07:48,1
7307,4,July,2022,19200,1,2022:07:10 10:37:31,1
7308,3,January,2023,16717,1,2023:01:18 22:26:35,1
7309,2,May,2019,13237,1,2019:05:17 18:34:25,1
7310,5,February,2021,19209,1,2021:02:25 21:49:43,1
7311,2,January,2019,13846,1,2019:01:13 10:03:30,1
7312,5,July,2023,17445,1,2023:07:07 16:01:42,1
7313,1,April,2020,13131,1,2020:04:08 19:12:07,1
7314,3,June,2021,13146,1,2021:06:22 22:11:34,1
7315,3,November,2023,14982,1,2023:11:05 18:53:04,1
7316,2,December,2022,13077,1,2022:12:01 17:51:33,1
7317,1,May,2022,18271,1,2022:05:19 11:11:25,1
7318,1,January,2020,10222,1,2020:01:15 20:36:14,1
7319,5,December,2020,18166,1,2020:12:05 22:44:37,1
7320,4,December,2021,18808,1,2021:12:17 13:11:15,1
7321,5,March,2019,15874,1,2019:03:06 14:45:28,1
7322,4,November,2023,18980,1,2023:11:29 17:50:41,1
7323,3,December,2020,19108,1,2020:12:26 16:41:43,1
7324,1,December,2021,12312,1,2021:12:17 20:28:51,1
7325,3,October,2022,16486,1,2022:10:29 20:49:25,1
7326,2,October,2020,17880,1,2020:10:10 12:58:20,1
7327,2,August,2021,10387,1,2021:08:08 10:18:39,1
7328,1,February,2020,13542,1,2020:02:17 16:36:19,1
7329,1,August,2024,12914,1,2024:08:15 17:14:53,1
7330,3,October,2021,10633,1,2021:10:12 10:34:07,1
7331,3,November,2020,11734,1,2020:11:11 22:05:21,1
7332,2,March,2024,10128,1,2024:03:30 09:03:08,1
7333,2,March,2020,15085,1,2020:03:11 13:12:54,1
7334,1,February,2022,12420,1,2022:02:05 11:55:51,1
7335,3,July,2022,10252,1,2022:07:21 14:30:28,1
7336,2,February,2019,15149,1,2019:02:28 12:20:48,1
7337,5,March,2024,17372,1,2024:03:15 20:01:24,1
7338,3,March,2019,15149,1,2019:03:26 21:51:45,1
7339,5,July,2021,16147,1,2021:07:17 14:10:40,1
7340,1,June,2024,18865,1,2024:06:14 18:52:23,1
7341,3,November,2020,11575,1,2020:11:01 18:02:23,1
7342,4,March,2024,16810,1,2024:03:26 18:57:09,1
7343,3,July,2024,12245,1,2024:07:31 18:16:26,1
7344,3,April,2024,15448,1,2024:04:28 20:59:42,1
7345,3,February,2021,11541,1,2021:02:15 19:00:29,1
7346,2,May,2024,17729,1,2024:05:16 12:34:49,1
7347,4,September,2021,10300,1,2021:09:12 22:16:10,1
7348,5,June,2020,19212,1,2020:06:09 12:45:31,1
7349,3,August,2024,15943,1,2024:08:02 13:45:47,1
7350,4,January,2020,11453,1,2020:01:02 11:42:11,1
7351,2,March,2022,19353,1,2022:03:05 12:40:16,1
7352,2,November,2022,13831,1,2022:11:23 09:46:24,1
7353,5,March,2021,16315,1,2021:03:29 17:44:45,1
7354,5,August,2021,19157,1,2021:08:05 16:31:58,1
7355,2,February,2022,18466,1,2022:02:07 18:06:41,1
7356,5,May,2021,19084,1,2021:05:15 09:33:57,1
7357,2,April,2019,19414,1,2019:04:23 18:29:57,1
7358,4,June,2020,14249,1,2020:06:14 10:11:52,1
7359,4,September,2022,12331,1,2022:09:23 13:15:33,1
7360,3,February,2023,18704,1,2023:02:27 22:47:40,1
7361,1,September,2019,15393,1,2019:09:17 18:41:19,1
7362,5,April,2020,19539,1,2020:04:26 11:22:16,1
7363,4,February,2022,16938,1,2022:02:02 18:12:11,1
7364,2,May,2020,19051,1,2020:05:04 13:53:13,1
7365,2,July,2019,13680,1,2019:07:20 21:18:43,1
7366,4,January,2020,13631,1,2020:01:03 16:40:34,1
7367,1,January,2021,15526,1,2021:01:22 16:22:50,1
7368,1,September,2021,13403,1,2021:09:22 18:17:49,1
7369,3,September,2024,11269,1,2024:09:12 20:51:16,1
7370,3,October,2023,15386,1,2023:10:27 20:17:48,1
7371,2,September,2022,11864,1,2022:09:27 14:36:05,1
7372,1,January,2022,19169,1,2022:01:21 15:42:42,1
7373,2,October,2020,14026,1,2020:10:09 15:23:06,1
7374,1,August,2022,13563,1,2022:08:18 22:42:58,1
7375,5,February,2024,16694,1,2024:02:01 10:07:50,1
7376,1,April,2023,18859,1,2023:04:17 15:00:33,1
7377,4,November,2021,10822,1,2021:11:17 13:53:10,1
7378,2,January,2021,15185,1,2021:01:30 17:41:35,1
7379,2,August,2022,16081,1,2022:08:21 14:07:51,1
7380,4,May,2021,15236,1,2021:05:26 13:35:38,1
7381,1,July,2019,18861,1,2019:07:07 10:40:20,1
7382,5,August,2022,18825,1,2022:08:29 14:59:46,1
7383,2,March,2022,11816,1,2022:03:11 16:20:58,1
7384,3,September,2023,18955,1,2023:09:14 16:32:31,1
7385,4,November,2024,11608,1,2024:11:19 16:05:33,1
7386,2,January,2019,14093,1,2019:01:09 20:22:50,1
7387,2,August,2019,16167,1,2019:08:21 18:47:11,1
7388,5,August,2020,16486,1,2020:08:05 21:09:34,1
7389,2,October,2023,19808,1,2023:10:02 18:20:42,1
7390,5,March,2023,16372,1,2023:03:13 19:44:57,1
7391,5,April,2020,17021,1,2020:04:14 18:59:21,1
7392,5,August,2024,14746,1,2024:08:29 20:42:02,1
7393,4,March,2019,19129,1,2019:03:29 12:25:04,1
7394,5,August,2020,16119,1,2020:08:13 21:53:02,1
7395,2,December,2024,12827,1,2024:12:18 20:05:43,1
7396,3,March,2021,19793,1,2021:03:01 22:33:33,1
7397,3,February,2021,11834,1,2021:02:14 09:31:40,1
7398,4,June,2019,19819,1,2019:06:14 19:47:09,1
7399,3,May,2023,10319,1,2023:05:03 12:47:55,1
7400,2,February,2021,12758,1,2021:02:17 11:03:40,1
7401,1,October,2019,16853,1,2019:10:02 15:02:02,1
7402,1,June,2022,17163,1,2022:06:14 12:29:59,1
7403,2,April,2019,14073,1,2019:04:12 22:00:27,1
7404,4,May,2020,18129,1,2020:05:18 16:35:15,1
7405,2,August,2024,17175,1,2024:08:21 11:14:16,1
7406,1,August,2021,14952,1,2021:08:05 12:17:14,1
7407,5,August,2022,14993,1,2022:08:01 17:36:48,1
7408,1,August,2020,14298,1,2020:08:30 16:37:15,1
7409,3,January,2022,13303,1,2022:01:22 18:13:23,1
7410,5,December,2020,15386,1,2020:12:07 20:18:48,1
7411,2,April,2020,15301,1,2020:04:08 14:12:03,1
7412,1,January,2019,10105,1,2019:01:08 09:00:50,1
7413,1,March,2020,18918,1,2020:03:03 15:58:41,1
7414,1,August,2024,19047,1,2024:08:16 16:13:47,1
7415,3,July,2020,19319,1,2020:07:17 13:55:41,1
7416,5,October,2023,15113,1,2023:10:20 10:13:05,1
7417,5,January,2022,17547,1,2022:01:09 15:40:22,1
7418,3,February,2019,15469,1,2019:02:10 18:38:25,1
7419,3,December,2019,15778,1,2019:12:12 10:07:45,1
7420,5,April,2024,16262,1,2024:04:06 15:08:15,1
7421,5,October,2019,13255,1,2019:10:15 09:26:42,1
7422,4,April,2023,19390,1,2023:04:30 22:50:55,1
7423,2,June,2020,17371,1,2020:06:23 15:33:58,1
7424,2,December,2021,17641,1,2021:12:03 13:17:13,1
7425,1,March,2021,13388,1,2021:03:05 10:45:13,1
7426,3,November,2019,12465,1,2019:11:24 17:51:53,1
7427,2,September,2021,18284,1,2021:09:22 17:58:20,1
7428,2,October,2023,18159,1,2023:10:02 11:41:11,1
7429,1,May,2021,19554,1,2021:05:24 11:30:06,1
7430,3,May,2024,18579,1,2024:05:16 17:19:30,1
7431,3,February,2020,12589,1,2020:02:06 12:57:34,1
7432,4,April,2019,15605,1,2019:04:13 19:56:52,1
7433,4,February,2022,17208,1,2022:02:22 20:12:32,1
7434,2,May,2023,19809,1,2023:05:25 15:45:17,1
7435,3,November,2020,12936,1,2020:11:23 13:32:13,1
7436,2,May,2020,12106,1,2020:05:06 21:00:02,1
7437,1,August,2019,10691,1,2019:08:18 12:19:41,1
7438,3,July,2020,16903,1,2020:07:01 11:37:48,1
7439,5,July,2019,18984,1,2019:07:05 17:31:03,1
7440,1,April,2024,13760,1,2024:04:01 19:32:06,1
7441,1,October,2019,14076,1,2019:10:27 10:03:57,1
7442,2,March,2019,14301,1,2019:03:14 16:31:17,1
7443,2,January,2019,13386,1,2019:01:30 18:00:31,1
7444,1,October,2019,14030,1,2019:10:13 13:01:30,1
7445,3,September,2024,11828,1,2024:09:01 20:23:15,1
7446,2,March,2022,17099,1,2022:03:17 21:07:49,1
7447,2,September,2024,19891,1,2024:09:11 09:07:00,1
7448,1,May,2021,18175,1,2021:05:26 22:13:58,1
7449,4,December,2023,13943,1,2023:12:10 12:57:02,1
7450,5,September,2019,15574,1,2019:09:21 14:30:34,1
7451,4,June,2019,11328,1,2019:06:19 10:56:37,1
7452,1,March,2024,12459,1,2024:03:18 09:56:59,1
7453,1,May,2020,13195,1,2020:05:23 19:04:45,1
7454,3,November,2019,15487,1,2019:11:12 16:21:30,1
7455,3,September,2019,19502,1,2019:09:06 10:45:17,1
7456,1,October,2022,19319,1,2022:10:24 12:28:07,1
7457,1,November,2020,19019,1,2020:11:10 17:46:36,1
7458,4,August,2021,10114,1,2021:08:23 10:42:16,1
7459,3,May,2023,11586,1,2023:05:24 12:14:47,1
7460,4,November,2021,10678,1,2021:11:05 17:31:10,1
7461,5,August,2021,14516,1,2021:08:01 10:06:10,1
7462,1,August,2024,12355,1,2024:08:12 21:34:21,1
7463,5,December,2023,14965,1,2023:12:28 20:20:56,1
7464,1,July,2024,15962,1,2024:07:13 12:58:18,1
7465,2,November,2022,18093,1,2022:11:18 13:06:02,1
7466,2,May,2020,11011,1,2020:05:04 19:30:04,1
7467,2,June,2023,16843,1,2023:06:26 16:53:10,1
7468,5,March,2021,16520,1,2021:03:14 21:25:35,1
7469,2,September,2024,18886,1,2024:09:02 09:52:31,1
7470,1,September,2023,11029,1,2023:09:04 19:25:46,1
7471,3,September,2020,14393,1,2020:09:05 19:13:26,1
7472,2,September,2021,11947,1,2021:09:12 15:26:58,1
7473,3,April,2022,17924,1,2022:04:30 17:44:36,1
7474,4,January,2021,16039,1,2021:01:21 09:23:22,1
7475,4,October,2022,11439,1,2022:10:24 20:13:08,1
7476,3,September,2024,18292,1,2024:09:17 19:51:43,1
7477,5,July,2020,19766,1,2020:07:17 17:39:10,1
7478,2,October,2023,14200,1,2023:10:18 19:51:26,1
7479,4,December,2024,16333,1,2024:12:03 12:02:54,1
7480,4,October,2022,14482,1,2022:10:25 10:26:58,1
7481,1,August,2022,18966,1,2022:08:01 22:19:52,1
7482,3,March,2022,14314,1,2022:03:08 10:04:40,1
7483,4,February,2024,10824,1,2024:02:29 10:46:38,1
7484,5,January,2020,10518,1,2020:01:05 16:35:19,1
7485,1,November,2019,12013,1,2019:11:01 14:17:39,1
7486,1,December,2024,15386,1,2024:12:24 19:49:19,1
7487,4,November,2024,18417,1,2024:11:26 11:25:01,1
7488,5,February,2023,10545,1,2023:02:24 20:05:41,1
7489,1,September,2023,11940,1,2023:09:18 11:35:01,1
7490,4,November,2020,17381,1,2020:11:29 22:33:10,1
7491,3,December,2023,19465,1,2023:12:28 22:52:01,1
7492,3,July,2022,10141,1,2022:07:31 21:55:15,1
7493,2,February,2019,15732,1,2019:02:06 12:10:13,1
7494,3,May,2019,12293,1,2019:05:11 19:35:21,1
7495,2,May,2024,18547,1,2024:05:08 18:08:49,1
7496,5,April,2024,11329,1,2024:04:09 11:46:03,1
7497,4,May,2024,13524,1,2024:05:01 10:05:40,1
7498,3,February,2021,10890,1,2021:02:04 15:14:23,1
7499,4,August,2021,17178,1,2021:08:27 19:17:21,1
7500,4,May,2024,13735,1,2024:05:19 16:43:33,1
7501,3,August,2019,16595,1,2019:08:22 18:50:12,1
7502,3,October,2020,11642,1,2020:10:07 21:08:32,1
7503,5,July,2019,13811,1,2019:07:09 22:44:26,1
7504,5,January,2022,15994,1,2022:01:29 14:02:27,1
7505,2,February,2023,16237,1,2023:02:17 21:04:40,1
7506,1,June,2019,14143,1,2019:06:15 12:51:53,1
7507,4,June,2022,10788,1,2022:06:04 10:05:59,1
7508,2,July,2022,12582,1,2022:07:30 17:32:23,1
7509,3,April,2024,13555,1,2024:04:05 15:02:25,1
7510,4,February,2019,12150,1,2019:02:06 19:51:45,1
7511,5,December,2021,19838,1,2021:12:18 11:27:39,1
7512,4,May,2020,13949,1,2020:05:12 18:02:51,1
7513,3,June,2024,14696,1,2024:06:28 17:50:37,1
7514,4,June,2019,11263,1,2019:06:26 22:55:32,1
7515,4,January,2019,18374,1,2019:01:08 16:24:29,1
7516,1,September,2019,19970,1,2019:09:18 18:36:06,1
7517,2,June,2022,16616,1,2022:06:13 10:02:19,1
7518,4,October,2021,17427,1,2021:10:28 15:28:37,1
7519,4,April,2021,16463,1,2021:04:07 15:00:01,1
7520,5,November,2023,13313,1,2023:11:02 12:27:29,1
7521,2,March,2024,11738,1,2024:03:26 12:50:15,1
7522,4,October,2020,12728,1,2020:10:23 19:52:21,1
7523,3,September,2022,13294,1,2022:09:17 11:54:28,1
7524,1,April,2019,16305,1,2019:04:10 19:58:52,1
7525,5,November,2024,13803,1,2024:11:22 17:28:45,1
7526,5,July,2021,17376,1,2021:07:21 22:53:33,1
7527,4,January,2021,17953,1,2021:01:31 16:40:27,1
7528,1,October,2019,11008,1,2019:10:25 21:06:05,1
7529,4,July,2024,19656,1,2024:07:14 14:14:05,1
7530,5,May,2022,19507,1,2022:05:09 20:51:56,1
7531,3,February,2022,19971,1,2022:02:16 16:10:26,1
7532,4,August,2020,14849,1,2020:08:30 12:35:27,1
7533,4,October,2021,15476,1,2021:10:25 21:47:06,1
7534,1,September,2019,17525,1,2019:09:08 14:11:13,1
7535,5,February,2020,15934,1,2020:02:03 20:16:44,1
7536,5,June,2019,18634,1,2019:06:29 12:31:51,1
7537,3,May,2021,17430,1,2021:05:03 10:22:18,1
7538,5,September,2023,11930,1,2023:09:30 11:46:06,1
7539,2,January,2021,18368,1,2021:01:23 18:43:17,1
7540,2,October,2020,14854,1,2020:10:29 22:25:12,1
7541,4,May,2020,16833,1,2020:05:17 13:38:11,1
7542,4,November,2020,16736,1,2020:11:30 15:22:12,1
7543,5,August,2020,17359,1,2020:08:16 21:05:21,1
7544,3,September,2023,17162,1,2023:09:26 11:17:13,1
7545,4,December,2021,12912,1,2021:12:04 09:35:43,1
7546,3,April,2019,15316,1,2019:04:29 19:56:23,1
7547,5,June,2019,14529,1,2019:06:18 09:27:08,1
7548,2,July,2023,19541,1,2023:07:11 22:04:50,1
7549,2,December,2023,16014,1,2023:12:28 18:28:02,1
7550,5,February,2019,15534,1,2019:02:21 10:24:04,1
7551,2,August,2020,19318,1,2020:08:10 15:45:24,1
7552,2,October,2019,15729,1,2019:10:22 17:03:12,1
7553,1,September,2020,19739,1,2020:09:12 22:17:54,1
7554,1,January,2021,12132,1,2021:01:18 09:15:17,1
7555,5,May,2021,18552,1,2021:05:05 14:22:19,1
7556,3,January,2019,13826,1,2019:01:28 18:10:47,1
7557,1,September,2019,14968,1,2019:09:20 09:35:26,1
7558,2,January,2022,13803,1,2022:01:09 11:55:59,1
7559,3,April,2019,17615,1,2019:04:17 18:52:31,1
7560,2,December,2022,15073,1,2022:12:16 18:06:53,1
7561,3,January,2022,19757,1,2022:01:17 14:34:04,1
7562,2,September,2022,12303,1,2022:09:13 21:16:07,1
7563,3,June,2020,14288,1,2020:06:05 19:20:14,1
7564,5,June,2024,19801,1,2024:06:20 20:49:53,1
7565,1,April,2019,10947,1,2019:04:22 18:09:26,1
7566,1,July,2022,12271,1,2022:07:19 21:41:34,1
7567,5,January,2024,18977,1,2024:01:26 22:15:55,1
7568,5,June,2020,19547,1,2020:06:04 14:35:21,1
7569,1,July,2022,13666,1,2022:07:19 10:56:56,1
7570,4,November,2024,19170,1,2024:11:23 11:59:44,1
7571,4,October,2020,12498,1,2020:10:02 10:06:59,1
7572,1,June,2023,17435,1,2023:06:20 14:34:17,1
7573,5,June,2019,12673,1,2019:06:11 09:34:37,1
7574,2,April,2020,12014,1,2020:04:03 15:02:07,1
7575,2,January,2024,11750,1,2024:01:14 22:30:45,1
7576,2,March,2020,11461,1,2020:03:06 09:30:01,1
7577,4,November,2019,15260,1,2019:11:07 13:32:30,1
7578,3,April,2024,19074,1,2024:04:27 14:10:53,1
7579,2,March,2024,15739,1,2024:03:10 20:10:49,1
7580,1,September,2019,16473,1,2019:09:25 10:18:13,1
7581,2,September,2020,16271,1,2020:09:10 18:35:41,1
7582,1,May,2022,14490,1,2022:05:11 14:52:22,1
7583,5,January,2024,18553,1,2024:01:04 18:10:19,1
7584,1,May,2019,18953,1,2019:05:18 17:51:59,1
7585,4,September,2024,12670,1,2024:09:30 15:08:39,1
7586,4,September,2021,12944,1,2021:09:03 19:50:42,1
7587,3,June,2022,10388,1,2022:06:28 22:29:11,1
7588,3,April,2020,11708,1,2020:04:10 09:00:44,1
7589,4,August,2021,15680,1,2021:08:14 17:10:26,1
7590,5,December,2024,19567,1,2024:12:05 11:58:29,1
7591,1,February,2020,19632,1,2020:02:26 11:29:59,1
7592,5,August,2021,14777,1,2021:08:04 22:01:24,1
7593,5,March,2024,16617,1,2024:03:31 15:52:42,1
7594,4,August,2020,13553,1,2020:08:05 20:15:44,1
7595,5,November,2022,17537,1,2022:11:06 19:24:43,1
7596,1,December,2019,15841,1,2019:12:23 10:25:35,1
7597,2,November,2019,11916,1,2019:11:02 13:42:23,1
7598,5,February,2023,13560,1,2023:02:21 17:08:58,1
7599,5,November,2024,14235,1,2024:11:05 13:08:42,1
7600,5,December,2021,17530,1,2021:12:05 22:26:37,1
7601,4,April,2019,15325,1,2019:04:22 19:16:14,1
7602,5,August,2023,11026,1,2023:08:28 12:45:58,1
7603,5,April,2023,17415,1,2023:04:17 20:56:52,1
7604,1,September,2020,10984,1,2020:09:04 16:26:48,1
7605,4,January,2023,15845,1,2023:01:07 18:51:48,1
7606,1,July,2023,11152,1,2023:07:05 20:29:17,1
7607,5,September,2023,13655,1,2023:09:30 15:04:52,1
7608,3,October,2023,17318,1,2023:10:05 15:51:03,1
7609,5,March,2020,11036,1,2020:03:22 10:42:03,1
7610,2,April,2024,11669,1,2024:04:03 16:37:40,1
7611,5,March,2019,13842,1,2019:03:24 15:46:49,1
7612,3,October,2024,17477,1,2024:10:02 14:17:56,1
7613,3,December,2023,15670,1,2023:12:13 22:57:50,1
7614,3,February,2023,16458,1,2023:02:04 19:39:21,1
7615,2,September,2019,16864,1,2019:09:03 15:07:41,1
7616,1,January,2019,17539,1,2019:01:15 13:29:03,1
7617,1,December,2022,17909,1,2022:12:01 15:41:22,1
7618,2,January,2019,17899,1,2019:01:11 10:16:25,1
7619,4,May,2021,10309,1,2021:05:22 09:43:18,1
7620,3,April,2024,16756,1,2024:04:22 19:14:05,1
7621,1,April,2020,18999,1,2020:04:07 17:10:15,1
7622,3,March,2020,19003,1,2020:03:15 15:24:45,1
7623,4,May,2020,17294,1,2020:05:02 11:41:55,1
7624,5,March,2019,15006,1,2019:03:08 21:56:25,1
7625,3,July,2023,18774,1,2023:07:31 13:45:58,1
7626,4,March,2020,14309,1,2020:03:18 15:40:08,1
7627,3,February,2020,18695,1,2020:02:21 14:41:17,1
7628,2,June,2024,17494,1,2024:06:17 13:50:04,1
7629,3,January,2021,17001,1,2021:01:31 10:54:42,1
7630,3,November,2024,17354,1,2024:11:28 17:24:51,1
7631,4,December,2019,16063,1,2019:12:19 20:00:59,1
7632,3,January,2023,12395,1,2023:01:17 09:10:08,1
7633,2,November,2021,17610,1,2021:11:01 11:20:29,1
7634,2,March,2023,16107,1,2023:03:31 11:03:57,1
7635,5,September,2024,15010,1,2024:09:09 15:59:52,1
7636,5,December,2019,12415,1,2019:12:22 18:00:28,1
7637,3,October,2022,18878,1,2022:10:23 17:11:44,1
7638,3,December,2020,10136,1,2020:12:18 14:40:14,1
7639,4,August,2022,12479,1,2022:08:21 19:41:41,1
7640,3,September,2024,14110,1,2024:09:20 12:14:59,1
7641,2,November,2023,17709,1,2023:11:26 09:15:50,1
7642,2,January,2020,10327,1,2020:01:15 14:51:02,1
7643,3,August,2019,18901,1,2019:08:24 15:36:57,1
7644,4,February,2024,13572,1,2024:02:15 12:49:18,1
7645,2,March,2022,14075,1,2022:03:19 09:19:59,1
7646,1,June,2024,18599,1,2024:06:30 14:19:51,1
7647,5,September,2024,18226,1,2024:09:26 17:04:33,1
7648,2,June,2021,17951,1,2021:06:28 18:33:47,1
7649,1,November,2023,11460,1,2023:11:24 18:21:34,1
7650,5,March,2023,17144,1,2023:03:10 10:38:56,1
7651,5,November,2024,17851,1,2024:11:10 14:43:02,1
7652,5,August,2024,14796,1,2024:08:05 21:41:34,1
7653,1,July,2021,14952,1,2021:07:15 09:07:27,1
7654,1,August,2022,14459,1,2022:08:11 16:45:57,1
7655,4,May,2024,13168,1,2024:05:22 17:16:46,1
7656,1,November,2020,12779,1,2020:11:17 21:51:38,1
7657,1,August,2021,12071,1,2021:08:28 18:13:59,1
7658,5,June,2023,13141,1,2023:06:29 15:59:06,1
7659,2,March,2022,13027,1,2022:03:29 14:00:16,1
7660,5,December,2019,15699,1,2019:12:15 19:35:43,1
7661,4,October,2020,17570,1,2020:10:28 19:17:10,1
7662,4,March,2020,13067,1,2020:03:22 19:12:13,1
7663,5,October,2019,18905,1,2019:10:22 22:36:50,1
7664,1,November,2020,12480,1,2020:11:26 17:17:43,1
7665,3,April,2022,10918,1,2022:04:26 10:36:47,1
7666,3,June,2023,11523,1,2023:06:15 20:27:44,1
7667,5,January,2021,11834,1,2021:01:02 12:00:27,1
7668,2,October,2024,19498,1,2024:10:19 18:08:06,1
7669,1,April,2024,14752,1,2024:04:28 22:59:33,1
7670,3,February,2023,15753,1,2023:02:15 19:17:09,1
7671,2,July,2019,19456,1,2019:07:21 22:16:50,1
7672,4,January,2023,13491,1,2023:01:17 10:39:55,1
7673,3,March,2020,19893,1,2020:03:25 09:50:00,1
7674,1,December,2023,19053,1,2023:12:30 18:27:55,1
7675,3,August,2019,10645,1,2019:08:05 09:06:25,1
7676,4,July,2023,19063,1,2023:07:24 09:53:59,1
7677,1,September,2024,14479,1,2024:09:16 22:03:04,1
7678,5,April,2021,10835,1,2021:04:20 14:53:11,1
7679,5,October,2019,10189,1,2019:10:05 18:22:14,1
7680,5,January,2020,10147,1,2020:01:14 20:44:53,1
7681,3,December,2020,11870,1,2020:12:11 20:01:08,1
7682,2,October,2023,13747,1,2023:10:24 21:57:28,1
7683,2,May,2024,19591,1,2024:05:01 09:03:37,1
7684,4,February,2023,14074,1,2023:02:08 10:48:44,1
7685,5,August,2021,13104,1,2021:08:23 15:30:35,1
7686,5,September,2023,16509,1,2023:09:28 16:40:02,1
7687,1,March,2021,11636,1,2021:03:12 11:50:16,1
7688,2,October,2023,18702,1,2023:10:27 16:06:23,1
7689,3,November,2022,13506,1,2022:11:04 19:49:26,1
7690,3,November,2020,17454,1,2020:11:23 21:02:23,1
7691,2,June,2022,12242,1,2022:06:01 15:15:25,1
7692,5,July,2020,15850,1,2020:07:16 14:56:09,1
7693,2,December,2022,15526,1,2022:12:08 10:16:41,1
7694,3,January,2022,17461,1,2022:01:04 16:57:51,1
7695,4,January,2022,19630,1,2022:01:29 16:06:36,1
7696,5,February,2021,11810,1,2021:02:05 18:42:42,1
7697,1,December,2024,19066,1,2024:12:05 18:30:07,1
7698,5,February,2021,10888,1,2021:02:16 09:23:23,1
7699,1,August,2022,18202,1,2022:08:06 14:49:31,1
7700,4,August,2024,15144,1,2024:08:21 20:09:01,1
7701,5,October,2019,10164,1,2019:10:31 09:45:15,1
7702,3,November,2024,17873,1,2024:11:01 14:20:47,1
7703,4,June,2024,19988,1,2024:06:06 14:44:53,1
7704,2,May,2024,15941,1,2024:05:18 09:19:42,1
7705,1,September,2024,15541,1,2024:09:04 09:57:27,1
7706,1,September,2023,11492,1,2023:09:12 14:13:02,1
7707,3,May,2024,11620,1,2024:05:16 22:33:16,1
7708,3,July,2019,14816,1,2019:07:09 18:17:10,1
7709,4,October,2021,11783,1,2021:10:02 11:10:22,1
7710,5,April,2021,13901,1,2021:04:13 17:01:37,1
7711,1,June,2024,13528,1,2024:06:19 10:32:54,1
7712,4,October,2023,11977,1,2023:10:13 21:59:13,1
7713,3,December,2022,14807,1,2022:12:31 20:38:35,1
7714,5,December,2020,13945,1,2020:12:07 14:07:09,1
7715,4,June,2023,19329,1,2023:06:29 20:00:42,1
7716,3,July,2024,17443,1,2024:07:12 21:56:59,1
7717,2,June,2020,18034,1,2020:06:11 20:40:49,1
7718,3,December,2023,16344,1,2023:12:05 18:09:07,1
7719,4,September,2024,18572,1,2024:09:09 16:44:17,1
7720,1,May,2019,17290,1,2019:05:19 13:31:38,1
7721,1,August,2019,19626,1,2019:08:13 21:51:18,1
7722,4,December,2021,15442,1,2021:12:21 22:36:18,1
7723,2,May,2024,17590,1,2024:05:13 10:18:01,1
7724,1,November,2021,13139,1,2021:11:25 18:43:40,1
7725,2,June,2022,14379,1,2022:06:03 17:50:08,1
7726,3,June,2019,17197,1,2019:06:13 16:19:04,1
7727,5,January,2021,10983,1,2021:01:23 18:40:34,1
7728,2,December,2023,15324,1,2023:12:20 14:36:10,1
7729,3,January,2021,18086,1,2021:01:09 18:33:18,1
7730,3,April,2022,15499,1,2022:04:04 12:25:20,1
7731,4,July,2022,18872,1,2022:07:16 10:18:34,1
7732,1,November,2019,15516,1,2019:11:26 17:09:24,1
7733,3,August,2022,19941,1,2022:08:18 10:23:29,1
7734,3,September,2023,13980,1,2023:09:16 18:49:47,1
7735,1,September,2022,10754,1,2022:09:18 22:49:09,1
7736,2,January,2019,18753,1,2019:01:21 19:11:59,1
7737,4,March,2024,14642,1,2024:03:10 12:03:14,1
7738,3,May,2024,15605,1,2024:05:07 21:01:04,1
7739,3,November,2022,14980,1,2022:11:03 14:35:45,1
7740,5,September,2022,11509,1,2022:09:23 20:53:55,1
7741,2,July,2020,10569,1,2020:07:19 17:32:05,1
7742,3,April,2021,11998,1,2021:04:27 14:50:30,1
7743,4,July,2020,15294,1,2020:07:19 16:25:38,1
7744,5,September,2022,15550,1,2022:09:10 19:50:47,1
7745,4,September,2023,16131,1,2023:09:04 19:03:52,1
7746,4,October,2020,19811,1,2020:10:17 20:34:18,1
7747,2,April,2021,12176,1,2021:04:30 17:17:39,1
7748,5,November,2022,14059,1,2022:11:11 18:07:03,1
7749,3,April,2022,17969,1,2022:04:18 09:13:08,1
7750,2,August,2020,17167,1,2020:08:04 10:47:04,1
7751,5,June,2024,18556,1,2024:06:15 21:12:19,1
7752,1,May,2021,16658,1,2021:05:07 21:48:30,1
7753,5,May,2022,17832,1,2022:05:10 17:56:10,1
7754,5,May,2023,14207,1,2023:05:04 13:05:20,1
7755,5,September,2023,12915,1,2023:09:15 22:28:06,1
7756,4,March,2023,16268,1,2023:03:16 20:04:04,1
7757,4,June,2020,15188,1,2020:06:16 10:59:49,1
7758,3,May,2023,16970,1,2023:05:14 10:20:36,1
7759,2,October,2022,15475,1,2022:10:22 22:27:36,1
7760,2,May,2024,13392,1,2024:05:11 17:40:27,1
7761,2,May,2019,15188,1,2019:05:04 14:28:42,1
7762,1,August,2021,18736,1,2021:08:20 14:15:10,1
7763,3,May,2021,16539,1,2021:05:07 16:13:57,1
7764,1,January,2022,15228,1,2022:01:17 14:40:16,1
7765,3,April,2024,14566,1,2024:04:16 10:37:24,1
7766,3,June,2021,10968,1,2021:06:06 19:31:13,1
7767,2,July,2024,16969,1,2024:07:17 20:19:06,1
7768,3,February,2022,14619,1,2022:02:01 12:23:18,1
7769,2,September,2019,16958,1,2019:09:28 15:41:39,1
7770,3,June,2021,12208,1,2021:06:06 22:08:32,1
7771,5,October,2024,15141,1,2024:10:11 22:55:35,1
7772,1,October,2023,11347,1,2023:10:09 15:27:18,1
7773,1,May,2020,13942,1,2020:05:27 12:06:14,1
7774,5,October,2022,16479,1,2022:10:24 15:45:14,1
7775,2,February,2021,13251,1,2021:02:14 18:02:44,1
7776,1,October,2024,10848,1,2024:10:16 18:14:13,1
7777,3,October,2024,17918,1,2024:10:28 13:41:16,1
7778,5,March,2022,15897,1,2022:03:16 20:07:14,1
7779,4,August,2020,17866,1,2020:08:30 10:29:29,1
7780,4,October,2023,10670,1,2023:10:26 16:10:24,1
7781,3,May,2022,15157,1,2022:05:14 18:37:39,1
7782,4,December,2019,14802,1,2019:12:14 11:08:05,1
7783,4,December,2020,18065,1,2020:12:23 22:37:52,1
7784,3,March,2022,11274,1,2022:03:11 20:47:50,1
7785,4,May,2019,15164,1,2019:05:16 16:30:24,1
7786,5,June,2024,14504,1,2024:06:06 14:52:19,1
7787,5,April,2022,17683,1,2022:04:30 21:03:58,1
7788,4,May,2022,18837,1,2022:05:10 18:22:02,1
7789,2,July,2024,19786,1,2024:07:16 18:03:17,1
7790,3,June,2021,16219,1,2021:06:24 19:29:24,1
7791,2,October,2020,19907,1,2020:10:21 17:19:12,1
7792,3,November,2019,11713,1,2019:11:17 16:03:06,1
7793,1,March,2023,16652,1,2023:03:26 20:03:03,1
7794,5,June,2023,17219,1,2023:06:07 11:08:01,1
7795,3,March,2020,14292,1,2020:03:22 12:56:10,1
7796,1,June,2023,10789,1,2023:06:30 10:03:48,1
7797,3,April,2022,10307,1,2022:04:13 11:38:40,1
7798,2,August,2019,14903,1,2019:08:17 15:49:10,1
7799,2,March,2023,15027,1,2023:03:07 19:34:10,1
7800,5,March,2021,18558,1,2021:03:09 22:33:47,1
7801,5,November,2020,17503,1,2020:11:01 20:22:38,1
7802,3,December,2021,11568,1,2021:12:13 19:58:57,1
7803,1,April,2019,12983,1,2019:04:25 12:57:31,1
7804,3,June,2023,18774,1,2023:06:14 17:13:39,1
7805,5,October,2019,16371,1,2019:10:23 10:02:24,1
7806,3,July,2021,12675,1,2021:07:14 12:02:35,1
7807,1,May,2024,13114,1,2024:05:06 22:18:57,1
7808,1,September,2023,16970,1,2023:09:10 11:35:47,1
7809,3,November,2023,18858,1,2023:11:29 22:37:38,1
7810,4,July,2021,16736,1,2021:07:23 15:55:15,1
7811,1,June,2024,18852,1,2024:06:01 15:23:24,1
7812,4,February,2023,11979,1,2023:02:10 09:43:46,1
7813,3,April,2021,17278,1,2021:04:23 11:20:01,1
7814,3,March,2020,15786,1,2020:03:05 09:53:17,1
7815,4,January,2019,18017,1,2019:01:31 19:37:44,1
7816,5,December,2020,17294,1,2020:12:21 16:02:53,1
7817,2,October,2023,15502,1,2023:10:08 15:55:45,1
7818,5,May,2024,11364,1,2024:05:19 13:50:54,1
7819,5,October,2022,10365,1,2022:10:30 09:01:47,1
7820,5,October,2023,14890,1,2023:10:26 10:58:44,1
7821,3,August,2024,11670,1,2024:08:28 11:19:17,1
7822,1,February,2023,13168,1,2023:02:26 14:23:55,1
7823,3,May,2019,11511,1,2019:05:21 11:07:48,1
7824,4,August,2024,19172,1,2024:08:08 13:49:41,1
7825,2,February,2019,15342,1,2019:02:17 22:37:29,1
7826,3,August,2019,10056,1,2019:08:08 22:04:19,1
7827,1,March,2022,13234,1,2022:03:02 16:08:54,1
7828,3,September,2020,11258,1,2020:09:23 13:05:38,1
7829,5,February,2020,17499,1,2020:02:20 15:54:56,1
7830,3,November,2022,13375,1,2022:11:27 10:27:25,1
7831,3,November,2024,12897,1,2024:11:13 11:47:03,1
7832,5,May,2021,10658,1,2021:05:14 20:09:03,1
7833,3,January,2019,14242,1,2019:01:22 19:12:08,1
7834,5,September,2019,16484,1,2019:09:21 18:01:48,1
7835,3,November,2020,11899,1,2020:11:21 18:41:25,1
7836,5,May,2021,15231,1,2021:05:27 13:14:22,1
7837,5,September,2019,19470,1,2019:09:16 19:23:31,1
7838,1,July,2023,14435,1,2023:07:24 20:32:58,1
7839,2,January,2022,12192,1,2022:01:06 19:34:50,1
7840,5,November,2019,18502,1,2019:11:17 22:58:59,1
7841,4,September,2024,16979,1,2024:09:26 19:32:22,1
7842,4,January,2020,14880,1,2020:01:10 11:17:59,1
7843,2,August,2024,14455,1,2024:08:12 22:36:47,1
7844,5,November,2020,17676,1,2020:11:19 18:03:08,1
7845,1,May,2023,17172,1,2023:05:05 17:50:13,1
7846,2,October,2023,10773,1,2023:10:27 19:56:09,1
7847,3,June,2022,12220,1,2022:06:28 11:25:36,1
7848,4,April,2021,17176,1,2021:04:13 19:34:13,1
7849,5,February,2019,14674,1,2019:02:12 21:30:29,1
7850,1,May,2019,13460,1,2019:05:14 13:31:14,1
7851,1,January,2021,16122,1,2021:01:31 21:28:27,1
7852,2,April,2019,19326,1,2019:04:20 22:10:08,1
7853,5,July,2021,11291,1,2021:07:18 15:01:59,1
7854,1,March,2021,11359,1,2021:03:11 21:31:36,1
7855,3,January,2020,15568,1,2020:01:18 12:03:27,1
7856,1,May,2023,18102,1,2023:05:10 18:21:37,1
7857,3,July,2020,13051,1,2020:07:26 11:20:04,1
7858,4,October,2022,10858,1,2022:10:25 19:14:49,1
7859,1,September,2021,10747,1,2021:09:26 12:19:12,1
7860,1,July,2022,19062,1,2022:07:29 22:29:31,1
7861,3,June,2020,19777,1,2020:06:24 09:30:01,1
7862,5,April,2019,13826,1,2019:04:17 09:18:34,1
7863,1,December,2022,17758,1,2022:12:14 17:05:10,1
7864,5,March,2023,13070,1,2023:03:22 22:06:39,1
7865,4,November,2019,13276,1,2019:11:10 22:51:26,1
7866,4,February,2022,12816,1,2022:02:20 17:05:03,1
7867,4,April,2020,19009,1,2020:04:08 09:21:30,1
7868,4,October,2022,14984,1,2022:10:24 11:25:18,1
7869,2,September,2021,17787,1,2021:09:03 13:04:16,1
7870,1,February,2019,19766,1,2019:02:03 22:47:20,1
7871,2,September,2021,17780,1,2021:09:23 22:03:23,1
7872,2,April,2021,14000,1,2021:04:14 09:17:17,1
7873,5,January,2020,14075,1,2020:01:18 09:56:43,1
7874,3,December,2019,12261,1,2019:12:19 16:34:59,1
7875,2,December,2020,10982,1,2020:12:12 16:57:18,1
7876,4,January,2022,17493,1,2022:01:08 17:03:53,1
7877,1,October,2024,16685,1,2024:10:04 18:05:45,1
7878,5,November,2023,10162,1,2023:11:23 10:34:31,1
7879,2,March,2024,10380,1,2024:03:01 18:56:32,1
7880,1,March,2020,11567,1,2020:03:25 17:01:41,1
7881,1,October,2020,16359,1,2020:10:05 18:50:53,1
7882,1,March,2020,13261,1,2020:03:16 16:58:15,1
7883,3,November,2019,10308,1,2019:11:22 21:44:57,1
7884,2,June,2021,14666,1,2021:06:18 12:08:14,1
7885,1,August,2024,19630,1,2024:08:16 14:44:34,1
7886,5,May,2024,11838,1,2024:05:16 21:33:48,1
7887,5,December,2024,17907,1,2024:12:12 22:25:38,1
7888,1,September,2019,14876,1,2019:09:28 12:00:36,1
7889,1,June,2020,16539,1,2020:06:15 14:30:43,1
7890,4,October,2020,14669,1,2020:10:01 12:09:42,1
7891,1,January,2023,14765,1,2023:01:31 21:27:29,1
7892,5,July,2022,18928,1,2022:07:20 20:07:58,1
7893,2,June,2019,15118,1,2019:06:14 14:03:01,1
7894,4,September,2023,11151,1,2023:09:16 10:04:35,1
7895,5,May,2020,19480,1,2020:05:05 10:07:08,1
7896,1,April,2023,17382,1,2023:04:10 17:58:26,1
7897,3,September,2023,18930,1,2023:09:17 18:26:34,1
7898,4,April,2021,19673,1,2021:04:14 10:03:00,1
7899,1,December,2020,12680,1,2020:12:08 15:49:48,1
7900,3,April,2019,15602,1,2019:04:14 11:10:25,1
7901,5,February,2023,16650,1,2023:02:22 19:12:18,1
7902,3,March,2019,12072,1,2019:03:29 20:47:44,1
7903,4,April,2019,16683,1,2019:04:14 18:01:39,1
7904,4,February,2022,17136,1,2022:02:28 10:57:50,1
7905,3,June,2023,12107,1,2023:06:30 13:45:36,1
7906,5,December,2020,13908,1,2020:12:16 21:03:22,1
7907,5,April,2019,13067,1,2019:04:26 14:30:23,1
7908,3,October,2024,17266,1,2024:10:14 17:40:01,1
7909,3,May,2021,19236,1,2021:05:27 13:29:56,1
7910,2,October,2019,18439,1,2019:10:19 16:47:36,1
7911,1,April,2022,13879,1,2022:04:01 12:51:39,1
7912,3,November,2022,17301,1,2022:11:11 15:27:13,1
7913,3,February,2023,19696,1,2023:02:20 21:44:03,1
7914,2,March,2022,14282,1,2022:03:28 10:58:01,1
7915,5,October,2020,18233,1,2020:10:01 11:21:47,1
7916,3,April,2024,19079,1,2024:04:27 17:23:00,1
7917,5,December,2022,17848,1,2022:12:02 22:10:41,1
7918,4,May,2020,11398,1,2020:05:07 13:40:23,1
7919,3,July,2020,12527,1,2020:07:05 13:57:23,1
7920,1,February,2023,18577,1,2023:02:07 20:45:29,1
7921,3,January,2021,18816,1,2021:01:22 11:00:27,1
7922,2,December,2022,10473,1,2022:12:31 19:45:04,1
7923,5,October,2022,12576,1,2022:10:18 21:56:32,1
7924,3,November,2023,14274,1,2023:11:29 13:16:50,1
7925,2,August,2021,13000,1,2021:08:22 19:34:46,1
7926,1,October,2021,18130,1,2021:10:25 20:23:51,1
7927,2,April,2021,13230,1,2021:04:08 21:12:39,1
7928,3,September,2021,12045,1,2021:09:30 17:05:04,1
7929,4,January,2024,17140,1,2024:01:12 10:08:08,1
7930,2,August,2022,12942,1,2022:08:09 11:40:34,1
7931,5,September,2020,16939,1,2020:09:19 12:37:05,1
7932,1,June,2021,16667,1,2021:06:01 09:30:04,1
7933,5,December,2022,16798,1,2022:12:02 09:55:16,1
7934,2,January,2020,19190,1,2020:01:18 13:23:44,1
7935,1,November,2022,19029,1,2022:11:24 09:06:53,1
7936,2,June,2023,12833,1,2023:06:01 15:39:12,1
7937,5,July,2020,13536,1,2020:07:27 11:15:39,1
7938,2,December,2020,10097,1,2020:12:27 18:50:21,1
7939,4,October,2023,16295,1,2023:10:08 15:51:32,1
7940,2,March,2024,19593,1,2024:03:14 15:00:55,1
7941,4,December,2019,14722,1,2019:12:04 12:45:28,1
7942,2,October,2020,12286,1,2020:10:10 12:46:59,1
7943,5,February,2024,15975,1,2024:02:18 22:49:17,1
7944,1,February,2021,17610,1,2021:02:27 11:33:47,1
7945,3,February,2019,19364,1,2019:02:13 14:21:32,1
7946,4,April,2020,19479,1,2020:04:22 21:37:06,1
7947,2,December,2023,17283,1,2023:12:30 14:51:53,1
7948,2,November,2019,15529,1,2019:11:15 15:12:55,1
7949,1,January,2022,10668,1,2022:01:10 20:39:47,1
7950,2,March,2023,18069,1,2023:03:15 14:37:53,1
7951,2,February,2023,17426,1,2023:02:07 15:23:10,1
7952,5,January,2023,14325,1,2023:01:14 10:57:21,1
7953,5,May,2019,10366,1,2019:05:27 13:36:35,1
7954,3,April,2023,19984,1,2023:04:18 14:06:54,1
7955,1,May,2024,19046,1,2024:05:15 22:44:51,1
7956,1,August,2024,10445,1,2024:08:28 21:34:43,1
7957,4,July,2024,10580,1,2024:07:15 10:29:34,1
7958,1,April,2019,18127,1,2019:04:23 18:13:17,1
7959,5,January,2022,16842,1,2022:01:17 16:04:51,1
7960,5,August,2019,10626,1,2019:08:10 19:54:03,1
7961,1,October,2021,10421,1,2021:10:26 12:47:15,1
7962,5,February,2019,10709,1,2019:02:10 15:06:42,1
7963,3,August,2019,18385,1,2019:08:21 18:32:42,1
7964,2,January,2024,17368,1,2024:01:30 14:24:37,1
7965,2,August,2024,11325,1,2024:08:15 12:34:01,1
7966,4,December,2023,13082,1,2023:12:04 14:40:44,1
7967,1,September,2019,10317,1,2019:09:03 16:37:04,1
7968,1,September,2024,18134,1,2024:09:19 11:26:48,1
7969,5,October,2024,12223,1,2024:10:21 09:04:12,1
7970,4,December,2024,17955,1,2024:12:23 14:15:51,1
7971,5,November,2023,19052,1,2023:11:28 12:59:58,1
7972,4,December,2020,11906,1,2020:12:15 11:43:44,1
7973,3,March,2021,18948,1,2021:03:06 12:40:05,1
7974,1,April,2019,10741,1,2019:04:19 12:34:52,1
7975,1,June,2023,17603,1,2023:06:21 17:30:02,1
7976,5,January,2019,18743,1,2019:01:29 12:31:54,1
7977,5,April,2023,16837,1,2023:04:15 22:55:02,1
7978,4,May,2020,15017,1,2020:05:13 12:48:28,1
7979,3,November,2024,17341,1,2024:11:14 20:06:15,1
7980,5,December,2019,15761,1,2019:12:03 19:06:35,1
7981,1,January,2021,19363,1,2021:01:29 16:27:17,1
7982,4,September,2020,10570,1,2020:09:30 17:23:06,1
7983,2,July,2021,16908,1,2021:07:18 17:59:09,1
7984,4,November,2022,12933,1,2022:11:06 13:52:01,1
7985,5,August,2021,12623,1,2021:08:30 22:57:09,1
7986,1,July,2021,13639,1,2021:07:27 18:09:00,1
7987,5,November,2020,10733,1,2020:11:11 15:03:25,1
7988,1,November,2020,15424,1,2020:11:08 20:39:41,1
7989,4,September,2022,18496,1,2022:09:11 16:55:08,1
7990,2,October,2022,15904,1,2022:10:25 09:01:31,1
7991,5,April,2023,14759,1,2023:04:19 09:47:14,1
7992,1,July,2023,18473,1,2023:07:15 17:15:48,1
7993,4,December,2021,14548,1,2021:12:23 18:53:40,1
7994,3,July,2024,12345,1,2024:07:23 09:41:11,1
7995,5,January,2023,15883,1,2023:01:10 16:00:12,1
7996,3,January,2019,16045,1,2019:01:22 15:03:03,1
7997,4,October,2019,11065,1,2019:10:23 13:04:04,1
7998,4,March,2023,18431,1,2023:03:07 15:48:28,1
7999,4,July,2020,12106,1,2020:07:17 21:57:21,1
8000,3,July,2022,12314,1,2022:07:20 22:17:42,1
8001,3,December,2021,17479,1,2021:12:16 11:34:02,1
8002,4,February,2021,13663,1,2021:02:13 16:07:23,1
8003,1,November,2019,18706,1,2019:11:23 12:13:25,1
8004,4,January,2022,16141,1,2022:01:25 14:27:03,1
8005,2,March,2024,19542,1,2024:03:22 14:10:24,1
8006,2,March,2019,11190,1,2019:03:30 22:47:02,1
8007,3,June,2022,13344,1,2022:06:03 19:55:40,1
8008,3,April,2024,14273,1,2024:04:12 13:11:39,1
8009,1,February,2019,18834,1,2019:02:19 15:58:07,1
8010,4,January,2020,12273,1,2020:01:28 11:09:33,1
8011,4,December,2024,13281,1,2024:12:29 16:03:04,1
8012,4,September,2021,12431,1,2021:09:21 21:18:36,1
8013,4,April,2020,12426,1,2020:04:10 11:57:37,1
8014,2,September,2019,18591,1,2019:09:23 09:44:23,1
8015,2,April,2022,18673,1,2022:04:08 13:23:50,1
8016,3,January,2023,10897,1,2023:01:27 20:38:54,1
8017,2,December,2024,11926,1,2024:12:21 13:34:22,1
8018,3,November,2024,10511,1,2024:11:28 17:41:25,1
8019,2,May,2023,17500,1,2023:05:31 19:26:37,1
8020,5,October,2024,13347,1,2024:10:19 09:33:54,1
8021,4,October,2024,15831,1,2024:10:25 11:41:55,1
8022,1,January,2022,16775,1,2022:01:22 19:17:09,1
8023,2,November,2019,11856,1,2019:11:20 13:26:51,1
8024,5,May,2019,17905,1,2019:05:18 14:13:08,1
8025,1,June,2020,13650,1,2020:06:13 16:33:47,1
8026,5,March,2021,18026,1,2021:03:19 09:29:07,1
8027,2,January,2019,16487,1,2019:01:01 19:16:49,1
8028,3,June,2022,16271,1,2022:06:20 16:17:17,1
8029,1,December,2020,16973,1,2020:12:11 16:39:05,1
8030,3,June,2021,12558,1,2021:06:21 20:34:38,1
8031,2,September,2021,19426,1,2021:09:08 21:02:40,1
8032,4,November,2019,15804,1,2019:11:17 13:58:10,1
8033,3,March,2023,11744,1,2023:03:15 16:53:32,1
8034,1,April,2021,17765,1,2021:04:04 16:49:06,1
8035,1,September,2024,15732,1,2024:09:03 11:03:39,1
8036,5,January,2022,14928,1,2022:01:25 12:41:05,1
8037,5,January,2024,12039,1,2024:01:23 10:56:16,1
8038,1,December,2023,19701,1,2023:12:07 17:56:55,1
8039,3,October,2020,16591,1,2020:10:18 13:18:36,1
8040,3,November,2024,19697,1,2024:11:09 18:38:50,1
8041,2,October,2019,15610,1,2019:10:10 21:33:17,1
8042,2,June,2024,14734,1,2024:06:24 12:10:03,1
8043,1,April,2019,19591,1,2019:04:17 16:09:34,1
8044,4,January,2020,19497,1,2020:01:05 20:53:52,1
8045,3,March,2024,15621,1,2024:03:25 22:57:11,1
8046,4,July,2021,11796,1,2021:07:30 15:00:17,1
8047,3,July,2020,10059,1,2020:07:22 20:32:25,1
8048,1,September,2020,17557,1,2020:09:08 11:19:16,1
8049,2,June,2022,16539,1,2022:06:26 14:09:58,1
8050,2,February,2019,18973,1,2019:02:04 14:44:12,1
8051,5,June,2021,17587,1,2021:06:25 21:58:57,1
8052,1,November,2020,10113,1,2020:11:13 10:19:04,1
8053,4,September,2020,16138,1,2020:09:27 09:07:34,1
8054,2,February,2019,10350,1,2019:02:12 11:48:45,1
8055,1,March,2024,10787,1,2024:03:08 18:15:11,1
8056,4,March,2021,12345,1,2021:03:06 13:51:31,1
8057,1,July,2020,14925,1,2020:07:28 12:28:37,1
8058,2,February,2024,11367,1,2024:02:01 09:19:33,1
8059,2,August,2020,15595,1,2020:08:29 14:36:20,1
8060,5,May,2022,19526,1,2022:05:01 13:34:00,1
8061,2,January,2024,16264,1,2024:01:19 22:02:09,1
8062,3,March,2021,17473,1,2021:03:13 15:23:00,1
8063,1,June,2024,11329,1,2024:06:05 17:59:17,1
8064,4,November,2019,18022,1,2019:11:29 11:27:02,1
8065,5,April,2022,19989,1,2022:04:14 11:54:22,1
8066,3,October,2021,14347,1,2021:10:17 22:48:58,1
8067,1,November,2023,10026,1,2023:11:11 15:37:40,1
8068,2,September,2023,12100,1,2023:09:30 10:50:47,1
8069,4,May,2020,14873,1,2020:05:09 10:41:09,1
8070,3,December,2023,13118,1,2023:12:06 22:24:06,1
8071,1,November,2022,13166,1,2022:11:23 22:03:15,1
8072,3,July,2023,10086,1,2023:07:24 18:59:08,1
8073,1,April,2019,19702,1,2019:04:02 13:32:38,1
8074,2,January,2022,15839,1,2022:01:13 19:38:56,1
8075,2,July,2024,16692,1,2024:07:13 09:41:52,1
8076,3,March,2022,15306,1,2022:03:08 14:05:20,1
8077,5,November,2019,12392,1,2019:11:03 19:26:59,1
8078,5,May,2023,15934,1,2023:05:02 11:07:14,1
8079,4,November,2021,10589,1,2021:11:25 21:05:45,1
8080,5,June,2024,12480,1,2024:06:06 19:38:35,1
8081,1,July,2021,15350,1,2021:07:29 11:09:56,1
8082,5,June,2021,10207,1,2021:06:28 13:00:14,1
8083,3,January,2022,14147,1,2022:01:08 11:07:15,1
8084,1,April,2019,17015,1,2019:04:24 20:08:54,1
8085,4,January,2023,10721,1,2023:01:24 20:00:56,1
8086,5,May,2022,17064,1,2022:05:06 16:29:41,1
8087,4,August,2021,17913,1,2021:08:29 13:40:51,1
8088,4,April,2021,13295,1,2021:04:22 15:32:16,1
8089,5,February,2022,14440,1,2022:02:25 13:20:01,1
8090,3,November,2022,16001,1,2022:11:05 09:54:25,1
8091,3,March,2023,14587,1,2023:03:09 10:09:47,1
8092,3,April,2019,15816,1,2019:04:30 17:20:25,1
8093,4,August,2020,13753,1,2020:08:16 11:29:09,1
8094,5,February,2019,12078,1,2019:02:12 09:55:31,1
8095,1,March,2020,13664,1,2020:03:27 18:12:02,1
8096,5,July,2024,11458,1,2024:07:24 13:52:29,1
8097,1,July,2023,17862,1,2023:07:30 13:38:45,1
8098,4,February,2019,17125,1,2019:02:04 19:16:29,1
8099,3,September,2024,14398,1,2024:09:21 19:12:38,1
8100,5,April,2020,11501,1,2020:04:02 11:53:13,1
8101,3,September,2021,15244,1,2021:09:07 21:21:15,1
8102,3,January,2023,15503,1,2023:01:11 12:44:44,1
8103,5,February,2023,12716,1,2023:02:19 16:27:11,1
8104,3,February,2024,16392,1,2024:02:02 16:02:31,1
8105,2,April,2023,19638,1,2023:04:18 15:36:32,1
8106,5,September,2022,17488,1,2022:09:11 13:06:07,1
8107,5,November,2023,18626,1,2023:11:05 09:53:50,1
8108,2,November,2021,13020,1,2021:11:19 12:31:05,1
8109,4,March,2019,19384,1,2019:03:01 11:27:57,1
8110,3,March,2021,16589,1,2021:03:21 17:43:21,1
8111,1,May,2020,13682,1,2020:05:04 10:46:21,1
8112,2,September,2019,11510,1,2019:09:03 17:55:32,1
8113,3,July,2020,13915,1,2020:07:04 20:05:49,1
8114,1,March,2021,12613,1,2021:03:26 16:08:08,1
8115,1,June,2019,17888,1,2019:06:01 09:49:01,1
8116,3,December,2024,11389,1,2024:12:22 11:35:20,1
8117,2,April,2023,15132,1,2023:04:10 12:45:11,1
8118,2,August,2021,10252,1,2021:08:18 16:13:03,1
8119,3,May,2023,13593,1,2023:05:22 10:01:46,1
8120,4,August,2020,12679,1,2020:08:26 19:47:00,1
8121,3,February,2020,16198,1,2020:02:08 09:50:11,1
8122,5,October,2019,18672,1,2019:10:31 09:25:03,1
8123,1,May,2022,16502,1,2022:05:22 14:21:00,1
8124,1,July,2022,10046,1,2022:07:29 16:27:50,1
8125,2,April,2022,11844,1,2022:04:09 22:13:05,1
8126,5,October,2019,15676,1,2019:10:12 16:17:27,1
8127,3,October,2024,15161,1,2024:10:10 22:18:13,1
8128,5,June,2023,11282,1,2023:06:26 12:31:37,1
8129,1,April,2019,13228,1,2019:04:05 13:58:42,1
8130,3,February,2023,10406,1,2023:02:04 13:18:06,1
8131,1,June,2024,16824,1,2024:06:10 10:59:57,1
8132,4,May,2020,12492,1,2020:05:12 20:38:41,1
8133,4,April,2020,12278,1,2020:04:17 14:06:05,1
8134,3,April,2022,14250,1,2022:04:20 16:18:46,1
8135,5,October,2023,10538,1,2023:10:13 13:22:11,1
8136,3,June,2022,12384,1,2022:06:12 10:53:34,1
8137,3,February,2019,10239,1,2019:02:17 22:58:21,1
8138,4,September,2023,14857,1,2023:09:04 10:27:58,1
8139,2,July,2021,19117,1,2021:07:22 10:04:04,1
8140,3,July,2021,15429,1,2021:07:16 22:27:53,1
8141,5,December,2024,12129,1,2024:12:05 20:41:35,1
8142,5,February,2023,12457,1,2023:02:26 20:59:07,1
8143,1,August,2021,15392,1,2021:08:09 17:00:12,1
8144,3,February,2019,14980,1,2019:02:15 19:34:53,1
8145,1,September,2023,12450,1,2023:09:03 09:25:58,1
8146,3,November,2021,10505,1,2021:11:20 16:01:42,1
8147,5,July,2021,19421,1,2021:07:17 22:07:22,1
8148,4,September,2024,10087,1,2024:09:18 21:22:45,1
8149,2,April,2024,11574,1,2024:04:07 14:03:14,1
8150,1,September,2021,10075,1,2021:09:15 19:02:54,1
8151,5,May,2024,17364,1,2024:05:29 12:43:32,1
8152,1,January,2022,14853,1,2022:01:11 20:42:16,1
8153,3,April,2021,11070,1,2021:04:25 17:56:36,1
8154,4,March,2021,11657,1,2021:03:18 19:27:06,1
8155,1,December,2019,13556,1,2019:12:19 09:52:36,1
8156,2,September,2022,11750,1,2022:09:13 16:01:48,1
8157,3,February,2021,18532,1,2021:02:11 11:11:02,1
8158,3,April,2024,10939,1,2024:04:24 15:44:40,1
8159,5,July,2023,19137,1,2023:07:03 19:39:55,1
8160,1,February,2021,18095,1,2021:02:20 10:01:09,1
8161,3,March,2021,17809,1,2021:03:18 19:35:10,1
8162,5,December,2023,11501,1,2023:12:14 09:49:20,1
8163,5,June,2023,17607,1,2023:06:15 16:08:43,1
8164,5,November,2024,15744,1,2024:11:05 09:42:08,1
8165,4,April,2024,12777,1,2024:04:17 14:25:44,1
8166,4,April,2023,16304,1,2023:04:16 21:29:08,1
8167,3,January,2024,18335,1,2024:01:13 15:08:17,1
8168,4,February,2022,17332,1,2022:02:12 14:26:22,1
8169,4,April,2022,17835,1,2022:04:15 22:21:07,1
8170,3,March,2023,11893,1,2023:03:10 19:36:51,1
8171,3,June,2022,12656,1,2022:06:02 22:59:08,1
8172,2,April,2019,11099,1,2019:04:11 09:17:08,1
8173,4,April,2023,13586,1,2023:04:17 12:41:07,1
8174,5,December,2024,15333,1,2024:12:27 15:13:31,1
8175,2,August,2024,11903,1,2024:08:12 12:11:36,1
8176,3,July,2021,12706,1,2021:07:30 09:11:26,1
8177,2,March,2023,19674,1,2023:03:22 20:51:38,1
8178,5,September,2022,13219,1,2022:09:14 15:50:31,1
8179,5,May,2023,17528,1,2023:05:31 19:47:25,1
8180,1,March,2019,18237,1,2019:03:16 09:25:32,1
8181,1,March,2024,19582,1,2024:03:22 11:47:57,1
8182,3,March,2019,15000,1,2019:03:02 10:10:49,1
8183,2,June,2024,14878,1,2024:06:18 11:37:07,1
8184,3,June,2022,15271,1,2022:06:11 15:35:01,1
8185,2,January,2022,18909,1,2022:01:29 16:32:46,1
8186,3,August,2019,16721,1,2019:08:15 21:03:56,1
8187,2,July,2023,13158,1,2023:07:16 18:22:17,1
8188,5,February,2019,17736,1,2019:02:16 09:20:12,1
8189,5,November,2023,19730,1,2023:11:24 13:30:02,1
8190,2,September,2022,13412,1,2022:09:14 18:17:47,1
8191,4,March,2024,11639,1,2024:03:20 12:31:38,1
8192,2,September,2019,10454,1,2019:09:18 12:29:51,1
8193,1,October,2021,15196,1,2021:10:28 13:02:01,1
8194,2,August,2022,13975,1,2022:08:16 12:45:48,1
8195,1,October,2023,13448,1,2023:10:19 14:10:49,1
8196,4,December,2022,15748,1,2022:12:28 11:53:39,1
8197,1,July,2022,17414,1,2022:07:08 22:43:52,1
8198,3,March,2019,19583,1,2019:03:01 10:00:22,1
8199,4,October,2019,11777,1,2019:10:01 14:06:36,1
8200,5,May,2022,11732,1,2022:05:17 22:22:55,1
8201,5,July,2019,12995,1,2019:07:01 10:01:30,1
8202,3,September,2023,16886,1,2023:09:30 09:46:28,1
8203,2,September,2024,16901,1,2024:09:09 16:52:21,1
8204,5,February,2024,18451,1,2024:02:02 19:15:54,1
8205,4,July,2021,13379,1,2021:07:21 16:13:23,1
8206,2,December,2022,16990,1,2022:12:30 18:09:08,1
8207,2,November,2021,10964,1,2021:11:29 16:06:54,1
8208,5,March,2023,11680,1,2023:03:10 09:58:53,1
8209,4,June,2020,12378,1,2020:06:18 20:12:29,1
8210,4,April,2020,16109,1,2020:04:24 09:09:20,1
8211,3,May,2020,13538,1,2020:05:29 18:50:37,1
8212,3,February,2019,10934,1,2019:02:06 19:21:23,1
8213,4,May,2023,14565,1,2023:05:30 15:22:28,1
8214,1,January,2020,14741,1,2020:01:27 13:44:30,1
8215,4,June,2022,15333,1,2022:06:27 13:28:39,1
8216,1,August,2019,10929,1,2019:08:29 13:37:14,1
8217,2,February,2022,13952,1,2022:02:03 12:01:14,1
8218,5,December,2022,14675,1,2022:12:16 10:02:25,1
8219,1,November,2019,15910,1,2019:11:13 21:04:51,1
8220,3,February,2022,17631,1,2022:02:28 17:42:31,1
8221,1,January,2021,19213,1,2021:01:17 14:01:54,1
8222,1,February,2019,11013,1,2019:02:19 13:58:32,1
8223,3,November,2019,13382,1,2019:11:12 14:57:47,1
8224,1,August,2021,16289,1,2021:08:26 10:04:50,1
8225,4,June,2020,12326,1,2020:06:16 11:42:47,1
8226,3,December,2024,16139,1,2024:12:05 19:15:30,1
8227,4,April,2019,18988,1,2019:04:03 13:38:03,1
8228,3,September,2023,10561,1,2023:09:19 22:23:33,1
8229,1,January,2024,12168,1,2024:01:21 17:51:53,1
8230,5,August,2023,13613,1,2023:08:02 10:24:50,1
8231,3,July,2020,12556,1,2020:07:10 18:21:14,1
8232,3,August,2020,12367,1,2020:08:16 15:15:15,1
8233,4,April,2020,14343,1,2020:04:30 14:01:29,1
8234,3,October,2023,15485,1,2023:10:18 10:07:29,1
8235,1,March,2021,18953,1,2021:03:15 16:34:26,1
8236,3,August,2023,16731,1,2023:08:01 17:14:54,1
8237,5,November,2024,13065,1,2024:11:05 14:20:12,1
8238,2,March,2021,15817,1,2021:03:07 17:24:44,1
8239,2,July,2022,11197,1,2022:07:21 10:20:27,1
8240,2,May,2021,12152,1,2021:05:08 16:43:59,1
8241,4,March,2022,17563,1,2022:03:02 20:34:17,1
8242,5,March,2021,13305,1,2021:03:29 12:19:29,1
8243,5,May,2023,15950,1,2023:05:16 22:11:52,1
8244,3,May,2024,14107,1,2024:05:21 16:50:08,1
8245,5,January,2024,13749,1,2024:01:16 13:24:38,1
8246,4,December,2022,16113,1,2022:12:03 14:53:21,1
8247,3,September,2021,16315,1,2021:09:08 10:37:14,1
8248,5,January,2022,10577,1,2022:01:01 18:43:23,1
8249,3,September,2023,17494,1,2023:09:06 18:52:09,1
8250,3,June,2024,10829,1,2024:06:05 18:25:15,1
8251,2,December,2021,15332,1,2021:12:16 15:42:38,1
8252,3,April,2024,13534,1,2024:04:28 21:51:57,1
8253,2,October,2020,13741,1,2020:10:06 10:35:07,1
8254,1,August,2024,19812,1,2024:08:08 22:44:23,1
8255,2,January,2021,16044,1,2021:01:23 14:26:51,1
8256,1,December,2021,12528,1,2021:12:27 15:48:22,1
8257,4,July,2024,11911,1,2024:07:23 17:15:01,1
8258,4,October,2022,19719,1,2022:10:24 17:18:31,1
8259,2,April,2024,10971,1,2024:04:19 11:39:09,1
8260,4,February,2023,18009,1,2023:02:26 21:05:25,1
8261,5,February,2024,16193,1,2024:02:09 14:24:33,1
8262,2,April,2022,15799,1,2022:04:06 22:18:04,1
8263,4,September,2023,10788,1,2023:09:03 09:05:37,1
8264,3,October,2019,11140,1,2019:10:01 22:18:39,1
8265,1,November,2024,13123,1,2024:11:17 18:34:15,1
8266,4,July,2019,19186,1,2019:07:04 15:05:47,1
8267,4,February,2021,17139,1,2021:02:03 19:51:23,1
8268,2,October,2024,14042,1,2024:10:26 16:39:46,1
8269,1,November,2022,10309,1,2022:11:07 16:57:41,1
8270,4,July,2023,13609,1,2023:07:27 20:41:23,1
8271,3,November,2020,11680,1,2020:11:29 15:34:17,1
8272,3,July,2021,13192,1,2021:07:15 13:18:29,1
8273,2,May,2022,15893,1,2022:05:24 15:34:21,1
8274,1,February,2021,11241,1,2021:02:20 15:59:56,1
8275,3,March,2021,11811,1,2021:03:17 16:31:27,1
8276,5,September,2020,16177,1,2020:09:02 14:07:39,1
8277,4,May,2022,13298,1,2022:05:14 22:57:08,1
8278,3,July,2024,10702,1,2024:07:21 22:35:51,1
8279,3,March,2022,14312,1,2022:03:24 10:39:47,1
8280,2,February,2024,12714,1,2024:02:27 17:02:25,1
8281,5,January,2021,18283,1,2021:01:12 22:16:27,1
8282,1,November,2024,12839,1,2024:11:10 12:18:08,1
8283,1,August,2023,16951,1,2023:08:28 22:41:47,1
8284,2,March,2021,12682,1,2021:03:10 09:11:52,1
8285,2,September,2020,10514,1,2020:09:20 13:22:57,1
8286,2,May,2022,16522,1,2022:05:17 19:23:32,1
8287,4,August,2020,13743,1,2020:08:02 18:48:39,1
8288,2,February,2020,10482,1,2020:02:28 22:32:32,1
8289,2,March,2024,19290,1,2024:03:06 19:45:28,1
8290,4,September,2021,15414,1,2021:09:27 18:37:44,1
8291,4,August,2023,12225,1,2023:08:12 20:26:51,1
8292,5,December,2019,11033,1,2019:12:26 13:35:55,1
8293,3,July,2021,18085,1,2021:07:26 16:04:15,1
8294,1,October,2021,13033,1,2021:10:02 16:09:44,1
8295,3,December,2023,19925,1,2023:12:06 14:16:41,1
8296,5,November,2021,11786,1,2021:11:08 22:52:55,1
8297,4,April,2021,10462,1,2021:04:02 14:59:36,1
8298,5,May,2020,12843,1,2020:05:03 12:08:40,1
8299,2,April,2019,18152,1,2019:04:24 15:30:03,1
8300,4,January,2021,12534,1,2021:01:12 20:15:18,1
8301,3,September,2023,19144,1,2023:09:23 12:14:20,1
8302,3,March,2021,17626,1,2021:03:25 22:20:18,1
8303,5,July,2024,17661,1,2024:07:03 16:15:21,1
8304,3,August,2024,13591,1,2024:08:09 16:43:20,1
8305,1,May,2023,10740,1,2023:05:04 13:08:59,1
8306,2,August,2022,17896,1,2022:08:08 13:15:20,1
8307,5,June,2021,16985,1,2021:06:02 13:07:04,1
8308,1,May,2023,13924,1,2023:05:14 18:51:11,1
8309,2,December,2022,12276,1,2022:12:14 14:22:33,1
8310,1,June,2019,14773,1,2019:06:09 18:23:16,1
8311,3,March,2019,14060,1,2019:03:27 10:21:25,1
8312,4,December,2020,19355,1,2020:12:26 17:13:10,1
8313,1,December,2019,18417,1,2019:12:17 21:36:51,1
8314,3,May,2020,18640,1,2020:05:25 18:30:59,1
8315,3,September,2019,18036,1,2019:09:16 17:56:35,1
8316,4,April,2024,17526,1,2024:04:01 18:56:45,1
8317,2,January,2023,16292,1,2023:01:26 12:20:12,1
8318,5,June,2022,14486,1,2022:06:01 11:53:25,1
8319,2,July,2022,17803,1,2022:07:15 21:39:13,1
8320,5,December,2020,10407,1,2020:12:27 18:47:16,1
8321,4,February,2019,11509,1,2019:02:28 16:17:54,1
8322,1,November,2020,19481,1,2020:11:26 21:20:01,1
8323,1,October,2019,15415,1,2019:10:04 16:18:00,1
8324,3,November,2024,18374,1,2024:11:07 09:28:25,1
8325,5,November,2024,16225,1,2024:11:26 10:32:55,1
8326,1,June,2021,13607,1,2021:06:09 11:40:05,1
8327,3,March,2019,19988,1,2019:03:02 18:07:31,1
8328,2,February,2020,12206,1,2020:02:08 22:01:09,1
8329,4,October,2019,11206,1,2019:10:06 10:42:48,1
8330,1,May,2020,12983,1,2020:05:30 12:14:05,1
8331,5,December,2023,10492,1,2023:12:24 19:55:22,1
8332,3,August,2022,13880,1,2022:08:03 11:55:36,1
8333,4,August,2023,15634,1,2023:08:21 14:50:32,1
8334,2,February,2019,16729,1,2019:02:22 21:47:11,1
8335,4,May,2020,11359,1,2020:05:26 11:52:05,1
8336,4,July,2020,17623,1,2020:07:04 19:42:11,1
8337,4,May,2019,19127,1,2019:05:16 18:27:41,1
8338,5,July,2024,15970,1,2024:07:19 09:16:46,1
8339,3,November,2019,16546,1,2019:11:15 11:00:49,1
8340,1,February,2019,16408,1,2019:02:15 19:16:04,1
8341,5,January,2024,17896,1,2024:01:19 10:53:08,1
8342,1,October,2019,19820,1,2019:10:18 09:18:17,1
8343,4,October,2020,16179,1,2020:10:09 09:12:12,1
8344,4,February,2023,15740,1,2023:02:16 15:44:44,1
8345,5,April,2020,10121,1,2020:04:23 16:11:19,1
8346,3,July,2020,17353,1,2020:07:23 17:46:39,1
8347,4,January,2020,17293,1,2020:01:02 18:56:22,1
8348,3,January,2021,16725,1,2021:01:24 20:58:59,1
8349,3,February,2019,14607,1,2019:02:02 09:12:43,1
8350,5,March,2024,17698,1,2024:03:28 16:06:39,1
8351,3,May,2022,16258,1,2022:05:18 14:11:31,1
8352,3,April,2022,12622,1,2022:04:12 19:42:53,1
8353,1,April,2020,13437,1,2020:04:01 17:03:18,1
8354,1,June,2022,10861,1,2022:06:27 13:31:34,1
8355,5,December,2023,19333,1,2023:12:13 12:06:21,1
8356,1,October,2021,17686,1,2021:10:08 14:00:04,1
8357,1,February,2023,16016,1,2023:02:21 22:29:49,1
8358,2,July,2024,13707,1,2024:07:31 09:37:09,1
8359,2,February,2022,10214,1,2022:02:04 09:18:39,1
8360,3,February,2019,11493,1,2019:02:28 11:50:18,1
8361,2,August,2019,16246,1,2019:08:17 22:43:27,1
8362,4,May,2023,10890,1,2023:05:04 19:39:21,1
8363,4,December,2024,15963,1,2024:12:02 10:44:20,1
8364,3,February,2019,17230,1,2019:02:06 13:32:06,1
8365,1,September,2019,18545,1,2019:09:30 13:04:03,1
8366,4,February,2022,13689,1,2022:02:28 17:31:10,1
8367,3,June,2020,12826,1,2020:06:18 10:42:52,1
8368,1,January,2022,17078,1,2022:01:05 21:21:42,1
8369,1,February,2021,18277,1,2021:02:11 14:20:39,1
8370,4,October,2022,11931,1,2022:10:07 17:54:14,1
8371,3,December,2021,18482,1,2021:12:20 20:20:44,1
8372,3,February,2019,15878,1,2019:02:27 22:31:27,1
8373,1,September,2023,12837,1,2023:09:18 21:55:54,1
8374,5,March,2019,11858,1,2019:03:13 22:59:00,1
8375,1,October,2024,13057,1,2024:10:01 19:33:51,1
8376,2,July,2019,10784,1,2019:07:31 09:04:22,1
8377,2,December,2021,17183,1,2021:12:01 18:00:37,1
8378,3,June,2024,10646,1,2024:06:26 09:01:01,1
8379,3,February,2024,17771,1,2024:02:05 18:39:33,1
8380,5,December,2021,17974,1,2021:12:25 12:58:35,1
8381,2,December,2024,10149,1,2024:12:03 18:38:46,1
8382,2,December,2024,12835,1,2024:12:23 15:29:33,1
8383,2,April,2020,12658,1,2020:04:10 11:20:23,1
8384,1,September,2020,14640,1,2020:09:15 22:37:08,1
8385,5,December,2024,13840,1,2024:12:05 16:27:02,1
8386,2,September,2022,19319,1,2022:09:03 15:31:15,1
8387,4,January,2019,15249,1,2019:01:18 20:08:13,1
8388,3,January,2020,19268,1,2020:01:05 12:25:34,1
8389,1,November,2023,16151,1,2023:11:08 12:41:11,1
8390,1,December,2019,13409,1,2019:12:18 15:51:21,1
8391,1,September,2021,13516,1,2021:09:29 13:22:41,1
8392,1,February,2019,19463,1,2019:02:08 11:20:22,1
8393,3,January,2019,14646,1,2019:01:11 12:51:01,1
8394,1,March,2019,15542,1,2019:03:25 13:13:51,1
8395,1,January,2023,18345,1,2023:01:22 21:03:43,1
8396,1,January,2019,11877,1,2019:01:23 21:22:51,1
8397,4,December,2024,16225,1,2024:12:07 09:45:21,1
8398,3,January,2023,16243,1,2023:01:23 11:12:33,1
8399,3,November,2019,17849,1,2019:11:13 19:33:59,1
8400,5,September,2019,13187,1,2019:09:21 09:52:12,1
8401,5,January,2024,10689,1,2024:01:14 21:17:21,1
8402,2,November,2024,17541,1,2024:11:22 10:47:32,1
8403,1,August,2020,15547,1,2020:08:05 20:50:46,1
8404,2,January,2020,18868,1,2020:01:30 15:41:49,1
8405,2,November,2024,14739,1,2024:11:17 17:33:00,1
8406,1,May,2021,15733,1,2021:05:20 11:33:26,1
8407,2,June,2020,17904,1,2020:06:26 20:20:05,1
8408,5,March,2020,16342,1,2020:03:23 14:34:14,1
8409,3,July,2020,17354,1,2020:07:28 19:24:25,1
8410,2,February,2024,16885,1,2024:02:03 12:55:40,1
8411,4,December,2020,10517,1,2020:12:16 11:46:10,1
8412,4,July,2022,15160,1,2022:07:01 11:45:26,1
8413,1,August,2020,11089,1,2020:08:22 11:14:04,1
8414,1,June,2024,11577,1,2024:06:05 12:34:30,1
8415,4,October,2024,19952,1,2024:10:03 19:42:28,1
8416,2,June,2019,12125,1,2019:06:17 14:02:10,1
8417,1,March,2024,17066,1,2024:03:17 12:07:01,1
8418,4,March,2022,15327,1,2022:03:21 19:51:04,1
8419,3,November,2020,10034,1,2020:11:19 15:32:24,1
8420,2,April,2021,19915,1,2021:04:24 22:58:31,1
8421,4,August,2019,11893,1,2019:08:21 13:43:52,1
8422,3,August,2024,19861,1,2024:08:17 14:25:47,1
8423,5,October,2020,16371,1,2020:10:11 19:51:54,1
8424,5,July,2020,10419,1,2020:07:09 22:11:50,1
8425,3,October,2019,10168,1,2019:10:20 22:54:43,1
8426,3,November,2021,19155,1,2021:11:11 14:46:22,1
8427,1,June,2019,17833,1,2019:06:01 19:45:57,1
8428,2,May,2024,15002,1,2024:05:13 21:37:18,1
8429,5,September,2024,14242,1,2024:09:01 22:50:10,1
8430,2,July,2021,17289,1,2021:07:30 20:09:18,1
8431,3,February,2019,13235,1,2019:02:07 09:03:25,1
8432,2,February,2019,16702,1,2019:02:03 21:13:54,1
8433,5,December,2022,15358,1,2022:12:21 18:18:13,1
8434,5,April,2022,11754,1,2022:04:06 18:18:15,1
8435,3,April,2023,10925,1,2023:04:11 21:56:29,1
8436,3,March,2022,19470,1,2022:03:16 20:09:37,1
8437,3,October,2024,18123,1,2024:10:28 20:33:19,1
8438,5,October,2023,13299,1,2023:10:05 17:28:53,1
8439,3,March,2023,19701,1,2023:03:13 10:40:46,1
8440,5,May,2019,16896,1,2019:05:27 15:03:08,1
8441,1,March,2019,10214,1,2019:03:22 21:37:23,1
8442,1,November,2023,11558,1,2023:11:05 15:48:27,1
8443,4,July,2019,13067,1,2019:07:28 17:39:49,1
8444,5,June,2022,13569,1,2022:06:25 09:57:39,1
8445,4,June,2019,10236,1,2019:06:18 21:37:40,1
8446,1,April,2019,18529,1,2019:04:28 19:21:28,1
8447,1,March,2019,12489,1,2019:03:20 11:50:20,1
8448,5,September,2024,12740,1,2024:09:28 13:53:31,1
8449,5,January,2019,19403,1,2019:01:08 13:41:17,1
8450,4,November,2019,11454,1,2019:11:06 12:46:36,1
8451,4,May,2022,14657,1,2022:05:11 21:19:54,1
8452,2,August,2023,17519,1,2023:08:13 14:47:30,1
8453,4,November,2023,14051,1,2023:11:20 18:09:18,1
8454,2,April,2019,14447,1,2019:04:14 20:49:44,1
8455,4,January,2022,13143,1,2022:01:13 19:33:53,1
8456,5,March,2019,13129,1,2019:03:10 13:34:34,1
8457,5,July,2019,12435,1,2019:07:20 19:17:09,1
8458,5,March,2022,18259,1,2022:03:31 18:23:29,1
8459,4,February,2019,15126,1,2019:02:24 15:21:00,1
8460,5,September,2024,18404,1,2024:09:02 17:44:23,1
8461,2,June,2021,11335,1,2021:06:11 17:53:32,1
8462,2,October,2021,10438,1,2021:10:11 15:51:29,1
8463,2,September,2023,15610,1,2023:09:05 12:45:08,1
8464,4,February,2020,15788,1,2020:02:21 10:34:17,1
8465,5,June,2021,18795,1,2021:06:16 14:12:27,1
8466,3,June,2022,15430,1,2022:06:03 19:47:25,1
8467,3,August,2021,14154,1,2021:08:07 09:30:52,1
8468,4,October,2022,18672,1,2022:10:09 10:36:10,1
8469,5,January,2019,16196,1,2019:01:12 22:16:12,1
8470,1,March,2020,10465,1,2020:03:01 21:45:34,1
8471,1,March,2019,11185,1,2019:03:13 10:37:42,1
8472,4,October,2020,18603,1,2020:10:11 11:39:35,1
8473,3,April,2023,19286,1,2023:04:22 11:20:38,1
8474,4,March,2021,12891,1,2021:03:20 13:38:50,1
8475,3,May,2023,18495,1,2023:05:25 19:06:15,1
8476,2,March,2020,16442,1,2020:03:29 10:31:16,1
8477,1,July,2021,13685,1,2021:07:11 14:18:56,1
8478,2,June,2019,12443,1,2019:06:15 20:47:14,1
8479,3,December,2024,13443,1,2024:12:14 18:26:44,1
8480,5,December,2024,16808,1,2024:12:09 14:23:17,1
8481,2,May,2019,14835,1,2019:05:11 20:14:18,1
8482,4,April,2020,16346,1,2020:04:06 21:35:31,1
8483,3,December,2019,10372,1,2019:12:30 22:49:09,1
8484,5,October,2021,10850,1,2021:10:23 22:59:25,1
8485,3,December,2023,11527,1,2023:12:12 11:30:38,1
8486,5,August,2020,19068,1,2020:08:26 15:25:08,1
8487,5,April,2022,11580,1,2022:04:29 13:03:22,1
8488,2,April,2023,14134,1,2023:04:09 11:23:37,1
8489,4,March,2021,18867,1,2021:03:21 15:51:55,1
8490,1,August,2023,19811,1,2023:08:28 13:15:20,1
8491,1,August,2021,17425,1,2021:08:15 20:00:44,1
8492,2,June,2021,19747,1,2021:06:16 16:55:23,1
8493,2,June,2024,14733,1,2024:06:19 18:47:09,1
8494,2,November,2022,16030,1,2022:11:14 20:58:52,1
8495,4,February,2022,14187,1,2022:02:17 15:02:39,1
8496,5,January,2020,10209,1,2020:01:13 11:57:14,1
8497,1,October,2024,17910,1,2024:10:18 21:59:40,1
8498,4,December,2021,15767,1,2021:12:22 10:13:14,1
8499,1,October,2021,14340,1,2021:10:05 10:12:48,1
8500,4,April,2022,11734,1,2022:04:10 18:13:55,1
8501,3,June,2021,16597,1,2021:06:25 10:04:16,1
8502,4,December,2021,19990,1,2021:12:26 12:45:22,1
8503,3,December,2019,16389,1,2019:12:16 12:00:34,1
8504,3,October,2022,14516,1,2022:10:13 13:15:51,1
8505,3,August,2023,18828,1,2023:08:04 17:45:27,1
8506,1,October,2019,15945,1,2019:10:03 13:33:27,1
8507,3,May,2021,10812,1,2021:05:13 09:52:14,1
8508,5,May,2020,12321,1,2020:05:15 09:23:35,1
8509,1,February,2022,17391,1,2022:02:21 15:40:01,1
8510,4,January,2024,12465,1,2024:01:25 10:33:11,1
8511,2,January,2019,12712,1,2019:01:24 21:03:00,1
8512,5,August,2024,12398,1,2024:08:06 11:07:16,1
8513,2,February,2019,13503,1,2019:02:24 16:57:41,1
8514,3,April,2024,16272,1,2024:04:11 20:51:07,1
8515,4,June,2020,11114,1,2020:06:21 22:15:26,1
8516,2,December,2021,15045,1,2021:12:06 19:55:51,1
8517,4,January,2022,14126,1,2022:01:20 11:56:25,1
8518,4,October,2020,12984,1,2020:10:19 20:51:13,1
8519,5,December,2024,10234,1,2024:12:10 20:28:55,1
8520,5,August,2024,13459,1,2024:08:14 17:26:16,1
8521,1,January,2021,10055,1,2021:01:06 19:36:01,1
8522,4,January,2021,18775,1,2021:01:29 16:51:38,1
8523,3,January,2024,10381,1,2024:01:26 22:18:59,1
8524,3,January,2023,11698,1,2023:01:09 10:12:24,1
8525,5,September,2024,13667,1,2024:09:22 09:25:08,1
8526,4,May,2023,12964,1,2023:05:06 09:06:03,1
8527,3,June,2022,11576,1,2022:06:12 20:04:44,1
8528,1,August,2024,15164,1,2024:08:11 11:13:43,1
8529,3,December,2024,16706,1,2024:12:19 11:58:13,1
8530,3,May,2022,14711,1,2022:05:22 13:43:39,1
8531,4,April,2021,16928,1,2021:04:25 12:51:31,1
8532,5,August,2020,13676,1,2020:08:09 18:11:50,1
8533,1,July,2022,11266,1,2022:07:07 09:30:44,1
8534,1,January,2022,19072,1,2022:01:14 09:26:56,1
8535,1,September,2022,13301,1,2022:09:30 15:53:54,1
8536,3,January,2022,18735,1,2022:01:10 14:10:44,1
8537,3,December,2021,17800,1,2021:12:19 11:50:06,1
8538,5,March,2024,11389,1,2024:03:11 14:31:46,1
8539,1,May,2019,11000,1,2019:05:01 15:19:31,1
8540,5,February,2019,19673,1,2019:02:18 16:53:32,1
8541,4,June,2021,14326,1,2021:06:10 09:38:25,1
8542,1,June,2021,19892,1,2021:06:12 22:58:38,1
8543,1,September,2019,18373,1,2019:09:14 09:52:25,1
8544,2,November,2022,12054,1,2022:11:09 13:20:33,1
8545,5,December,2024,13102,1,2024:12:19 15:04:29,1
8546,3,August,2020,12837,1,2020:08:30 11:52:30,1
8547,3,August,2020,13784,1,2020:08:22 12:52:55,1
8548,3,March,2019,14032,1,2019:03:26 12:00:34,1
8549,2,June,2019,13859,1,2019:06:29 17:51:39,1
8550,5,June,2021,16308,1,2021:06:13 13:00:06,1
8551,3,January,2022,18376,1,2022:01:02 19:29:14,1
8552,1,June,2021,19439,1,2021:06:09 11:43:41,1
8553,3,June,2024,13798,1,2024:06:24 20:41:12,1
8554,2,March,2024,15904,1,2024:03:04 21:49:59,1
8555,3,December,2022,11942,1,2022:12:28 13:37:24,1
8556,4,July,2019,19508,1,2019:07:20 12:49:21,1
8557,1,February,2021,12308,1,2021:02:06 22:56:01,1
8558,3,June,2019,12837,1,2019:06:19 11:40:57,1
8559,1,July,2023,17096,1,2023:07:21 19:45:22,1
8560,3,November,2024,10555,1,2024:11:14 10:08:09,1
8561,1,April,2023,19358,1,2023:04:11 17:02:30,1
8562,1,February,2019,11352,1,2019:02:03 21:40:43,1
8563,2,April,2023,10857,1,2023:04:03 15:24:59,1
8564,3,December,2020,17616,1,2020:12:18 20:00:07,1
8565,5,June,2023,15167,1,2023:06:05 21:30:39,1
8566,1,August,2021,14774,1,2021:08:05 09:34:12,1
8567,4,April,2023,10480,1,2023:04:02 19:13:27,1
8568,4,April,2023,18488,1,2023:04:21 12:53:58,1
8569,3,March,2020,10972,1,2020:03:04 15:05:58,1
8570,5,May,2021,15680,1,2021:05:03 15:31:41,1
8571,4,December,2020,11744,1,2020:12:02 16:10:13,1
8572,1,March,2020,11581,1,2020:03:29 09:45:53,1
8573,4,April,2022,12235,1,2022:04:08 17:17:22,1
8574,4,June,2019,14625,1,2019:06:01 11:12:16,1
8575,3,April,2022,10042,1,2022:04:17 14:03:22,1
8576,1,May,2021,17144,1,2021:05:20 10:35:55,1
8577,5,June,2024,10418,1,2024:06:29 18:09:57,1
8578,3,January,2021,11382,1,2021:01:03 18:27:21,1
8579,4,July,2022,15246,1,2022:07:19 18:59:50,1
8580,4,September,2023,19654,1,2023:09:27 09:20:07,1
8581,4,August,2021,16960,1,2021:08:17 14:40:15,1
8582,1,June,2020,12790,1,2020:06:14 20:44:38,1
8583,3,April,2020,18553,1,2020:04:11 14:32:52,1
8584,2,March,2023,13719,1,2023:03:03 17:27:14,1
8585,3,July,2022,18318,1,2022:07:10 14:43:31,1
8586,1,April,2023,16009,1,2023:04:01 17:04:55,1
8587,2,October,2020,19432,1,2020:10:29 19:14:54,1
8588,4,March,2019,11808,1,2019:03:16 20:51:45,1
8589,1,February,2020,17754,1,2020:02:13 18:20:29,1
8590,5,December,2020,17704,1,2020:12:20 12:44:17,1
8591,4,June,2019,14237,1,2019:06:12 21:22:20,1
8592,1,May,2021,18287,1,2021:05:01 10:57:27,1
8593,1,March,2019,10378,1,2019:03:22 21:42:45,1
8594,1,June,2022,17211,1,2022:06:26 17:29:47,1
8595,2,October,2020,13730,1,2020:10:03 14:48:02,1
8596,2,July,2020,19045,1,2020:07:21 10:23:12,1
8597,4,March,2024,17311,1,2024:03:10 20:25:51,1
8598,3,October,2022,12308,1,2022:10:20 20:25:30,1
8599,2,February,2019,15954,1,2019:02:09 11:41:19,1
8600,4,January,2024,16191,1,2024:01:14 10:58:17,1
8601,1,February,2023,11221,1,2023:02:10 13:35:02,1
8602,5,December,2024,15000,1,2024:12:04 13:48:16,1
8603,3,October,2024,12032,1,2024:10:25 12:27:04,1
8604,1,November,2022,18815,1,2022:11:06 18:25:16,1
8605,3,September,2022,15618,1,2022:09:13 20:36:25,1
8606,5,September,2024,16717,1,2024:09:18 19:25:05,1
8607,1,November,2019,11504,1,2019:11:27 17:28:33,1
8608,2,August,2020,11392,1,2020:08:13 18:57:41,1
8609,2,November,2022,14333,1,2022:11:23 18:00:31,1
8610,5,December,2019,17639,1,2019:12:06 12:16:25,1
8611,1,June,2024,18263,1,2024:06:14 18:52:44,1
8612,5,May,2023,15566,1,2023:05:15 15:57:38,1
8613,2,September,2020,19080,1,2020:09:10 18:04:21,1
8614,5,May,2019,17352,1,2019:05:13 21:47:02,1
8615,5,March,2024,13041,1,2024:03:15 11:50:05,1
8616,1,December,2021,15207,1,2021:12:02 20:39:38,1
8617,2,February,2019,15324,1,2019:02:15 14:15:03,1
8618,4,October,2024,10851,1,2024:10:21 12:44:00,1
8619,4,July,2023,11369,1,2023:07:12 17:57:03,1
8620,2,December,2022,12930,1,2022:12:26 10:29:41,1
8621,1,September,2022,15543,1,2022:09:07 11:18:38,1
8622,1,April,2019,14276,1,2019:04:21 16:44:14,1
8623,5,July,2021,17249,1,2021:07:30 10:07:31,1
8624,2,September,2023,10690,1,2023:09:18 18:50:03,1
8625,1,April,2021,15366,1,2021:04:07 09:04:42,1
8626,3,May,2020,13280,1,2020:05:25 09:18:45,1
8627,3,February,2021,16870,1,2021:02:09 12:01:37,1
8628,2,February,2023,10158,1,2023:02:02 21:14:23,1
8629,5,May,2023,12579,1,2023:05:24 17:28:34,1
8630,4,August,2024,18834,1,2024:08:22 21:43:22,1
8631,1,August,2021,12233,1,2021:08:12 19:57:59,1
8632,3,April,2019,13638,1,2019:04:11 19:44:31,1
8633,5,July,2024,19655,1,2024:07:17 11:56:25,1
8634,3,June,2020,15048,1,2020:06:11 20:59:14,1
8635,2,May,2022,18481,1,2022:05:09 19:04:39,1
8636,5,December,2020,15286,1,2020:12:23 14:08:03,1
8637,2,August,2024,15267,1,2024:08:31 13:54:07,1
8638,2,October,2024,16432,1,2024:10:18 12:26:56,1
8639,2,January,2024,19351,1,2024:01:05 15:18:27,1
8640,1,October,2021,16316,1,2021:10:07 20:19:51,1
8641,3,August,2023,14347,1,2023:08:29 17:16:07,1
8642,2,June,2023,11520,1,2023:06:30 13:32:05,1
8643,1,April,2022,12208,1,2022:04:21 11:04:56,1
8644,4,August,2024,19056,1,2024:08:21 15:55:12,1
8645,5,April,2024,17553,1,2024:04:11 21:21:13,1
8646,3,February,2021,14249,1,2021:02:03 16:29:48,1
8647,3,July,2020,17789,1,2020:07:13 19:17:26,1
8648,5,October,2020,15890,1,2020:10:21 17:29:10,1
8649,2,January,2019,15432,1,2019:01:24 22:27:23,1
8650,4,May,2022,10569,1,2022:05:16 09:57:48,1
8651,4,September,2024,17267,1,2024:09:30 13:34:40,1
8652,5,April,2020,13123,1,2020:04:11 19:49:24,1
8653,2,January,2022,16698,1,2022:01:07 21:52:33,1
8654,2,October,2023,10144,1,2023:10:16 16:29:59,1
8655,5,August,2019,16500,1,2019:08:26 17:35:25,1
8656,4,February,2020,14428,1,2020:02:01 13:41:49,1
8657,3,May,2019,16398,1,2019:05:31 16:11:04,1
8658,3,November,2020,18586,1,2020:11:29 21:22:54,1
8659,5,May,2024,19037,1,2024:05:31 17:31:07,1
8660,1,November,2023,10141,1,2023:11:16 10:12:23,1
8661,1,August,2023,19602,1,2023:08:07 20:23:11,1
8662,4,May,2019,10588,1,2019:05:16 11:22:04,1
8663,3,December,2019,11879,1,2019:12:12 21:10:38,1
8664,1,September,2021,17023,1,2021:09:06 14:22:44,1
8665,5,June,2020,16642,1,2020:06:25 11:40:05,1
8666,4,August,2023,15470,1,2023:08:17 17:47:34,1
8667,4,July,2020,19889,1,2020:07:22 22:23:44,1
8668,4,May,2022,12382,1,2022:05:14 15:50:08,1
8669,1,December,2024,11715,1,2024:12:30 20:44:19,1
8670,2,August,2024,18809,1,2024:08:14 11:05:28,1
8671,3,April,2021,14527,1,2021:04:27 13:13:42,1
8672,4,July,2020,11206,1,2020:07:31 13:27:51,1
8673,3,October,2022,19338,1,2022:10:07 21:53:01,1
8674,2,October,2020,16935,1,2020:10:07 16:00:30,1
8675,5,June,2020,13151,1,2020:06:27 17:51:50,1
8676,4,October,2023,19307,1,2023:10:17 13:44:34,1
8677,4,August,2019,17574,1,2019:08:11 22:41:34,1
8678,2,March,2019,19606,1,2019:03:16 09:03:01,1
8679,5,March,2022,16133,1,2022:03:30 10:46:07,1
8680,4,December,2022,12164,1,2022:12:01 21:41:28,1
8681,3,January,2021,12315,1,2021:01:16 21:39:05,1
8682,4,October,2019,13499,1,2019:10:17 10:29:44,1
8683,5,August,2019,19619,1,2019:08:18 15:47:19,1
8684,5,July,2023,17202,1,2023:07:17 11:21:37,1
8685,3,September,2019,11766,1,2019:09:04 14:00:49,1
8686,2,September,2022,17782,1,2022:09:03 12:59:55,1
8687,3,September,2022,19817,1,2022:09:17 18:54:19,1
8688,5,June,2023,12027,1,2023:06:15 21:13:08,1
8689,1,October,2024,15762,1,2024:10:27 22:08:55,1
8690,2,July,2021,11808,1,2021:07:27 13:52:45,1
8691,2,July,2024,17611,1,2024:07:18 22:29:53,1
8692,2,November,2023,19745,1,2023:11:10 09:35:31,1
8693,4,May,2023,17730,1,2023:05:05 11:04:15,1
8694,5,December,2020,12939,1,2020:12:19 17:01:31,1
8695,5,February,2019,16964,1,2019:02:27 19:13:58,1
8696,5,August,2023,19973,1,2023:08:14 13:06:36,1
8697,5,May,2020,12686,1,2020:05:06 16:23:43,1
8698,3,December,2021,19197,1,2021:12:15 21:44:19,1
8699,2,May,2022,14740,1,2022:05:08 21:00:17,1
8700,1,June,2024,14205,1,2024:06:24 15:06:39,1
8701,5,February,2024,18814,1,2024:02:24 13:55:48,1
8702,2,April,2020,18906,1,2020:04:21 14:04:49,1
8703,3,May,2021,10214,1,2021:05:12 11:44:28,1
8704,2,January,2021,17532,1,2021:01:19 17:06:53,1
8705,4,June,2019,18076,1,2019:06:04 13:13:05,1
8706,5,November,2023,13118,1,2023:11:04 16:21:14,1
8707,5,July,2022,16936,1,2022:07:28 14:23:24,1
8708,4,November,2022,19162,1,2022:11:14 12:39:19,1
8709,3,August,2022,11149,1,2022:08:20 11:37:39,1
8710,1,July,2019,11818,1,2019:07:16 15:00:00,1
8711,4,November,2020,13311,1,2020:11:24 12:52:59,1
8712,1,September,2019,17545,1,2019:09:25 16:11:56,1
8713,1,November,2021,10236,1,2021:11:27 20:38:03,1
8714,3,March,2023,12856,1,2023:03:23 10:30:42,1
8715,5,August,2019,14565,1,2019:08:03 15:13:31,1
8716,3,December,2023,10020,1,2023:12:15 21:56:41,1
8717,1,June,2024,12304,1,2024:06:16 13:48:56,1
8718,4,April,2024,14133,1,2024:04:06 21:20:41,1
8719,5,August,2019,17659,1,2019:08:06 20:59:32,1
8720,5,March,2021,15821,1,2021:03:02 15:14:53,1
8721,5,July,2022,14441,1,2022:07:30 21:02:22,1
8722,1,May,2019,10814,1,2019:05:19 14:58:23,1
8723,1,January,2022,17223,1,2022:01:03 13:25:51,1
8724,2,October,2021,12442,1,2021:10:30 14:43:18,1
8725,2,September,2023,14135,1,2023:09:27 18:50:30,1
8726,3,May,2021,17514,1,2021:05:04 19:16:02,1
8727,2,July,2020,15399,1,2020:07:05 11:24:27,1
8728,5,April,2021,17716,1,2021:04:17 19:01:02,1
8729,3,December,2021,12806,1,2021:12:03 22:29:16,1
8730,5,September,2021,11015,1,2021:09:13 09:13:45,1
8731,5,February,2024,11513,1,2024:02:12 15:52:04,1
8732,4,January,2019,13255,1,2019:01:11 16:35:38,1
8733,2,July,2024,11837,1,2024:07:12 22:34:31,1
8734,4,June,2019,12130,1,2019:06:08 16:10:40,1
8735,2,November,2023,19655,1,2023:11:24 16:19:29,1
8736,4,June,2019,10542,1,2019:06:01 22:55:47,1
8737,1,October,2022,17054,1,2022:10:07 12:44:21,1
8738,1,September,2022,12416,1,2022:09:18 18:49:47,1
8739,3,December,2019,17002,1,2019:12:16 22:34:21,1
8740,2,May,2022,10691,1,2022:05:22 21:31:33,1
8741,3,February,2019,13376,1,2019:02:04 21:01:27,1
8742,3,February,2024,15067,1,2024:02:06 09:51:09,1
8743,2,October,2020,18691,1,2020:10:11 21:33:18,1
8744,4,July,2022,16612,1,2022:07:01 15:29:48,1
8745,1,May,2023,14503,1,2023:05:22 17:00:11,1
8746,2,July,2021,14742,1,2021:07:01 13:23:53,1
8747,4,September,2023,13915,1,2023:09:02 22:13:19,1
8748,1,June,2022,18304,1,2022:06:12 13:09:22,1
8749,2,April,2019,14859,1,2019:04:09 20:50:56,1
8750,4,December,2023,19525,1,2023:12:28 17:25:00,1
8751,1,March,2022,16315,1,2022:03:15 14:42:37,1
8752,4,July,2021,19279,1,2021:07:18 17:01:30,1
8753,1,June,2023,14124,1,2023:06:12 09:34:30,1
8754,4,April,2024,15764,1,2024:04:23 09:42:07,1
8755,4,October,2023,10379,1,2023:10:27 15:32:37,1
8756,2,January,2020,13514,1,2020:01:01 14:06:57,1
8757,3,July,2024,15676,1,2024:07:21 14:05:02,1
8758,3,September,2022,15468,1,2022:09:03 14:57:11,1
8759,5,April,2024,17054,1,2024:04:21 20:58:50,1
8760,1,February,2024,13528,1,2024:02:11 17:18:07,1
8761,4,April,2023,17275,1,2023:04:18 18:24:52,1
8762,4,November,2023,17000,1,2023:11:18 10:24:00,1
8763,4,August,2020,12262,1,2020:08:30 09:33:32,1
8764,1,August,2023,19465,1,2023:08:08 14:13:45,1
8765,5,November,2019,10476,1,2019:11:27 19:17:02,1
8766,2,October,2021,16230,1,2021:10:06 15:26:02,1
8767,5,April,2021,18389,1,2021:04:23 14:09:52,1
8768,5,March,2019,18296,1,2019:03:01 22:14:10,1
8769,3,March,2022,16368,1,2022:03:13 13:10:01,1
8770,5,July,2021,12294,1,2021:07:21 20:23:06,1
8771,1,September,2022,10447,1,2022:09:07 22:52:22,1
8772,5,January,2023,13409,1,2023:01:19 22:33:08,1
8773,5,June,2023,16483,1,2023:06:19 22:33:09,1
8774,3,September,2024,17005,1,2024:09:21 12:40:09,1
8775,3,April,2024,16685,1,2024:04:04 20:29:02,1
8776,5,December,2023,15464,1,2023:12:31 20:55:48,1
8777,1,July,2024,10829,1,2024:07:20 12:18:05,1
8778,4,September,2020,10310,1,2020:09:06 11:25:57,1
8779,2,July,2023,15735,1,2023:07:10 21:56:21,1
8780,1,November,2021,11675,1,2021:11:04 13:22:09,1
8781,4,January,2023,10148,1,2023:01:01 12:40:13,1
8782,1,September,2022,15597,1,2022:09:01 12:06:12,1
8783,5,February,2022,14433,1,2022:02:27 16:41:36,1
8784,2,April,2024,15515,1,2024:04:22 20:39:41,1
8785,1,March,2019,12828,1,2019:03:01 15:27:10,1
8786,1,March,2020,19254,1,2020:03:28 18:06:50,1
8787,3,March,2019,16711,1,2019:03:15 17:59:32,1
8788,5,July,2021,12492,1,2021:07:11 22:55:52,1
8789,5,December,2019,19101,1,2019:12:25 09:44:34,1
8790,4,August,2024,12661,1,2024:08:25 10:13:53,1
8791,3,June,2019,19887,1,2019:06:21 15:46:02,1
8792,3,October,2022,12343,1,2022:10:26 17:15:49,1
8793,3,July,2021,13477,1,2021:07:18 13:06:37,1
8794,3,February,2024,16103,1,2024:02:02 09:25:30,1
8795,5,February,2020,12236,1,2020:02:22 20:44:53,1
8796,3,March,2023,17576,1,2023:03:20 11:55:04,1
8797,1,August,2021,10939,1,2021:08:19 21:29:14,1
8798,1,September,2019,16805,1,2019:09:10 21:26:14,1
8799,4,February,2022,13146,1,2022:02:15 19:20:41,1
8800,3,June,2019,11076,1,2019:06:15 10:57:25,1
8801,3,January,2021,14244,1,2021:01:02 22:06:11,1
8802,2,April,2024,12837,1,2024:04:09 11:15:09,1
8803,2,December,2019,11431,1,2019:12:20 19:20:42,1
8804,4,December,2024,13031,1,2024:12:09 11:55:22,1
8805,3,July,2024,12628,1,2024:07:14 13:54:57,1
8806,5,September,2019,17558,1,2019:09:04 22:10:51,1
8807,5,October,2024,15473,1,2024:10:07 12:36:16,1
8808,3,March,2019,11955,1,2019:03:09 22:25:40,1
8809,2,April,2020,11263,1,2020:04:02 17:49:06,1
8810,2,April,2023,15394,1,2023:04:06 15:56:13,1
8811,1,January,2019,13075,1,2019:01:19 19:56:27,1
8812,3,December,2020,14284,1,2020:12:01 19:41:34,1
8813,3,August,2023,13577,1,2023:08:13 14:24:14,1
8814,5,March,2024,15071,1,2024:03:21 15:15:55,1
8815,1,November,2020,18091,1,2020:11:13 15:46:16,1
8816,2,June,2023,14480,1,2023:06:04 16:09:03,1
8817,3,September,2021,14352,1,2021:09:11 18:57:42,1
8818,1,March,2021,11341,1,2021:03:22 18:10:47,1
8819,1,March,2021,18961,1,2021:03:15 12:28:29,1
8820,4,July,2024,13999,1,2024:07:17 21:50:51,1
8821,1,May,2024,13889,1,2024:05:24 10:18:38,1
8822,5,December,2021,15894,1,2021:12:15 09:02:04,1
8823,2,July,2020,18513,1,2020:07:03 13:06:15,1
8824,2,September,2020,15109,1,2020:09:28 19:02:42,1
8825,2,July,2019,12518,1,2019:07:08 17:50:43,1
8826,3,January,2024,10662,1,2024:01:19 12:58:52,1
8827,3,August,2020,16171,1,2020:08:16 19:33:13,1
8828,1,May,2020,18610,1,2020:05:06 10:38:42,1
8829,1,November,2022,13217,1,2022:11:10 15:48:25,1
8830,5,November,2020,10220,1,2020:11:03 12:04:39,1
8831,4,November,2020,10731,1,2020:11:23 12:42:12,1
8832,5,December,2019,12044,1,2019:12:03 17:42:51,1
8833,5,November,2023,13201,1,2023:11:11 14:05:39,1
8834,1,August,2023,17382,1,2023:08:08 11:25:39,1
8835,4,August,2019,16631,1,2019:08:30 22:03:19,1
8836,1,March,2024,19610,1,2024:03:17 14:47:24,1
8837,1,November,2022,17745,1,2022:11:10 18:22:30,1
8838,5,November,2022,12060,1,2022:11:17 19:21:39,1
8839,4,May,2024,17349,1,2024:05:21 20:16:02,1
8840,1,October,2023,15106,1,2023:10:22 17:39:08,1
8841,5,September,2022,13777,1,2022:09:17 11:35:25,1
8842,1,August,2022,17916,1,2022:08:30 19:19:09,1
8843,4,August,2020,17909,1,2020:08:27 15:50:17,1
8844,1,January,2019,17655,1,2019:01:06 09:01:31,1
8845,2,December,2023,18715,1,2023:12:25 11:49:05,1
8846,4,June,2023,12579,1,2023:06:04 20:50:20,1
8847,4,November,2024,11380,1,2024:11:28 17:09:40,1
8848,3,November,2021,14244,1,2021:11:15 11:50:07,1
8849,1,July,2024,17263,1,2024:07:31 14:32:01,1
8850,5,August,2024,13297,1,2024:08:04 09:45:05,1
8851,3,January,2024,13843,1,2024:01:22 15:23:04,1
8852,1,February,2020,12724,1,2020:02:02 17:19:30,1
8853,2,March,2020,19814,1,2020:03:26 14:32:21,1
8854,1,July,2019,18629,1,2019:07:05 09:16:53,1
8855,3,April,2020,11836,1,2020:04:07 10:23:24,1
8856,3,May,2019,10790,1,2019:05:20 21:43:36,1
8857,4,April,2023,11677,1,2023:04:07 17:58:35,1
8858,1,June,2021,13385,1,2021:06:16 10:29:35,1
8859,1,January,2022,11460,1,2022:01:06 13:48:55,1
8860,1,May,2020,19457,1,2020:05:14 22:40:57,1
8861,3,January,2020,14713,1,2020:01:17 13:16:42,1
8862,5,January,2021,10265,1,2021:01:31 16:46:06,1
8863,3,August,2021,10862,1,2021:08:26 17:35:03,1
8864,1,January,2019,19159,1,2019:01:03 09:30:54,1
8865,1,May,2024,12990,1,2024:05:11 15:16:06,1
8866,3,August,2022,17580,1,2022:08:18 16:57:33,1
8867,1,March,2023,13732,1,2023:03:03 18:18:08,1
8868,5,September,2024,12605,1,2024:09:02 11:49:12,1
8869,1,July,2024,18008,1,2024:07:14 21:12:03,1
8870,4,October,2021,15179,1,2021:10:16 16:48:08,1
8871,3,May,2024,17429,1,2024:05:14 10:51:56,1
8872,1,February,2019,10285,1,2019:02:15 11:45:01,1
8873,1,June,2021,11355,1,2021:06:03 15:46:00,1
8874,4,July,2020,14720,1,2020:07:09 20:16:11,1
8875,1,March,2020,11228,1,2020:03:04 09:59:18,1
8876,5,March,2022,12254,1,2022:03:24 09:40:21,1
8877,2,September,2021,13692,1,2021:09:12 21:14:42,1
8878,1,November,2019,15911,1,2019:11:30 11:19:42,1
8879,4,March,2023,12102,1,2023:03:05 13:01:47,1
8880,2,May,2022,11870,1,2022:05:08 22:57:31,1
8881,1,June,2024,15589,1,2024:06:19 10:20:09,1
8882,1,March,2021,17449,1,2021:03:30 14:33:33,1
8883,3,April,2021,11502,1,2021:04:01 12:33:13,1
8884,2,December,2024,18092,1,2024:12:11 22:06:33,1
8885,4,May,2024,16839,1,2024:05:03 20:21:52,1
8886,5,December,2020,15917,1,2020:12:11 12:00:43,1
8887,4,February,2019,18221,1,2019:02:13 22:12:22,1
8888,5,December,2021,13527,1,2021:12:03 15:34:20,1
8889,2,January,2021,13849,1,2021:01:08 13:30:09,1
8890,2,April,2022,12317,1,2022:04:14 13:35:15,1
8891,2,March,2023,11817,1,2023:03:15 11:40:38,1
8892,4,December,2019,15075,1,2019:12:17 19:30:46,1
8893,1,August,2024,15905,1,2024:08:01 19:16:23,1
8894,3,October,2019,17833,1,2019:10:03 15:40:00,1
8895,1,September,2021,19831,1,2021:09:17 19:16:00,1
8896,5,June,2022,10076,1,2022:06:29 17:01:47,1
8897,5,May,2024,16035,1,2024:05:22 10:12:49,1
8898,4,June,2023,18702,1,2023:06:28 16:53:59,1
8899,2,November,2019,16532,1,2019:11:09 20:13:24,1
8900,2,May,2022,11908,1,2022:05:27 18:57:17,1
8901,1,November,2024,14204,1,2024:11:18 10:56:53,1
8902,2,May,2023,12709,1,2023:05:31 22:49:38,1
8903,2,November,2023,14884,1,2023:11:16 18:48:38,1
8904,1,December,2021,16157,1,2021:12:26 17:13:04,1
8905,1,October,2022,10049,1,2022:10:20 17:53:13,1
8906,3,January,2021,18913,1,2021:01:08 18:07:58,1
8907,5,March,2020,13942,1,2020:03:23 11:18:26,1
8908,1,August,2022,16421,1,2022:08:06 21:28:01,1
8909,2,October,2023,13610,1,2023:10:27 17:58:36,1
8910,4,July,2021,16437,1,2021:07:16 22:38:37,1
8911,3,August,2022,13673,1,2022:08:04 09:39:17,1
8912,5,March,2022,15745,1,2022:03:22 12:33:26,1
8913,2,November,2020,19916,1,2020:11:17 10:15:38,1
8914,4,May,2019,11151,1,2019:05:21 18:15:46,1
8915,4,February,2023,14094,1,2023:02:04 22:35:30,1
8916,5,August,2023,10899,1,2023:08:31 11:54:07,1
8917,1,June,2022,16024,1,2022:06:09 10:23:51,1
8918,5,September,2022,17120,1,2022:09:05 16:57:15,1
8919,5,May,2024,16076,1,2024:05:06 18:14:49,1
8920,2,December,2021,13822,1,2021:12:03 14:40:32,1
8921,1,November,2020,13536,1,2020:11:17 15:34:57,1
8922,3,November,2023,19680,1,2023:11:08 14:15:50,1
8923,3,April,2020,16539,1,2020:04:18 09:27:33,1
8924,3,July,2019,13650,1,2019:07:26 15:41:35,1
8925,1,August,2022,13264,1,2022:08:05 20:01:21,1
8926,4,August,2024,15421,1,2024:08:28 20:43:51,1
8927,5,October,2022,15643,1,2022:10:22 20:30:17,1
8928,4,February,2019,19732,1,2019:02:17 11:39:12,1
8929,5,May,2019,12305,1,2019:05:10 12:10:09,1
8930,1,August,2023,19916,1,2023:08:27 11:29:11,1
8931,5,August,2022,14072,1,2022:08:27 19:29:22,1
8932,4,August,2019,12100,1,2019:08:12 12:19:34,1
8933,2,March,2019,16570,1,2019:03:03 21:54:05,1
8934,5,August,2022,11839,1,2022:08:29 12:52:41,1
8935,1,September,2024,15527,1,2024:09:11 15:09:08,1
8936,2,November,2024,17412,1,2024:11:30 21:34:43,1
8937,2,November,2020,10687,1,2020:11:24 09:55:21,1
8938,5,September,2019,14498,1,2019:09:20 14:12:02,1
8939,2,August,2019,11003,1,2019:08:24 10:08:50,1
8940,2,November,2021,14429,1,2021:11:04 15:53:33,1
8941,3,September,2022,14912,1,2022:09:23 16:56:46,1
8942,4,July,2020,15653,1,2020:07:29 17:20:39,1
8943,1,May,2023,19859,1,2023:05:12 10:41:39,1
8944,5,February,2023,12728,1,2023:02:27 16:34:53,1
8945,2,September,2023,17741,1,2023:09:23 13:28:15,1
8946,4,May,2022,17370,1,2022:05:16 12:03:28,1
8947,1,February,2021,19550,1,2021:02:20 17:14:51,1
8948,2,November,2019,14749,1,2019:11:18 18:56:53,1
8949,3,June,2024,13359,1,2024:06:24 19:24:02,1
8950,1,January,2022,14967,1,2022:01:14 10:09:19,1
8951,2,January,2022,17161,1,2022:01:02 21:49:38,1
8952,4,January,2022,10316,1,2022:01:25 13:43:44,1
8953,1,May,2020,15940,1,2020:05:29 22:52:35,1
8954,1,September,2024,19452,1,2024:09:02 11:29:22,1
8955,4,June,2024,18183,1,2024:06:05 21:32:09,1
8956,5,September,2021,15915,1,2021:09:22 12:02:52,1
8957,4,April,2023,18013,1,2023:04:21 16:31:48,1
8958,3,June,2023,11488,1,2023:06:03 18:07:39,1
8959,1,August,2020,12493,1,2020:08:06 09:15:21,1
8960,1,January,2024,10761,1,2024:01:13 16:39:09,1
8961,3,January,2021,13254,1,2021:01:31 19:57:04,1
8962,2,February,2022,10347,1,2022:02:08 15:41:38,1
8963,2,October,2019,19244,1,2019:10:25 17:17:38,1
8964,4,November,2024,12936,1,2024:11:17 12:58:07,1
8965,4,December,2024,11699,1,2024:12:02 21:17:31,1
8966,4,March,2020,13191,1,2020:03:04 16:15:35,1
8967,2,June,2020,17917,1,2020:06:20 21:42:51,1
8968,2,December,2021,19401,1,2021:12:12 12:20:29,1
8969,3,April,2024,17347,1,2024:04:08 10:20:40,1
8970,5,February,2021,13639,1,2021:02:18 12:23:11,1
8971,2,June,2023,11557,1,2023:06:14 13:29:50,1
8972,1,March,2023,17481,1,2023:03:20 14:48:57,1
8973,3,May,2022,18029,1,2022:05:19 22:40:30,1
8974,4,October,2022,11449,1,2022:10:21 13:48:10,1
8975,3,December,2023,16343,1,2023:12:10 18:07:52,1
8976,4,April,2021,18467,1,2021:04:18 12:26:31,1
8977,1,November,2020,17565,1,2020:11:30 14:29:32,1
8978,1,June,2019,13217,1,2019:06:03 21:58:23,1
8979,2,May,2019,13079,1,2019:05:07 20:18:10,1
8980,2,November,2020,15666,1,2020:11:19 16:53:07,1
8981,5,May,2023,13892,1,2023:05:14 20:32:41,1
8982,1,December,2022,14141,1,2022:12:20 11:05:22,1
8983,1,March,2024,15195,1,2024:03:02 20:15:21,1
8984,5,February,2023,12098,1,2023:02:17 10:47:18,1
8985,4,October,2019,17452,1,2019:10:22 13:05:54,1
8986,4,June,2022,15863,1,2022:06:30 10:16:52,1
8987,3,November,2022,11331,1,2022:11:13 16:38:36,1
8988,4,February,2022,12458,1,2022:02:19 09:38:03,1
8989,5,October,2021,14293,1,2021:10:02 13:24:32,1
8990,5,December,2021,19038,1,2021:12:28 20:27:57,1
8991,1,November,2024,16383,1,2024:11:16 21:42:28,1
8992,5,March,2020,13869,1,2020:03:30 15:32:45,1
8993,1,September,2023,15788,1,2023:09:23 12:49:02,1
8994,2,July,2021,19382,1,2021:07:19 18:35:12,1
8995,4,August,2023,15041,1,2023:08:14 18:54:47,1
8996,5,March,2024,17444,1,2024:03:30 19:33:18,1
8997,4,June,2021,12068,1,2021:06:18 14:46:41,1
8998,2,February,2021,17431,1,2021:02:27 09:15:35,1
8999,3,February,2023,18146,1,2023:02:16 16:00:24,1
9000,2,March,2019,19710,1,2019:03:05 20:11:19,1
9001,5,October,2020,11891,1,2020:10:11 12:53:04,1
9002,2,September,2019,15767,1,2019:09:01 22:08:27,1
9003,3,October,2024,18269,1,2024:10:12 11:45:38,1
9004,4,May,2020,19645,1,2020:05:15 13:54:54,1
9005,4,April,2020,14344,1,2020:04:20 21:04:20,1
9006,3,December,2020,10608,1,2020:12:08 19:14:31,1
9007,4,June,2019,10541,1,2019:06:18 18:17:07,1
9008,2,April,2024,10433,1,2024:04:11 20:15:43,1
9009,4,January,2020,16168,1,2020:01:31 12:30:04,1
9010,2,November,2024,10134,1,2024:11:30 13:47:12,1
9011,5,January,2022,13720,1,2022:01:29 10:02:37,1
9012,1,September,2021,12372,1,2021:09:28 21:12:06,1
9013,3,January,2021,18812,1,2021:01:19 12:12:58,1
9014,3,August,2022,17292,1,2022:08:09 12:52:26,1
9015,2,March,2024,16426,1,2024:03:24 09:50:15,1
9016,3,October,2023,16962,1,2023:10:17 19:42:52,1
9017,1,December,2020,15358,1,2020:12:30 12:46:18,1
9018,5,August,2024,13435,1,2024:08:14 18:12:43,1
9019,4,April,2024,10408,1,2024:04:20 12:24:45,1
9020,3,February,2019,10863,1,2019:02:09 10:33:04,1
9021,4,February,2021,16936,1,2021:02:05 10:56:24,1
9022,2,August,2024,18564,1,2024:08:14 10:47:28,1
9023,2,October,2020,15607,1,2020:10:30 21:27:52,1
9024,5,November,2020,17925,1,2020:11:17 18:12:46,1
9025,5,August,2020,16219,1,2020:08:31 12:17:39,1
9026,1,February,2024,17313,1,2024:02:06 13:53:01,1
9027,3,March,2024,16562,1,2024:03:21 20:22:29,1
9028,5,December,2020,19388,1,2020:12:03 13:48:28,1
9029,2,May,2019,16930,1,2019:05:12 13:16:00,1
9030,1,December,2021,10601,1,2021:12:14 09:19:54,1
9031,5,December,2021,13866,1,2021:12:05 18:50:29,1
9032,1,December,2020,17400,1,2020:12:01 21:24:37,1
9033,4,April,2020,19790,1,2020:04:16 09:12:39,1
9034,3,February,2021,12591,1,2021:02:26 22:14:56,1
9035,2,October,2024,11432,1,2024:10:09 12:03:00,1
9036,3,June,2020,19280,1,2020:06:28 13:48:15,1
9037,4,November,2020,10930,1,2020:11:23 19:42:40,1
9038,5,March,2022,16084,1,2022:03:17 09:04:13,1
9039,2,July,2024,14293,1,2024:07:17 13:51:37,1
9040,5,September,2023,16956,1,2023:09:17 15:35:36,1
9041,2,March,2023,18510,1,2023:03:23 21:44:18,1
9042,2,November,2023,11768,1,2023:11:06 17:20:01,1
9043,4,January,2023,18528,1,2023:01:21 10:07:30,1
9044,4,February,2021,11813,1,2021:02:01 13:50:56,1
9045,5,July,2024,15130,1,2024:07:31 19:50:29,1
9046,4,November,2023,11448,1,2023:11:29 14:57:34,1
9047,2,March,2023,11023,1,2023:03:04 10:40:09,1
9048,5,May,2020,18180,1,2020:05:24 19:09:52,1
9049,5,June,2019,17390,1,2019:06:17 09:07:47,1
9050,3,July,2023,18083,1,2023:07:21 13:36:21,1
9051,4,February,2020,12563,1,2020:02:04 16:56:20,1
9052,4,June,2024,19542,1,2024:06:12 11:26:31,1
9053,5,July,2021,17539,1,2021:07:20 19:43:45,1
9054,5,July,2021,19272,1,2021:07:29 11:16:24,1
9055,5,January,2019,10800,1,2019:01:29 14:40:28,1
9056,5,June,2019,13569,1,2019:06:14 22:37:48,1
9057,1,September,2022,19670,1,2022:09:05 13:22:24,1
9058,2,October,2024,13104,1,2024:10:02 14:06:46,1
9059,4,April,2024,15014,1,2024:04:13 14:30:43,1
9060,5,July,2023,17111,1,2023:07:08 09:34:11,1
9061,2,June,2021,17707,1,2021:06:17 22:01:14,1
9062,2,July,2020,12053,1,2020:07:12 12:36:26,1
9063,3,February,2021,18836,1,2021:02:16 16:37:05,1
9064,4,May,2024,12772,1,2024:05:16 14:00:01,1
9065,3,January,2022,11655,1,2022:01:26 22:32:00,1
9066,3,August,2020,10426,1,2020:08:15 10:30:01,1
9067,5,May,2021,15673,1,2021:05:11 17:18:51,1
9068,1,October,2019,18638,1,2019:10:13 17:04:00,1
9069,5,April,2024,15443,1,2024:04:15 09:34:13,1
9070,4,August,2020,12835,1,2020:08:08 17:48:27,1
9071,2,January,2022,17000,1,2022:01:02 09:01:30,1
9072,1,March,2022,16745,1,2022:03:13 15:35:52,1
9073,5,July,2023,14056,1,2023:07:25 15:44:58,1
9074,1,February,2019,13464,1,2019:02:25 21:10:16,1
9075,1,April,2022,10611,1,2022:04:07 16:39:14,1
9076,5,September,2020,14995,1,2020:09:13 19:17:11,1
9077,1,November,2020,13258,1,2020:11:29 14:07:30,1
9078,5,September,2022,15119,1,2022:09:19 10:58:30,1
9079,5,September,2022,19517,1,2022:09:24 22:10:13,1
9080,3,July,2023,16191,1,2023:07:06 22:56:14,1
9081,2,May,2019,17701,1,2019:05:12 09:48:24,1
9082,5,April,2024,11494,1,2024:04:18 11:25:22,1
9083,1,September,2022,15693,1,2022:09:15 15:41:14,1
9084,3,December,2019,16498,1,2019:12:03 09:25:50,1
9085,5,August,2020,17139,1,2020:08:29 16:29:48,1
9086,2,February,2020,15679,1,2020:02:23 22:53:36,1
9087,1,June,2022,13791,1,2022:06:12 15:52:05,1
9088,2,November,2023,18754,1,2023:11:14 15:11:45,1
9089,1,January,2023,14113,1,2023:01:02 09:01:40,1
9090,4,October,2021,10361,1,2021:10:05 22:00:05,1
9091,5,May,2020,16242,1,2020:05:05 18:18:03,1
9092,2,February,2021,13501,1,2021:02:01 21:09:30,1
9093,2,May,2023,16224,1,2023:05:31 14:19:16,1
9094,5,August,2021,18253,1,2021:08:05 12:31:22,1
9095,1,July,2024,10132,1,2024:07:29 17:06:31,1
9096,1,May,2020,16862,1,2020:05:14 12:47:19,1
9097,1,March,2022,13008,1,2022:03:30 22:13:46,1
9098,1,October,2020,14842,1,2020:10:30 10:16:12,1
9099,5,October,2024,19355,1,2024:10:04 14:28:55,1
9100,4,February,2022,11936,1,2022:02:21 20:06:06,1
9101,3,November,2024,11767,1,2024:11:23 18:55:51,1
9102,2,December,2020,12383,1,2020:12:12 11:53:15,1
9103,4,February,2022,14479,1,2022:02:09 14:03:20,1
9104,4,October,2021,12705,1,2021:10:01 17:40:50,1
9105,1,July,2020,13144,1,2020:07:25 20:46:28,1
9106,4,March,2023,19527,1,2023:03:30 12:24:40,1
9107,3,September,2024,18545,1,2024:09:26 19:46:04,1
9108,2,August,2019,12138,1,2019:08:08 17:14:46,1
9109,3,April,2020,15652,1,2020:04:30 12:01:03,1
9110,1,February,2024,10443,1,2024:02:02 20:23:51,1
9111,5,September,2022,13780,1,2022:09:04 17:51:21,1
9112,1,February,2020,10391,1,2020:02:26 13:42:46,1
9113,2,September,2023,16814,1,2023:09:25 17:17:38,1
9114,1,June,2023,13063,1,2023:06:22 09:01:42,1
9115,1,November,2019,12976,1,2019:11:06 09:42:15,1
9116,5,September,2024,12724,1,2024:09:15 17:39:00,1
9117,2,November,2020,15499,1,2020:11:01 18:32:52,1
9118,3,July,2023,11186,1,2023:07:12 17:59:45,1
9119,4,October,2023,18181,1,2023:10:24 17:30:40,1
9120,1,January,2022,15211,1,2022:01:03 10:02:30,1
9121,3,February,2019,12605,1,2019:02:12 10:23:10,1
9122,5,August,2024,15864,1,2024:08:25 11:10:52,1
9123,3,September,2022,16877,1,2022:09:12 19:18:04,1
9124,5,March,2020,10498,1,2020:03:20 22:20:06,1
9125,5,May,2020,10101,1,2020:05:12 14:24:24,1
9126,2,May,2021,11784,1,2021:05:14 11:58:21,1
9127,1,March,2020,12290,1,2020:03:26 11:14:12,1
9128,2,June,2022,15875,1,2022:06:01 11:25:38,1
9129,5,September,2020,14820,1,2020:09:14 19:44:56,1
9130,4,September,2022,12761,1,2022:09:18 16:05:20,1
9131,5,April,2024,17913,1,2024:04:19 13:18:30,1
9132,4,October,2023,11511,1,2023:10:04 12:06:34,1
9133,3,May,2024,15730,1,2024:05:25 17:33:26,1
9134,1,August,2023,14497,1,2023:08:17 16:48:08,1
9135,2,November,2019,19359,1,2019:11:02 20:06:08,1
9136,4,January,2021,14353,1,2021:01:02 17:35:05,1
9137,3,June,2022,14415,1,2022:06:13 14:21:14,1
9138,3,June,2023,11046,1,2023:06:16 14:29:30,1
9139,3,September,2021,10986,1,2021:09:23 15:51:21,1
9140,5,November,2020,13677,1,2020:11:11 17:14:16,1
9141,4,June,2023,11259,1,2023:06:21 13:45:00,1
9142,1,January,2022,12797,1,2022:01:26 22:32:35,1
9143,1,October,2022,11499,1,2022:10:23 13:30:59,1
9144,3,October,2024,14597,1,2024:10:23 15:17:21,1
9145,5,May,2020,18280,1,2020:05:07 21:10:16,1
9146,3,February,2024,15005,1,2024:02:22 11:00:47,1
9147,1,August,2021,15529,1,2021:08:21 10:28:25,1
9148,4,December,2022,11500,1,2022:12:22 16:35:23,1
9149,2,December,2023,14932,1,2023:12:21 10:15:59,1
9150,4,January,2023,18003,1,2023:01:19 13:08:17,1
9151,2,October,2023,19696,1,2023:10:28 16:27:27,1
9152,2,October,2023,16498,1,2023:10:13 10:45:53,1
9153,3,January,2021,16768,1,2021:01:19 15:26:10,1
9154,3,February,2021,12744,1,2021:02:03 13:14:32,1
9155,3,September,2019,17715,1,2019:09:22 16:06:07,1
9156,5,February,2024,12012,1,2024:02:11 19:57:25,1
9157,2,June,2019,17980,1,2019:06:04 21:29:20,1
9158,2,December,2024,19684,1,2024:12:21 16:29:42,1
9159,2,January,2019,17570,1,2019:01:28 11:02:11,1
9160,4,March,2024,13903,1,2024:03:16 10:36:42,1
9161,3,November,2021,15981,1,2021:11:30 22:51:47,1
9162,4,March,2024,13673,1,2024:03:12 19:50:53,1
9163,4,January,2019,13022,1,2019:01:20 17:18:38,1
9164,3,January,2024,15163,1,2024:01:23 14:22:28,1
9165,3,November,2024,13261,1,2024:11:07 18:42:07,1
9166,4,August,2023,13178,1,2023:08:27 13:29:53,1
9167,4,June,2023,10951,1,2023:06:09 09:04:09,1
9168,2,March,2024,14667,1,2024:03:19 15:47:15,1
9169,1,April,2024,19539,1,2024:04:22 12:53:08,1
9170,1,January,2023,10003,1,2023:01:05 11:19:27,1
9171,3,April,2024,16784,1,2024:04:26 15:01:03,1
9172,2,May,2022,18614,1,2022:05:29 10:23:49,1
9173,5,December,2024,15629,1,2024:12:29 11:49:36,1
9174,4,June,2021,16832,1,2021:06:04 09:05:24,1
9175,5,April,2021,18166,1,2021:04:01 10:54:59,1
9176,1,November,2022,16830,1,2022:11:23 21:53:52,1
9177,4,November,2019,16983,1,2019:11:21 19:00:53,1
9178,1,May,2024,10429,1,2024:05:02 10:52:10,1
9179,4,October,2020,12364,1,2020:10:05 21:51:10,1
9180,2,March,2020,19089,1,2020:03:04 19:36:38,1
9181,1,November,2023,14122,1,2023:11:29 17:35:35,1
9182,2,October,2024,16766,1,2024:10:22 11:59:30,1
9183,1,February,2024,13188,1,2024:02:27 17:05:05,1
9184,2,November,2020,15677,1,2020:11:17 20:47:45,1
9185,5,August,2019,16679,1,2019:08:07 16:32:36,1
9186,4,March,2023,10363,1,2023:03:24 17:30:49,1
9187,5,September,2024,19842,1,2024:09:21 11:49:35,1
9188,3,November,2024,18062,1,2024:11:13 15:01:18,1
9189,4,November,2023,18331,1,2023:11:07 15:19:39,1
9190,2,July,2022,10931,1,2022:07:06 11:50:53,1
9191,1,July,2021,19339,1,2021:07:16 13:28:26,1
9192,3,April,2024,10926,1,2024:04:03 20:55:56,1
9193,1,April,2023,18808,1,2023:04:26 11:59:28,1
9194,4,January,2021,14706,1,2021:01:17 13:21:20,1
9195,3,May,2022,18459,1,2022:05:25 16:06:30,1
9196,4,August,2022,19058,1,2022:08:19 14:22:09,1
9197,5,October,2023,10795,1,2023:10:28 10:18:20,1
9198,4,September,2022,10184,1,2022:09:23 10:08:58,1
9199,2,January,2022,16545,1,2022:01:24 11:02:58,1
9200,4,May,2023,11615,1,2023:05:16 09:36:13,1
9201,4,July,2020,16752,1,2020:07:31 11:30:15,1
9202,3,November,2020,15577,1,2020:11:15 16:13:36,1
9203,1,December,2022,11453,1,2022:12:30 14:13:05,1
9204,1,February,2024,19092,1,2024:02:25 19:58:00,1
9205,5,April,2023,15373,1,2023:04:30 09:12:45,1
9206,1,October,2020,12419,1,2020:10:24 22:23:29,1
9207,2,February,2022,12084,1,2022:02:02 09:18:06,1
9208,2,October,2020,17396,1,2020:10:28 18:16:21,1
9209,5,February,2023,13367,1,2023:02:25 15:58:01,1
9210,5,September,2021,15862,1,2021:09:22 09:59:17,1
9211,3,February,2022,15818,1,2022:02:25 13:05:31,1
9212,2,August,2023,17942,1,2023:08:15 14:06:38,1
9213,3,June,2019,19039,1,2019:06:16 10:45:52,1
9214,4,August,2023,16195,1,2023:08:13 22:50:13,1
9215,4,March,2022,19424,1,2022:03:08 10:41:37,1
9216,2,January,2023,18339,1,2023:01:05 17:42:59,1
9217,1,November,2024,11880,1,2024:11:23 18:51:18,1
9218,1,August,2023,11159,1,2023:08:12 22:00:43,1
9219,1,March,2019,18194,1,2019:03:29 21:49:37,1
9220,2,September,2022,16879,1,2022:09:29 19:13:34,1
9221,1,September,2023,15538,1,2023:09:21 14:31:03,1
9222,4,October,2024,17610,1,2024:10:20 22:10:40,1
9223,5,September,2020,13326,1,2020:09:01 18:50:19,1
9224,4,May,2021,11019,1,2021:05:12 18:05:12,1
9225,3,June,2023,19177,1,2023:06:04 17:03:02,1
9226,1,December,2019,18600,1,2019:12:19 10:34:45,1
9227,2,March,2024,15422,1,2024:03:23 09:25:54,1
9228,1,October,2021,16977,1,2021:10:26 22:14:01,1
9229,1,June,2021,14954,1,2021:06:29 14:34:52,1
9230,5,November,2023,15663,1,2023:11:19 10:32:08,1
9231,2,April,2024,17990,1,2024:04:08 21:23:42,1
9232,5,September,2023,19105,1,2023:09:23 10:09:08,1
9233,1,December,2021,12728,1,2021:12:28 17:58:40,1
9234,1,December,2024,19235,1,2024:12:31 21:32:26,1
9235,2,May,2020,11360,1,2020:05:22 10:26:02,1
9236,3,January,2023,13176,1,2023:01:14 09:55:53,1
9237,5,March,2020,12666,1,2020:03:02 15:29:45,1
9238,2,October,2022,12360,1,2022:10:05 15:07:29,1
9239,5,June,2021,13587,1,2021:06:05 18:32:50,1
9240,1,February,2022,13017,1,2022:02:28 16:50:57,1
9241,4,August,2023,16164,1,2023:08:17 16:35:17,1
9242,2,September,2019,12274,1,2019:09:04 11:26:48,1
9243,5,December,2019,12347,1,2019:12:22 22:54:27,1
9244,5,January,2021,11248,1,2021:01:03 15:57:19,1
9245,4,January,2022,10930,1,2022:01:11 22:24:09,1
9246,3,May,2023,17411,1,2023:05:28 10:57:03,1
9247,2,December,2021,19249,1,2021:12:02 15:36:30,1
9248,1,November,2023,19277,1,2023:11:30 14:31:29,1
9249,5,October,2024,17181,1,2024:10:20 20:05:24,1
9250,5,December,2021,12906,1,2021:12:25 22:46:05,1
9251,5,November,2020,17115,1,2020:11:12 09:18:14,1
9252,3,February,2023,15604,1,2023:02:02 22:47:57,1
9253,2,August,2019,14941,1,2019:08:24 11:20:02,1
9254,3,December,2024,12069,1,2024:12:30 11:23:13,1
9255,2,November,2022,13398,1,2022:11:06 18:36:35,1
9256,5,November,2024,16961,1,2024:11:27 11:14:57,1
9257,5,July,2022,18642,1,2022:07:06 19:12:03,1
9258,1,January,2022,16781,1,2022:01:18 16:45:03,1
9259,4,February,2019,10745,1,2019:02:07 09:31:13,1
9260,4,July,2019,19051,1,2019:07:04 11:09:12,1
9261,2,April,2021,14876,1,2021:04:03 11:56:59,1
9262,3,August,2019,16573,1,2019:08:08 12:12:50,1
9263,2,February,2021,17673,1,2021:02:12 14:45:47,1
9264,2,January,2021,15196,1,2021:01:10 14:13:20,1
9265,3,September,2024,11532,1,2024:09:16 11:27:04,1
9266,4,February,2019,14352,1,2019:02:07 15:45:05,1
9267,1,May,2021,13661,1,2021:05:03 17:54:45,1
9268,5,September,2020,15897,1,2020:09:03 20:40:30,1
9269,1,October,2021,14974,1,2021:10:25 11:44:13,1
9270,1,July,2024,13151,1,2024:07:10 10:28:23,1
9271,4,June,2020,12953,1,2020:06:12 17:45:52,1
9272,1,January,2019,13655,1,2019:01:13 17:59:19,1
9273,3,May,2023,19163,1,2023:05:26 10:27:21,1
9274,5,February,2023,14744,1,2023:02:22 16:58:16,1
9275,1,May,2019,10066,1,2019:05:04 12:40:03,1
9276,4,December,2020,16909,1,2020:12:21 17:45:23,1
9277,5,July,2021,16546,1,2021:07:02 11:40:57,1
9278,5,July,2021,12832,1,2021:07:07 20:37:48,1
9279,4,November,2022,15729,1,2022:11:09 22:44:57,1
9280,5,May,2021,18439,1,2021:05:10 20:31:20,1
9281,2,April,2022,19749,1,2022:04:05 22:07:49,1
9282,2,September,2022,13883,1,2022:09:15 19:45:39,1
9283,2,June,2022,18849,1,2022:06:01 10:37:10,1
9284,4,April,2023,10320,1,2023:04:18 11:35:35,1
9285,2,February,2019,15168,1,2019:02:04 14:42:21,1
9286,5,June,2020,11548,1,2020:06:15 17:00:29,1
9287,5,July,2022,13496,1,2022:07:18 13:06:56,1
9288,3,January,2022,18525,1,2022:01:12 14:57:02,1
9289,3,July,2022,16888,1,2022:07:03 20:30:21,1
9290,5,July,2021,14399,1,2021:07:30 17:47:29,1
9291,3,July,2024,19805,1,2024:07:03 17:20:03,1
9292,5,April,2024,18078,1,2024:04:22 18:22:21,1
9293,4,February,2022,17855,1,2022:02:05 17:17:10,1
9294,3,December,2021,11360,1,2021:12:09 13:36:54,1
9295,3,April,2024,19490,1,2024:04:14 17:23:56,1
9296,4,December,2019,17222,1,2019:12:31 21:27:55,1
9297,2,January,2020,12309,1,2020:01:02 11:51:49,1
9298,1,November,2023,16715,1,2023:11:12 19:15:39,1
9299,1,February,2024,19231,1,2024:02:12 16:06:45,1
9300,2,March,2020,12801,1,2020:03:09 13:55:27,1
9301,1,March,2019,16252,1,2019:03:28 09:42:49,1
9302,5,August,2019,15439,1,2019:08:25 15:40:56,1
9303,3,August,2022,16976,1,2022:08:06 19:40:38,1
9304,4,January,2020,19135,1,2020:01:20 20:34:04,1
9305,4,March,2022,19333,1,2022:03:05 11:13:37,1
9306,1,April,2022,15117,1,2022:04:27 20:10:28,1
9307,1,July,2019,14589,1,2019:07:22 09:23:02,1
9308,4,October,2022,14160,1,2022:10:14 16:47:09,1
9309,2,March,2023,18184,1,2023:03:30 13:38:23,1
9310,2,February,2019,15134,1,2019:02:18 22:44:58,1
9311,4,September,2024,19289,1,2024:09:18 09:45:23,1
9312,1,August,2019,13385,1,2019:08:25 17:36:36,1
9313,3,July,2024,16512,1,2024:07:28 13:49:29,1
9314,5,March,2022,14159,1,2022:03:04 14:08:52,1
9315,1,February,2021,11280,1,2021:02:11 21:11:39,1
9316,1,October,2021,12365,1,2021:10:30 12:06:49,1
9317,3,August,2021,10424,1,2021:08:22 18:32:49,1
9318,3,December,2024,11311,1,2024:12:12 13:14:43,1
9319,1,September,2021,11332,1,2021:09:30 09:02:38,1
9320,3,April,2024,19176,1,2024:04:21 22:21:41,1
9321,4,August,2019,17377,1,2019:08:10 20:29:43,1
9322,3,June,2023,12011,1,2023:06:09 19:03:01,1
9323,4,November,2022,18383,1,2022:11:12 16:46:04,1
9324,3,July,2019,19813,1,2019:07:25 19:56:16,1
9325,3,January,2021,14392,1,2021:01:30 14:32:06,1
9326,5,November,2019,14876,1,2019:11:07 21:44:54,1
9327,4,October,2020,16569,1,2020:10:31 14:35:17,1
9328,4,August,2022,12325,1,2022:08:01 20:35:49,1
9329,4,February,2021,11483,1,2021:02:22 20:41:38,1
9330,1,October,2024,16722,1,2024:10:04 19:13:55,1
9331,2,October,2020,15425,1,2020:10:29 21:44:48,1
9332,5,November,2023,10671,1,2023:11:09 21:02:21,1
9333,2,December,2023,14852,1,2023:12:31 09:57:04,1
9334,2,July,2022,10016,1,2022:07:24 16:02:12,1
9335,5,December,2020,10122,1,2020:12:24 17:39:20,1
9336,2,January,2024,18092,1,2024:01:21 21:57:54,1
9337,1,July,2022,15099,1,2022:07:10 09:19:46,1
9338,5,December,2019,16795,1,2019:12:24 19:14:59,1
9339,1,December,2021,16077,1,2021:12:04 19:23:47,1
9340,4,December,2024,12552,1,2024:12:07 14:39:10,1
9341,1,June,2022,18103,1,2022:06:06 18:07:50,1
9342,3,July,2021,18186,1,2021:07:13 16:52:12,1
9343,5,June,2022,11772,1,2022:06:05 15:38:10,1
9344,2,February,2020,14036,1,2020:02:17 18:17:27,1
9345,5,April,2024,13787,1,2024:04:13 09:59:51,1
9346,4,February,2019,19149,1,2019:02:14 18:01:27,1
9347,2,October,2021,17028,1,2021:10:17 11:49:38,1
9348,4,January,2024,11365,1,2024:01:16 14:59:50,1
9349,2,January,2021,13602,1,2021:01:26 22:47:34,1
9350,1,March,2024,13921,1,2024:03:06 12:08:14,1
9351,3,January,2021,16751,1,2021:01:16 11:42:40,1
9352,1,April,2024,18074,1,2024:04:26 13:28:38,1
9353,3,January,2022,16493,1,2022:01:17 22:15:07,1
9354,1,July,2024,15582,1,2024:07:06 10:01:41,1
9355,4,May,2021,13728,1,2021:05:20 11:22:18,1
9356,2,November,2019,17083,1,2019:11:14 14:30:12,1
9357,1,October,2020,16664,1,2020:10:10 12:25:46,1
9358,3,March,2022,15356,1,2022:03:06 22:44:37,1
9359,4,May,2022,17875,1,2022:05:20 14:02:57,1
9360,1,July,2019,11705,1,2019:07:05 11:24:42,1
9361,4,June,2019,15218,1,2019:06:15 15:26:44,1
9362,3,October,2019,18475,1,2019:10:09 17:13:53,1
9363,2,August,2024,14736,1,2024:08:20 09:49:28,1
9364,2,March,2024,13476,1,2024:03:14 13:00:47,1
9365,2,August,2022,14365,1,2022:08:27 11:54:54,1
9366,3,November,2020,12041,1,2020:11:12 12:34:14,1
9367,1,November,2022,15373,1,2022:11:25 22:51:20,1
9368,5,July,2019,16837,1,2019:07:27 22:08:31,1
9369,5,May,2023,11850,1,2023:05:23 13:20:36,1
9370,5,August,2022,14450,1,2022:08:02 15:45:00,1
9371,2,October,2024,10375,1,2024:10:03 22:43:28,1
9372,4,January,2023,17266,1,2023:01:03 12:42:48,1
9373,5,January,2021,15023,1,2021:01:07 15:37:10,1
9374,4,May,2021,16301,1,2021:05:02 21:17:24,1
9375,1,December,2022,18675,1,2022:12:22 10:27:56,1
9376,2,May,2022,13581,1,2022:05:07 13:22:07,1
9377,5,January,2021,11626,1,2021:01:26 13:38:07,1
9378,1,January,2020,19681,1,2020:01:01 10:40:45,1
9379,4,February,2021,16801,1,2021:02:10 12:06:53,1
9380,1,May,2022,13731,1,2022:05:28 12:43:25,1
9381,1,February,2022,14327,1,2022:02:05 13:49:31,1
9382,2,April,2022,15941,1,2022:04:27 22:14:44,1
9383,2,August,2022,13225,1,2022:08:14 13:18:59,1
9384,4,March,2023,12929,1,2023:03:20 10:09:33,1
9385,4,December,2022,15822,1,2022:12:24 19:55:56,1
9386,2,December,2021,16919,1,2021:12:16 09:07:42,1
9387,2,July,2024,17672,1,2024:07:20 09:56:30,1
9388,1,November,2023,15694,1,2023:11:09 15:14:03,1
9389,4,February,2019,11997,1,2019:02:14 15:15:05,1
9390,5,January,2024,17678,1,2024:01:06 16:20:28,1
9391,5,January,2019,11445,1,2019:01:08 10:52:18,1
9392,4,February,2024,13454,1,2024:02:29 14:06:58,1
9393,3,August,2024,14666,1,2024:08:20 20:26:10,1
9394,2,March,2024,12101,1,2024:03:29 18:34:02,1
9395,5,August,2022,10989,1,2022:08:11 10:27:54,1
9396,5,January,2023,15959,1,2023:01:30 10:36:02,1
9397,2,October,2023,14730,1,2023:10:25 15:42:41,1
9398,5,February,2021,13070,1,2021:02:03 16:25:51,1
9399,1,June,2020,13443,1,2020:06:08 12:52:16,1
9400,1,June,2021,12432,1,2021:06:29 12:15:14,1
9401,1,March,2021,18271,1,2021:03:01 18:43:23,1
9402,4,December,2020,11008,1,2020:12:08 21:53:05,1
9403,3,February,2023,15157,1,2023:02:07 14:21:34,1
9404,2,March,2024,10529,1,2024:03:30 18:26:39,1
9405,1,February,2021,11280,1,2021:02:24 10:10:14,1
9406,1,October,2024,16487,1,2024:10:30 16:50:01,1
9407,1,April,2022,19953,1,2022:04:19 16:36:47,1
9408,1,December,2023,15995,1,2023:12:15 22:26:16,1
9409,2,May,2022,10518,1,2022:05:15 15:21:41,1
9410,5,May,2024,13855,1,2024:05:28 19:42:59,1
9411,5,April,2021,19977,1,2021:04:24 21:32:52,1
9412,3,October,2020,17462,1,2020:10:17 20:59:01,1
9413,1,October,2022,14524,1,2022:10:17 12:58:26,1
9414,2,December,2023,16793,1,2023:12:07 18:36:22,1
9415,4,July,2021,15497,1,2021:07:29 12:02:21,1
9416,5,June,2022,11040,1,2022:06:23 10:05:01,1
9417,4,August,2024,15767,1,2024:08:01 21:23:17,1
9418,3,November,2023,12301,1,2023:11:30 09:24:50,1
9419,5,May,2024,19332,1,2024:05:12 11:03:31,1
9420,4,August,2023,10789,1,2023:08:05 22:28:08,1
9421,2,July,2022,18642,1,2022:07:10 20:16:02,1
9422,4,April,2020,14141,1,2020:04:15 20:36:18,1
9423,1,November,2020,18705,1,2020:11:06 21:09:26,1
9424,3,January,2023,10958,1,2023:01:31 19:16:34,1
9425,5,June,2023,14433,1,2023:06:12 19:43:43,1
9426,2,May,2024,14838,1,2024:05:10 09:55:16,1
9427,3,May,2019,13629,1,2019:05:21 10:58:12,1
9428,2,October,2020,15710,1,2020:10:19 09:45:51,1
9429,5,May,2021,18139,1,2021:05:26 14:43:25,1
9430,1,December,2021,10974,1,2021:12:07 19:49:47,1
9431,2,May,2021,18108,1,2021:05:10 13:55:40,1
9432,5,September,2021,17090,1,2021:09:07 21:06:13,1
9433,1,November,2022,11753,1,2022:11:27 13:14:34,1
9434,2,October,2023,12860,1,2023:10:03 15:40:17,1
9435,1,September,2021,18476,1,2021:09:12 10:28:36,1
9436,3,February,2021,11220,1,2021:02:19 22:03:43,1
9437,2,May,2023,18668,1,2023:05:22 21:02:11,1
9438,1,July,2023,17757,1,2023:07:22 15:49:20,1
9439,1,June,2019,12512,1,2019:06:01 18:02:09,1
9440,3,December,2020,13926,1,2020:12:11 16:37:51,1
9441,3,July,2023,19479,1,2023:07:14 15:25:53,1
9442,5,November,2024,14870,1,2024:11:19 09:23:31,1
9443,4,May,2020,13707,1,2020:05:05 19:14:42,1
9444,4,April,2020,12881,1,2020:04:12 20:30:17,1
9445,1,January,2021,11532,1,2021:01:30 10:00:53,1
9446,2,March,2019,15999,1,2019:03:17 14:18:47,1
9447,3,March,2022,19026,1,2022:03:28 18:16:15,1
9448,2,May,2023,15638,1,2023:05:25 09:56:41,1
9449,1,February,2020,18134,1,2020:02:20 18:13:20,1
9450,3,November,2023,16442,1,2023:11:30 16:57:07,1
9451,2,September,2022,14077,1,2022:09:12 16:57:44,1
9452,1,January,2021,12119,1,2021:01:31 13:15:14,1
9453,3,October,2023,10281,1,2023:10:01 20:56:28,1
9454,5,February,2023,18374,1,2023:02:14 19:17:24,1
9455,1,March,2019,11027,1,2019:03:31 17:47:28,1
9456,1,May,2019,13872,1,2019:05:01 11:09:04,1
9457,5,October,2022,13903,1,2022:10:23 19:55:06,1
9458,3,July,2023,16759,1,2023:07:17 21:39:57,1
9459,2,December,2020,11238,1,2020:12:06 19:56:49,1
9460,3,May,2022,15140,1,2022:05:14 09:28:42,1
9461,3,August,2020,14027,1,2020:08:23 09:06:26,1
9462,3,May,2023,19217,1,2023:05:31 19:27:44,1
9463,2,November,2020,11892,1,2020:11:03 22:24:05,1
9464,2,October,2022,12062,1,2022:10:23 13:57:57,1
9465,2,August,2023,18256,1,2023:08:09 10:25:41,1
9466,2,July,2022,18916,1,2022:07:25 21:16:29,1
9467,4,May,2021,16026,1,2021:05:06 14:38:20,1
9468,1,June,2020,18428,1,2020:06:20 11:02:12,1
9469,2,September,2020,16779,1,2020:09:27 20:13:16,1
9470,4,May,2019,18949,1,2019:05:22 10:42:31,1
9471,4,April,2021,11593,1,2021:04:27 22:47:18,1
9472,4,May,2020,15744,1,2020:05:08 17:54:19,1
9473,3,July,2021,10863,1,2021:07:02 10:52:19,1
9474,3,November,2019,17582,1,2019:11:01 21:39:16,1
9475,3,September,2024,13382,1,2024:09:06 19:23:53,1
9476,4,February,2023,17711,1,2023:02:03 17:51:31,1
9477,5,February,2024,10846,1,2024:02:18 22:00:47,1
9478,3,September,2023,19145,1,2023:09:06 22:03:54,1
9479,1,December,2022,18241,1,2022:12:15 17:46:44,1
9480,1,April,2019,12333,1,2019:04:10 13:05:40,1
9481,1,March,2023,17570,1,2023:03:31 10:07:22,1
9482,2,August,2020,12003,1,2020:08:19 17:22:39,1
9483,5,August,2021,14880,1,2021:08:01 18:08:04,1
9484,2,January,2023,12540,1,2023:01:20 14:45:53,1
9485,1,October,2022,11354,1,2022:10:24 12:54:30,1
9486,3,August,2023,19475,1,2023:08:01 16:17:31,1
9487,1,October,2023,17948,1,2023:10:05 13:01:16,1
9488,1,May,2019,10862,1,2019:05:07 12:52:00,1
9489,1,November,2024,11496,1,2024:11:21 16:00:04,1
9490,3,March,2020,19567,1,2020:03:27 10:05:33,1
9491,3,July,2023,16127,1,2023:07:01 09:54:20,1
9492,1,June,2023,16286,1,2023:06:08 22:46:13,1
9493,4,November,2024,17575,1,2024:11:04 10:40:19,1
9494,3,June,2019,13285,1,2019:06:27 18:03:23,1
9495,3,May,2021,17157,1,2021:05:29 13:34:15,1
9496,3,April,2024,14489,1,2024:04:22 09:59:57,1
9497,4,June,2021,18035,1,2021:06:09 17:58:45,1
9498,2,August,2021,18728,1,2021:08:08 09:29:08,1
9499,4,October,2023,15040,1,2023:10:25 15:10:47,1
9500,1,March,2019,10422,1,2019:03:14 21:12:57,1
9501,1,May,2019,19874,1,2019:05:11 11:32:15,1
9502,1,December,2022,13357,1,2022:12:15 14:08:58,1
9503,2,August,2021,19092,1,2021:08:08 21:01:48,1
9504,1,October,2022,19801,1,2022:10:29 12:29:27,1
9505,4,June,2021,17183,1,2021:06:04 13:13:53,1
9506,4,February,2019,10123,1,2019:02:15 14:55:33,1
9507,1,February,2023,19839,1,2023:02:03 21:20:24,1
9508,4,October,2022,11256,1,2022:10:06 20:23:21,1
9509,1,July,2023,10229,1,2023:07:04 17:10:25,1
9510,3,February,2023,11290,1,2023:02:12 18:33:06,1
9511,5,August,2024,10195,1,2024:08:24 13:01:37,1
9512,2,May,2019,17263,1,2019:05:19 22:58:25,1
9513,2,May,2021,14059,1,2021:05:06 15:31:52,1
9514,5,January,2022,10872,1,2022:01:13 09:19:14,1
9515,3,April,2024,18286,1,2024:04:25 19:06:16,1
9516,3,May,2021,14578,1,2021:05:30 20:14:49,1
9517,3,September,2023,10726,1,2023:09:23 16:04:50,1
9518,1,April,2021,19354,1,2021:04:23 14:59:16,1
9519,1,January,2021,11926,1,2021:01:23 19:14:21,1
9520,2,August,2024,17596,1,2024:08:11 13:12:12,1
9521,4,February,2019,10570,1,2019:02:08 18:52:48,1
9522,2,July,2022,14195,1,2022:07:23 16:15:09,1
9523,2,March,2023,17485,1,2023:03:15 18:02:40,1
9524,2,November,2024,15426,1,2024:11:29 11:03:33,1
9525,3,October,2023,18792,1,2023:10:13 16:29:08,1
9526,4,April,2019,10129,1,2019:04:29 12:18:51,1
9527,3,April,2020,14121,1,2020:04:03 09:48:28,1
9528,5,May,2020,17945,1,2020:05:01 21:03:17,1
9529,2,October,2022,18072,1,2022:10:30 15:12:48,1
9530,1,December,2019,11511,1,2019:12:29 15:50:51,1
9531,5,June,2023,18017,1,2023:06:18 09:01:29,1
9532,5,October,2023,19473,1,2023:10:29 22:18:06,1
9533,2,November,2021,12738,1,2021:11:29 10:55:33,1
9534,4,February,2020,15944,1,2020:02:21 18:57:03,1
9535,5,January,2021,15157,1,2021:01:15 12:30:07,1
9536,3,April,2020,19504,1,2020:04:21 21:22:43,1
9537,2,July,2024,16092,1,2024:07:22 20:38:32,1
9538,3,January,2020,16732,1,2020:01:27 13:33:08,1
9539,3,February,2022,12489,1,2022:02:15 17:19:28,1
9540,2,November,2024,17853,1,2024:11:15 15:36:13,1
9541,5,March,2023,14884,1,2023:03:04 19:25:18,1
9542,3,November,2023,11224,1,2023:11:02 16:10:57,1
9543,4,October,2024,17911,1,2024:10:16 11:04:31,1
9544,1,March,2020,19807,1,2020:03:14 17:19:32,1
9545,3,January,2022,17486,1,2022:01:14 14:22:54,1
9546,2,January,2021,10368,1,2021:01:24 16:15:23,1
9547,4,February,2023,16997,1,2023:02:24 15:51:54,1
9548,4,June,2019,10511,1,2019:06:26 09:54:17,1
9549,4,July,2020,14188,1,2020:07:26 16:58:40,1
9550,4,December,2021,17694,1,2021:12:29 10:43:05,1
9551,3,May,2020,11716,1,2020:05:15 10:11:09,1
9552,5,January,2021,10510,1,2021:01:20 14:40:31,1
9553,3,August,2024,15487,1,2024:08:26 12:44:57,1
9554,1,January,2021,17010,1,2021:01:31 13:24:32,1
9555,5,May,2019,18381,1,2019:05:03 14:45:26,1
9556,4,August,2024,17971,1,2024:08:24 11:03:10,1
9557,1,November,2019,17085,1,2019:11:06 22:05:13,1
9558,5,January,2019,17947,1,2019:01:21 14:14:48,1
9559,1,August,2021,14636,1,2021:08:25 14:58:45,1
9560,4,October,2021,12222,1,2021:10:28 20:04:15,1
9561,3,July,2024,11059,1,2024:07:11 18:56:52,1
9562,4,March,2023,15145,1,2023:03:12 22:26:17,1
9563,2,August,2021,14113,1,2021:08:08 20:04:51,1
9564,1,June,2020,15249,1,2020:06:15 13:28:15,1
9565,5,December,2020,15516,1,2020:12:26 19:51:05,1
9566,3,March,2021,17074,1,2021:03:16 10:11:11,1
9567,3,January,2024,15410,1,2024:01:25 17:48:02,1
9568,4,September,2022,18948,1,2022:09:23 17:37:18,1
9569,1,February,2023,18544,1,2023:02:16 17:36:19,1
9570,4,January,2024,15072,1,2024:01:02 16:37:12,1
9571,2,July,2020,17435,1,2020:07:24 21:28:17,1
9572,3,January,2022,11439,1,2022:01:07 20:36:20,1
9573,5,October,2019,14482,1,2019:10:16 19:20:34,1
9574,4,February,2022,19722,1,2022:02:08 12:08:39,1
9575,4,November,2020,18279,1,2020:11:21 13:00:46,1
9576,5,February,2021,14240,1,2021:02:24 22:59:54,1
9577,4,April,2019,17409,1,2019:04:01 16:15:17,1
9578,1,January,2019,10716,1,2019:01:29 10:33:17,1
9579,4,June,2020,11460,1,2020:06:28 15:56:45,1
9580,3,August,2019,17856,1,2019:08:11 11:05:31,1
9581,3,March,2023,11875,1,2023:03:25 18:48:27,1
9582,2,May,2021,13309,1,2021:05:28 20:21:46,1
9583,5,September,2019,10986,1,2019:09:18 11:28:44,1
9584,5,November,2019,19060,1,2019:11:26 11:47:20,1
9585,1,February,2020,14240,1,2020:02:09 19:45:17,1
9586,1,September,2022,17900,1,2022:09:13 12:18:53,1
9587,3,October,2019,13778,1,2019:10:01 17:04:03,1
9588,4,March,2024,16273,1,2024:03:16 17:18:21,1
9589,1,June,2022,10604,1,2022:06:07 09:57:58,1
9590,2,August,2023,14168,1,2023:08:09 22:37:51,1
9591,5,August,2019,12221,1,2019:08:04 16:59:33,1
9592,2,April,2022,10870,1,2022:04:07 18:24:10,1
9593,4,February,2020,18383,1,2020:02:09 09:57:34,1
9594,2,March,2021,12465,1,2021:03:12 21:31:04,1
9595,4,May,2021,17996,1,2021:05:20 19:28:11,1
9596,4,October,2024,10786,1,2024:10:07 15:02:10,1
9597,4,February,2024,18600,1,2024:02:04 20:23:29,1
9598,2,November,2019,15001,1,2019:11:08 22:18:12,1
9599,1,December,2019,10397,1,2019:12:07 13:07:26,1
9600,3,August,2021,12343,1,2021:08:18 18:20:02,1
9601,2,September,2021,12454,1,2021:09:11 14:15:35,1
9602,5,July,2023,10053,1,2023:07:01 14:33:35,1
9603,1,September,2019,16542,1,2019:09:23 13:06:16,1
9604,1,December,2024,10309,1,2024:12:03 16:03:38,1
9605,4,February,2021,18479,1,2021:02:17 22:06:57,1
9606,1,August,2023,11062,1,2023:08:09 19:11:50,1
9607,3,December,2024,14813,1,2024:12:11 10:44:05,1
9608,4,February,2023,14798,1,2023:02:18 14:20:06,1
9609,1,August,2020,14164,1,2020:08:09 12:17:21,1
9610,5,May,2024,17009,1,2024:05:07 11:19:48,1
9611,2,February,2022,10715,1,2022:02:08 13:35:08,1
9612,3,June,2022,12542,1,2022:06:27 11:59:46,1
9613,4,April,2021,13808,1,2021:04:24 14:19:38,1
9614,1,December,2020,10158,1,2020:12:04 09:00:21,1
9615,5,January,2022,10191,1,2022:01:15 14:40:27,1
9616,4,September,2023,15605,1,2023:09:10 22:58:55,1
9617,2,August,2021,19777,1,2021:08:05 14:56:04,1
9618,3,August,2019,14685,1,2019:08:13 22:26:35,1
9619,5,May,2024,15028,1,2024:05:03 12:38:34,1
9620,1,April,2023,18063,1,2023:04:07 21:03:15,1
9621,2,March,2022,14751,1,2022:03:11 22:19:07,1
9622,5,September,2020,13620,1,2020:09:23 21:51:04,1
9623,5,October,2024,16160,1,2024:10:21 17:53:31,1
9624,4,July,2024,19775,1,2024:07:20 22:13:35,1
9625,2,January,2021,14001,1,2021:01:29 15:09:02,1
9626,5,October,2023,10417,1,2023:10:17 17:47:50,1
9627,2,December,2021,16053,1,2021:12:03 22:13:29,1
9628,4,September,2024,13464,1,2024:09:19 16:18:54,1
9629,4,July,2021,18991,1,2021:07:19 15:16:07,1
9630,4,March,2020,18815,1,2020:03:14 17:47:09,1
9631,1,September,2024,10786,1,2024:09:18 16:19:38,1
9632,1,December,2019,15496,1,2019:12:07 14:47:04,1
9633,5,February,2022,17486,1,2022:02:11 11:02:25,1
9634,4,October,2019,19917,1,2019:10:26 09:06:54,1
9635,5,December,2019,19257,1,2019:12:30 17:36:42,1
9636,2,March,2021,17797,1,2021:03:30 18:56:06,1
9637,5,October,2020,12424,1,2020:10:29 21:03:58,1
9638,1,April,2020,14834,1,2020:04:11 15:40:42,1
9639,3,July,2021,19019,1,2021:07:12 09:19:07,1
9640,2,April,2019,19675,1,2019:04:06 09:38:06,1
9641,3,July,2021,12923,1,2021:07:28 20:38:36,1
9642,3,December,2023,11993,1,2023:12:12 12:58:58,1
9643,2,August,2020,13838,1,2020:08:06 19:18:01,1
9644,5,March,2023,19020,1,2023:03:29 21:03:07,1
9645,1,July,2020,19844,1,2020:07:25 11:07:13,1
9646,3,July,2022,18717,1,2022:07:29 16:01:22,1
9647,1,February,2023,12270,1,2023:02:18 19:14:03,1
9648,2,August,2024,15173,1,2024:08:20 16:52:05,1
9649,1,February,2021,15938,1,2021:02:15 09:22:02,1
9650,5,May,2021,10401,1,2021:05:20 17:43:35,1
9651,4,June,2019,13335,1,2019:06:28 15:22:21,1
9652,3,February,2021,16384,1,2021:02:10 22:24:13,1
9653,5,May,2024,15431,1,2024:05:29 21:41:15,1
9654,4,April,2019,10980,1,2019:04:22 20:36:21,1
9655,2,June,2021,17294,1,2021:06:17 16:09:55,1
9656,1,January,2023,10199,1,2023:01:16 14:46:17,1
9657,3,June,2024,19175,1,2024:06:19 12:21:05,1
9658,1,December,2024,17605,1,2024:12:29 13:45:25,1
9659,5,June,2019,12012,1,2019:06:09 22:38:36,1
9660,5,July,2019,16697,1,2019:07:31 12:14:13,1
9661,5,April,2024,19488,1,2024:04:20 11:15:25,1
9662,2,December,2019,15286,1,2019:12:13 20:18:10,1
9663,4,November,2021,15928,1,2021:11:14 12:49:15,1
9664,3,April,2019,12445,1,2019:04:26 18:15:10,1
9665,3,June,2022,12357,1,2022:06:12 12:03:58,1
9666,5,August,2022,16962,1,2022:08:29 09:37:00,1
9667,5,April,2019,18645,1,2019:04:26 20:42:52,1
9668,5,August,2021,18067,1,2021:08:02 09:04:48,1
9669,2,March,2020,14726,1,2020:03:28 22:11:30,1
9670,1,June,2022,14970,1,2022:06:13 14:14:33,1
9671,5,July,2022,11894,1,2022:07:19 17:53:52,1
9672,1,January,2019,14183,1,2019:01:16 18:24:22,1
9673,3,May,2020,15959,1,2020:05:25 14:30:20,1
9674,3,November,2021,15224,1,2021:11:12 17:25:43,1
9675,2,February,2021,13416,1,2021:02:18 09:55:14,1
9676,4,November,2023,16802,1,2023:11:25 15:43:32,1
9677,4,September,2024,15755,1,2024:09:14 21:35:46,1
9678,5,August,2023,14841,1,2023:08:06 14:28:17,1
9679,4,September,2022,13506,1,2022:09:20 17:54:15,1
9680,3,February,2024,13597,1,2024:02:26 18:06:13,1
9681,1,April,2023,17791,1,2023:04:21 19:42:36,1
9682,1,November,2021,14922,1,2021:11:18 16:49:18,1
9683,3,August,2019,15027,1,2019:08:16 09:42:30,1
9684,5,May,2021,10435,1,2021:05:24 15:55:27,1
9685,5,March,2021,10267,1,2021:03:26 16:44:50,1
9686,3,March,2019,13434,1,2019:03:15 13:08:42,1
9687,1,November,2022,11387,1,2022:11:11 15:00:19,1
9688,4,May,2024,16586,1,2024:05:08 21:24:29,1
9689,4,December,2023,14717,1,2023:12:29 15:20:01,1
9690,1,March,2024,17522,1,2024:03:03 11:46:17,1
9691,2,April,2022,11522,1,2022:04:24 19:22:35,1
9692,4,June,2023,18356,1,2023:06:05 12:01:37,1
9693,1,May,2024,14770,1,2024:05:12 22:16:02,1
9694,1,January,2023,12570,1,2023:01:16 09:12:35,1
9695,3,May,2020,12009,1,2020:05:09 13:12:59,1
9696,4,March,2020,11258,1,2020:03:18 17:52:17,1
9697,1,April,2020,14611,1,2020:04:15 15:04:57,1
9698,3,June,2019,12007,1,2019:06:22 09:56:41,1
9699,3,May,2023,16409,1,2023:05:11 18:47:37,1
9700,3,February,2019,18032,1,2019:02:23 20:42:41,1
9701,4,March,2023,15031,1,2023:03:04 20:33:54,1
9702,5,November,2022,19627,1,2022:11:07 18:09:13,1
9703,3,September,2021,16186,1,2021:09:11 18:36:10,1
9704,2,February,2023,10239,1,2023:02:23 22:50:52,1
9705,4,January,2022,18050,1,2022:01:10 21:38:19,1
9706,1,May,2023,13167,1,2023:05:20 16:09:33,1
9707,4,November,2024,19475,1,2024:11:09 21:53:28,1
9708,2,July,2022,19653,1,2022:07:31 14:47:45,1
9709,2,September,2021,15792,1,2021:09:11 15:33:49,1
9710,2,December,2019,14559,1,2019:12:08 19:08:21,1
9711,2,August,2022,14948,1,2022:08:27 19:28:20,1
9712,2,November,2024,13241,1,2024:11:24 19:15:50,1
9713,5,September,2021,12036,1,2021:09:27 10:26:31,1
9714,3,April,2022,19498,1,2022:04:03 21:26:29,1
9715,5,May,2022,11310,1,2022:05:02 12:37:27,1
9716,1,February,2021,15430,1,2021:02:07 21:21:31,1
9717,2,January,2019,19799,1,2019:01:26 11:38:04,1
9718,5,May,2020,16212,1,2020:05:10 14:55:12,1
9719,2,December,2021,12006,1,2021:12:15 14:42:55,1
9720,5,June,2019,17058,1,2019:06:21 11:25:10,1
9721,2,July,2019,19190,1,2019:07:19 22:25:01,1
9722,2,June,2020,11506,1,2020:06:28 11:09:16,1
9723,1,December,2021,12381,1,2021:12:02 15:26:26,1
9724,1,October,2022,13318,1,2022:10:12 13:41:17,1
9725,4,October,2024,19900,1,2024:10:19 20:49:46,1
9726,4,July,2024,15473,1,2024:07:21 16:49:46,1
9727,2,April,2023,17036,1,2023:04:08 19:01:44,1
9728,3,June,2023,13241,1,2023:06:06 19:08:43,1
9729,2,December,2022,16226,1,2022:12:22 18:55:49,1
9730,3,October,2024,15887,1,2024:10:14 14:19:34,1
9731,5,July,2021,17997,1,2021:07:09 14:36:03,1
9732,1,December,2019,10097,1,2019:12:13 15:56:21,1
9733,5,February,2021,12619,1,2021:02:06 09:35:01,1
9734,2,May,2019,16799,1,2019:05:19 11:16:04,1
9735,5,January,2019,11475,1,2019:01:11 20:22:17,1
9736,2,March,2019,15967,1,2019:03:14 10:48:50,1
9737,2,October,2022,19202,1,2022:10:30 18:09:51,1
9738,2,January,2021,14980,1,2021:01:15 20:51:39,1
9739,5,September,2019,16281,1,2019:09:26 11:52:13,1
9740,5,June,2023,18015,1,2023:06:04 15:27:05,1
9741,5,November,2019,10386,1,2019:11:15 15:51:22,1
9742,3,June,2020,13719,1,2020:06:22 15:33:48,1
9743,3,November,2023,18580,1,2023:11:17 11:02:53,1
9744,1,February,2023,15524,1,2023:02:12 19:44:27,1
9745,5,September,2020,15507,1,2020:09:27 14:46:11,1
9746,1,May,2021,10361,1,2021:05:20 21:30:00,1
9747,2,September,2023,11426,1,2023:09:22 10:58:40,1
9748,2,September,2024,19304,1,2024:09:21 10:41:43,1
9749,3,February,2023,12970,1,2023:02:19 20:34:18,1
9750,3,October,2019,19485,1,2019:10:21 22:47:25,1
9751,4,October,2021,12961,1,2021:10:13 11:13:10,1
9752,1,June,2023,13270,1,2023:06:09 15:38:50,1
9753,1,November,2021,18225,1,2021:11:03 19:14:01,1
9754,1,July,2019,15412,1,2019:07:15 12:31:22,1
9755,4,November,2020,18346,1,2020:11:24 17:37:40,1
9756,1,April,2024,13226,1,2024:04:24 12:17:52,1
9757,1,June,2023,19198,1,2023:06:21 21:04:52,1
9758,4,April,2023,11027,1,2023:04:09 14:24:19,1
9759,3,August,2023,13438,1,2023:08:22 16:25:20,1
9760,3,January,2022,14423,1,2022:01:28 22:39:00,1
9761,1,July,2021,19855,1,2021:07:07 10:46:39,1
9762,4,January,2021,12609,1,2021:01:14 14:10:10,1
9763,3,November,2024,10633,1,2024:11:07 15:05:09,1
9764,4,January,2022,16115,1,2022:01:22 09:54:53,1
9765,3,August,2022,15825,1,2022:08:16 13:31:13,1
9766,1,September,2022,17239,1,2022:09:30 20:49:05,1
9767,2,October,2022,18021,1,2022:10:14 10:49:58,1
9768,1,August,2024,13964,1,2024:08:05 18:06:42,1
9769,3,September,2024,14743,1,2024:09:18 09:09:28,1
9770,2,April,2024,15388,1,2024:04:24 10:23:30,1
9771,1,July,2022,19594,1,2022:07:08 17:44:35,1
9772,2,June,2019,11700,1,2019:06:09 12:36:29,1
9773,5,January,2022,10355,1,2022:01:05 18:53:46,1
9774,3,May,2019,13983,1,2019:05:03 14:28:36,1
9775,3,March,2020,16030,1,2020:03:29 11:50:40,1
9776,2,December,2019,13217,1,2019:12:30 16:09:40,1
9777,4,July,2021,10961,1,2021:07:02 10:01:56,1
9778,4,December,2023,19768,1,2023:12:04 18:52:13,1
9779,4,June,2022,17659,1,2022:06:04 17:04:59,1
9780,5,October,2019,17816,1,2019:10:16 15:56:00,1
9781,5,February,2024,14962,1,2024:02:22 13:26:03,1
9782,2,December,2020,11299,1,2020:12:09 20:42:09,1
9783,5,May,2024,15198,1,2024:05:27 17:56:43,1
9784,5,July,2020,19719,1,2020:07:07 16:37:45,1
9785,3,August,2022,12389,1,2022:08:20 15:54:05,1
9786,4,October,2020,14928,1,2020:10:03 13:21:29,1
9787,1,June,2020,11356,1,2020:06:13 18:08:59,1
9788,1,September,2019,11342,1,2019:09:30 12:30:44,1
9789,4,April,2020,19953,1,2020:04:08 11:22:42,1
9790,3,June,2021,12012,1,2021:06:30 22:36:56,1
9791,1,December,2024,17637,1,2024:12:04 16:18:51,1
9792,5,June,2021,16309,1,2021:06:05 11:55:32,1
9793,1,December,2024,19112,1,2024:12:07 15:44:13,1
9794,1,April,2022,17924,1,2022:04:10 22:19:00,1
9795,4,October,2023,14101,1,2023:10:06 13:31:24,1
9796,1,July,2019,16912,1,2019:07:10 10:16:42,1
9797,3,August,2019,14908,1,2019:08:23 09:57:13,1
9798,4,May,2020,16833,1,2020:05:09 19:05:21,1
9799,3,June,2019,12396,1,2019:06:16 10:43:58,1
9800,4,July,2024,12510,1,2024:07:12 14:14:16,1
9801,1,September,2023,12944,1,2023:09:19 13:08:20,1
9802,1,July,2019,10501,1,2019:07:08 19:20:47,1
9803,2,March,2024,14488,1,2024:03:10 20:03:06,1
9804,4,January,2021,12605,1,2021:01:29 13:37:03,1
9805,1,March,2021,11136,1,2021:03:03 10:51:39,1
9806,3,January,2022,17185,1,2022:01:26 16:34:15,1
9807,1,September,2023,19938,1,2023:09:09 09:22:41,1
9808,2,January,2019,19540,1,2019:01:12 11:05:30,1
9809,3,May,2024,19536,1,2024:05:24 09:21:30,1
9810,1,August,2020,16931,1,2020:08:31 10:01:57,1
9811,1,July,2024,17987,1,2024:07:28 13:08:04,1
9812,5,February,2021,17373,1,2021:02:25 09:17:56,1
9813,2,February,2024,17823,1,2024:02:12 16:21:46,1
9814,4,September,2022,14848,1,2022:09:04 19:57:31,1
9815,4,June,2019,16512,1,2019:06:15 20:59:21,1
9816,3,March,2023,17004,1,2023:03:10 20:53:37,1
9817,3,November,2024,12876,1,2024:11:02 14:01:34,1
9818,3,March,2023,19965,1,2023:03:27 10:40:15,1
9819,3,November,2020,10171,1,2020:11:14 15:01:14,1
9820,1,August,2022,17588,1,2022:08:09 14:06:26,1
9821,1,August,2024,19366,1,2024:08:18 15:32:29,1
9822,5,July,2023,16602,1,2023:07:17 10:48:36,1
9823,1,August,2021,17824,1,2021:08:06 18:01:11,1
9824,2,October,2019,18033,1,2019:10:29 13:31:37,1
9825,3,August,2022,13192,1,2022:08:11 11:36:05,1
9826,1,June,2024,18072,1,2024:06:29 18:32:31,1
9827,5,September,2021,16483,1,2021:09:06 16:20:36,1
9828,1,June,2019,16530,1,2019:06:24 17:32:31,1
9829,5,May,2022,13743,1,2022:05:06 15:34:53,1
9830,2,April,2022,16722,1,2022:04:02 22:34:12,1
9831,5,September,2022,15234,1,2022:09:11 20:18:29,1
9832,1,June,2020,15496,1,2020:06:12 15:09:31,1
9833,4,August,2019,15474,1,2019:08:29 10:00:36,1
9834,2,November,2021,17441,1,2021:11:06 12:46:27,1
9835,4,September,2020,19858,1,2020:09:03 11:03:43,1
9836,2,July,2020,17745,1,2020:07:16 22:53:28,1
9837,2,September,2021,19393,1,2021:09:19 15:14:40,1
9838,4,August,2022,10626,1,2022:08:30 21:16:55,1
9839,5,November,2020,12192,1,2020:11:24 17:32:21,1
9840,2,September,2019,18071,1,2019:09:29 11:34:36,1
9841,3,January,2024,14645,1,2024:01:01 15:21:02,1
9842,5,August,2024,17918,1,2024:08:20 16:05:00,1
9843,2,September,2022,12708,1,2022:09:16 16:31:27,1
9844,5,February,2023,17433,1,2023:02:11 18:08:06,1
9845,4,January,2021,13393,1,2021:01:02 14:10:35,1
9846,3,July,2022,10575,1,2022:07:01 11:54:09,1
9847,5,August,2024,17293,1,2024:08:20 14:14:13,1
9848,5,June,2024,17495,1,2024:06:15 15:50:24,1
9849,4,October,2024,10434,1,2024:10:06 10:20:15,1
9850,5,October,2020,15033,1,2020:10:17 16:37:42,1
9851,2,August,2023,11617,1,2023:08:22 09:00:51,1
9852,2,March,2023,16285,1,2023:03:13 16:44:05,1
9853,1,March,2024,15937,1,2024:03:08 17:35:58,1
9854,1,June,2023,17220,1,2023:06:03 10:23:55,1
9855,1,June,2020,14289,1,2020:06:24 12:12:12,1
9856,3,April,2021,10970,1,2021:04:05 13:07:43,1
9857,2,July,2024,14991,1,2024:07:13 15:27:10,1
9858,1,July,2024,13310,1,2024:07:06 11:00:49,1
9859,3,January,2020,19992,1,2020:01:12 12:44:39,1
9860,4,May,2019,19838,1,2019:05:15 12:17:25,1
9861,3,February,2021,11625,1,2021:02:19 09:55:44,1
9862,1,June,2024,12527,1,2024:06:15 14:36:50,1
9863,5,October,2021,19025,1,2021:10:07 14:08:57,1
9864,1,January,2020,19414,1,2020:01:23 11:37:58,1
9865,2,January,2023,11181,1,2023:01:21 21:16:12,1
9866,4,January,2019,16387,1,2019:01:03 12:47:12,1
9867,5,May,2019,11488,1,2019:05:12 20:23:14,1
9868,2,November,2021,13517,1,2021:11:19 15:22:07,1
9869,4,July,2023,14657,1,2023:07:11 15:19:55,1
9870,1,December,2023,10192,1,2023:12:01 17:40:37,1
9871,2,July,2024,19652,1,2024:07:17 20:24:24,1
9872,5,January,2020,10788,1,2020:01:19 20:28:50,1
9873,3,May,2019,16820,1,2019:05:21 19:02:38,1
9874,3,December,2021,14706,1,2021:12:20 19:41:11,1
9875,5,November,2019,13318,1,2019:11:10 22:40:52,1
9876,1,October,2021,12721,1,2021:10:15 11:38:28,1
9877,3,July,2019,16527,1,2019:07:20 17:39:16,1
9878,2,March,2024,14591,1,2024:03:17 22:25:35,1
9879,2,September,2022,11417,1,2022:09:10 14:54:23,1
9880,4,January,2024,10179,1,2024:01:12 19:12:44,1
9881,5,November,2019,16497,1,2019:11:11 22:05:31,1
9882,1,April,2020,14018,1,2020:04:25 19:54:54,1
9883,2,June,2020,15488,1,2020:06:17 15:32:13,1
9884,4,October,2024,10735,1,2024:10:30 12:37:00,1
9885,3,February,2019,18008,1,2019:02:04 19:05:03,1
9886,3,August,2019,17537,1,2019:08:14 10:19:52,1
9887,2,November,2022,16003,1,2022:11:14 21:22:51,1
9888,3,February,2021,11354,1,2021:02:23 14:39:51,1
9889,5,June,2024,18819,1,2024:06:03 13:20:30,1
9890,2,October,2023,10820,1,2023:10:01 22:01:07,1
9891,4,July,2022,18282,1,2022:07:17 17:53:08,1
9892,4,October,2022,18886,1,2022:10:26 10:56:27,1
9893,2,September,2021,18234,1,2021:09:26 15:02:40,1
9894,5,June,2024,10301,1,2024:06:17 20:45:38,1
9895,5,June,2024,17685,1,2024:06:27 20:48:43,1
9896,4,February,2021,14084,1,2021:02:07 20:08:34,1
9897,2,October,2024,11767,1,2024:10:16 11:43:39,1
9898,5,May,2021,16922,1,2021:05:08 15:57:36,1
9899,1,July,2020,10788,1,2020:07:11 12:15:15,1
9900,1,January,2024,15466,1,2024:01:07 18:05:13,1
9901,3,July,2021,13723,1,2021:07:15 19:16:06,1
9902,5,September,2021,12074,1,2021:09:26 11:41:57,1
9903,5,January,2024,18285,1,2024:01:11 16:41:40,1
9904,2,October,2020,16963,1,2020:10:06 15:29:33,1
9905,1,October,2023,12382,1,2023:10:31 22:48:28,1
9906,5,October,2021,13711,1,2021:10:09 17:06:25,1
9907,2,September,2022,17843,1,2022:09:11 20:12:46,1
9908,2,October,2019,18298,1,2019:10:01 19:13:21,1
9909,2,June,2021,14525,1,2021:06:30 20:04:39,1
9910,3,July,2020,17632,1,2020:07:20 20:32:14,1
9911,1,January,2023,15914,1,2023:01:15 16:39:26,1
9912,2,April,2019,19807,1,2019:04:14 13:36:21,1
9913,1,May,2019,10077,1,2019:05:06 19:22:48,1
9914,1,September,2022,14501,1,2022:09:13 13:15:20,1
9915,1,February,2023,12831,1,2023:02:15 10:28:49,1
9916,5,May,2023,17830,1,2023:05:27 22:33:15,1
9917,5,February,2019,12080,1,2019:02:04 15:45:29,1
9918,5,December,2022,12706,1,2022:12:10 16:14:57,1
9919,2,April,2019,12172,1,2019:04:05 22:44:45,1
9920,1,November,2021,15004,1,2021:11:01 12:11:03,1
9921,5,May,2024,16982,1,2024:05:08 15:23:22,1
9922,3,June,2019,17120,1,2019:06:02 20:51:40,1
9923,1,June,2022,15075,1,2022:06:20 19:27:10,1
9924,4,March,2022,15927,1,2022:03:10 14:52:36,1
9925,3,April,2019,11634,1,2019:04:23 10:15:02,1
9926,2,July,2020,19935,1,2020:07:24 19:03:36,1
9927,3,January,2020,15573,1,2020:01:31 19:46:35,1
9928,3,July,2023,12423,1,2023:07:20 14:11:49,1
9929,1,July,2021,15651,1,2021:07:26 14:05:25,1
9930,5,May,2019,11443,1,2019:05:13 10:07:21,1
9931,3,November,2020,12748,1,2020:11:12 09:00:10,1
9932,4,April,2020,12359,1,2020:04:04 15:54:02,1
9933,4,February,2020,13021,1,2020:02:11 14:16:36,1
9934,2,March,2023,17441,1,2023:03:24 21:57:23,1
9935,1,January,2023,19135,1,2023:01:07 12:24:28,1
9936,2,July,2020,10041,1,2020:07:13 13:05:26,1
9937,2,October,2023,17990,1,2023:10:30 12:53:45,1
9938,5,October,2024,13361,1,2024:10:28 20:00:19,1
9939,2,March,2023,12199,1,2023:03:26 12:29:56,1
9940,4,December,2019,10603,1,2019:12:26 22:16:47,1
9941,3,December,2024,13153,1,2024:12:19 18:46:14,1
9942,2,October,2023,16892,1,2023:10:05 12:04:50,1
9943,3,June,2020,16175,1,2020:06:07 11:45:03,1
9944,1,July,2022,13589,1,2022:07:01 20:10:49,1
9945,5,April,2020,17624,1,2020:04:09 15:47:43,1
9946,1,August,2023,16889,1,2023:08:13 09:47:39,1
9947,3,September,2019,16399,1,2019:09:16 14:53:38,1
9948,2,May,2024,11215,1,2024:05:17 10:50:10,1
9949,1,July,2021,14684,1,2021:07:29 10:04:07,1
9950,5,September,2024,19082,1,2024:09:03 10:28:29,1
9951,4,September,2022,14081,1,2022:09:06 20:08:42,1
9952,3,September,2020,11546,1,2020:09:21 12:00:38,1
9953,2,May,2022,15481,1,2022:05:02 19:13:25,1
9954,1,January,2019,14088,1,2019:01:12 15:13:42,1
9955,5,February,2022,14935,1,2022:02:19 17:30:30,1
9956,1,March,2020,18426,1,2020:03:02 18:50:40,1
9957,4,June,2024,15564,1,2024:06:06 21:39:28,1
9958,3,March,2021,18132,1,2021:03:29 11:50:46,1
9959,5,August,2024,19816,1,2024:08:09 10:22:19,1
9960,5,October,2019,18174,1,2019:10:14 09:19:55,1
9961,4,August,2021,12586,1,2021:08:21 10:11:23,1
9962,1,August,2021,16781,1,2021:08:17 21:41:59,1
9963,4,April,2022,18157,1,2022:04:27 20:04:48,1
9964,4,February,2020,12314,1,2020:02:21 17:50:13,1
9965,5,June,2021,13637,1,2021:06:27 13:12:31,1
9966,5,May,2023,17350,1,2023:05:31 17:16:16,1
9967,1,May,2022,14488,1,2022:05:09 14:20:30,1
9968,5,April,2023,11673,1,2023:04:12 10:53:56,1
9969,3,June,2021,19462,1,2021:06:10 22:10:35,1
9970,2,July,2024,16859,1,2024:07:30 11:15:21,1
9971,1,February,2022,14026,1,2022:02:20 17:30:34,1
9972,1,July,2024,19067,1,2024:07:29 09:30:04,1
9973,4,November,2022,12719,1,2022:11:13 15:17:52,1
9974,4,November,2019,13047,1,2019:11:27 19:05:41,1
9975,5,July,2024,15571,1,2024:07:30 09:21:20,1
9976,2,July,2019,12685,1,2019:07:03 22:14:03,1
9977,2,July,2019,13192,1,2019:07:07 17:15:48,1
9978,3,December,2024,15158,1,2024:12:26 20:26:23,1
9979,5,August,2020,11143,1,2020:08:05 20:19:13,1
9980,4,July,2020,18969,1,2020:07:08 09:16:29,1
9981,1,March,2020,18215,1,2020:03:22 21:22:08,1
9982,3,June,2024,19652,1,2024:06:12 13:47:53,1
9983,3,June,2020,13262,1,2020:06:12 17:27:09,1
9984,5,March,2019,14905,1,2019:03:18 12:52:00,1
9985,4,August,2023,14947,1,2023:08:19 13:50:44,1
9986,4,December,2023,18932,1,2023:12:01 17:25:32,1
9987,4,November,2021,13205,1,2021:11:08 18:44:09,1
9988,2,August,2020,13897,1,2020:08:18 14:54:53,1
9989,5,July,2021,13269,1,2021:07:26 16:13:13,1
9990,5,November,2020,13539,1,2020:11:30 13:19:21,1
9991,5,December,2023,14756,1,2023:12:15 11:25:44,1
9992,4,February,2020,17870,1,2020:02:10 19:32:58,1
9993,1,October,2022,10926,1,2022:10:17 09:31:08,1
9994,4,March,2020,19178,1,2020:03:20 16:59:22,1
9995,1,December,2020,12619,1,2020:12:23 22:48:47,1
9996,4,June,2024,16660,1,2024:06:21 11:27:09,1
9997,2,March,2021,19412,1,2021:03:29 13:39:40,1
9998,5,May,2022,12948,1,2022:05:21 19:36:32,1
9999,3,April,2023,12162,1,2023:04:19 15:28:03,1
10000,3,November,2021,18021,1,2021:11:13 11:20:30,1
