ID,ProductID,UnitPrice,Quantity,Amount,SalesID,CreatedBy,CreatedOn,isActive
1,1,100,8,800,1,1,10-06-2019 19:11,1
2,2,120,12,1440,1,1,03-08-2019 16:36,1
3,1,100,17,1700,2,1,12-10-2020 19:34,1
4,2,120,23,2760,2,1,22-10-2020 18:34,1
5,1,100,17,1700,3,1,02-08-2022 18:25,1
6,2,120,44,5280,3,1,07-11-2021 13:49,1
7,1,100,28,2800,4,1,19-10-2022 10:59,1
8,2,120,48,5760,4,1,19-08-2022 19:25,1
9,1,100,49,4900,5,1,29-04-2023 13:51,1
10,2,120,25,3000,5,1,31-10-2020 16:06,1
11,1,100,41,4100,6,1,02-04-2019 10:05,1
12,2,120,40,4800,6,1,03-11-2023 10:53,1
13,1,100,30,3000,7,1,29-01-2023 12:39,1
14,2,120,14,1680,7,1,14-01-2019 16:22,1
15,1,100,25,2500,8,1,28-02-2021 18:12,1
16,2,120,4,480,8,1,12-07-2020 12:35,1
17,1,100,5,500,9,1,17-10-2022 15:25,1
18,2,120,46,5520,9,1,06-05-2021 17:54,1
19,1,100,17,1700,10,1,02-11-2022 15:30,1
20,2,120,38,4560,10,1,07-04-2021 14:48,1
21,1,100,36,3600,11,1,07-03-2019 12:25,1
22,2,120,1,120,11,1,11-02-2021 18:24,1
23,1,100,44,4400,12,1,08-10-2020 19:15,1
24,2,120,18,2160,12,1,08-04-2019 10:39,1
25,1,100,43,4300,13,1,17-04-2022 15:47,1
26,2,120,36,4320,13,1,17-12-2019 19:45,1
27,1,100,32,3200,14,1,26-12-2021 15:03,1
28,2,120,36,4320,14,1,18-03-2022 12:28,1
29,1,100,49,4900,15,1,20-11-2022 13:03,1
30,2,120,21,2520,15,1,01-09-2022 19:31,1
31,1,100,2,200,16,1,31-07-2022 12:35,1
32,2,120,43,5160,16,1,10-12-2023 13:35,1
33,1,100,38,3800,17,1,05-04-2020 13:17,1
34,2,120,8,960,17,1,10-03-2019 15:33,1
35,1,100,32,3200,18,1,17-06-2022 19:16,1
36,2,120,43,5160,18,1,11-09-2022 10:46,1
37,1,100,25,2500,19,1,03-01-2021 12:23,1
38,2,120,21,2520,19,1,11-11-2021 13:32,1
39,1,100,26,2600,20,1,21-06-2021 11:09,1
40,2,120,15,1800,20,1,14-11-2019 10:20,1
41,1,100,5,500,21,1,13-12-2021 11:00,1
42,2,120,50,6000,21,1,17-04-2023 17:36,1
43,1,100,13,1300,22,1,09-06-2023 10:33,1
44,2,120,43,5160,22,1,11-05-2022 12:07,1
45,1,100,10,1000,23,1,18-01-2021 18:16,1
46,2,120,27,3240,23,1,09-12-2020 13:13,1
47,1,100,7,700,24,1,16-08-2020 15:14,1
48,2,120,43,5160,24,1,04-03-2020 12:37,1
49,1,100,13,1300,25,1,22-06-2020 18:59,1
50,2,120,47,5640,25,1,25-09-2023 11:54,1
51,1,100,7,700,26,1,17-12-2020 16:20,1
52,2,120,28,3360,26,1,30-04-2022 18:08,1
53,1,100,47,4700,27,1,21-12-2019 19:08,1
54,2,120,34,4080,27,1,31-03-2023 14:43,1
55,1,100,6,600,28,1,10-04-2020 10:43,1
56,2,120,10,1200,28,1,11-06-2019 16:05,1
57,1,100,1,100,29,1,01-06-2019 18:18,1
58,2,120,39,4680,29,1,16-09-2021 14:15,1
59,1,100,32,3200,30,1,01-02-2023 19:43,1
60,2,120,43,5160,30,1,18-11-2023 14:49,1
61,1,100,44,4400,31,1,30-11-2023 14:24,1
62,2,120,40,4800,31,1,08-03-2021 12:33,1
63,1,100,47,4700,32,1,14-11-2022 14:13,1
64,2,120,38,4560,32,1,25-07-2022 12:31,1
65,1,100,30,3000,33,1,01-03-2022 17:48,1
66,2,120,39,4680,33,1,19-06-2022 13:38,1
67,1,100,5,500,34,1,06-05-2023 11:57,1
68,2,120,2,240,34,1,08-10-2019 19:00,1
69,1,100,33,3300,35,1,28-10-2023 16:59,1
70,2,120,27,3240,35,1,07-04-2023 15:51,1
71,1,100,15,1500,36,1,15-10-2021 17:29,1
72,2,120,2,240,36,1,25-12-2020 19:46,1
73,1,100,34,3400,37,1,29-09-2019 15:13,1
74,2,120,31,3720,37,1,08-09-2021 16:40,1
75,1,100,46,4600,38,1,04-06-2022 19:14,1
76,2,120,5,600,38,1,25-06-2020 13:52,1
77,1,100,29,2900,39,1,11-01-2021 19:03,1
78,2,120,16,1920,39,1,20-09-2023 19:55,1
79,1,100,5,500,40,1,04-05-2019 13:54,1
80,2,120,44,5280,40,1,28-02-2021 18:52,1
81,1,100,2,200,41,1,28-07-2021 19:51,1
82,2,120,37,4440,41,1,29-01-2019 16:58,1
83,1,100,33,3300,42,1,25-09-2021 12:30,1
84,2,120,11,1320,42,1,27-06-2020 19:35,1
85,1,100,47,4700,43,1,02-06-2020 19:07,1
86,2,120,30,3600,43,1,18-05-2019 11:58,1
87,1,100,41,4100,44,1,01-10-2019 10:01,1
88,2,120,44,5280,44,1,21-11-2023 13:12,1
89,1,100,46,4600,45,1,02-05-2019 19:04,1
90,2,120,9,1080,45,1,11-02-2019 11:02,1
91,1,100,5,500,46,1,19-09-2023 18:45,1
92,2,120,12,1440,46,1,10-09-2023 16:09,1
93,1,100,43,4300,47,1,02-07-2022 18:27,1
94,2,120,4,480,47,1,18-03-2020 13:22,1
95,1,100,8,800,48,1,23-03-2020 10:39,1
96,2,120,32,3840,48,1,13-02-2023 17:19,1
97,1,100,34,3400,49,1,26-06-2021 14:49,1
98,2,120,17,2040,49,1,07-01-2023 17:49,1
99,1,100,3,300,50,1,07-07-2019 13:19,1
100,2,120,19,2280,50,1,13-07-2022 14:27,1
101,1,100,26,2600,51,1,22-03-2023 13:32,1
102,2,120,9,1080,51,1,29-10-2019 15:56,1
103,1,100,29,2900,52,1,28-05-2019 14:50,1
104,2,120,14,1680,52,1,20-07-2020 16:11,1
105,1,100,6,600,53,1,17-12-2022 15:31,1
106,2,120,36,4320,53,1,09-04-2023 19:54,1
107,1,100,37,3700,54,1,10-10-2022 13:00,1
108,2,120,24,2880,54,1,25-01-2023 13:00,1
109,1,100,6,600,55,1,06-03-2021 19:50,1
110,2,120,29,3480,55,1,04-08-2022 18:02,1
111,1,100,22,2200,56,1,21-07-2023 12:57,1
112,2,120,33,3960,56,1,15-10-2020 13:52,1
113,1,100,48,4800,57,1,22-08-2023 13:00,1
114,2,120,11,1320,57,1,01-02-2020 18:03,1
115,1,100,19,1900,58,1,13-12-2019 12:36,1
116,2,120,11,1320,58,1,24-03-2020 15:04,1
117,1,100,29,2900,59,1,20-02-2022 15:11,1
118,2,120,10,1200,59,1,05-06-2023 12:48,1
119,1,100,44,4400,60,1,09-01-2019 18:51,1
120,2,120,36,4320,60,1,29-08-2021 11:57,1
121,1,100,18,1800,61,1,03-10-2022 11:27,1
122,2,120,48,5760,61,1,18-11-2021 13:44,1
123,1,100,25,2500,62,1,27-03-2023 15:56,1
124,2,120,33,3960,62,1,06-11-2022 16:32,1
125,1,100,23,2300,63,1,21-06-2022 17:08,1
126,2,120,37,4440,63,1,23-08-2020 13:32,1
127,1,100,15,1500,64,1,10-03-2019 18:24,1
128,2,120,40,4800,64,1,06-09-2021 18:17,1
129,1,100,47,4700,65,1,09-08-2021 11:13,1
130,2,120,3,360,65,1,06-12-2023 15:37,1
131,1,100,48,4800,66,1,13-10-2019 17:35,1
132,2,120,3,360,66,1,26-04-2019 14:46,1
133,1,100,41,4100,67,1,23-04-2023 13:29,1
134,2,120,40,4800,67,1,21-09-2020 16:30,1
135,1,100,25,2500,68,1,03-07-2022 12:47,1
136,2,120,31,3720,68,1,14-06-2023 17:16,1
137,1,100,40,4000,69,1,10-06-2022 15:26,1
138,2,120,34,4080,69,1,21-11-2022 13:32,1
139,1,100,6,600,70,1,24-04-2021 11:20,1
140,2,120,32,3840,70,1,10-04-2022 16:11,1
141,1,100,50,5000,71,1,30-09-2019 17:35,1
142,2,120,32,3840,71,1,20-05-2022 12:26,1
143,1,100,40,4000,72,1,10-02-2023 19:20,1
144,2,120,14,1680,72,1,23-10-2021 10:47,1
145,1,100,23,2300,73,1,19-10-2021 16:03,1
146,2,120,46,5520,73,1,24-05-2019 18:22,1
147,1,100,9,900,74,1,31-10-2019 19:37,1
148,2,120,36,4320,74,1,25-09-2023 18:11,1
149,1,100,23,2300,75,1,26-07-2021 12:22,1
150,2,120,49,5880,75,1,29-08-2021 13:35,1
151,1,100,8,800,76,1,08-05-2021 17:32,1
152,2,120,30,3600,76,1,31-05-2019 19:21,1
153,1,100,6,600,77,1,14-05-2022 17:19,1
154,2,120,44,5280,77,1,01-06-2020 12:12,1
155,1,100,38,3800,78,1,23-10-2022 19:04,1
156,2,120,46,5520,78,1,10-04-2023 12:22,1
157,1,100,11,1100,79,1,31-12-2023 16:36,1
158,2,120,50,6000,79,1,07-04-2021 17:06,1
159,1,100,43,4300,80,1,14-08-2020 17:55,1
160,2,120,31,3720,80,1,20-04-2021 15:46,1
161,1,100,1,100,81,1,30-12-2022 14:29,1
162,2,120,35,4200,81,1,13-03-2021 11:44,1
163,1,100,10,1000,82,1,16-01-2021 14:37,1
164,2,120,4,480,82,1,09-08-2023 11:46,1
165,1,100,27,2700,83,1,15-03-2020 12:51,1
166,2,120,49,5880,83,1,17-02-2020 14:56,1
167,1,100,4,400,84,1,29-11-2021 13:20,1
168,2,120,38,4560,84,1,24-08-2021 18:58,1
169,1,100,4,400,85,1,03-06-2023 11:51,1
170,2,120,28,3360,85,1,25-06-2021 14:18,1
171,1,100,28,2800,86,1,26-08-2020 13:17,1
172,2,120,33,3960,86,1,16-02-2020 14:48,1
173,1,100,20,2000,87,1,02-12-2020 13:14,1
174,2,120,2,240,87,1,08-12-2023 16:18,1
175,1,100,49,4900,88,1,27-10-2020 11:42,1
176,2,120,23,2760,88,1,02-10-2021 14:31,1
177,1,100,6,600,89,1,31-12-2019 18:41,1
178,2,120,21,2520,89,1,24-01-2022 14:50,1
179,1,100,39,3900,90,1,25-02-2019 10:07,1
180,2,120,9,1080,90,1,11-10-2019 15:31,1
181,1,100,37,3700,91,1,22-04-2019 12:54,1
182,2,120,26,3120,91,1,18-06-2022 13:39,1
183,1,100,3,300,92,1,09-11-2020 18:43,1
184,2,120,35,4200,92,1,19-04-2022 16:31,1
185,1,100,29,2900,93,1,11-11-2022 13:50,1
186,2,120,3,360,93,1,04-12-2020 16:34,1
187,1,100,40,4000,94,1,07-06-2019 11:14,1
188,2,120,13,1560,94,1,28-05-2023 13:29,1
189,1,100,30,3000,95,1,08-02-2019 10:53,1
190,2,120,26,3120,95,1,15-08-2021 14:00,1
191,1,100,8,800,96,1,02-07-2021 17:15,1
192,2,120,30,3600,96,1,21-05-2021 13:55,1
193,1,100,21,2100,97,1,29-05-2022 13:27,1
194,2,120,27,3240,97,1,22-12-2019 10:27,1
195,1,100,10,1000,98,1,23-05-2023 11:21,1
196,2,120,19,2280,98,1,20-02-2022 17:19,1
197,1,100,8,800,99,1,24-03-2023 11:58,1
198,2,120,37,4440,99,1,01-04-2019 15:53,1
199,1,100,18,1800,100,1,04-03-2019 17:03,1
200,2,120,12,1440,100,1,30-12-2023 11:34,1
201,1,100,25,2500,101,1,05-11-2020 18:24,1
202,2,120,37,4440,101,1,16-03-2022 12:56,1
203,1,100,13,1300,102,1,31-10-2019 18:22,1
204,2,120,27,3240,102,1,25-04-2019 12:54,1
205,1,100,21,2100,103,1,19-11-2021 11:59,1
206,2,120,43,5160,103,1,31-10-2023 19:44,1
207,1,100,39,3900,104,1,20-12-2022 10:01,1
208,2,120,47,5640,104,1,30-10-2021 11:26,1
209,1,100,22,2200,105,1,09-08-2023 15:13,1
210,2,120,21,2520,105,1,30-12-2022 16:35,1
211,1,100,30,3000,106,1,07-08-2019 13:46,1
212,2,120,50,6000,106,1,10-10-2022 10:12,1
213,1,100,40,4000,107,1,23-03-2022 15:36,1
214,2,120,26,3120,107,1,18-09-2022 14:18,1
215,1,100,8,800,108,1,09-01-2023 19:30,1
216,2,120,9,1080,108,1,17-12-2020 14:45,1
217,1,100,40,4000,109,1,25-12-2021 18:57,1
218,2,120,7,840,109,1,03-12-2023 15:56,1
219,1,100,30,3000,110,1,18-03-2019 16:50,1
220,2,120,6,720,110,1,12-01-2021 10:31,1
221,1,100,26,2600,111,1,28-09-2020 19:17,1
222,2,120,44,5280,111,1,07-06-2022 11:41,1
223,1,100,41,4100,112,1,17-05-2023 12:19,1
224,2,120,13,1560,112,1,05-12-2020 17:31,1
225,1,100,3,300,113,1,07-11-2021 15:06,1
226,2,120,20,2400,113,1,22-07-2020 11:49,1
227,1,100,34,3400,114,1,08-08-2022 11:45,1
228,2,120,2,240,114,1,14-06-2019 13:02,1
229,1,100,29,2900,115,1,04-03-2023 14:41,1
230,2,120,38,4560,115,1,26-08-2022 19:29,1
231,1,100,37,3700,116,1,30-01-2019 18:18,1
232,2,120,20,2400,116,1,23-12-2023 15:12,1
233,1,100,42,4200,117,1,13-01-2022 12:10,1
234,2,120,4,480,117,1,21-04-2021 10:57,1
235,1,100,18,1800,118,1,02-12-2021 10:31,1
236,2,120,48,5760,118,1,19-03-2019 17:51,1
237,1,100,39,3900,119,1,19-04-2019 15:14,1
238,2,120,39,4680,119,1,09-07-2022 16:08,1
239,1,100,47,4700,120,1,01-03-2019 18:58,1
240,2,120,40,4800,120,1,14-04-2023 17:59,1
241,1,100,2,200,121,1,23-04-2019 10:17,1
242,2,120,20,2400,121,1,22-05-2023 19:09,1
243,1,100,23,2300,122,1,09-10-2020 10:15,1
244,2,120,38,4560,122,1,23-07-2020 19:38,1
245,1,100,4,400,123,1,23-02-2022 16:08,1
246,2,120,38,4560,123,1,14-05-2021 18:11,1
247,1,100,19,1900,124,1,12-10-2021 17:01,1
248,2,120,4,480,124,1,15-05-2023 16:49,1
249,1,100,22,2200,125,1,31-12-2021 10:09,1
250,2,120,29,3480,125,1,06-02-2023 14:14,1
251,1,100,28,2800,126,1,16-04-2020 11:45,1
252,2,120,23,2760,126,1,21-09-2023 18:24,1
253,1,100,4,400,127,1,21-04-2023 11:46,1
254,2,120,41,4920,127,1,25-01-2023 12:48,1
255,1,100,50,5000,128,1,18-01-2022 12:09,1
256,2,120,44,5280,128,1,14-04-2023 17:15,1
257,1,100,46,4600,129,1,09-04-2020 19:56,1
258,2,120,5,600,129,1,12-09-2023 12:31,1
259,1,100,13,1300,130,1,13-07-2022 12:59,1
260,2,120,48,5760,130,1,27-12-2021 18:24,1
261,1,100,41,4100,131,1,10-11-2022 13:59,1
262,2,120,1,120,131,1,08-06-2022 10:15,1
263,1,100,45,4500,132,1,19-01-2023 17:05,1
264,2,120,12,1440,132,1,16-09-2023 13:07,1
265,1,100,49,4900,133,1,15-10-2021 17:04,1
266,2,120,42,5040,133,1,18-09-2019 14:32,1
267,1,100,19,1900,134,1,08-04-2019 16:30,1
268,2,120,25,3000,134,1,16-07-2021 16:04,1
269,1,100,23,2300,135,1,02-06-2019 15:46,1
270,2,120,9,1080,135,1,28-03-2023 18:01,1
271,1,100,32,3200,136,1,10-10-2020 11:51,1
272,2,120,24,2880,136,1,04-11-2020 13:47,1
273,1,100,21,2100,137,1,22-04-2019 18:17,1
274,2,120,40,4800,137,1,24-06-2019 19:35,1
275,1,100,26,2600,138,1,04-09-2021 19:34,1
276,2,120,4,480,138,1,01-10-2020 16:10,1
277,1,100,25,2500,139,1,11-10-2021 17:32,1
278,2,120,10,1200,139,1,09-11-2020 10:34,1
279,1,100,9,900,140,1,28-05-2020 18:07,1
280,2,120,21,2520,140,1,28-08-2019 14:14,1
281,1,100,25,2500,141,1,11-11-2021 14:21,1
282,2,120,45,5400,141,1,01-01-2023 12:54,1
283,1,100,23,2300,142,1,27-03-2022 11:57,1
284,2,120,26,3120,142,1,07-11-2021 18:29,1
285,1,100,31,3100,143,1,21-06-2020 14:16,1
286,2,120,19,2280,143,1,15-01-2022 11:25,1
287,1,100,32,3200,144,1,18-11-2019 14:48,1
288,2,120,39,4680,144,1,10-12-2021 19:17,1
289,1,100,14,1400,145,1,27-03-2019 15:00,1
290,2,120,45,5400,145,1,12-07-2022 19:48,1
291,1,100,12,1200,146,1,12-04-2023 16:27,1
292,2,120,31,3720,146,1,07-12-2020 13:25,1
293,1,100,10,1000,147,1,04-07-2020 12:15,1
294,2,120,4,480,147,1,20-01-2023 11:30,1
295,1,100,25,2500,148,1,28-08-2021 11:22,1
296,2,120,14,1680,148,1,25-04-2021 10:58,1
297,1,100,7,700,149,1,17-05-2019 16:31,1
298,2,120,20,2400,149,1,15-03-2022 13:57,1
299,1,100,3,300,150,1,26-12-2020 18:20,1
300,2,120,45,5400,150,1,23-10-2019 12:31,1
301,1,100,17,1700,151,1,19-11-2022 10:45,1
302,2,120,42,5040,151,1,28-12-2022 19:48,1
303,1,100,25,2500,152,1,26-10-2019 19:45,1
304,2,120,37,4440,152,1,24-01-2021 16:44,1
305,1,100,17,1700,153,1,15-04-2019 10:48,1
306,2,120,33,3960,153,1,03-03-2020 18:33,1
307,1,100,19,1900,154,1,30-11-2020 11:59,1
308,2,120,49,5880,154,1,20-08-2020 13:09,1
309,1,100,7,700,155,1,27-01-2019 10:54,1
310,2,120,10,1200,155,1,29-01-2023 11:32,1
311,1,100,10,1000,156,1,13-05-2023 19:22,1
312,2,120,18,2160,156,1,17-07-2022 13:09,1
313,1,100,44,4400,157,1,26-10-2020 15:28,1
314,2,120,19,2280,157,1,13-01-2023 18:49,1
315,1,100,45,4500,158,1,07-02-2022 10:44,1
316,2,120,6,720,158,1,06-08-2019 13:11,1
317,1,100,41,4100,159,1,04-07-2022 16:51,1
318,2,120,39,4680,159,1,29-08-2023 18:58,1
319,1,100,3,300,160,1,01-08-2022 17:00,1
320,2,120,11,1320,160,1,22-12-2021 10:56,1
321,1,100,42,4200,161,1,09-08-2023 13:26,1
322,2,120,49,5880,161,1,10-11-2021 14:25,1
323,1,100,40,4000,162,1,04-01-2019 18:27,1
324,2,120,17,2040,162,1,28-10-2022 14:56,1
325,1,100,31,3100,163,1,30-10-2021 10:52,1
326,2,120,41,4920,163,1,17-05-2023 11:26,1
327,1,100,13,1300,164,1,17-10-2023 17:46,1
328,2,120,26,3120,164,1,02-05-2019 16:09,1
329,1,100,31,3100,165,1,11-09-2021 11:35,1
330,2,120,9,1080,165,1,22-06-2021 14:35,1
331,1,100,5,500,166,1,02-01-2023 18:13,1
332,2,120,42,5040,166,1,10-04-2021 12:36,1
333,1,100,26,2600,167,1,15-11-2022 13:07,1
334,2,120,40,4800,167,1,06-01-2020 12:36,1
335,1,100,5,500,168,1,25-11-2023 18:45,1
336,2,120,10,1200,168,1,15-06-2023 11:00,1
337,1,100,31,3100,169,1,27-08-2023 14:11,1
338,2,120,11,1320,169,1,31-03-2023 13:58,1
339,1,100,35,3500,170,1,04-09-2023 12:34,1
340,2,120,24,2880,170,1,31-05-2021 12:13,1
341,1,100,2,200,171,1,18-02-2023 11:58,1
342,2,120,46,5520,171,1,27-03-2022 15:15,1
343,1,100,31,3100,172,1,15-05-2023 17:09,1
344,2,120,44,5280,172,1,13-10-2021 14:50,1
345,1,100,13,1300,173,1,24-01-2021 10:38,1
346,2,120,6,720,173,1,05-10-2022 19:27,1
347,1,100,38,3800,174,1,11-03-2022 11:52,1
348,2,120,36,4320,174,1,13-03-2020 16:05,1
349,1,100,31,3100,175,1,24-09-2019 15:05,1
350,2,120,26,3120,175,1,08-06-2020 16:54,1
351,1,100,9,900,176,1,14-04-2023 10:21,1
352,2,120,6,720,176,1,03-05-2021 10:44,1
353,1,100,17,1700,177,1,10-10-2019 11:30,1
354,2,120,19,2280,177,1,30-03-2022 11:32,1
355,1,100,5,500,178,1,14-07-2021 11:19,1
356,2,120,44,5280,178,1,17-05-2019 19:09,1
357,1,100,40,4000,179,1,25-04-2020 15:21,1
358,2,120,7,840,179,1,24-05-2022 18:10,1
359,1,100,31,3100,180,1,07-06-2019 18:52,1
360,2,120,19,2280,180,1,18-11-2022 18:30,1
361,1,100,38,3800,181,1,29-11-2023 18:40,1
362,2,120,46,5520,181,1,02-03-2020 11:10,1
363,1,100,33,3300,182,1,13-10-2019 10:14,1
364,2,120,45,5400,182,1,26-10-2022 18:27,1
365,1,100,35,3500,183,1,10-09-2020 10:55,1
366,2,120,8,960,183,1,14-03-2020 17:45,1
367,1,100,3,300,184,1,18-06-2020 16:10,1
368,2,120,27,3240,184,1,27-08-2021 14:07,1
369,1,100,6,600,185,1,16-08-2021 14:36,1
370,2,120,24,2880,185,1,28-12-2023 11:16,1
371,1,100,15,1500,186,1,26-04-2019 19:17,1
372,2,120,31,3720,186,1,26-10-2019 12:07,1
373,1,100,8,800,187,1,26-12-2019 12:31,1
374,2,120,38,4560,187,1,18-08-2019 17:57,1
375,1,100,19,1900,188,1,02-06-2019 10:18,1
376,2,120,24,2880,188,1,02-11-2022 19:06,1
377,1,100,9,900,189,1,31-03-2019 18:24,1
378,2,120,5,600,189,1,19-04-2021 19:22,1
379,1,100,29,2900,190,1,20-03-2022 17:55,1
380,2,120,49,5880,190,1,03-07-2019 14:15,1
381,1,100,32,3200,191,1,20-11-2019 11:02,1
382,2,120,46,5520,191,1,20-12-2023 11:55,1
383,1,100,4,400,192,1,10-06-2020 13:51,1
384,2,120,39,4680,192,1,08-01-2021 18:39,1
385,1,100,32,3200,193,1,29-04-2021 16:53,1
386,2,120,16,1920,193,1,19-05-2022 14:12,1
387,1,100,10,1000,194,1,13-08-2020 14:51,1
388,2,120,32,3840,194,1,25-05-2022 16:40,1
389,1,100,20,2000,195,1,19-01-2019 13:59,1
390,2,120,30,3600,195,1,19-08-2023 17:09,1
391,1,100,36,3600,196,1,06-07-2022 17:42,1
392,2,120,23,2760,196,1,15-05-2020 18:12,1
393,1,100,44,4400,197,1,02-06-2023 16:17,1
394,2,120,40,4800,197,1,31-03-2019 13:03,1
395,1,100,17,1700,198,1,30-11-2020 17:37,1
396,2,120,50,6000,198,1,09-11-2023 18:29,1
397,1,100,48,4800,199,1,07-03-2022 12:57,1
398,2,120,11,1320,199,1,11-12-2022 12:58,1
399,1,100,40,4000,200,1,12-07-2021 11:35,1
400,2,120,18,2160,200,1,09-08-2021 16:15,1
401,1,100,25,2500,201,1,10-09-2021 16:24,1
402,2,120,19,2280,201,1,09-01-2020 14:30,1
403,1,100,15,1500,202,1,11-11-2019 15:44,1
404,2,120,30,3600,202,1,04-04-2020 10:41,1
405,1,100,36,3600,203,1,25-07-2021 14:16,1
406,2,120,15,1800,203,1,28-12-2023 17:20,1
407,1,100,49,4900,204,1,06-06-2022 18:04,1
408,2,120,28,3360,204,1,10-01-2019 14:13,1
409,1,100,43,4300,205,1,31-05-2022 10:15,1
410,2,120,1,120,205,1,23-05-2020 12:39,1
411,1,100,3,300,206,1,03-04-2020 14:15,1
412,2,120,17,2040,206,1,22-03-2020 17:30,1
413,1,100,27,2700,207,1,10-09-2019 19:45,1
414,2,120,9,1080,207,1,03-12-2023 17:01,1
415,1,100,43,4300,208,1,10-08-2020 15:06,1
416,2,120,40,4800,208,1,09-08-2020 12:07,1
417,1,100,37,3700,209,1,15-11-2020 14:07,1
418,2,120,9,1080,209,1,08-08-2022 17:06,1
419,1,100,16,1600,210,1,27-02-2021 19:02,1
420,2,120,32,3840,210,1,20-11-2020 19:06,1
421,1,100,32,3200,211,1,27-01-2020 12:43,1
422,2,120,43,5160,211,1,02-10-2020 10:40,1
423,1,100,41,4100,212,1,08-11-2021 13:40,1
424,2,120,39,4680,212,1,07-08-2022 17:07,1
425,1,100,50,5000,213,1,20-05-2023 13:18,1
426,2,120,15,1800,213,1,25-02-2021 16:12,1
427,1,100,45,4500,214,1,04-05-2021 11:44,1
428,2,120,23,2760,214,1,01-06-2023 13:02,1
429,1,100,9,900,215,1,01-08-2021 17:20,1
430,2,120,15,1800,215,1,04-04-2020 13:43,1
431,1,100,2,200,216,1,01-08-2023 13:44,1
432,2,120,38,4560,216,1,17-01-2019 12:43,1
433,1,100,48,4800,217,1,19-11-2021 11:34,1
434,2,120,15,1800,217,1,03-03-2021 14:38,1
435,1,100,30,3000,218,1,13-08-2023 15:40,1
436,2,120,21,2520,218,1,05-08-2020 13:47,1
437,1,100,33,3300,219,1,23-05-2020 15:03,1
438,2,120,7,840,219,1,14-11-2021 16:45,1
439,1,100,29,2900,220,1,16-11-2019 12:07,1
440,2,120,26,3120,220,1,31-08-2020 16:45,1
441,1,100,14,1400,221,1,15-04-2019 16:54,1
442,2,120,26,3120,221,1,19-06-2023 19:08,1
443,1,100,48,4800,222,1,02-04-2019 15:41,1
444,2,120,9,1080,222,1,20-07-2021 17:20,1
445,1,100,42,4200,223,1,06-02-2021 16:51,1
446,2,120,8,960,223,1,16-03-2022 10:47,1
447,1,100,12,1200,224,1,20-10-2019 12:25,1
448,2,120,16,1920,224,1,24-01-2021 12:36,1
449,1,100,35,3500,225,1,13-03-2019 17:51,1
450,2,120,15,1800,225,1,11-06-2019 14:32,1
451,1,100,43,4300,226,1,23-06-2021 15:52,1
452,2,120,9,1080,226,1,29-11-2023 10:20,1
453,1,100,12,1200,227,1,29-12-2023 18:17,1
454,2,120,6,720,227,1,07-01-2020 14:22,1
455,1,100,20,2000,228,1,15-02-2020 16:21,1
456,2,120,15,1800,228,1,15-10-2023 18:34,1
457,1,100,37,3700,229,1,26-02-2023 16:01,1
458,2,120,9,1080,229,1,17-05-2021 10:40,1
459,1,100,49,4900,230,1,07-09-2019 10:19,1
460,2,120,10,1200,230,1,15-06-2021 16:49,1
461,1,100,19,1900,231,1,29-11-2023 15:36,1
462,2,120,28,3360,231,1,16-06-2023 19:16,1
463,1,100,50,5000,232,1,14-10-2019 19:01,1
464,2,120,44,5280,232,1,17-07-2020 13:34,1
465,1,100,42,4200,233,1,24-07-2023 11:51,1
466,2,120,38,4560,233,1,31-01-2023 11:42,1
467,1,100,16,1600,234,1,18-06-2019 16:07,1
468,2,120,15,1800,234,1,16-11-2021 16:34,1
469,1,100,11,1100,235,1,20-10-2019 14:43,1
470,2,120,28,3360,235,1,13-08-2020 18:40,1
471,1,100,11,1100,236,1,19-11-2023 12:50,1
472,2,120,39,4680,236,1,07-04-2023 12:29,1
473,1,100,31,3100,237,1,20-04-2019 13:21,1
474,2,120,14,1680,237,1,17-07-2023 12:18,1
475,1,100,44,4400,238,1,27-10-2019 10:19,1
476,2,120,5,600,238,1,02-08-2020 16:49,1
477,1,100,8,800,239,1,17-02-2022 10:43,1
478,2,120,42,5040,239,1,14-10-2023 12:30,1
479,1,100,31,3100,240,1,06-10-2019 16:39,1
480,2,120,24,2880,240,1,19-03-2020 15:43,1
481,1,100,22,2200,241,1,31-01-2023 13:09,1
482,2,120,18,2160,241,1,18-01-2022 18:00,1
483,1,100,17,1700,242,1,05-12-2019 15:08,1
484,2,120,26,3120,242,1,17-09-2021 17:01,1
485,1,100,38,3800,243,1,05-08-2020 11:58,1
486,2,120,23,2760,243,1,21-02-2019 16:32,1
487,1,100,13,1300,244,1,02-08-2019 17:25,1
488,2,120,35,4200,244,1,05-03-2021 14:39,1
489,1,100,46,4600,245,1,02-08-2023 14:22,1
490,2,120,12,1440,245,1,16-03-2022 18:48,1
491,1,100,33,3300,246,1,19-12-2022 15:01,1
492,2,120,28,3360,246,1,11-09-2019 18:55,1
493,1,100,19,1900,247,1,06-03-2019 11:11,1
494,2,120,40,4800,247,1,25-12-2022 14:12,1
495,1,100,18,1800,248,1,15-03-2023 18:15,1
496,2,120,40,4800,248,1,20-02-2019 19:36,1
497,1,100,9,900,249,1,16-02-2021 12:56,1
498,2,120,48,5760,249,1,17-02-2021 10:24,1
499,1,100,39,3900,250,1,27-01-2019 17:09,1
500,2,120,31,3720,250,1,17-01-2022 10:28,1
501,1,100,16,1600,251,1,10-01-2022 13:01,1
502,2,120,14,1680,251,1,24-12-2020 19:11,1
503,1,100,44,4400,252,1,08-08-2023 19:09,1
504,2,120,3,360,252,1,22-09-2022 15:46,1
505,1,100,25,2500,253,1,12-12-2021 18:03,1
506,2,120,3,360,253,1,11-04-2023 10:28,1
507,1,100,46,4600,254,1,29-04-2021 15:43,1
508,2,120,24,2880,254,1,19-10-2021 19:08,1
509,1,100,26,2600,255,1,27-12-2022 10:30,1
510,2,120,12,1440,255,1,12-02-2022 17:27,1
511,1,100,12,1200,256,1,15-06-2020 14:05,1
512,2,120,26,3120,256,1,29-07-2019 10:28,1
513,1,100,20,2000,257,1,07-01-2021 19:30,1
514,2,120,12,1440,257,1,30-04-2023 18:12,1
515,1,100,41,4100,258,1,07-01-2019 12:17,1
516,2,120,6,720,258,1,14-03-2019 14:31,1
517,1,100,50,5000,259,1,20-07-2023 13:14,1
518,2,120,22,2640,259,1,07-12-2023 17:38,1
519,1,100,31,3100,260,1,17-08-2022 16:14,1
520,2,120,29,3480,260,1,19-11-2023 10:39,1
521,1,100,49,4900,261,1,08-02-2021 13:49,1
522,2,120,11,1320,261,1,09-03-2020 19:34,1
523,1,100,24,2400,262,1,24-02-2023 12:26,1
524,2,120,3,360,262,1,30-03-2022 12:47,1
525,1,100,5,500,263,1,13-04-2019 11:08,1
526,2,120,41,4920,263,1,26-06-2021 19:19,1
527,1,100,23,2300,264,1,31-01-2019 12:23,1
528,2,120,4,480,264,1,28-03-2021 18:26,1
529,1,100,39,3900,265,1,01-01-2019 11:13,1
530,2,120,7,840,265,1,15-05-2023 14:52,1
531,1,100,34,3400,266,1,18-05-2020 18:19,1
532,2,120,25,3000,266,1,24-12-2021 11:39,1
533,1,100,31,3100,267,1,25-11-2023 15:22,1
534,2,120,6,720,267,1,22-10-2020 17:29,1
535,1,100,16,1600,268,1,27-03-2019 17:45,1
536,2,120,37,4440,268,1,04-06-2019 18:53,1
537,1,100,5,500,269,1,25-09-2022 12:01,1
538,2,120,13,1560,269,1,17-08-2022 17:00,1
539,1,100,7,700,270,1,22-02-2019 12:30,1
540,2,120,9,1080,270,1,31-10-2023 10:15,1
541,1,100,6,600,271,1,22-05-2020 17:36,1
542,2,120,35,4200,271,1,15-10-2019 13:22,1
543,1,100,5,500,272,1,06-09-2020 13:31,1
544,2,120,40,4800,272,1,04-03-2022 16:30,1
545,1,100,27,2700,273,1,07-09-2021 10:57,1
546,2,120,8,960,273,1,30-03-2022 18:39,1
547,1,100,8,800,274,1,06-10-2020 15:16,1
548,2,120,5,600,274,1,04-01-2019 11:50,1
549,1,100,20,2000,275,1,11-03-2021 11:14,1
550,2,120,3,360,275,1,03-02-2023 17:10,1
551,1,100,24,2400,276,1,29-11-2023 10:48,1
552,2,120,32,3840,276,1,06-01-2022 10:46,1
553,1,100,40,4000,277,1,05-08-2019 17:00,1
554,2,120,28,3360,277,1,29-06-2019 12:10,1
555,1,100,7,700,278,1,19-11-2023 10:28,1
556,2,120,20,2400,278,1,07-04-2020 16:04,1
557,1,100,33,3300,279,1,31-07-2019 14:46,1
558,2,120,14,1680,279,1,24-08-2022 11:11,1
559,1,100,9,900,280,1,17-07-2023 16:55,1
560,2,120,40,4800,280,1,21-05-2019 10:38,1
561,1,100,41,4100,281,1,31-07-2021 19:42,1
562,2,120,26,3120,281,1,17-06-2022 10:30,1
563,1,100,14,1400,282,1,15-08-2020 18:30,1
564,2,120,15,1800,282,1,01-09-2023 16:22,1
565,1,100,33,3300,283,1,16-08-2022 11:44,1
566,2,120,33,3960,283,1,21-05-2022 19:05,1
567,1,100,12,1200,284,1,14-07-2019 16:43,1
568,2,120,42,5040,284,1,31-12-2023 18:11,1
569,1,100,7,700,285,1,22-11-2022 17:14,1
570,2,120,37,4440,285,1,30-01-2020 12:05,1
571,1,100,48,4800,286,1,26-10-2021 17:51,1
572,2,120,19,2280,286,1,10-09-2022 18:49,1
573,1,100,2,200,287,1,02-03-2022 11:39,1
574,2,120,22,2640,287,1,13-11-2019 15:21,1
575,1,100,3,300,288,1,29-12-2020 12:34,1
576,2,120,9,1080,288,1,12-09-2023 11:59,1
577,1,100,25,2500,289,1,31-10-2021 11:24,1
578,2,120,2,240,289,1,27-12-2021 17:27,1
579,1,100,21,2100,290,1,07-06-2019 13:26,1
580,2,120,48,5760,290,1,01-08-2020 15:16,1
581,1,100,34,3400,291,1,25-05-2020 18:24,1
582,2,120,29,3480,291,1,11-11-2022 12:53,1
583,1,100,30,3000,292,1,08-04-2021 12:23,1
584,2,120,6,720,292,1,03-06-2021 13:29,1
585,1,100,13,1300,293,1,10-12-2020 14:53,1
586,2,120,7,840,293,1,25-01-2021 19:54,1
587,1,100,9,900,294,1,05-11-2020 18:41,1
588,2,120,16,1920,294,1,02-03-2023 19:09,1
589,1,100,49,4900,295,1,24-07-2023 11:32,1
590,2,120,17,2040,295,1,25-11-2021 12:29,1
591,1,100,49,4900,296,1,10-05-2020 16:40,1
592,2,120,36,4320,296,1,09-03-2023 11:36,1
593,1,100,45,4500,297,1,05-01-2019 19:40,1
594,2,120,6,720,297,1,08-09-2020 11:50,1
595,1,100,44,4400,298,1,28-02-2019 14:10,1
596,2,120,19,2280,298,1,09-05-2020 18:58,1
597,1,100,33,3300,299,1,10-06-2022 10:22,1
598,2,120,13,1560,299,1,08-11-2021 11:36,1
599,1,100,2,200,300,1,09-04-2020 11:20,1
600,2,120,31,3720,300,1,04-01-2019 12:49,1
601,1,100,17,1700,301,1,17-05-2023 15:29,1
602,2,120,35,4200,301,1,09-02-2021 14:05,1
603,1,100,3,300,302,1,12-09-2023 17:31,1
604,2,120,16,1920,302,1,17-05-2019 12:31,1
605,1,100,38,3800,303,1,18-07-2019 16:42,1
606,2,120,16,1920,303,1,20-07-2021 12:46,1
607,1,100,48,4800,304,1,17-02-2019 12:52,1
608,2,120,25,3000,304,1,13-11-2023 13:04,1
609,1,100,6,600,305,1,01-11-2023 13:40,1
610,2,120,22,2640,305,1,08-08-2021 12:38,1
611,1,100,18,1800,306,1,26-05-2021 19:55,1
612,2,120,33,3960,306,1,07-05-2022 10:39,1
613,1,100,44,4400,307,1,21-03-2023 13:34,1
614,2,120,11,1320,307,1,14-08-2019 12:33,1
615,1,100,12,1200,308,1,30-11-2023 19:17,1
616,2,120,5,600,308,1,26-08-2023 17:19,1
617,1,100,39,3900,309,1,26-07-2020 14:57,1
618,2,120,22,2640,309,1,03-12-2022 13:23,1
619,1,100,26,2600,310,1,26-06-2023 17:00,1
620,2,120,36,4320,310,1,15-05-2022 16:50,1
621,1,100,41,4100,311,1,17-06-2022 10:55,1
622,2,120,14,1680,311,1,24-09-2023 11:27,1
623,1,100,12,1200,312,1,23-11-2020 18:41,1
624,2,120,3,360,312,1,21-11-2020 14:36,1
625,1,100,1,100,313,1,05-04-2019 18:37,1
626,2,120,15,1800,313,1,27-06-2020 13:20,1
627,1,100,16,1600,314,1,05-05-2022 16:20,1
628,2,120,5,600,314,1,18-07-2022 10:06,1
629,1,100,25,2500,315,1,31-07-2020 19:16,1
630,2,120,47,5640,315,1,12-12-2023 12:14,1
631,1,100,42,4200,316,1,15-04-2021 10:17,1
632,2,120,39,4680,316,1,20-10-2021 12:35,1
633,1,100,42,4200,317,1,20-11-2021 16:45,1
634,2,120,10,1200,317,1,06-02-2019 10:34,1
635,1,100,49,4900,318,1,19-04-2020 19:34,1
636,2,120,39,4680,318,1,16-02-2022 18:26,1
637,1,100,47,4700,319,1,15-12-2021 17:24,1
638,2,120,11,1320,319,1,30-01-2020 12:12,1
639,1,100,33,3300,320,1,07-09-2022 11:39,1
640,2,120,8,960,320,1,01-02-2023 12:39,1
641,1,100,19,1900,321,1,09-10-2023 17:13,1
642,2,120,48,5760,321,1,13-04-2020 18:50,1
643,1,100,19,1900,322,1,05-05-2022 10:47,1
644,2,120,32,3840,322,1,18-10-2019 17:37,1
645,1,100,14,1400,323,1,14-08-2022 10:52,1
646,2,120,19,2280,323,1,11-06-2019 18:54,1
647,1,100,25,2500,324,1,21-06-2022 13:44,1
648,2,120,50,6000,324,1,15-01-2023 12:08,1
649,1,100,43,4300,325,1,19-09-2021 15:44,1
650,2,120,17,2040,325,1,05-03-2023 16:31,1
651,1,100,46,4600,326,1,07-05-2019 12:16,1
652,2,120,50,6000,326,1,14-03-2019 11:35,1
653,1,100,17,1700,327,1,12-07-2019 16:32,1
654,2,120,24,2880,327,1,18-02-2019 10:19,1
655,1,100,28,2800,328,1,12-12-2022 17:14,1
656,2,120,12,1440,328,1,18-11-2023 10:00,1
657,1,100,43,4300,329,1,17-01-2020 10:43,1
658,2,120,39,4680,329,1,15-02-2021 13:57,1
659,1,100,25,2500,330,1,12-07-2022 15:44,1
660,2,120,47,5640,330,1,21-10-2019 16:20,1
661,1,100,45,4500,331,1,21-06-2023 14:40,1
662,2,120,26,3120,331,1,29-07-2022 15:35,1
663,1,100,37,3700,332,1,28-04-2023 13:44,1
664,2,120,3,360,332,1,03-09-2019 18:56,1
665,1,100,19,1900,333,1,20-08-2023 18:01,1
666,2,120,20,2400,333,1,31-01-2023 13:56,1
667,1,100,26,2600,334,1,20-03-2020 16:39,1
668,2,120,37,4440,334,1,22-08-2020 19:46,1
669,1,100,44,4400,335,1,17-01-2022 19:20,1
670,2,120,39,4680,335,1,21-03-2021 12:49,1
671,1,100,2,200,336,1,01-10-2020 12:41,1
672,2,120,34,4080,336,1,24-01-2021 18:31,1
673,1,100,2,200,337,1,16-08-2020 17:04,1
674,2,120,24,2880,337,1,02-06-2019 15:38,1
675,1,100,14,1400,338,1,29-08-2019 15:25,1
676,2,120,11,1320,338,1,23-12-2022 11:10,1
677,1,100,19,1900,339,1,24-06-2022 15:36,1
678,2,120,30,3600,339,1,03-09-2019 14:50,1
679,1,100,11,1100,340,1,02-03-2023 11:53,1
680,2,120,36,4320,340,1,06-02-2023 17:06,1
681,1,100,5,500,341,1,12-02-2019 10:54,1
682,2,120,6,720,341,1,14-12-2021 11:33,1
683,1,100,36,3600,342,1,13-11-2019 16:38,1
684,2,120,9,1080,342,1,03-07-2019 11:28,1
685,1,100,7,700,343,1,27-11-2019 11:13,1
686,2,120,34,4080,343,1,23-08-2022 12:11,1
687,1,100,24,2400,344,1,26-10-2023 18:46,1
688,2,120,23,2760,344,1,06-03-2023 17:30,1
689,1,100,10,1000,345,1,12-01-2020 12:55,1
690,2,120,28,3360,345,1,05-02-2019 15:15,1
691,1,100,6,600,346,1,09-10-2023 11:33,1
692,2,120,50,6000,346,1,04-08-2019 12:15,1
693,1,100,2,200,347,1,29-08-2022 14:34,1
694,2,120,22,2640,347,1,12-01-2021 13:31,1
695,1,100,11,1100,348,1,08-01-2023 10:30,1
696,2,120,44,5280,348,1,25-01-2019 15:36,1
697,1,100,29,2900,349,1,23-04-2021 14:55,1
698,2,120,26,3120,349,1,01-08-2021 16:48,1
699,1,100,26,2600,350,1,12-11-2023 16:16,1
700,2,120,33,3960,350,1,27-12-2020 17:16,1
701,1,100,2,200,351,1,26-07-2021 16:31,1
702,2,120,5,600,351,1,14-12-2021 16:51,1
703,1,100,21,2100,352,1,17-10-2021 14:58,1
704,2,120,35,4200,352,1,02-11-2022 19:45,1
705,1,100,12,1200,353,1,23-08-2019 13:52,1
706,2,120,3,360,353,1,16-09-2023 10:54,1
707,1,100,13,1300,354,1,11-12-2022 11:47,1
708,2,120,21,2520,354,1,28-01-2019 18:47,1
709,1,100,39,3900,355,1,20-11-2022 13:13,1
710,2,120,30,3600,355,1,30-03-2020 15:35,1
711,1,100,17,1700,356,1,30-09-2021 11:38,1
712,2,120,6,720,356,1,02-04-2021 19:49,1
713,1,100,21,2100,357,1,03-08-2021 16:45,1
714,2,120,40,4800,357,1,28-09-2022 19:50,1
715,1,100,10,1000,358,1,02-12-2019 18:36,1
716,2,120,7,840,358,1,05-08-2020 13:26,1
717,1,100,26,2600,359,1,31-07-2019 14:45,1
718,2,120,47,5640,359,1,14-10-2019 15:29,1
719,1,100,37,3700,360,1,24-11-2019 19:08,1
720,2,120,10,1200,360,1,13-06-2023 10:56,1
721,1,100,5,500,361,1,05-11-2023 12:45,1
722,2,120,12,1440,361,1,28-07-2022 16:55,1
723,1,100,47,4700,362,1,25-11-2021 15:37,1
724,2,120,21,2520,362,1,22-02-2019 10:50,1
725,1,100,41,4100,363,1,07-04-2023 13:44,1
726,2,120,17,2040,363,1,08-11-2021 16:41,1
727,1,100,18,1800,364,1,20-03-2022 13:13,1
728,2,120,13,1560,364,1,09-09-2019 19:19,1
729,1,100,35,3500,365,1,22-11-2020 14:19,1
730,2,120,28,3360,365,1,08-02-2020 18:56,1
731,1,100,24,2400,366,1,12-07-2020 15:31,1
732,2,120,37,4440,366,1,28-06-2020 10:50,1
733,1,100,14,1400,367,1,15-02-2020 12:04,1
734,2,120,15,1800,367,1,09-02-2023 15:28,1
735,1,100,48,4800,368,1,18-10-2021 14:58,1
736,2,120,4,480,368,1,16-04-2023 19:57,1
737,1,100,45,4500,369,1,08-07-2020 17:52,1
738,2,120,42,5040,369,1,23-05-2019 14:07,1
739,1,100,27,2700,370,1,25-02-2022 11:27,1
740,2,120,6,720,370,1,18-11-2022 16:42,1
741,1,100,1,100,371,1,22-08-2022 15:11,1
742,2,120,7,840,371,1,01-11-2020 10:45,1
743,1,100,13,1300,372,1,23-03-2021 13:02,1
744,2,120,33,3960,372,1,20-10-2019 14:59,1
745,1,100,16,1600,373,1,04-11-2023 13:38,1
746,2,120,22,2640,373,1,03-11-2023 13:22,1
747,1,100,30,3000,374,1,16-03-2023 18:45,1
748,2,120,4,480,374,1,07-07-2020 14:18,1
749,1,100,13,1300,375,1,18-07-2020 12:37,1
750,2,120,39,4680,375,1,05-12-2023 16:25,1
751,1,100,46,4600,376,1,21-10-2022 16:36,1
752,2,120,2,240,376,1,09-03-2021 14:22,1
753,1,100,25,2500,377,1,03-06-2023 19:13,1
754,2,120,20,2400,377,1,29-01-2019 11:09,1
755,1,100,41,4100,378,1,12-09-2021 19:19,1
756,2,120,31,3720,378,1,25-02-2023 13:56,1
757,1,100,36,3600,379,1,06-03-2022 10:36,1
758,2,120,23,2760,379,1,26-10-2020 18:26,1
759,1,100,9,900,380,1,03-12-2021 12:20,1
760,2,120,50,6000,380,1,17-12-2020 17:53,1
761,1,100,17,1700,381,1,14-04-2020 18:43,1
762,2,120,24,2880,381,1,29-03-2021 11:55,1
763,1,100,41,4100,382,1,04-10-2022 14:50,1
764,2,120,3,360,382,1,20-01-2019 17:20,1
765,1,100,36,3600,383,1,07-09-2020 17:57,1
766,2,120,36,4320,383,1,25-06-2019 14:53,1
767,1,100,49,4900,384,1,21-05-2020 17:50,1
768,2,120,48,5760,384,1,26-12-2019 11:44,1
769,1,100,21,2100,385,1,11-08-2021 19:54,1
770,2,120,13,1560,385,1,09-01-2020 18:18,1
771,1,100,39,3900,386,1,11-11-2019 19:12,1
772,2,120,46,5520,386,1,20-12-2020 17:09,1
773,1,100,40,4000,387,1,03-02-2021 13:27,1
774,2,120,5,600,387,1,20-06-2022 16:45,1
775,1,100,34,3400,388,1,06-05-2023 10:12,1
776,2,120,50,6000,388,1,02-03-2022 10:03,1
777,1,100,32,3200,389,1,30-09-2023 15:31,1
778,2,120,24,2880,389,1,12-04-2020 19:07,1
779,1,100,34,3400,390,1,30-11-2023 19:33,1
780,2,120,47,5640,390,1,13-02-2021 17:03,1
781,1,100,9,900,391,1,23-04-2019 19:28,1
782,2,120,2,240,391,1,05-01-2019 18:19,1
783,1,100,16,1600,392,1,30-11-2021 15:00,1
784,2,120,47,5640,392,1,31-12-2023 13:12,1
785,1,100,36,3600,393,1,10-07-2023 16:54,1
786,2,120,34,4080,393,1,29-08-2019 16:41,1
787,1,100,3,300,394,1,01-10-2022 15:21,1
788,2,120,32,3840,394,1,14-04-2022 15:54,1
789,1,100,2,200,395,1,05-02-2020 15:40,1
790,2,120,14,1680,395,1,25-04-2020 10:44,1
791,1,100,31,3100,396,1,27-06-2019 12:00,1
792,2,120,29,3480,396,1,08-08-2022 19:38,1
793,1,100,43,4300,397,1,30-06-2022 14:39,1
794,2,120,15,1800,397,1,08-11-2022 13:57,1
795,1,100,38,3800,398,1,20-01-2022 14:01,1
796,2,120,10,1200,398,1,25-12-2020 10:29,1
797,1,100,24,2400,399,1,17-08-2023 16:21,1
798,2,120,15,1800,399,1,16-10-2023 13:45,1
799,1,100,20,2000,400,1,16-05-2020 14:17,1
800,2,120,41,4920,400,1,09-03-2019 11:17,1
801,1,100,46,4600,401,1,14-10-2022 10:50,1
802,2,120,46,5520,401,1,14-09-2022 16:44,1
803,1,100,15,1500,402,1,31-08-2020 12:13,1
804,2,120,4,480,402,1,21-09-2020 15:19,1
805,1,100,20,2000,403,1,15-12-2022 16:50,1
806,2,120,43,5160,403,1,20-07-2020 13:35,1
807,1,100,41,4100,404,1,08-10-2023 14:47,1
808,2,120,18,2160,404,1,22-07-2020 19:39,1
809,1,100,31,3100,405,1,22-04-2019 17:46,1
810,2,120,38,4560,405,1,10-07-2020 17:21,1
811,1,100,34,3400,406,1,22-11-2022 19:14,1
812,2,120,19,2280,406,1,25-06-2022 14:25,1
813,1,100,49,4900,407,1,07-08-2020 13:44,1
814,2,120,22,2640,407,1,23-10-2023 14:08,1
815,1,100,35,3500,408,1,11-02-2022 14:00,1
816,2,120,48,5760,408,1,05-12-2022 15:11,1
817,1,100,43,4300,409,1,14-05-2021 10:12,1
818,2,120,25,3000,409,1,01-03-2020 19:35,1
819,1,100,45,4500,410,1,12-06-2023 14:05,1
820,2,120,38,4560,410,1,10-09-2022 12:00,1
821,1,100,49,4900,411,1,24-10-2020 11:23,1
822,2,120,22,2640,411,1,13-09-2021 13:50,1
823,1,100,31,3100,412,1,05-01-2021 17:04,1
824,2,120,44,5280,412,1,03-12-2021 14:41,1
825,1,100,45,4500,413,1,18-07-2021 15:31,1
826,2,120,19,2280,413,1,19-06-2021 13:57,1
827,1,100,18,1800,414,1,17-02-2019 11:21,1
828,2,120,9,1080,414,1,01-04-2020 11:14,1
829,1,100,5,500,415,1,08-07-2020 19:23,1
830,2,120,30,3600,415,1,23-04-2023 13:41,1
831,1,100,17,1700,416,1,08-03-2021 19:55,1
832,2,120,41,4920,416,1,06-01-2022 14:37,1
833,1,100,31,3100,417,1,17-02-2021 14:27,1
834,2,120,25,3000,417,1,16-06-2023 16:11,1
835,1,100,38,3800,418,1,12-08-2019 12:54,1
836,2,120,15,1800,418,1,09-10-2022 18:46,1
837,1,100,7,700,419,1,10-03-2022 13:42,1
838,2,120,7,840,419,1,06-02-2022 12:57,1
839,1,100,35,3500,420,1,11-11-2023 11:31,1
840,2,120,10,1200,420,1,04-07-2023 12:47,1
841,1,100,7,700,421,1,25-06-2019 10:13,1
842,2,120,26,3120,421,1,16-05-2022 18:04,1
843,1,100,7,700,422,1,23-03-2020 18:15,1
844,2,120,26,3120,422,1,19-12-2021 11:05,1
845,1,100,37,3700,423,1,11-09-2019 11:24,1
846,2,120,32,3840,423,1,20-07-2023 18:24,1
847,1,100,21,2100,424,1,18-05-2020 19:10,1
848,2,120,30,3600,424,1,06-07-2022 18:24,1
849,1,100,15,1500,425,1,16-12-2022 18:57,1
850,2,120,16,1920,425,1,30-05-2019 16:39,1
851,1,100,32,3200,426,1,27-12-2023 12:42,1
852,2,120,33,3960,426,1,07-04-2021 12:52,1
853,1,100,48,4800,427,1,17-07-2020 16:55,1
854,2,120,33,3960,427,1,27-04-2022 15:53,1
855,1,100,1,100,428,1,16-10-2021 13:13,1
856,2,120,5,600,428,1,23-04-2022 13:06,1
857,1,100,39,3900,429,1,25-11-2020 16:17,1
858,2,120,27,3240,429,1,23-05-2021 17:05,1
859,1,100,17,1700,430,1,18-11-2020 16:07,1
860,2,120,11,1320,430,1,31-08-2023 10:57,1
861,1,100,21,2100,431,1,22-05-2021 19:57,1
862,2,120,2,240,431,1,30-01-2023 13:11,1
863,1,100,1,100,432,1,23-08-2020 10:38,1
864,2,120,11,1320,432,1,19-11-2023 11:29,1
865,1,100,16,1600,433,1,08-10-2022 17:35,1
866,2,120,50,6000,433,1,01-04-2023 12:20,1
867,1,100,29,2900,434,1,02-07-2020 13:26,1
868,2,120,28,3360,434,1,23-08-2023 15:20,1
869,1,100,12,1200,435,1,15-08-2022 16:10,1
870,2,120,23,2760,435,1,28-06-2021 13:11,1
871,1,100,39,3900,436,1,06-09-2022 10:13,1
872,2,120,3,360,436,1,04-12-2019 10:05,1
873,1,100,27,2700,437,1,01-03-2023 15:33,1
874,2,120,31,3720,437,1,06-07-2019 10:11,1
875,1,100,35,3500,438,1,02-07-2021 19:20,1
876,2,120,43,5160,438,1,01-07-2019 11:56,1
877,1,100,17,1700,439,1,26-01-2019 15:57,1
878,2,120,8,960,439,1,12-09-2023 12:11,1
879,1,100,36,3600,440,1,10-05-2023 10:11,1
880,2,120,33,3960,440,1,31-10-2023 10:07,1
881,1,100,47,4700,441,1,07-04-2020 19:31,1
882,2,120,27,3240,441,1,25-11-2022 14:57,1
883,1,100,17,1700,442,1,01-01-2021 11:06,1
884,2,120,36,4320,442,1,17-04-2020 15:06,1
885,1,100,25,2500,443,1,05-11-2022 18:27,1
886,2,120,2,240,443,1,26-11-2021 12:53,1
887,1,100,38,3800,444,1,08-04-2020 13:33,1
888,2,120,3,360,444,1,04-09-2021 19:49,1
889,1,100,34,3400,445,1,30-04-2020 15:07,1
890,2,120,10,1200,445,1,22-06-2021 17:10,1
891,1,100,41,4100,446,1,28-12-2021 13:39,1
892,2,120,34,4080,446,1,04-12-2022 14:03,1
893,1,100,22,2200,447,1,13-06-2020 12:38,1
894,2,120,14,1680,447,1,03-04-2022 16:26,1
895,1,100,8,800,448,1,18-06-2023 19:10,1
896,2,120,41,4920,448,1,12-04-2020 11:17,1
897,1,100,8,800,449,1,24-01-2020 16:40,1
898,2,120,43,5160,449,1,31-05-2022 15:10,1
899,1,100,20,2000,450,1,02-12-2019 14:23,1
900,2,120,32,3840,450,1,18-02-2023 11:31,1
901,1,100,19,1900,451,1,20-05-2023 19:07,1
902,2,120,24,2880,451,1,07-09-2020 16:47,1
903,1,100,45,4500,452,1,12-06-2019 16:12,1
904,2,120,24,2880,452,1,25-08-2021 13:44,1
905,1,100,32,3200,453,1,14-01-2019 13:04,1
906,2,120,36,4320,453,1,22-11-2019 14:46,1
907,1,100,3,300,454,1,14-08-2023 11:14,1
908,2,120,36,4320,454,1,14-01-2023 19:49,1
909,1,100,37,3700,455,1,21-10-2023 10:19,1
910,2,120,5,600,455,1,14-05-2020 14:06,1
911,1,100,46,4600,456,1,02-12-2021 18:03,1
912,2,120,19,2280,456,1,20-11-2022 18:55,1
913,1,100,7,700,457,1,30-11-2021 13:32,1
914,2,120,38,4560,457,1,24-03-2022 10:40,1
915,1,100,17,1700,458,1,21-05-2022 12:35,1
916,2,120,40,4800,458,1,22-05-2019 12:56,1
917,1,100,19,1900,459,1,28-04-2023 17:52,1
918,2,120,18,2160,459,1,30-05-2019 19:59,1
919,1,100,39,3900,460,1,05-05-2020 16:29,1
920,2,120,33,3960,460,1,14-04-2023 14:36,1
921,1,100,18,1800,461,1,05-03-2019 12:05,1
922,2,120,18,2160,461,1,23-04-2020 16:40,1
923,1,100,50,5000,462,1,28-02-2023 15:07,1
924,2,120,40,4800,462,1,17-01-2023 12:06,1
925,1,100,21,2100,463,1,18-08-2022 15:36,1
926,2,120,17,2040,463,1,10-09-2019 15:16,1
927,1,100,15,1500,464,1,07-01-2023 12:37,1
928,2,120,8,960,464,1,07-08-2022 11:04,1
929,1,100,18,1800,465,1,25-05-2022 18:37,1
930,2,120,13,1560,465,1,12-11-2023 16:46,1
931,1,100,12,1200,466,1,01-08-2021 10:28,1
932,2,120,24,2880,466,1,05-12-2021 17:47,1
933,1,100,48,4800,467,1,05-10-2020 15:03,1
934,2,120,24,2880,467,1,18-11-2022 13:04,1
935,1,100,41,4100,468,1,10-07-2022 13:00,1
936,2,120,28,3360,468,1,27-07-2021 16:14,1
937,1,100,28,2800,469,1,12-09-2020 12:42,1
938,2,120,42,5040,469,1,29-05-2019 12:11,1
939,1,100,35,3500,470,1,14-05-2023 16:59,1
940,2,120,18,2160,470,1,22-04-2022 18:41,1
941,1,100,30,3000,471,1,21-08-2022 10:29,1
942,2,120,24,2880,471,1,11-11-2019 17:32,1
943,1,100,6,600,472,1,25-10-2020 18:48,1
944,2,120,10,1200,472,1,22-01-2022 16:30,1
945,1,100,15,1500,473,1,04-10-2019 11:01,1
946,2,120,19,2280,473,1,08-05-2020 13:51,1
947,1,100,21,2100,474,1,26-10-2019 18:12,1
948,2,120,15,1800,474,1,23-09-2019 10:33,1
949,1,100,28,2800,475,1,04-04-2019 13:24,1
950,2,120,42,5040,475,1,16-01-2019 17:01,1
951,1,100,12,1200,476,1,08-11-2022 17:04,1
952,2,120,3,360,476,1,04-09-2021 18:42,1
953,1,100,18,1800,477,1,14-10-2022 10:53,1
954,2,120,28,3360,477,1,09-06-2019 19:33,1
955,1,100,10,1000,478,1,29-09-2022 12:35,1
956,2,120,4,480,478,1,03-01-2020 13:17,1
957,1,100,13,1300,479,1,01-05-2023 18:01,1
958,2,120,35,4200,479,1,18-07-2023 18:14,1
959,1,100,16,1600,480,1,08-10-2020 14:06,1
960,2,120,10,1200,480,1,09-09-2022 14:57,1
961,1,100,24,2400,481,1,03-05-2020 12:34,1
962,2,120,25,3000,481,1,11-04-2020 14:10,1
963,1,100,1,100,482,1,31-10-2019 15:48,1
964,2,120,1,120,482,1,09-11-2019 19:23,1
965,1,100,9,900,483,1,10-11-2022 16:03,1
966,2,120,1,120,483,1,28-07-2021 16:46,1
967,1,100,15,1500,484,1,09-07-2021 13:10,1
968,2,120,40,4800,484,1,04-01-2020 14:57,1
969,1,100,11,1100,485,1,26-07-2020 15:25,1
970,2,120,46,5520,485,1,29-11-2022 14:13,1
971,1,100,19,1900,486,1,21-07-2023 12:26,1
972,2,120,1,120,486,1,03-10-2019 18:45,1
973,1,100,36,3600,487,1,13-10-2021 18:29,1
974,2,120,21,2520,487,1,05-09-2020 15:17,1
975,1,100,4,400,488,1,07-12-2022 17:15,1
976,2,120,4,480,488,1,02-07-2020 11:47,1
977,1,100,30,3000,489,1,10-02-2022 15:35,1
978,2,120,14,1680,489,1,06-03-2022 16:38,1
979,1,100,1,100,490,1,25-02-2023 13:56,1
980,2,120,37,4440,490,1,08-01-2019 17:23,1
981,1,100,27,2700,491,1,20-02-2021 13:06,1
982,2,120,45,5400,491,1,20-12-2020 16:05,1
983,1,100,1,100,492,1,21-09-2023 18:29,1
984,2,120,1,120,492,1,10-02-2019 18:53,1
985,1,100,16,1600,493,1,22-11-2022 12:02,1
986,2,120,36,4320,493,1,29-11-2019 13:32,1
987,1,100,8,800,494,1,09-07-2021 15:46,1
988,2,120,45,5400,494,1,15-08-2023 18:29,1
989,1,100,33,3300,495,1,30-09-2019 14:44,1
990,2,120,50,6000,495,1,27-07-2019 15:19,1
991,1,100,21,2100,496,1,07-09-2021 15:29,1
992,2,120,35,4200,496,1,27-05-2023 17:24,1
993,1,100,23,2300,497,1,06-12-2021 13:39,1
994,2,120,17,2040,497,1,23-09-2023 16:25,1
995,1,100,6,600,498,1,13-06-2023 16:10,1
996,2,120,14,1680,498,1,22-10-2021 15:31,1
997,1,100,43,4300,499,1,05-06-2019 16:25,1
998,2,120,43,5160,499,1,28-10-2022 19:59,1
999,1,100,33,3300,500,1,19-04-2022 14:29,1
1000,2,120,5,600,500,1,30-05-2020 15:35,1
1001,1,100,25,2500,501,1,21-07-2020 13:51,1
1002,2,120,44,5280,501,1,03-11-2021 13:00,1
1003,1,100,18,1800,502,1,12-05-2019 18:40,1
1004,2,120,47,5640,502,1,29-03-2022 19:30,1
1005,1,100,28,2800,503,1,06-10-2022 15:33,1
1006,2,120,16,1920,503,1,02-09-2021 14:50,1
1007,1,100,20,2000,504,1,24-08-2019 15:50,1
1008,2,120,22,2640,504,1,05-12-2019 19:31,1
1009,1,100,4,400,505,1,31-05-2023 16:43,1
1010,2,120,45,5400,505,1,05-03-2023 18:01,1
1011,1,100,17,1700,506,1,27-03-2019 19:47,1
1012,2,120,39,4680,506,1,29-06-2019 10:21,1
1013,1,100,32,3200,507,1,09-04-2019 12:27,1
1014,2,120,33,3960,507,1,29-07-2019 12:38,1
1015,1,100,46,4600,508,1,16-10-2020 16:06,1
1016,2,120,25,3000,508,1,30-09-2020 16:14,1
1017,1,100,36,3600,509,1,13-01-2021 18:28,1
1018,2,120,30,3600,509,1,27-04-2021 15:54,1
1019,1,100,11,1100,510,1,17-01-2019 11:20,1
1020,2,120,45,5400,510,1,10-08-2019 14:47,1
1021,1,100,49,4900,511,1,01-01-2021 10:46,1
1022,2,120,14,1680,511,1,06-02-2023 10:38,1
1023,1,100,6,600,512,1,05-10-2023 12:20,1
1024,2,120,28,3360,512,1,09-07-2020 14:13,1
1025,1,100,15,1500,513,1,22-10-2019 18:06,1
1026,2,120,29,3480,513,1,13-07-2020 10:01,1
1027,1,100,17,1700,514,1,25-01-2023 17:41,1
1028,2,120,49,5880,514,1,06-03-2021 19:12,1
1029,1,100,46,4600,515,1,19-08-2021 19:39,1
1030,2,120,26,3120,515,1,27-09-2021 16:29,1
1031,1,100,14,1400,516,1,09-09-2020 13:32,1
1032,2,120,12,1440,516,1,19-02-2019 10:38,1
1033,1,100,20,2000,517,1,22-02-2022 11:05,1
1034,2,120,4,480,517,1,06-03-2023 11:12,1
1035,1,100,20,2000,518,1,20-01-2021 18:20,1
1036,2,120,41,4920,518,1,09-09-2019 11:48,1
1037,1,100,9,900,519,1,31-07-2021 17:34,1
1038,2,120,42,5040,519,1,24-08-2022 19:43,1
1039,1,100,39,3900,520,1,25-01-2019 17:59,1
1040,2,120,6,720,520,1,05-04-2021 14:25,1
1041,1,100,44,4400,521,1,03-02-2023 10:34,1
1042,2,120,20,2400,521,1,08-08-2022 17:42,1
1043,1,100,48,4800,522,1,03-11-2019 14:10,1
1044,2,120,32,3840,522,1,04-01-2022 16:18,1
1045,1,100,8,800,523,1,15-12-2021 17:30,1
1046,2,120,43,5160,523,1,24-04-2022 16:00,1
1047,1,100,10,1000,524,1,11-09-2020 11:50,1
1048,2,120,44,5280,524,1,28-10-2021 16:28,1
1049,1,100,35,3500,525,1,23-01-2020 15:46,1
1050,2,120,28,3360,525,1,31-05-2022 16:53,1
1051,1,100,38,3800,526,1,19-02-2021 19:12,1
1052,2,120,45,5400,526,1,14-03-2021 19:47,1
1053,1,100,49,4900,527,1,29-08-2020 19:49,1
1054,2,120,11,1320,527,1,09-10-2021 18:10,1
1055,1,100,5,500,528,1,04-08-2022 18:29,1
1056,2,120,11,1320,528,1,09-02-2022 15:20,1
1057,1,100,44,4400,529,1,25-11-2023 12:29,1
1058,2,120,10,1200,529,1,20-09-2019 18:40,1
1059,1,100,11,1100,530,1,04-01-2023 13:25,1
1060,2,120,29,3480,530,1,17-07-2022 17:04,1
1061,1,100,41,4100,531,1,19-06-2019 19:07,1
1062,2,120,29,3480,531,1,01-02-2022 16:04,1
1063,1,100,48,4800,532,1,06-01-2021 10:44,1
1064,2,120,14,1680,532,1,02-01-2021 10:58,1
1065,1,100,11,1100,533,1,09-09-2022 12:07,1
1066,2,120,40,4800,533,1,09-01-2019 16:37,1
1067,1,100,40,4000,534,1,09-11-2023 10:08,1
1068,2,120,3,360,534,1,15-07-2021 11:45,1
1069,1,100,23,2300,535,1,21-07-2023 11:06,1
1070,2,120,9,1080,535,1,11-11-2022 11:06,1
1071,1,100,16,1600,536,1,09-10-2020 14:50,1
1072,2,120,45,5400,536,1,03-12-2021 11:18,1
1073,1,100,40,4000,537,1,02-09-2019 18:51,1
1074,2,120,32,3840,537,1,24-10-2022 11:06,1
1075,1,100,15,1500,538,1,26-10-2019 16:04,1
1076,2,120,33,3960,538,1,16-11-2023 16:49,1
1077,1,100,12,1200,539,1,29-09-2021 15:25,1
1078,2,120,44,5280,539,1,06-04-2021 13:39,1
1079,1,100,49,4900,540,1,26-04-2020 11:58,1
1080,2,120,41,4920,540,1,28-04-2019 12:21,1
1081,1,100,46,4600,541,1,24-03-2022 10:34,1
1082,2,120,9,1080,541,1,09-03-2023 15:29,1
1083,1,100,11,1100,542,1,04-06-2019 13:09,1
1084,2,120,9,1080,542,1,05-09-2023 12:21,1
1085,1,100,21,2100,543,1,04-12-2020 10:32,1
1086,2,120,31,3720,543,1,15-08-2022 14:23,1
1087,1,100,17,1700,544,1,10-10-2019 13:45,1
1088,2,120,28,3360,544,1,22-07-2023 14:46,1
1089,1,100,38,3800,545,1,08-11-2019 17:51,1
1090,2,120,1,120,545,1,25-10-2022 10:06,1
1091,1,100,22,2200,546,1,08-06-2022 18:19,1
1092,2,120,14,1680,546,1,27-08-2020 13:51,1
1093,1,100,17,1700,547,1,30-06-2023 15:59,1
1094,2,120,26,3120,547,1,03-05-2022 17:32,1
1095,1,100,15,1500,548,1,11-04-2020 18:49,1
1096,2,120,41,4920,548,1,14-08-2021 13:16,1
1097,1,100,35,3500,549,1,14-07-2020 17:17,1
1098,2,120,10,1200,549,1,11-04-2020 14:28,1
1099,1,100,26,2600,550,1,07-09-2023 12:32,1
1100,2,120,37,4440,550,1,06-11-2022 14:04,1
1101,1,100,41,4100,551,1,26-03-2019 16:41,1
1102,2,120,10,1200,551,1,11-09-2021 16:16,1
1103,1,100,16,1600,552,1,08-10-2020 14:24,1
1104,2,120,44,5280,552,1,30-07-2020 13:36,1
1105,1,100,35,3500,553,1,13-02-2023 10:26,1
1106,2,120,11,1320,553,1,04-07-2022 18:55,1
1107,1,100,35,3500,554,1,28-04-2019 14:34,1
1108,2,120,33,3960,554,1,17-01-2020 17:50,1
1109,1,100,36,3600,555,1,10-07-2021 15:38,1
1110,2,120,4,480,555,1,21-12-2019 11:08,1
1111,1,100,18,1800,556,1,04-12-2022 19:53,1
1112,2,120,3,360,556,1,14-04-2022 19:37,1
1113,1,100,5,500,557,1,10-04-2023 11:22,1
1114,2,120,21,2520,557,1,22-02-2022 18:43,1
1115,1,100,37,3700,558,1,23-11-2023 15:41,1
1116,2,120,10,1200,558,1,24-10-2021 17:44,1
1117,1,100,40,4000,559,1,07-09-2019 12:25,1
1118,2,120,15,1800,559,1,30-06-2020 17:13,1
1119,1,100,25,2500,560,1,28-07-2019 18:26,1
1120,2,120,7,840,560,1,07-04-2023 13:13,1
1121,1,100,45,4500,561,1,26-03-2019 12:48,1
1122,2,120,38,4560,561,1,20-03-2020 19:08,1
1123,1,100,43,4300,562,1,17-04-2021 13:48,1
1124,2,120,24,2880,562,1,28-01-2021 16:49,1
1125,1,100,49,4900,563,1,30-01-2023 14:07,1
1126,2,120,5,600,563,1,17-12-2019 12:50,1
1127,1,100,38,3800,564,1,09-04-2020 17:36,1
1128,2,120,43,5160,564,1,11-02-2023 13:51,1
1129,1,100,20,2000,565,1,21-10-2019 13:45,1
1130,2,120,26,3120,565,1,05-08-2019 12:20,1
1131,1,100,34,3400,566,1,25-01-2020 10:14,1
1132,2,120,32,3840,566,1,21-08-2019 11:01,1
1133,1,100,22,2200,567,1,29-08-2022 16:22,1
1134,2,120,37,4440,567,1,12-03-2022 11:27,1
1135,1,100,48,4800,568,1,24-10-2021 16:53,1
1136,2,120,40,4800,568,1,09-10-2021 12:37,1
1137,1,100,41,4100,569,1,29-03-2020 10:43,1
1138,2,120,38,4560,569,1,27-12-2022 16:13,1
1139,1,100,33,3300,570,1,20-10-2019 18:44,1
1140,2,120,34,4080,570,1,15-05-2019 18:53,1
1141,1,100,36,3600,571,1,02-01-2019 18:39,1
1142,2,120,49,5880,571,1,05-08-2019 15:24,1
1143,1,100,45,4500,572,1,05-02-2019 13:08,1
1144,2,120,25,3000,572,1,04-08-2019 13:13,1
1145,1,100,19,1900,573,1,03-12-2020 10:39,1
1146,2,120,24,2880,573,1,04-10-2019 18:38,1
1147,1,100,46,4600,574,1,24-05-2020 11:29,1
1148,2,120,16,1920,574,1,02-11-2023 15:32,1
1149,1,100,14,1400,575,1,25-08-2019 11:54,1
1150,2,120,48,5760,575,1,13-08-2019 13:01,1
1151,1,100,10,1000,576,1,06-08-2019 12:34,1
1152,2,120,18,2160,576,1,09-09-2023 16:22,1
1153,1,100,12,1200,577,1,26-08-2023 13:37,1
1154,2,120,38,4560,577,1,29-12-2021 13:04,1
1155,1,100,24,2400,578,1,31-12-2023 12:35,1
1156,2,120,16,1920,578,1,02-01-2023 13:07,1
1157,1,100,21,2100,579,1,03-07-2019 16:57,1
1158,2,120,4,480,579,1,07-07-2023 10:05,1
1159,1,100,17,1700,580,1,25-06-2021 11:33,1
1160,2,120,4,480,580,1,03-04-2022 13:00,1
1161,1,100,41,4100,581,1,12-09-2019 18:20,1
1162,2,120,43,5160,581,1,17-06-2022 19:21,1
1163,1,100,29,2900,582,1,23-03-2023 14:35,1
1164,2,120,37,4440,582,1,21-06-2021 19:34,1
1165,1,100,26,2600,583,1,27-02-2021 16:43,1
1166,2,120,13,1560,583,1,27-04-2023 16:50,1
1167,1,100,27,2700,584,1,05-03-2019 15:47,1
1168,2,120,35,4200,584,1,16-06-2021 17:34,1
1169,1,100,10,1000,585,1,02-01-2019 14:16,1
1170,2,120,47,5640,585,1,06-05-2020 17:03,1
1171,1,100,37,3700,586,1,20-10-2021 15:42,1
1172,2,120,22,2640,586,1,28-01-2022 19:56,1
1173,1,100,4,400,587,1,20-04-2021 15:07,1
1174,2,120,22,2640,587,1,10-04-2022 14:22,1
1175,1,100,50,5000,588,1,29-03-2021 10:22,1
1176,2,120,35,4200,588,1,14-04-2023 17:09,1
1177,1,100,4,400,589,1,19-01-2020 12:42,1
1178,2,120,31,3720,589,1,31-05-2023 18:16,1
1179,1,100,21,2100,590,1,13-01-2023 14:09,1
1180,2,120,46,5520,590,1,21-08-2019 14:46,1
1181,1,100,21,2100,591,1,02-10-2019 18:41,1
1182,2,120,28,3360,591,1,31-12-2021 16:33,1
1183,1,100,13,1300,592,1,13-08-2023 14:32,1
1184,2,120,29,3480,592,1,18-05-2020 11:25,1
1185,1,100,34,3400,593,1,04-08-2023 16:59,1
1186,2,120,9,1080,593,1,17-06-2023 12:41,1
1187,1,100,24,2400,594,1,21-01-2023 18:34,1
1188,2,120,13,1560,594,1,19-11-2019 15:59,1
1189,1,100,27,2700,595,1,30-08-2021 16:33,1
1190,2,120,14,1680,595,1,05-10-2019 11:21,1
1191,1,100,24,2400,596,1,20-12-2021 12:24,1
1192,2,120,27,3240,596,1,28-07-2019 15:18,1
1193,1,100,36,3600,597,1,16-09-2021 18:07,1
1194,2,120,48,5760,597,1,29-12-2019 14:55,1
1195,1,100,32,3200,598,1,12-05-2020 12:42,1
1196,2,120,19,2280,598,1,10-08-2022 13:35,1
1197,1,100,19,1900,599,1,20-01-2020 15:47,1
1198,2,120,48,5760,599,1,16-06-2022 19:25,1
1199,1,100,13,1300,600,1,26-06-2023 19:38,1
1200,2,120,1,120,600,1,18-09-2019 18:10,1
1201,1,100,13,1300,601,1,23-01-2022 16:08,1
1202,2,120,7,840,601,1,27-03-2020 15:36,1
1203,1,100,30,3000,602,1,30-04-2020 11:02,1
1204,2,120,42,5040,602,1,19-05-2022 15:57,1
1205,1,100,21,2100,603,1,12-11-2023 16:03,1
1206,2,120,19,2280,603,1,17-03-2021 14:58,1
1207,1,100,50,5000,604,1,25-01-2019 18:59,1
1208,2,120,9,1080,604,1,05-09-2019 15:28,1
1209,1,100,46,4600,605,1,26-03-2021 19:59,1
1210,2,120,40,4800,605,1,01-11-2020 13:43,1
1211,1,100,49,4900,606,1,26-03-2019 14:14,1
1212,2,120,22,2640,606,1,22-04-2021 10:27,1
1213,1,100,18,1800,607,1,13-09-2023 13:01,1
1214,2,120,19,2280,607,1,28-06-2019 14:19,1
1215,1,100,30,3000,608,1,07-07-2020 13:10,1
1216,2,120,29,3480,608,1,29-01-2020 14:24,1
1217,1,100,39,3900,609,1,02-12-2022 11:06,1
1218,2,120,31,3720,609,1,10-07-2021 19:21,1
1219,1,100,40,4000,610,1,17-05-2021 13:49,1
1220,2,120,5,600,610,1,23-06-2022 10:32,1
1221,1,100,17,1700,611,1,17-09-2022 15:28,1
1222,2,120,10,1200,611,1,16-10-2019 11:06,1
1223,1,100,41,4100,612,1,18-01-2020 11:36,1
1224,2,120,41,4920,612,1,10-11-2023 17:11,1
1225,1,100,21,2100,613,1,28-07-2021 10:26,1
1226,2,120,17,2040,613,1,16-03-2019 12:18,1
1227,1,100,3,300,614,1,06-12-2019 19:57,1
1228,2,120,18,2160,614,1,16-02-2019 17:38,1
1229,1,100,30,3000,615,1,03-06-2023 14:16,1
1230,2,120,46,5520,615,1,01-03-2019 13:55,1
1231,1,100,8,800,616,1,08-06-2019 10:03,1
1232,2,120,2,240,616,1,29-03-2019 11:57,1
1233,1,100,27,2700,617,1,24-10-2021 10:41,1
1234,2,120,4,480,617,1,12-03-2023 18:38,1
1235,1,100,22,2200,618,1,30-01-2022 15:03,1
1236,2,120,23,2760,618,1,29-08-2022 14:57,1
1237,1,100,6,600,619,1,12-09-2021 18:00,1
1238,2,120,32,3840,619,1,09-02-2019 16:15,1
1239,1,100,16,1600,620,1,15-01-2021 15:20,1
1240,2,120,43,5160,620,1,08-06-2019 15:49,1
1241,1,100,38,3800,621,1,24-12-2020 14:18,1
1242,2,120,11,1320,621,1,24-10-2022 12:17,1
1243,1,100,7,700,622,1,11-09-2020 15:40,1
1244,2,120,47,5640,622,1,12-11-2019 17:16,1
1245,1,100,46,4600,623,1,16-06-2021 11:02,1
1246,2,120,2,240,623,1,18-07-2019 13:33,1
1247,1,100,20,2000,624,1,07-01-2023 16:42,1
1248,2,120,41,4920,624,1,01-02-2023 11:38,1
1249,1,100,21,2100,625,1,16-10-2020 12:11,1
1250,2,120,39,4680,625,1,07-06-2021 10:10,1
1251,1,100,18,1800,626,1,27-12-2022 12:54,1
1252,2,120,8,960,626,1,01-06-2021 18:39,1
1253,1,100,12,1200,627,1,26-12-2020 16:09,1
1254,2,120,9,1080,627,1,06-01-2023 15:13,1
1255,1,100,11,1100,628,1,13-06-2023 14:42,1
1256,2,120,31,3720,628,1,11-01-2023 11:12,1
1257,1,100,6,600,629,1,08-01-2020 12:18,1
1258,2,120,12,1440,629,1,28-10-2019 19:16,1
1259,1,100,43,4300,630,1,04-12-2023 15:57,1
1260,2,120,47,5640,630,1,28-08-2019 11:03,1
1261,1,100,19,1900,631,1,30-03-2019 18:39,1
1262,2,120,37,4440,631,1,02-01-2021 13:31,1
1263,1,100,33,3300,632,1,20-10-2023 19:52,1
1264,2,120,40,4800,632,1,05-08-2022 18:43,1
1265,1,100,30,3000,633,1,15-12-2022 11:34,1
1266,2,120,10,1200,633,1,14-08-2019 13:55,1
1267,1,100,35,3500,634,1,08-08-2022 16:03,1
1268,2,120,43,5160,634,1,16-01-2020 18:10,1
1269,1,100,14,1400,635,1,16-01-2021 19:44,1
1270,2,120,48,5760,635,1,12-02-2021 16:21,1
1271,1,100,45,4500,636,1,14-12-2020 11:17,1
1272,2,120,15,1800,636,1,02-07-2022 19:10,1
1273,1,100,46,4600,637,1,03-01-2023 18:34,1
1274,2,120,14,1680,637,1,05-01-2020 18:19,1
1275,1,100,50,5000,638,1,25-07-2023 10:51,1
1276,2,120,24,2880,638,1,04-04-2021 10:03,1
1277,1,100,2,200,639,1,03-02-2020 10:17,1
1278,2,120,2,240,639,1,27-12-2020 18:40,1
1279,1,100,25,2500,640,1,12-06-2019 12:39,1
1280,2,120,18,2160,640,1,26-07-2023 13:19,1
1281,1,100,19,1900,641,1,08-11-2019 15:15,1
1282,2,120,35,4200,641,1,18-08-2019 16:12,1
1283,1,100,8,800,642,1,28-10-2019 18:44,1
1284,2,120,23,2760,642,1,07-05-2023 14:42,1
1285,1,100,36,3600,643,1,21-05-2020 14:31,1
1286,2,120,48,5760,643,1,24-02-2020 19:11,1
1287,1,100,1,100,644,1,27-09-2021 18:11,1
1288,2,120,24,2880,644,1,13-03-2022 11:49,1
1289,1,100,31,3100,645,1,05-01-2021 12:04,1
1290,2,120,46,5520,645,1,08-09-2019 13:04,1
1291,1,100,20,2000,646,1,03-10-2023 15:11,1
1292,2,120,6,720,646,1,20-12-2019 16:04,1
1293,1,100,43,4300,647,1,17-01-2020 18:18,1
1294,2,120,10,1200,647,1,01-10-2021 19:40,1
1295,1,100,19,1900,648,1,27-02-2020 10:01,1
1296,2,120,20,2400,648,1,16-05-2021 16:29,1
1297,1,100,8,800,649,1,30-05-2023 18:24,1
1298,2,120,39,4680,649,1,18-02-2020 13:09,1
1299,1,100,35,3500,650,1,03-07-2023 10:19,1
1300,2,120,26,3120,650,1,05-01-2021 15:00,1
1301,1,100,34,3400,651,1,01-09-2020 12:52,1
1302,2,120,50,6000,651,1,15-05-2022 18:11,1
1303,1,100,40,4000,652,1,20-09-2022 17:15,1
1304,2,120,25,3000,652,1,26-07-2019 16:04,1
1305,1,100,41,4100,653,1,29-10-2023 13:46,1
1306,2,120,40,4800,653,1,17-12-2022 12:47,1
1307,1,100,28,2800,654,1,28-02-2023 18:18,1
1308,2,120,13,1560,654,1,16-09-2022 10:00,1
1309,1,100,15,1500,655,1,30-01-2020 14:45,1
1310,2,120,38,4560,655,1,12-07-2021 11:09,1
1311,1,100,7,700,656,1,13-07-2021 13:04,1
1312,2,120,15,1800,656,1,07-03-2022 14:34,1
1313,1,100,9,900,657,1,15-10-2022 13:33,1
1314,2,120,36,4320,657,1,17-09-2023 18:01,1
1315,1,100,6,600,658,1,22-08-2023 13:32,1
1316,2,120,22,2640,658,1,02-02-2020 17:17,1
1317,1,100,36,3600,659,1,10-01-2019 17:44,1
1318,2,120,8,960,659,1,04-09-2019 16:58,1
1319,1,100,4,400,660,1,19-03-2023 13:14,1
1320,2,120,14,1680,660,1,27-03-2023 17:50,1
1321,1,100,15,1500,661,1,28-03-2021 16:01,1
1322,2,120,29,3480,661,1,22-10-2023 18:46,1
1323,1,100,10,1000,662,1,04-09-2021 18:40,1
1324,2,120,2,240,662,1,24-06-2022 15:50,1
1325,1,100,7,700,663,1,22-07-2019 10:00,1
1326,2,120,45,5400,663,1,22-04-2019 15:27,1
1327,1,100,26,2600,664,1,16-01-2020 10:49,1
1328,2,120,17,2040,664,1,20-10-2022 17:11,1
1329,1,100,11,1100,665,1,11-10-2020 16:59,1
1330,2,120,50,6000,665,1,30-07-2022 10:38,1
1331,1,100,2,200,666,1,08-12-2022 17:00,1
1332,2,120,31,3720,666,1,18-10-2022 10:56,1
1333,1,100,5,500,667,1,18-11-2022 18:34,1
1334,2,120,12,1440,667,1,26-04-2022 12:08,1
1335,1,100,38,3800,668,1,17-11-2023 19:36,1
1336,2,120,24,2880,668,1,11-01-2020 11:44,1
1337,1,100,38,3800,669,1,16-06-2022 10:33,1
1338,2,120,38,4560,669,1,09-09-2019 19:35,1
1339,1,100,28,2800,670,1,05-08-2021 13:57,1
1340,2,120,14,1680,670,1,14-02-2019 13:51,1
1341,1,100,6,600,671,1,14-11-2020 19:27,1
1342,2,120,36,4320,671,1,24-05-2020 11:53,1
1343,1,100,40,4000,672,1,27-06-2021 14:50,1
1344,2,120,30,3600,672,1,05-04-2020 15:29,1
1345,1,100,45,4500,673,1,18-07-2022 10:17,1
1346,2,120,49,5880,673,1,27-05-2023 14:04,1
1347,1,100,20,2000,674,1,25-11-2023 17:34,1
1348,2,120,3,360,674,1,26-06-2019 10:34,1
1349,1,100,10,1000,675,1,12-06-2019 19:40,1
1350,2,120,35,4200,675,1,25-01-2021 11:26,1
1351,1,100,39,3900,676,1,27-10-2022 19:21,1
1352,2,120,30,3600,676,1,13-07-2019 14:17,1
1353,1,100,36,3600,677,1,03-12-2022 12:10,1
1354,2,120,11,1320,677,1,10-07-2019 15:45,1
1355,1,100,26,2600,678,1,18-07-2023 15:30,1
1356,2,120,47,5640,678,1,22-12-2023 11:37,1
1357,1,100,40,4000,679,1,22-07-2022 15:08,1
1358,2,120,23,2760,679,1,02-06-2022 19:10,1
1359,1,100,34,3400,680,1,02-03-2023 19:02,1
1360,2,120,4,480,680,1,06-02-2022 14:14,1
1361,1,100,43,4300,681,1,14-04-2022 14:37,1
1362,2,120,16,1920,681,1,25-11-2021 17:57,1
1363,1,100,26,2600,682,1,11-09-2019 19:43,1
1364,2,120,13,1560,682,1,30-05-2019 19:06,1
1365,1,100,18,1800,683,1,13-11-2019 18:24,1
1366,2,120,38,4560,683,1,04-01-2019 19:37,1
1367,1,100,48,4800,684,1,18-03-2023 12:42,1
1368,2,120,4,480,684,1,24-08-2019 10:17,1
1369,1,100,31,3100,685,1,23-06-2023 19:54,1
1370,2,120,33,3960,685,1,23-03-2020 12:22,1
1371,1,100,6,600,686,1,23-04-2021 19:57,1
1372,2,120,16,1920,686,1,21-08-2020 11:20,1
1373,1,100,20,2000,687,1,26-08-2023 18:12,1
1374,2,120,33,3960,687,1,23-02-2019 15:34,1
1375,1,100,23,2300,688,1,04-08-2022 12:06,1
1376,2,120,44,5280,688,1,25-04-2021 15:02,1
1377,1,100,32,3200,689,1,09-03-2023 11:22,1
1378,2,120,7,840,689,1,21-07-2019 10:28,1
1379,1,100,19,1900,690,1,02-08-2023 12:43,1
1380,2,120,1,120,690,1,04-07-2021 10:36,1
1381,1,100,21,2100,691,1,07-09-2023 15:13,1
1382,2,120,27,3240,691,1,24-06-2019 13:25,1
1383,1,100,15,1500,692,1,22-11-2021 17:52,1
1384,2,120,47,5640,692,1,24-08-2019 15:43,1
1385,1,100,50,5000,693,1,09-01-2020 11:56,1
1386,2,120,27,3240,693,1,13-11-2019 18:49,1
1387,1,100,6,600,694,1,16-10-2020 17:30,1
1388,2,120,40,4800,694,1,05-03-2019 10:28,1
1389,1,100,41,4100,695,1,02-02-2019 13:45,1
1390,2,120,14,1680,695,1,16-03-2019 13:31,1
1391,1,100,5,500,696,1,06-04-2023 16:57,1
1392,2,120,50,6000,696,1,21-11-2020 19:47,1
1393,1,100,15,1500,697,1,05-02-2020 13:55,1
1394,2,120,23,2760,697,1,11-03-2019 16:33,1
1395,1,100,14,1400,698,1,28-06-2023 19:10,1
1396,2,120,26,3120,698,1,12-11-2023 17:43,1
1397,1,100,34,3400,699,1,20-01-2021 19:33,1
1398,2,120,42,5040,699,1,08-08-2020 11:37,1
1399,1,100,36,3600,700,1,10-12-2021 15:49,1
1400,2,120,19,2280,700,1,27-07-2022 15:41,1
1401,1,100,35,3500,701,1,02-09-2022 18:06,1
1402,2,120,3,360,701,1,10-11-2023 16:51,1
1403,1,100,47,4700,702,1,07-03-2021 13:18,1
1404,2,120,8,960,702,1,10-03-2019 11:29,1
1405,1,100,2,200,703,1,19-02-2023 19:46,1
1406,2,120,32,3840,703,1,15-04-2020 12:43,1
1407,1,100,24,2400,704,1,22-01-2020 17:21,1
1408,2,120,49,5880,704,1,15-03-2022 14:18,1
1409,1,100,47,4700,705,1,20-10-2020 16:10,1
1410,2,120,13,1560,705,1,17-07-2023 16:06,1
1411,1,100,13,1300,706,1,05-11-2020 11:57,1
1412,2,120,18,2160,706,1,15-05-2022 18:12,1
1413,1,100,17,1700,707,1,05-01-2021 17:35,1
1414,2,120,9,1080,707,1,16-12-2021 19:31,1
1415,1,100,47,4700,708,1,21-01-2022 15:53,1
1416,2,120,40,4800,708,1,10-01-2022 16:58,1
1417,1,100,17,1700,709,1,24-08-2023 16:33,1
1418,2,120,25,3000,709,1,18-07-2023 13:19,1
1419,1,100,22,2200,710,1,14-07-2021 18:14,1
1420,2,120,3,360,710,1,24-05-2022 15:02,1
1421,1,100,11,1100,711,1,28-08-2022 10:11,1
1422,2,120,21,2520,711,1,25-10-2021 17:35,1
1423,1,100,17,1700,712,1,13-10-2023 19:01,1
1424,2,120,42,5040,712,1,18-09-2019 13:55,1
1425,1,100,25,2500,713,1,15-09-2023 11:40,1
1426,2,120,14,1680,713,1,27-07-2022 18:56,1
1427,1,100,32,3200,714,1,10-02-2019 16:41,1
1428,2,120,15,1800,714,1,26-01-2022 14:39,1
1429,1,100,29,2900,715,1,26-11-2021 11:36,1
1430,2,120,44,5280,715,1,03-09-2019 19:57,1
1431,1,100,10,1000,716,1,05-07-2020 14:45,1
1432,2,120,5,600,716,1,21-04-2023 17:54,1
1433,1,100,41,4100,717,1,14-03-2022 10:35,1
1434,2,120,25,3000,717,1,12-05-2023 12:04,1
1435,1,100,7,700,718,1,10-08-2019 13:21,1
1436,2,120,23,2760,718,1,05-10-2020 11:36,1
1437,1,100,44,4400,719,1,28-06-2022 15:42,1
1438,2,120,26,3120,719,1,23-10-2021 12:50,1
1439,1,100,8,800,720,1,19-03-2019 12:13,1
1440,2,120,38,4560,720,1,25-03-2019 16:43,1
1441,1,100,39,3900,721,1,21-08-2023 16:48,1
1442,2,120,46,5520,721,1,01-03-2021 13:30,1
1443,1,100,4,400,722,1,09-12-2021 17:38,1
1444,2,120,45,5400,722,1,05-02-2020 14:09,1
1445,1,100,11,1100,723,1,18-09-2023 10:02,1
1446,2,120,32,3840,723,1,01-03-2019 11:14,1
1447,1,100,50,5000,724,1,05-06-2022 15:19,1
1448,2,120,29,3480,724,1,02-07-2020 16:19,1
1449,1,100,21,2100,725,1,25-03-2023 17:06,1
1450,2,120,19,2280,725,1,16-06-2021 12:01,1
1451,1,100,12,1200,726,1,06-04-2023 12:09,1
1452,2,120,25,3000,726,1,02-12-2020 12:36,1
1453,1,100,37,3700,727,1,26-11-2020 14:07,1
1454,2,120,46,5520,727,1,12-12-2019 16:41,1
1455,1,100,44,4400,728,1,21-12-2020 12:36,1
1456,2,120,22,2640,728,1,24-02-2019 12:36,1
1457,1,100,33,3300,729,1,10-02-2019 16:17,1
1458,2,120,39,4680,729,1,07-11-2020 16:39,1
1459,1,100,9,900,730,1,18-10-2019 14:11,1
1460,2,120,47,5640,730,1,29-08-2021 14:23,1
1461,1,100,1,100,731,1,24-12-2020 17:59,1
1462,2,120,44,5280,731,1,02-04-2021 13:04,1
1463,1,100,15,1500,732,1,14-10-2022 12:31,1
1464,2,120,44,5280,732,1,07-07-2023 16:17,1
1465,1,100,17,1700,733,1,31-10-2021 19:53,1
1466,2,120,20,2400,733,1,04-06-2021 19:19,1
1467,1,100,25,2500,734,1,04-11-2023 18:28,1
1468,2,120,36,4320,734,1,15-04-2021 19:37,1
1469,1,100,4,400,735,1,17-09-2023 12:53,1
1470,2,120,20,2400,735,1,10-10-2021 18:46,1
1471,1,100,38,3800,736,1,07-04-2020 17:35,1
1472,2,120,50,6000,736,1,03-10-2023 10:46,1
1473,1,100,12,1200,737,1,13-07-2020 18:57,1
1474,2,120,24,2880,737,1,15-05-2021 19:25,1
1475,1,100,50,5000,738,1,17-03-2022 11:33,1
1476,2,120,8,960,738,1,02-02-2019 15:49,1
1477,1,100,45,4500,739,1,01-06-2019 17:34,1
1478,2,120,11,1320,739,1,06-07-2021 10:18,1
1479,1,100,29,2900,740,1,21-08-2021 19:49,1
1480,2,120,24,2880,740,1,24-04-2023 18:13,1
1481,1,100,36,3600,741,1,28-12-2019 12:04,1
1482,2,120,3,360,741,1,15-10-2019 10:14,1
1483,1,100,42,4200,742,1,05-06-2019 19:16,1
1484,2,120,32,3840,742,1,09-06-2022 17:14,1
1485,1,100,50,5000,743,1,28-07-2023 16:04,1
1486,2,120,10,1200,743,1,18-01-2019 14:44,1
1487,1,100,20,2000,744,1,22-01-2020 10:33,1
1488,2,120,30,3600,744,1,28-12-2023 12:13,1
1489,1,100,26,2600,745,1,18-11-2019 14:38,1
1490,2,120,44,5280,745,1,07-09-2021 16:25,1
1491,1,100,10,1000,746,1,02-05-2020 19:58,1
1492,2,120,4,480,746,1,06-03-2022 10:37,1
1493,1,100,38,3800,747,1,19-09-2023 14:52,1
1494,2,120,46,5520,747,1,28-11-2021 16:52,1
1495,1,100,42,4200,748,1,10-01-2022 13:54,1
1496,2,120,30,3600,748,1,05-02-2022 11:16,1
1497,1,100,23,2300,749,1,22-01-2023 18:34,1
1498,2,120,40,4800,749,1,20-10-2023 10:11,1
1499,1,100,22,2200,750,1,29-12-2020 12:21,1
1500,2,120,25,3000,750,1,18-06-2023 11:40,1
1501,1,100,16,1600,751,1,18-07-2019 16:25,1
1502,2,120,5,600,751,1,07-07-2019 18:15,1
1503,1,100,39,3900,752,1,15-01-2023 18:33,1
1504,2,120,12,1440,752,1,01-06-2019 14:53,1
1505,1,100,4,400,753,1,10-04-2019 10:58,1
1506,2,120,20,2400,753,1,23-07-2023 12:52,1
1507,1,100,50,5000,754,1,07-12-2019 15:45,1
1508,2,120,44,5280,754,1,28-03-2021 10:56,1
1509,1,100,9,900,755,1,05-10-2019 14:50,1
1510,2,120,16,1920,755,1,05-04-2019 13:59,1
1511,1,100,49,4900,756,1,03-12-2020 10:33,1
1512,2,120,10,1200,756,1,23-01-2023 11:18,1
1513,1,100,44,4400,757,1,31-01-2023 14:00,1
1514,2,120,9,1080,757,1,10-07-2021 19:07,1
1515,1,100,42,4200,758,1,10-11-2021 10:25,1
1516,2,120,40,4800,758,1,09-07-2021 17:15,1
1517,1,100,37,3700,759,1,30-03-2023 17:49,1
1518,2,120,10,1200,759,1,18-01-2023 16:01,1
1519,1,100,39,3900,760,1,19-06-2021 14:21,1
1520,2,120,12,1440,760,1,19-01-2023 19:21,1
1521,1,100,25,2500,761,1,25-07-2020 19:13,1
1522,2,120,20,2400,761,1,18-03-2020 18:35,1
1523,1,100,4,400,762,1,07-02-2022 10:11,1
1524,2,120,19,2280,762,1,12-06-2023 15:31,1
1525,1,100,1,100,763,1,24-07-2020 17:08,1
1526,2,120,36,4320,763,1,11-06-2023 19:35,1
1527,1,100,26,2600,764,1,14-05-2020 19:07,1
1528,2,120,45,5400,764,1,06-04-2023 19:21,1
1529,1,100,37,3700,765,1,04-02-2023 15:41,1
1530,2,120,42,5040,765,1,01-06-2022 10:27,1
1531,1,100,13,1300,766,1,14-10-2022 18:10,1
1532,2,120,27,3240,766,1,23-11-2020 13:04,1
1533,1,100,29,2900,767,1,08-01-2019 15:02,1
1534,2,120,3,360,767,1,12-05-2019 14:10,1
1535,1,100,20,2000,768,1,08-11-2019 10:12,1
1536,2,120,15,1800,768,1,20-11-2021 16:56,1
1537,1,100,7,700,769,1,19-03-2022 18:12,1
1538,2,120,10,1200,769,1,20-07-2021 16:05,1
1539,1,100,16,1600,770,1,26-07-2020 18:07,1
1540,2,120,34,4080,770,1,17-12-2020 16:46,1
1541,1,100,37,3700,771,1,09-05-2023 10:58,1
1542,2,120,10,1200,771,1,11-06-2020 14:06,1
1543,1,100,17,1700,772,1,10-03-2020 12:17,1
1544,2,120,30,3600,772,1,01-11-2022 14:58,1
1545,1,100,16,1600,773,1,15-12-2023 18:25,1
1546,2,120,37,4440,773,1,11-10-2022 10:08,1
1547,1,100,26,2600,774,1,03-03-2023 17:22,1
1548,2,120,39,4680,774,1,17-12-2023 18:20,1
1549,1,100,27,2700,775,1,02-05-2019 13:45,1
1550,2,120,10,1200,775,1,21-01-2019 10:59,1
1551,1,100,42,4200,776,1,12-10-2022 10:46,1
1552,2,120,8,960,776,1,16-11-2021 10:19,1
1553,1,100,47,4700,777,1,24-11-2023 14:17,1
1554,2,120,6,720,777,1,19-12-2023 19:36,1
1555,1,100,23,2300,778,1,09-02-2020 15:34,1
1556,2,120,5,600,778,1,19-05-2020 10:52,1
1557,1,100,26,2600,779,1,03-12-2022 18:09,1
1558,2,120,14,1680,779,1,20-12-2020 11:54,1
1559,1,100,13,1300,780,1,13-08-2019 19:53,1
1560,2,120,11,1320,780,1,25-10-2023 15:56,1
1561,1,100,1,100,781,1,30-05-2023 14:11,1
1562,2,120,41,4920,781,1,19-04-2021 17:50,1
1563,1,100,22,2200,782,1,15-04-2019 13:44,1
1564,2,120,22,2640,782,1,20-08-2019 12:08,1
1565,1,100,16,1600,783,1,29-11-2023 17:20,1
1566,2,120,9,1080,783,1,15-11-2022 14:31,1
1567,1,100,18,1800,784,1,14-04-2022 17:08,1
1568,2,120,28,3360,784,1,09-09-2022 13:18,1
1569,1,100,39,3900,785,1,13-09-2021 17:50,1
1570,2,120,29,3480,785,1,24-05-2020 11:29,1
1571,1,100,23,2300,786,1,01-12-2020 18:12,1
1572,2,120,16,1920,786,1,12-01-2021 12:25,1
1573,1,100,10,1000,787,1,14-04-2021 19:57,1
1574,2,120,8,960,787,1,02-09-2022 19:14,1
1575,1,100,34,3400,788,1,25-08-2020 11:19,1
1576,2,120,38,4560,788,1,25-09-2022 15:06,1
1577,1,100,14,1400,789,1,05-08-2023 15:33,1
1578,2,120,46,5520,789,1,05-10-2021 12:07,1
1579,1,100,11,1100,790,1,24-07-2023 12:20,1
1580,2,120,45,5400,790,1,27-05-2023 17:35,1
1581,1,100,27,2700,791,1,06-05-2022 13:36,1
1582,2,120,28,3360,791,1,11-01-2021 15:56,1
1583,1,100,35,3500,792,1,06-04-2020 12:48,1
1584,2,120,42,5040,792,1,08-05-2019 13:07,1
1585,1,100,3,300,793,1,11-11-2020 19:13,1
1586,2,120,6,720,793,1,05-06-2019 17:41,1
1587,1,100,30,3000,794,1,17-06-2020 14:57,1
1588,2,120,31,3720,794,1,12-07-2023 11:55,1
1589,1,100,21,2100,795,1,31-05-2019 18:02,1
1590,2,120,2,240,795,1,19-06-2023 13:15,1
1591,1,100,37,3700,796,1,17-08-2023 14:29,1
1592,2,120,19,2280,796,1,15-09-2022 14:06,1
1593,1,100,23,2300,797,1,16-11-2022 15:24,1
1594,2,120,28,3360,797,1,03-08-2022 17:43,1
1595,1,100,32,3200,798,1,19-09-2021 15:31,1
1596,2,120,5,600,798,1,17-02-2022 19:35,1
1597,1,100,24,2400,799,1,15-03-2022 16:46,1
1598,2,120,5,600,799,1,09-07-2023 17:13,1
1599,1,100,23,2300,800,1,26-06-2022 12:47,1
1600,2,120,16,1920,800,1,19-07-2022 17:37,1
1601,1,100,21,2100,801,1,19-10-2023 10:43,1
1602,2,120,5,600,801,1,13-03-2020 17:03,1
1603,1,100,13,1300,802,1,17-12-2019 18:53,1
1604,2,120,25,3000,802,1,07-04-2020 19:02,1
1605,1,100,43,4300,803,1,06-09-2019 10:15,1
1606,2,120,17,2040,803,1,09-10-2022 11:38,1
1607,1,100,26,2600,804,1,09-10-2021 10:45,1
1608,2,120,6,720,804,1,22-07-2020 18:09,1
1609,1,100,32,3200,805,1,18-06-2022 10:42,1
1610,2,120,40,4800,805,1,03-03-2023 16:03,1
1611,1,100,38,3800,806,1,20-02-2021 12:08,1
1612,2,120,13,1560,806,1,04-02-2022 15:15,1
1613,1,100,1,100,807,1,30-05-2022 12:47,1
1614,2,120,24,2880,807,1,11-03-2020 18:11,1
1615,1,100,41,4100,808,1,25-05-2020 11:47,1
1616,2,120,45,5400,808,1,15-07-2019 12:15,1
1617,1,100,17,1700,809,1,18-05-2021 18:41,1
1618,2,120,8,960,809,1,29-10-2019 11:22,1
1619,1,100,23,2300,810,1,23-08-2022 13:00,1
1620,2,120,23,2760,810,1,13-09-2021 11:57,1
1621,1,100,5,500,811,1,12-01-2019 12:38,1
1622,2,120,20,2400,811,1,30-06-2020 14:45,1
1623,1,100,23,2300,812,1,24-12-2019 19:08,1
1624,2,120,16,1920,812,1,02-05-2022 16:58,1
1625,1,100,37,3700,813,1,18-07-2022 14:58,1
1626,2,120,44,5280,813,1,04-04-2022 11:02,1
1627,1,100,43,4300,814,1,23-02-2021 18:13,1
1628,2,120,31,3720,814,1,11-09-2023 13:49,1
1629,1,100,37,3700,815,1,17-02-2023 16:56,1
1630,2,120,29,3480,815,1,06-08-2021 18:09,1
1631,1,100,10,1000,816,1,19-09-2023 14:40,1
1632,2,120,36,4320,816,1,30-05-2021 17:44,1
1633,1,100,28,2800,817,1,24-08-2020 16:17,1
1634,2,120,32,3840,817,1,27-11-2022 12:48,1
1635,1,100,6,600,818,1,07-06-2023 13:52,1
1636,2,120,33,3960,818,1,18-10-2022 17:38,1
1637,1,100,27,2700,819,1,02-09-2023 19:33,1
1638,2,120,42,5040,819,1,20-04-2021 12:45,1
1639,1,100,47,4700,820,1,31-12-2020 16:01,1
1640,2,120,43,5160,820,1,22-09-2019 16:39,1
1641,1,100,42,4200,821,1,16-06-2020 13:46,1
1642,2,120,48,5760,821,1,27-07-2020 11:40,1
1643,1,100,26,2600,822,1,15-04-2023 14:52,1
1644,2,120,27,3240,822,1,29-11-2023 15:11,1
1645,1,100,26,2600,823,1,01-01-2022 18:13,1
1646,2,120,34,4080,823,1,04-04-2022 18:28,1
1647,1,100,22,2200,824,1,12-10-2022 18:56,1
1648,2,120,27,3240,824,1,02-11-2020 10:41,1
1649,1,100,34,3400,825,1,23-06-2019 10:39,1
1650,2,120,16,1920,825,1,14-04-2019 19:18,1
1651,1,100,34,3400,826,1,24-08-2020 17:37,1
1652,2,120,39,4680,826,1,27-09-2023 11:48,1
1653,1,100,46,4600,827,1,13-02-2020 13:43,1
1654,2,120,37,4440,827,1,11-08-2020 16:40,1
1655,1,100,33,3300,828,1,25-08-2020 11:34,1
1656,2,120,10,1200,828,1,08-09-2023 12:40,1
1657,1,100,11,1100,829,1,17-05-2023 17:14,1
1658,2,120,42,5040,829,1,09-01-2019 15:29,1
1659,1,100,30,3000,830,1,05-08-2022 19:46,1
1660,2,120,42,5040,830,1,24-09-2022 12:15,1
1661,1,100,38,3800,831,1,03-06-2020 12:26,1
1662,2,120,6,720,831,1,16-04-2023 15:04,1
1663,1,100,21,2100,832,1,23-05-2023 12:05,1
1664,2,120,28,3360,832,1,31-01-2020 10:04,1
1665,1,100,9,900,833,1,26-01-2023 14:54,1
1666,2,120,48,5760,833,1,23-03-2021 15:05,1
1667,1,100,10,1000,834,1,31-12-2019 11:24,1
1668,2,120,19,2280,834,1,27-04-2023 14:05,1
1669,1,100,39,3900,835,1,06-10-2021 10:19,1
1670,2,120,19,2280,835,1,13-01-2020 19:46,1
1671,1,100,26,2600,836,1,06-03-2020 12:36,1
1672,2,120,18,2160,836,1,23-07-2019 16:23,1
1673,1,100,24,2400,837,1,18-07-2021 17:06,1
1674,2,120,11,1320,837,1,20-05-2023 18:54,1
1675,1,100,18,1800,838,1,23-06-2022 12:54,1
1676,2,120,18,2160,838,1,05-05-2020 10:10,1
1677,1,100,35,3500,839,1,02-10-2021 16:58,1
1678,2,120,28,3360,839,1,21-02-2022 19:11,1
1679,1,100,37,3700,840,1,25-06-2019 11:33,1
1680,2,120,12,1440,840,1,01-08-2023 16:45,1
1681,1,100,5,500,841,1,17-10-2022 16:40,1
1682,2,120,19,2280,841,1,24-09-2019 17:30,1
1683,1,100,30,3000,842,1,02-12-2021 18:24,1
1684,2,120,46,5520,842,1,13-04-2020 15:53,1
1685,1,100,38,3800,843,1,02-12-2020 18:26,1
1686,2,120,1,120,843,1,06-08-2022 10:12,1
1687,1,100,41,4100,844,1,22-01-2023 10:02,1
1688,2,120,47,5640,844,1,16-12-2022 12:48,1
1689,1,100,11,1100,845,1,22-11-2022 15:08,1
1690,2,120,13,1560,845,1,13-02-2023 12:24,1
1691,1,100,17,1700,846,1,26-09-2020 17:59,1
1692,2,120,44,5280,846,1,27-07-2019 10:36,1
1693,1,100,5,500,847,1,17-10-2019 16:31,1
1694,2,120,7,840,847,1,23-07-2020 16:22,1
1695,1,100,39,3900,848,1,03-01-2020 10:39,1
1696,2,120,32,3840,848,1,20-01-2019 13:49,1
1697,1,100,29,2900,849,1,17-03-2022 10:51,1
1698,2,120,39,4680,849,1,09-02-2020 11:54,1
1699,1,100,42,4200,850,1,06-10-2022 18:31,1
1700,2,120,37,4440,850,1,29-11-2023 15:40,1
1701,1,100,26,2600,851,1,24-12-2022 15:39,1
1702,2,120,31,3720,851,1,30-06-2019 12:22,1
1703,1,100,19,1900,852,1,07-01-2022 14:05,1
1704,2,120,23,2760,852,1,05-05-2022 11:57,1
1705,1,100,46,4600,853,1,19-03-2019 11:17,1
1706,2,120,34,4080,853,1,19-07-2021 13:26,1
1707,1,100,6,600,854,1,09-01-2023 10:58,1
1708,2,120,11,1320,854,1,02-05-2021 10:31,1
1709,1,100,14,1400,855,1,20-10-2019 11:15,1
1710,2,120,23,2760,855,1,03-04-2019 19:32,1
1711,1,100,37,3700,856,1,19-12-2019 17:45,1
1712,2,120,4,480,856,1,08-09-2019 13:30,1
1713,1,100,32,3200,857,1,21-02-2023 17:31,1
1714,2,120,17,2040,857,1,11-04-2020 18:31,1
1715,1,100,6,600,858,1,03-02-2023 15:42,1
1716,2,120,1,120,858,1,28-11-2023 15:38,1
1717,1,100,43,4300,859,1,05-04-2023 19:33,1
1718,2,120,42,5040,859,1,21-12-2019 10:43,1
1719,1,100,28,2800,860,1,22-04-2020 18:55,1
1720,2,120,48,5760,860,1,31-01-2020 16:35,1
1721,1,100,41,4100,861,1,25-07-2023 11:18,1
1722,2,120,13,1560,861,1,31-07-2019 12:36,1
1723,1,100,46,4600,862,1,13-01-2019 10:14,1
1724,2,120,11,1320,862,1,27-11-2019 12:08,1
1725,1,100,32,3200,863,1,18-06-2023 18:04,1
1726,2,120,43,5160,863,1,07-06-2021 11:01,1
1727,1,100,5,500,864,1,08-12-2021 14:02,1
1728,2,120,10,1200,864,1,08-10-2022 12:24,1
1729,1,100,34,3400,865,1,30-05-2021 18:54,1
1730,2,120,26,3120,865,1,30-03-2021 16:00,1
1731,1,100,10,1000,866,1,03-02-2020 11:15,1
1732,2,120,50,6000,866,1,08-08-2021 17:34,1
1733,1,100,42,4200,867,1,12-10-2021 13:30,1
1734,2,120,8,960,867,1,27-02-2022 13:41,1
1735,1,100,2,200,868,1,05-05-2022 12:55,1
1736,2,120,16,1920,868,1,30-04-2021 11:13,1
1737,1,100,36,3600,869,1,27-03-2019 10:25,1
1738,2,120,29,3480,869,1,15-07-2022 12:45,1
1739,1,100,45,4500,870,1,03-11-2020 19:42,1
1740,2,120,3,360,870,1,10-02-2022 19:47,1
1741,1,100,23,2300,871,1,30-06-2019 12:52,1
1742,2,120,40,4800,871,1,22-02-2023 15:12,1
1743,1,100,18,1800,872,1,19-04-2019 19:20,1
1744,2,120,50,6000,872,1,11-05-2020 15:59,1
1745,1,100,23,2300,873,1,30-06-2020 14:24,1
1746,2,120,24,2880,873,1,26-10-2023 17:31,1
1747,1,100,18,1800,874,1,04-10-2023 10:53,1
1748,2,120,38,4560,874,1,10-11-2019 10:55,1
1749,1,100,46,4600,875,1,01-12-2019 19:02,1
1750,2,120,31,3720,875,1,22-11-2020 17:36,1
1751,1,100,15,1500,876,1,13-12-2019 15:03,1
1752,2,120,34,4080,876,1,02-01-2020 16:27,1
1753,1,100,10,1000,877,1,02-03-2022 16:48,1
1754,2,120,40,4800,877,1,18-05-2022 17:26,1
1755,1,100,43,4300,878,1,09-02-2019 18:56,1
1756,2,120,47,5640,878,1,18-11-2022 16:30,1
1757,1,100,7,700,879,1,18-12-2019 19:26,1
1758,2,120,34,4080,879,1,15-03-2020 16:34,1
1759,1,100,4,400,880,1,21-08-2019 19:28,1
1760,2,120,35,4200,880,1,22-12-2019 16:45,1
1761,1,100,29,2900,881,1,10-12-2021 14:02,1
1762,2,120,16,1920,881,1,10-07-2021 13:01,1
1763,1,100,45,4500,882,1,30-11-2019 18:21,1
1764,2,120,21,2520,882,1,16-03-2023 19:26,1
1765,1,100,14,1400,883,1,21-12-2019 14:52,1
1766,2,120,3,360,883,1,16-10-2020 14:41,1
1767,1,100,45,4500,884,1,23-06-2019 12:29,1
1768,2,120,5,600,884,1,13-02-2022 18:46,1
1769,1,100,11,1100,885,1,28-02-2022 14:15,1
1770,2,120,37,4440,885,1,22-04-2023 10:22,1
1771,1,100,22,2200,886,1,31-08-2022 17:06,1
1772,2,120,39,4680,886,1,26-08-2022 16:57,1
1773,1,100,29,2900,887,1,18-10-2019 13:16,1
1774,2,120,32,3840,887,1,04-09-2023 16:13,1
1775,1,100,34,3400,888,1,31-10-2022 16:21,1
1776,2,120,42,5040,888,1,01-03-2019 15:19,1
1777,1,100,25,2500,889,1,16-07-2022 12:03,1
1778,2,120,22,2640,889,1,11-08-2023 16:16,1
1779,1,100,26,2600,890,1,03-02-2020 11:04,1
1780,2,120,39,4680,890,1,19-01-2021 15:21,1
1781,1,100,24,2400,891,1,27-10-2022 11:44,1
1782,2,120,27,3240,891,1,16-05-2020 19:14,1
1783,1,100,32,3200,892,1,21-04-2023 14:57,1
1784,2,120,31,3720,892,1,27-11-2020 19:05,1
1785,1,100,10,1000,893,1,27-02-2023 12:03,1
1786,2,120,24,2880,893,1,19-11-2021 15:10,1
1787,1,100,28,2800,894,1,31-07-2021 12:02,1
1788,2,120,39,4680,894,1,29-01-2020 15:52,1
1789,1,100,32,3200,895,1,11-08-2023 15:48,1
1790,2,120,21,2520,895,1,04-09-2023 12:26,1
1791,1,100,21,2100,896,1,04-10-2020 18:21,1
1792,2,120,14,1680,896,1,11-02-2022 10:45,1
1793,1,100,46,4600,897,1,18-05-2019 12:00,1
1794,2,120,39,4680,897,1,20-02-2022 16:02,1
1795,1,100,50,5000,898,1,08-07-2021 18:44,1
1796,2,120,36,4320,898,1,12-09-2020 11:17,1
1797,1,100,25,2500,899,1,03-09-2019 18:00,1
1798,2,120,49,5880,899,1,27-08-2020 19:36,1
1799,1,100,18,1800,900,1,07-02-2022 16:33,1
1800,2,120,17,2040,900,1,01-02-2019 13:34,1
1801,1,100,45,4500,901,1,07-06-2021 14:22,1
1802,2,120,42,5040,901,1,18-02-2020 11:29,1
1803,1,100,23,2300,902,1,20-01-2021 16:32,1
1804,2,120,42,5040,902,1,10-02-2021 15:12,1
1805,1,100,2,200,903,1,10-11-2023 12:35,1
1806,2,120,32,3840,903,1,26-04-2023 10:14,1
1807,1,100,41,4100,904,1,06-10-2022 12:47,1
1808,2,120,33,3960,904,1,30-06-2020 17:29,1
1809,1,100,15,1500,905,1,16-02-2019 18:54,1
1810,2,120,14,1680,905,1,23-08-2022 15:00,1
1811,1,100,17,1700,906,1,27-12-2020 19:38,1
1812,2,120,42,5040,906,1,02-07-2021 15:34,1
1813,1,100,22,2200,907,1,25-08-2019 14:13,1
1814,2,120,13,1560,907,1,05-12-2023 17:31,1
1815,1,100,39,3900,908,1,13-01-2021 15:20,1
1816,2,120,44,5280,908,1,02-07-2023 13:48,1
1817,1,100,6,600,909,1,05-06-2019 19:42,1
1818,2,120,45,5400,909,1,04-04-2021 18:04,1
1819,1,100,28,2800,910,1,13-08-2022 16:35,1
1820,2,120,3,360,910,1,15-06-2020 15:06,1
1821,1,100,2,200,911,1,26-02-2021 12:39,1
1822,2,120,48,5760,911,1,11-10-2019 15:58,1
1823,1,100,27,2700,912,1,11-03-2019 15:01,1
1824,2,120,14,1680,912,1,27-12-2021 15:50,1
1825,1,100,39,3900,913,1,09-11-2020 10:03,1
1826,2,120,21,2520,913,1,23-11-2022 15:45,1
1827,1,100,16,1600,914,1,25-12-2023 14:44,1
1828,2,120,8,960,914,1,14-07-2023 18:37,1
1829,1,100,36,3600,915,1,14-02-2023 10:19,1
1830,2,120,12,1440,915,1,10-02-2021 14:05,1
1831,1,100,28,2800,916,1,24-08-2019 15:46,1
1832,2,120,1,120,916,1,07-09-2021 14:44,1
1833,1,100,22,2200,917,1,11-07-2019 11:30,1
1834,2,120,43,5160,917,1,01-07-2022 15:59,1
1835,1,100,31,3100,918,1,18-03-2020 16:08,1
1836,2,120,18,2160,918,1,08-07-2020 10:40,1
1837,1,100,25,2500,919,1,27-03-2021 19:03,1
1838,2,120,11,1320,919,1,17-09-2019 14:52,1
1839,1,100,33,3300,920,1,21-07-2021 17:27,1
1840,2,120,3,360,920,1,05-05-2020 10:57,1
1841,1,100,44,4400,921,1,16-01-2022 12:08,1
1842,2,120,28,3360,921,1,07-08-2022 12:21,1
1843,1,100,38,3800,922,1,20-09-2020 16:12,1
1844,2,120,5,600,922,1,08-08-2019 19:17,1
1845,1,100,41,4100,923,1,22-12-2020 14:08,1
1846,2,120,16,1920,923,1,07-06-2019 14:15,1
1847,1,100,5,500,924,1,24-11-2022 14:57,1
1848,2,120,46,5520,924,1,09-07-2022 10:13,1
1849,1,100,36,3600,925,1,29-09-2023 10:12,1
1850,2,120,30,3600,925,1,14-06-2023 11:26,1
1851,1,100,19,1900,926,1,03-11-2020 19:57,1
1852,2,120,34,4080,926,1,14-02-2022 18:35,1
1853,1,100,48,4800,927,1,19-11-2021 14:53,1
1854,2,120,18,2160,927,1,02-08-2023 12:40,1
1855,1,100,38,3800,928,1,15-11-2023 15:51,1
1856,2,120,22,2640,928,1,22-12-2020 16:01,1
1857,1,100,16,1600,929,1,18-03-2020 16:53,1
1858,2,120,16,1920,929,1,28-04-2022 12:56,1
1859,1,100,41,4100,930,1,01-10-2022 11:39,1
1860,2,120,17,2040,930,1,10-06-2023 10:49,1
1861,1,100,30,3000,931,1,16-06-2019 18:00,1
1862,2,120,35,4200,931,1,19-04-2020 19:03,1
1863,1,100,35,3500,932,1,05-02-2020 14:15,1
1864,2,120,46,5520,932,1,17-01-2019 17:26,1
1865,1,100,16,1600,933,1,30-06-2021 10:13,1
1866,2,120,23,2760,933,1,05-04-2020 17:16,1
1867,1,100,8,800,934,1,26-05-2019 15:03,1
1868,2,120,9,1080,934,1,26-08-2019 12:37,1
1869,1,100,36,3600,935,1,21-06-2021 19:43,1
1870,2,120,1,120,935,1,10-08-2019 18:15,1
1871,1,100,5,500,936,1,22-02-2022 15:23,1
1872,2,120,15,1800,936,1,18-04-2021 11:22,1
1873,1,100,50,5000,937,1,25-06-2019 17:05,1
1874,2,120,23,2760,937,1,04-06-2023 19:39,1
1875,1,100,30,3000,938,1,15-04-2020 16:42,1
1876,2,120,5,600,938,1,19-10-2021 10:19,1
1877,1,100,1,100,939,1,24-10-2020 11:00,1
1878,2,120,3,360,939,1,25-11-2019 15:52,1
1879,1,100,9,900,940,1,17-01-2019 10:11,1
1880,2,120,9,1080,940,1,04-05-2022 17:22,1
1881,1,100,2,200,941,1,28-06-2019 18:28,1
1882,2,120,7,840,941,1,25-12-2023 10:45,1
1883,1,100,29,2900,942,1,06-12-2023 12:01,1
1884,2,120,41,4920,942,1,12-02-2019 11:51,1
1885,1,100,39,3900,943,1,16-04-2021 16:08,1
1886,2,120,40,4800,943,1,13-06-2023 15:21,1
1887,1,100,3,300,944,1,03-02-2020 17:29,1
1888,2,120,10,1200,944,1,15-04-2022 17:17,1
1889,1,100,29,2900,945,1,08-03-2019 19:29,1
1890,2,120,45,5400,945,1,08-02-2023 15:05,1
1891,1,100,13,1300,946,1,18-01-2023 11:56,1
1892,2,120,30,3600,946,1,20-10-2019 10:06,1
1893,1,100,6,600,947,1,06-02-2020 10:46,1
1894,2,120,42,5040,947,1,26-02-2019 14:22,1
1895,1,100,19,1900,948,1,20-08-2019 18:32,1
1896,2,120,23,2760,948,1,03-06-2022 13:32,1
1897,1,100,41,4100,949,1,17-02-2021 13:50,1
1898,2,120,37,4440,949,1,29-03-2019 17:02,1
1899,1,100,45,4500,950,1,10-09-2022 12:23,1
1900,2,120,6,720,950,1,22-01-2019 14:30,1
1901,1,100,31,3100,951,1,16-09-2021 13:53,1
1902,2,120,50,6000,951,1,26-07-2021 11:25,1
1903,1,100,45,4500,952,1,22-01-2023 13:27,1
1904,2,120,22,2640,952,1,25-05-2019 15:57,1
1905,1,100,12,1200,953,1,07-03-2023 13:47,1
1906,2,120,13,1560,953,1,21-12-2019 16:52,1
1907,1,100,14,1400,954,1,18-07-2022 11:47,1
1908,2,120,43,5160,954,1,18-06-2019 12:31,1
1909,1,100,19,1900,955,1,08-08-2021 16:51,1
1910,2,120,46,5520,955,1,09-11-2021 13:54,1
1911,1,100,15,1500,956,1,12-02-2021 18:49,1
1912,2,120,33,3960,956,1,22-07-2023 16:04,1
1913,1,100,37,3700,957,1,08-11-2019 16:30,1
1914,2,120,5,600,957,1,06-09-2021 16:13,1
1915,1,100,15,1500,958,1,22-03-2022 17:17,1
1916,2,120,39,4680,958,1,05-07-2021 19:47,1
1917,1,100,13,1300,959,1,19-05-2022 14:00,1
1918,2,120,18,2160,959,1,10-02-2021 18:12,1
1919,1,100,8,800,960,1,07-07-2021 11:51,1
1920,2,120,27,3240,960,1,03-09-2021 18:44,1
1921,1,100,20,2000,961,1,26-07-2021 13:37,1
1922,2,120,46,5520,961,1,14-04-2019 13:07,1
1923,1,100,3,300,962,1,17-11-2023 19:25,1
1924,2,120,17,2040,962,1,28-12-2019 10:17,1
1925,1,100,21,2100,963,1,19-03-2019 11:41,1
1926,2,120,9,1080,963,1,29-01-2023 19:00,1
1927,1,100,26,2600,964,1,02-08-2022 10:06,1
1928,2,120,50,6000,964,1,27-08-2019 15:16,1
1929,1,100,3,300,965,1,06-03-2023 16:35,1
1930,2,120,34,4080,965,1,24-02-2020 12:39,1
1931,1,100,45,4500,966,1,15-05-2022 14:37,1
1932,2,120,26,3120,966,1,07-12-2020 11:49,1
1933,1,100,30,3000,967,1,18-06-2019 13:45,1
1934,2,120,14,1680,967,1,26-02-2023 11:10,1
1935,1,100,26,2600,968,1,07-01-2023 12:25,1
1936,2,120,29,3480,968,1,03-07-2020 13:44,1
1937,1,100,48,4800,969,1,02-11-2020 15:27,1
1938,2,120,27,3240,969,1,18-10-2019 18:28,1
1939,1,100,26,2600,970,1,05-08-2023 10:17,1
1940,2,120,39,4680,970,1,07-03-2020 11:15,1
1941,1,100,25,2500,971,1,24-11-2023 13:07,1
1942,2,120,41,4920,971,1,16-12-2019 15:10,1
1943,1,100,14,1400,972,1,08-02-2020 13:03,1
1944,2,120,39,4680,972,1,14-04-2023 11:07,1
1945,1,100,46,4600,973,1,07-12-2022 18:18,1
1946,2,120,10,1200,973,1,01-02-2019 12:10,1
1947,1,100,19,1900,974,1,11-09-2022 10:21,1
1948,2,120,35,4200,974,1,18-06-2023 17:43,1
1949,1,100,22,2200,975,1,31-07-2020 17:53,1
1950,2,120,49,5880,975,1,19-02-2021 17:23,1
1951,1,100,16,1600,976,1,15-05-2022 18:11,1
1952,2,120,28,3360,976,1,29-07-2020 10:12,1
1953,1,100,4,400,977,1,17-03-2022 19:28,1
1954,2,120,38,4560,977,1,17-01-2023 16:26,1
1955,1,100,16,1600,978,1,29-05-2019 10:47,1
1956,2,120,19,2280,978,1,27-04-2020 12:03,1
1957,1,100,11,1100,979,1,06-10-2022 18:11,1
1958,2,120,28,3360,979,1,06-03-2022 14:48,1
1959,1,100,9,900,980,1,25-04-2021 12:25,1
1960,2,120,2,240,980,1,13-04-2022 17:35,1
1961,1,100,14,1400,981,1,18-02-2021 17:58,1
1962,2,120,18,2160,981,1,23-08-2022 18:57,1
1963,1,100,7,700,982,1,21-09-2022 17:28,1
1964,2,120,5,600,982,1,20-01-2020 18:20,1
1965,1,100,35,3500,983,1,03-12-2023 11:56,1
1966,2,120,46,5520,983,1,07-02-2022 10:01,1
1967,1,100,46,4600,984,1,18-03-2023 18:50,1
1968,2,120,18,2160,984,1,24-02-2022 15:14,1
1969,1,100,40,4000,985,1,23-06-2023 13:04,1
1970,2,120,25,3000,985,1,03-01-2021 16:17,1
1971,1,100,4,400,986,1,16-04-2019 17:53,1
1972,2,120,1,120,986,1,16-11-2020 17:30,1
1973,1,100,36,3600,987,1,10-07-2021 13:25,1
1974,2,120,12,1440,987,1,14-11-2022 12:07,1
1975,1,100,5,500,988,1,11-10-2022 14:35,1
1976,2,120,36,4320,988,1,04-04-2020 10:32,1
1977,1,100,35,3500,989,1,29-12-2019 16:23,1
1978,2,120,8,960,989,1,05-09-2021 18:52,1
1979,1,100,22,2200,990,1,27-01-2021 17:01,1
1980,2,120,5,600,990,1,08-09-2019 10:57,1
1981,1,100,25,2500,991,1,20-10-2020 12:50,1
1982,2,120,21,2520,991,1,04-07-2022 14:10,1
1983,1,100,15,1500,992,1,01-04-2020 14:15,1
1984,2,120,24,2880,992,1,30-04-2022 12:56,1
1985,1,100,20,2000,993,1,22-01-2022 14:43,1
1986,2,120,15,1800,993,1,31-05-2022 13:23,1
1987,1,100,42,4200,994,1,14-07-2022 13:37,1
1988,2,120,15,1800,994,1,18-01-2020 16:46,1
1989,1,100,44,4400,995,1,18-02-2022 15:32,1
1990,2,120,35,4200,995,1,08-11-2023 15:06,1
1991,1,100,29,2900,996,1,24-07-2023 16:51,1
1992,2,120,33,3960,996,1,20-06-2019 10:10,1
1993,1,100,22,2200,997,1,15-07-2021 15:05,1
1994,2,120,39,4680,997,1,08-10-2022 18:30,1
1995,1,100,10,1000,998,1,30-11-2022 13:21,1
1996,2,120,2,240,998,1,16-01-2022 19:46,1
1997,1,100,38,3800,999,1,14-09-2021 14:56,1
1998,2,120,19,2280,999,1,01-05-2020 15:43,1
1999,1,100,38,3800,1000,1,11-05-2020 19:35,1
2000,2,120,6,720,1000,1,29-04-2023 11:57,1
2001,1,100,5,500,1001,1,11-10-2023 17:30,1
2002,2,120,43,5160,1001,1,21-06-2023 12:49,1
2003,1,100,32,3200,1002,1,26-09-2022 19:01,1
2004,2,120,4,480,1002,1,26-09-2022 10:32,1
2005,1,100,11,1100,1003,1,06-03-2020 10:51,1
2006,2,120,44,5280,1003,1,26-06-2021 17:11,1
2007,1,100,13,1300,1004,1,10-03-2023 12:56,1
2008,2,120,25,3000,1004,1,13-08-2021 12:43,1
2009,1,100,29,2900,1005,1,19-02-2019 15:50,1
2010,2,120,34,4080,1005,1,09-03-2022 10:50,1
2011,1,100,28,2800,1006,1,18-07-2023 12:35,1
2012,2,120,19,2280,1006,1,14-08-2022 16:57,1
2013,1,100,35,3500,1007,1,18-12-2020 14:07,1
2014,2,120,14,1680,1007,1,03-01-2020 18:20,1
2015,1,100,11,1100,1008,1,18-07-2022 10:35,1
2016,2,120,22,2640,1008,1,18-11-2021 17:44,1
2017,1,100,50,5000,1009,1,25-10-2021 15:34,1
2018,2,120,10,1200,1009,1,22-06-2020 16:09,1
2019,1,100,47,4700,1010,1,27-05-2019 14:54,1
2020,2,120,10,1200,1010,1,08-08-2020 11:31,1
2021,1,100,6,600,1011,1,15-05-2020 18:49,1
2022,2,120,48,5760,1011,1,27-08-2023 12:40,1
2023,1,100,18,1800,1012,1,10-11-2022 10:31,1
2024,2,120,49,5880,1012,1,14-11-2020 16:27,1
2025,1,100,22,2200,1013,1,29-02-2020 13:57,1
2026,2,120,37,4440,1013,1,14-05-2020 13:03,1
2027,1,100,26,2600,1014,1,25-09-2021 16:35,1
2028,2,120,34,4080,1014,1,24-12-2023 17:00,1
2029,1,100,32,3200,1015,1,28-04-2021 13:26,1
2030,2,120,1,120,1015,1,10-03-2023 13:30,1
2031,1,100,25,2500,1016,1,30-01-2019 14:47,1
2032,2,120,47,5640,1016,1,02-08-2019 19:22,1
2033,1,100,50,5000,1017,1,17-06-2022 15:44,1
2034,2,120,45,5400,1017,1,29-11-2019 18:49,1
2035,1,100,48,4800,1018,1,30-07-2021 12:30,1
2036,2,120,30,3600,1018,1,14-09-2021 10:36,1
2037,1,100,24,2400,1019,1,13-07-2022 17:06,1
2038,2,120,7,840,1019,1,01-06-2021 13:22,1
2039,1,100,16,1600,1020,1,15-04-2021 12:39,1
2040,2,120,21,2520,1020,1,08-05-2019 12:13,1
2041,1,100,24,2400,1021,1,05-04-2019 18:01,1
2042,2,120,16,1920,1021,1,08-12-2021 16:02,1
2043,1,100,43,4300,1022,1,12-09-2021 13:23,1
2044,2,120,44,5280,1022,1,01-11-2022 16:30,1
2045,1,100,18,1800,1023,1,29-09-2021 17:12,1
2046,2,120,28,3360,1023,1,09-03-2020 13:52,1
2047,1,100,23,2300,1024,1,21-02-2022 11:49,1
2048,2,120,7,840,1024,1,03-08-2023 14:52,1
2049,1,100,38,3800,1025,1,05-10-2021 15:30,1
2050,2,120,2,240,1025,1,30-10-2022 19:04,1
2051,1,100,31,3100,1026,1,29-05-2022 15:47,1
2052,2,120,1,120,1026,1,08-08-2023 14:36,1
2053,1,100,28,2800,1027,1,06-08-2020 12:06,1
2054,2,120,25,3000,1027,1,07-03-2022 12:46,1
2055,1,100,32,3200,1028,1,08-02-2022 15:57,1
2056,2,120,50,6000,1028,1,17-03-2021 12:33,1
2057,1,100,9,900,1029,1,20-11-2019 17:35,1
2058,2,120,21,2520,1029,1,24-02-2020 16:27,1
2059,1,100,3,300,1030,1,18-02-2019 15:32,1
2060,2,120,23,2760,1030,1,05-11-2023 19:08,1
2061,1,100,43,4300,1031,1,05-10-2020 17:06,1
2062,2,120,31,3720,1031,1,20-11-2019 16:39,1
2063,1,100,44,4400,1032,1,04-03-2023 12:03,1
2064,2,120,16,1920,1032,1,23-10-2022 13:55,1
2065,1,100,20,2000,1033,1,18-01-2021 13:11,1
2066,2,120,23,2760,1033,1,04-05-2021 16:22,1
2067,1,100,19,1900,1034,1,13-09-2022 16:25,1
2068,2,120,40,4800,1034,1,20-01-2019 12:53,1
2069,1,100,19,1900,1035,1,24-11-2022 12:54,1
2070,2,120,33,3960,1035,1,13-12-2023 14:37,1
2071,1,100,7,700,1036,1,05-04-2021 15:52,1
2072,2,120,36,4320,1036,1,10-12-2023 17:06,1
2073,1,100,12,1200,1037,1,27-09-2022 19:22,1
2074,2,120,12,1440,1037,1,10-08-2023 14:34,1
2075,1,100,36,3600,1038,1,22-05-2023 18:36,1
2076,2,120,33,3960,1038,1,25-07-2023 19:46,1
2077,1,100,19,1900,1039,1,27-03-2019 19:51,1
2078,2,120,5,600,1039,1,12-10-2023 17:36,1
2079,1,100,49,4900,1040,1,15-02-2021 15:32,1
2080,2,120,33,3960,1040,1,24-01-2019 18:43,1
2081,1,100,4,400,1041,1,02-08-2019 18:10,1
2082,2,120,13,1560,1041,1,16-07-2021 19:52,1
2083,1,100,38,3800,1042,1,07-12-2020 16:59,1
2084,2,120,46,5520,1042,1,28-04-2019 16:36,1
2085,1,100,26,2600,1043,1,05-08-2021 16:57,1
2086,2,120,9,1080,1043,1,14-09-2022 14:04,1
2087,1,100,42,4200,1044,1,30-08-2021 15:55,1
2088,2,120,41,4920,1044,1,30-03-2023 12:49,1
2089,1,100,5,500,1045,1,02-07-2021 14:00,1
2090,2,120,21,2520,1045,1,28-02-2022 13:38,1
2091,1,100,15,1500,1046,1,12-07-2023 10:54,1
2092,2,120,21,2520,1046,1,06-02-2022 15:04,1
2093,1,100,3,300,1047,1,25-11-2019 18:15,1
2094,2,120,37,4440,1047,1,01-06-2023 15:25,1
2095,1,100,28,2800,1048,1,04-02-2019 13:19,1
2096,2,120,45,5400,1048,1,10-12-2020 14:42,1
2097,1,100,3,300,1049,1,23-11-2022 19:08,1
2098,2,120,40,4800,1049,1,15-04-2020 11:39,1
2099,1,100,45,4500,1050,1,18-02-2020 12:29,1
2100,2,120,25,3000,1050,1,07-08-2020 18:29,1
2101,1,100,9,900,1051,1,20-12-2020 13:53,1
2102,2,120,21,2520,1051,1,03-07-2023 17:09,1
2103,1,100,29,2900,1052,1,11-12-2020 11:07,1
2104,2,120,5,600,1052,1,01-11-2020 19:53,1
2105,1,100,45,4500,1053,1,12-04-2020 18:38,1
2106,2,120,29,3480,1053,1,25-11-2023 12:07,1
2107,1,100,10,1000,1054,1,30-09-2023 14:30,1
2108,2,120,12,1440,1054,1,29-09-2023 17:37,1
2109,1,100,20,2000,1055,1,19-03-2023 18:50,1
2110,2,120,12,1440,1055,1,15-03-2022 10:16,1
2111,1,100,22,2200,1056,1,05-08-2022 11:36,1
2112,2,120,22,2640,1056,1,07-02-2019 14:27,1
2113,1,100,26,2600,1057,1,02-09-2023 14:24,1
2114,2,120,39,4680,1057,1,27-02-2019 18:24,1
2115,1,100,23,2300,1058,1,14-09-2021 17:09,1
2116,2,120,11,1320,1058,1,28-07-2019 12:33,1
2117,1,100,9,900,1059,1,28-04-2022 13:26,1
2118,2,120,1,120,1059,1,17-11-2019 11:29,1
2119,1,100,43,4300,1060,1,05-03-2023 10:39,1
2120,2,120,34,4080,1060,1,15-11-2023 19:17,1
2121,1,100,45,4500,1061,1,17-06-2022 11:48,1
2122,2,120,10,1200,1061,1,18-02-2022 19:26,1
2123,1,100,25,2500,1062,1,20-12-2022 19:55,1
2124,2,120,18,2160,1062,1,28-08-2021 14:17,1
2125,1,100,25,2500,1063,1,14-08-2023 19:22,1
2126,2,120,3,360,1063,1,14-11-2023 16:22,1
2127,1,100,45,4500,1064,1,08-10-2023 11:45,1
2128,2,120,29,3480,1064,1,04-09-2019 16:12,1
2129,1,100,34,3400,1065,1,21-06-2022 11:10,1
2130,2,120,29,3480,1065,1,18-06-2019 13:54,1
2131,1,100,38,3800,1066,1,19-08-2020 14:20,1
2132,2,120,39,4680,1066,1,06-01-2022 16:51,1
2133,1,100,35,3500,1067,1,06-02-2021 13:36,1
2134,2,120,22,2640,1067,1,13-08-2022 10:42,1
2135,1,100,41,4100,1068,1,23-02-2019 17:44,1
2136,2,120,25,3000,1068,1,21-12-2021 18:35,1
2137,1,100,6,600,1069,1,25-09-2021 11:38,1
2138,2,120,9,1080,1069,1,21-07-2020 11:07,1
2139,1,100,38,3800,1070,1,13-06-2023 15:10,1
2140,2,120,7,840,1070,1,23-06-2022 14:23,1
2141,1,100,18,1800,1071,1,17-12-2022 15:23,1
2142,2,120,24,2880,1071,1,22-03-2022 17:13,1
2143,1,100,15,1500,1072,1,23-08-2019 12:29,1
2144,2,120,26,3120,1072,1,05-05-2019 19:02,1
2145,1,100,3,300,1073,1,11-03-2019 16:56,1
2146,2,120,5,600,1073,1,31-12-2022 12:33,1
2147,1,100,31,3100,1074,1,01-10-2021 16:22,1
2148,2,120,34,4080,1074,1,06-11-2020 12:52,1
2149,1,100,46,4600,1075,1,26-01-2023 17:42,1
2150,2,120,10,1200,1075,1,22-10-2019 11:20,1
2151,1,100,50,5000,1076,1,04-05-2019 10:04,1
2152,2,120,37,4440,1076,1,17-08-2020 11:01,1
2153,1,100,8,800,1077,1,03-08-2023 17:49,1
2154,2,120,2,240,1077,1,22-10-2023 10:55,1
2155,1,100,25,2500,1078,1,06-05-2019 14:30,1
2156,2,120,17,2040,1078,1,09-05-2019 17:06,1
2157,1,100,21,2100,1079,1,27-07-2023 14:08,1
2158,2,120,30,3600,1079,1,24-02-2023 10:07,1
2159,1,100,9,900,1080,1,07-03-2023 16:16,1
2160,2,120,19,2280,1080,1,29-11-2019 18:32,1
2161,1,100,7,700,1081,1,06-08-2023 12:32,1
2162,2,120,15,1800,1081,1,08-02-2021 13:19,1
2163,1,100,28,2800,1082,1,25-01-2020 13:35,1
2164,2,120,20,2400,1082,1,13-04-2023 16:26,1
2165,1,100,48,4800,1083,1,05-10-2019 12:33,1
2166,2,120,15,1800,1083,1,10-11-2023 18:59,1
2167,1,100,38,3800,1084,1,15-07-2021 16:59,1
2168,2,120,19,2280,1084,1,11-12-2023 17:47,1
2169,1,100,11,1100,1085,1,25-12-2019 16:29,1
2170,2,120,12,1440,1085,1,30-12-2023 19:43,1
2171,1,100,37,3700,1086,1,20-02-2020 18:05,1
2172,2,120,18,2160,1086,1,25-12-2021 19:04,1
2173,1,100,46,4600,1087,1,13-01-2021 11:28,1
2174,2,120,40,4800,1087,1,11-09-2019 19:18,1
2175,1,100,22,2200,1088,1,16-06-2021 12:06,1
2176,2,120,16,1920,1088,1,26-06-2023 16:50,1
2177,1,100,28,2800,1089,1,14-12-2020 12:18,1
2178,2,120,45,5400,1089,1,08-02-2021 18:02,1
2179,1,100,3,300,1090,1,04-01-2019 13:41,1
2180,2,120,3,360,1090,1,05-06-2023 19:25,1
2181,1,100,28,2800,1091,1,30-03-2020 13:16,1
2182,2,120,24,2880,1091,1,06-05-2020 16:15,1
2183,1,100,39,3900,1092,1,10-05-2019 14:11,1
2184,2,120,23,2760,1092,1,14-10-2023 17:44,1
2185,1,100,37,3700,1093,1,04-04-2021 10:50,1
2186,2,120,30,3600,1093,1,13-04-2020 17:28,1
2187,1,100,23,2300,1094,1,05-10-2020 10:28,1
2188,2,120,13,1560,1094,1,11-02-2019 14:28,1
2189,1,100,16,1600,1095,1,25-08-2019 13:00,1
2190,2,120,35,4200,1095,1,19-12-2022 18:48,1
2191,1,100,44,4400,1096,1,02-01-2019 13:02,1
2192,2,120,43,5160,1096,1,01-02-2020 12:19,1
2193,1,100,28,2800,1097,1,27-11-2021 16:27,1
2194,2,120,43,5160,1097,1,26-08-2023 16:35,1
2195,1,100,17,1700,1098,1,30-10-2021 10:23,1
2196,2,120,24,2880,1098,1,08-02-2023 14:54,1
2197,1,100,44,4400,1099,1,04-06-2022 15:05,1
2198,2,120,34,4080,1099,1,20-01-2022 15:07,1
2199,1,100,4,400,1100,1,19-11-2022 12:19,1
2200,2,120,50,6000,1100,1,28-04-2021 13:03,1
2201,1,100,41,4100,1101,1,24-04-2019 16:50,1
2202,2,120,39,4680,1101,1,11-12-2020 11:37,1
2203,1,100,46,4600,1102,1,26-12-2023 16:44,1
2204,2,120,3,360,1102,1,24-02-2023 18:21,1
2205,1,100,8,800,1103,1,31-01-2021 11:40,1
2206,2,120,1,120,1103,1,01-05-2021 16:02,1
2207,1,100,2,200,1104,1,16-09-2019 17:50,1
2208,2,120,40,4800,1104,1,30-08-2019 14:10,1
2209,1,100,13,1300,1105,1,25-08-2021 15:53,1
2210,2,120,19,2280,1105,1,13-11-2019 10:55,1
2211,1,100,14,1400,1106,1,25-08-2019 19:47,1
2212,2,120,42,5040,1106,1,02-01-2020 18:44,1
2213,1,100,13,1300,1107,1,12-12-2022 10:20,1
2214,2,120,19,2280,1107,1,15-02-2019 11:58,1
2215,1,100,19,1900,1108,1,21-12-2019 14:56,1
2216,2,120,3,360,1108,1,05-05-2021 12:16,1
2217,1,100,27,2700,1109,1,30-10-2019 12:47,1
2218,2,120,46,5520,1109,1,07-12-2020 15:29,1
2219,1,100,7,700,1110,1,14-04-2019 11:22,1
2220,2,120,44,5280,1110,1,29-07-2021 15:46,1
2221,1,100,47,4700,1111,1,15-02-2021 18:52,1
2222,2,120,48,5760,1111,1,12-07-2023 10:16,1
2223,1,100,34,3400,1112,1,22-02-2022 19:52,1
2224,2,120,22,2640,1112,1,18-11-2023 19:33,1
2225,1,100,8,800,1113,1,19-03-2022 17:32,1
2226,2,120,19,2280,1113,1,13-04-2022 18:30,1
2227,1,100,29,2900,1114,1,16-03-2023 13:06,1
2228,2,120,14,1680,1114,1,02-12-2020 14:03,1
2229,1,100,18,1800,1115,1,20-07-2023 18:51,1
2230,2,120,21,2520,1115,1,21-03-2019 14:57,1
2231,1,100,4,400,1116,1,12-02-2020 15:48,1
2232,2,120,46,5520,1116,1,02-07-2020 19:18,1
2233,1,100,30,3000,1117,1,17-03-2021 19:01,1
2234,2,120,5,600,1117,1,21-09-2020 11:09,1
2235,1,100,2,200,1118,1,09-06-2021 10:33,1
2236,2,120,12,1440,1118,1,29-09-2021 15:43,1
2237,1,100,7,700,1119,1,31-05-2021 11:54,1
2238,2,120,16,1920,1119,1,07-05-2019 18:42,1
2239,1,100,46,4600,1120,1,04-01-2021 17:22,1
2240,2,120,1,120,1120,1,25-12-2022 14:15,1
2241,1,100,22,2200,1121,1,12-05-2021 14:42,1
2242,2,120,15,1800,1121,1,21-02-2023 16:24,1
2243,1,100,8,800,1122,1,13-01-2023 14:53,1
2244,2,120,21,2520,1122,1,16-08-2019 15:52,1
2245,1,100,2,200,1123,1,22-04-2019 10:12,1
2246,2,120,28,3360,1123,1,18-12-2019 16:04,1
2247,1,100,13,1300,1124,1,06-05-2023 17:29,1
2248,2,120,32,3840,1124,1,17-01-2020 16:12,1
2249,1,100,13,1300,1125,1,19-01-2021 10:19,1
2250,2,120,22,2640,1125,1,01-01-2021 18:07,1
2251,1,100,17,1700,1126,1,27-06-2021 15:10,1
2252,2,120,45,5400,1126,1,07-05-2019 10:33,1
2253,1,100,27,2700,1127,1,27-02-2021 13:37,1
2254,2,120,5,600,1127,1,09-12-2020 14:09,1
2255,1,100,31,3100,1128,1,17-06-2022 15:50,1
2256,2,120,24,2880,1128,1,27-12-2023 19:08,1
2257,1,100,16,1600,1129,1,17-10-2021 12:57,1
2258,2,120,37,4440,1129,1,04-03-2021 19:52,1
2259,1,100,18,1800,1130,1,23-07-2022 12:51,1
2260,2,120,8,960,1130,1,06-03-2019 13:45,1
2261,1,100,4,400,1131,1,18-03-2022 12:46,1
2262,2,120,29,3480,1131,1,05-02-2023 14:06,1
2263,1,100,50,5000,1132,1,10-03-2019 12:19,1
2264,2,120,3,360,1132,1,16-05-2023 10:20,1
2265,1,100,31,3100,1133,1,14-09-2020 15:46,1
2266,2,120,37,4440,1133,1,22-08-2019 10:20,1
2267,1,100,29,2900,1134,1,16-07-2021 14:08,1
2268,2,120,33,3960,1134,1,23-08-2019 18:10,1
2269,1,100,39,3900,1135,1,27-10-2019 14:42,1
2270,2,120,24,2880,1135,1,17-10-2023 10:43,1
2271,1,100,35,3500,1136,1,03-11-2021 11:49,1
2272,2,120,32,3840,1136,1,28-07-2021 10:33,1
2273,1,100,48,4800,1137,1,25-11-2023 19:25,1
2274,2,120,9,1080,1137,1,12-12-2021 18:06,1
2275,1,100,14,1400,1138,1,15-04-2021 17:54,1
2276,2,120,8,960,1138,1,12-06-2020 17:10,1
2277,1,100,6,600,1139,1,18-10-2023 10:29,1
2278,2,120,28,3360,1139,1,11-03-2021 12:01,1
2279,1,100,38,3800,1140,1,12-10-2021 13:28,1
2280,2,120,30,3600,1140,1,13-06-2022 11:50,1
2281,1,100,35,3500,1141,1,11-09-2019 15:16,1
2282,2,120,31,3720,1141,1,17-01-2022 19:51,1
2283,1,100,31,3100,1142,1,24-12-2020 18:57,1
2284,2,120,22,2640,1142,1,04-08-2020 13:55,1
2285,1,100,14,1400,1143,1,26-04-2022 19:58,1
2286,2,120,7,840,1143,1,23-12-2019 12:40,1
2287,1,100,43,4300,1144,1,23-01-2019 11:17,1
2288,2,120,7,840,1144,1,03-02-2022 18:58,1
2289,1,100,11,1100,1145,1,23-01-2022 19:59,1
2290,2,120,50,6000,1145,1,25-05-2019 13:24,1
2291,1,100,18,1800,1146,1,20-01-2021 13:15,1
2292,2,120,16,1920,1146,1,30-07-2023 16:37,1
2293,1,100,32,3200,1147,1,31-03-2023 19:13,1
2294,2,120,30,3600,1147,1,01-07-2021 18:03,1
2295,1,100,29,2900,1148,1,03-03-2021 13:59,1
2296,2,120,24,2880,1148,1,22-06-2021 15:53,1
2297,1,100,44,4400,1149,1,04-02-2019 19:43,1
2298,2,120,32,3840,1149,1,24-06-2020 17:55,1
2299,1,100,44,4400,1150,1,01-02-2022 16:25,1
2300,2,120,35,4200,1150,1,06-08-2019 14:39,1
2301,1,100,8,800,1151,1,15-01-2019 17:47,1
2302,2,120,2,240,1151,1,20-04-2023 11:26,1
2303,1,100,42,4200,1152,1,13-07-2023 14:02,1
2304,2,120,7,840,1152,1,30-03-2022 14:48,1
2305,1,100,19,1900,1153,1,19-06-2022 15:28,1
2306,2,120,45,5400,1153,1,17-11-2023 11:34,1
2307,1,100,30,3000,1154,1,18-05-2021 19:08,1
2308,2,120,38,4560,1154,1,15-02-2022 19:24,1
2309,1,100,23,2300,1155,1,01-06-2021 16:14,1
2310,2,120,16,1920,1155,1,14-01-2022 10:36,1
2311,1,100,18,1800,1156,1,14-01-2022 14:52,1
2312,2,120,2,240,1156,1,10-05-2021 16:19,1
2313,1,100,25,2500,1157,1,03-04-2021 12:20,1
2314,2,120,29,3480,1157,1,18-01-2023 11:21,1
2315,1,100,16,1600,1158,1,12-05-2021 13:35,1
2316,2,120,17,2040,1158,1,24-11-2023 14:17,1
2317,1,100,22,2200,1159,1,25-12-2023 13:47,1
2318,2,120,35,4200,1159,1,29-04-2021 15:13,1
2319,1,100,20,2000,1160,1,31-05-2020 14:00,1
2320,2,120,30,3600,1160,1,09-09-2019 11:38,1
2321,1,100,9,900,1161,1,10-01-2019 18:42,1
2322,2,120,34,4080,1161,1,20-11-2019 18:38,1
2323,1,100,18,1800,1162,1,27-06-2020 17:09,1
2324,2,120,14,1680,1162,1,05-05-2020 17:47,1
2325,1,100,14,1400,1163,1,22-10-2023 15:28,1
2326,2,120,33,3960,1163,1,21-08-2022 10:27,1
2327,1,100,23,2300,1164,1,10-01-2021 15:25,1
2328,2,120,50,6000,1164,1,06-12-2023 13:08,1
2329,1,100,29,2900,1165,1,08-03-2019 10:00,1
2330,2,120,28,3360,1165,1,11-03-2019 17:55,1
2331,1,100,10,1000,1166,1,10-03-2023 19:44,1
2332,2,120,42,5040,1166,1,17-06-2019 18:02,1
2333,1,100,28,2800,1167,1,17-01-2022 19:46,1
2334,2,120,44,5280,1167,1,16-11-2020 18:09,1
2335,1,100,14,1400,1168,1,30-06-2022 17:39,1
2336,2,120,9,1080,1168,1,15-06-2019 18:33,1
2337,1,100,8,800,1169,1,10-11-2020 15:11,1
2338,2,120,26,3120,1169,1,27-08-2019 16:42,1
2339,1,100,42,4200,1170,1,26-10-2022 12:17,1
2340,2,120,26,3120,1170,1,09-10-2023 13:14,1
2341,1,100,23,2300,1171,1,04-08-2023 13:09,1
2342,2,120,11,1320,1171,1,24-10-2020 18:03,1
2343,1,100,40,4000,1172,1,17-06-2019 18:18,1
2344,2,120,39,4680,1172,1,05-06-2021 13:03,1
2345,1,100,9,900,1173,1,23-08-2023 16:35,1
2346,2,120,19,2280,1173,1,20-09-2021 10:46,1
2347,1,100,12,1200,1174,1,12-01-2021 13:20,1
2348,2,120,29,3480,1174,1,06-10-2021 16:14,1
2349,1,100,45,4500,1175,1,05-03-2021 17:07,1
2350,2,120,40,4800,1175,1,25-11-2020 14:00,1
2351,1,100,4,400,1176,1,04-11-2019 19:02,1
2352,2,120,31,3720,1176,1,10-07-2022 14:27,1
2353,1,100,15,1500,1177,1,23-03-2022 13:39,1
2354,2,120,27,3240,1177,1,13-03-2020 18:01,1
2355,1,100,26,2600,1178,1,06-03-2019 11:43,1
2356,2,120,16,1920,1178,1,06-11-2019 10:37,1
2357,1,100,45,4500,1179,1,20-05-2019 16:57,1
2358,2,120,33,3960,1179,1,25-05-2023 10:21,1
2359,1,100,43,4300,1180,1,29-03-2019 15:48,1
2360,2,120,12,1440,1180,1,02-06-2019 14:31,1
2361,1,100,46,4600,1181,1,10-09-2019 12:24,1
2362,2,120,37,4440,1181,1,09-08-2021 13:51,1
2363,1,100,18,1800,1182,1,05-11-2023 15:39,1
2364,2,120,43,5160,1182,1,08-12-2022 14:54,1
2365,1,100,37,3700,1183,1,11-09-2023 10:17,1
2366,2,120,10,1200,1183,1,20-07-2019 11:32,1
2367,1,100,16,1600,1184,1,16-01-2019 17:13,1
2368,2,120,9,1080,1184,1,28-07-2020 18:00,1
2369,1,100,14,1400,1185,1,22-04-2023 16:48,1
2370,2,120,28,3360,1185,1,21-05-2021 14:19,1
2371,1,100,48,4800,1186,1,13-02-2023 14:30,1
2372,2,120,12,1440,1186,1,05-05-2019 16:32,1
2373,1,100,2,200,1187,1,21-04-2022 16:49,1
2374,2,120,4,480,1187,1,09-07-2022 16:04,1
2375,1,100,26,2600,1188,1,19-01-2020 18:55,1
2376,2,120,13,1560,1188,1,18-03-2022 11:45,1
2377,1,100,24,2400,1189,1,17-08-2023 16:10,1
2378,2,120,14,1680,1189,1,03-05-2019 12:50,1
2379,1,100,9,900,1190,1,07-10-2020 13:08,1
2380,2,120,7,840,1190,1,09-12-2020 10:21,1
2381,1,100,40,4000,1191,1,09-12-2023 19:27,1
2382,2,120,24,2880,1191,1,08-05-2020 12:01,1
2383,1,100,3,300,1192,1,12-11-2023 17:29,1
2384,2,120,16,1920,1192,1,29-12-2021 18:32,1
2385,1,100,9,900,1193,1,05-06-2023 13:30,1
2386,2,120,32,3840,1193,1,02-03-2022 14:43,1
2387,1,100,41,4100,1194,1,04-03-2021 14:41,1
2388,2,120,25,3000,1194,1,31-12-2023 13:11,1
2389,1,100,50,5000,1195,1,14-09-2020 12:13,1
2390,2,120,23,2760,1195,1,29-05-2022 15:05,1
2391,1,100,24,2400,1196,1,25-09-2023 16:39,1
2392,2,120,5,600,1196,1,22-07-2021 14:04,1
2393,1,100,6,600,1197,1,22-03-2023 17:11,1
2394,2,120,15,1800,1197,1,02-02-2021 12:41,1
2395,1,100,14,1400,1198,1,29-07-2021 12:53,1
2396,2,120,34,4080,1198,1,16-02-2020 12:54,1
2397,1,100,24,2400,1199,1,05-12-2020 14:16,1
2398,2,120,37,4440,1199,1,22-12-2019 11:16,1
2399,1,100,41,4100,1200,1,06-03-2021 13:37,1
2400,2,120,37,4440,1200,1,17-01-2023 13:37,1
2401,1,100,39,3900,1201,1,21-06-2019 19:03,1
2402,2,120,19,2280,1201,1,22-03-2019 16:59,1
2403,1,100,43,4300,1202,1,20-12-2021 14:22,1
2404,2,120,47,5640,1202,1,09-07-2020 10:32,1
2405,1,100,33,3300,1203,1,12-08-2019 18:08,1
2406,2,120,12,1440,1203,1,05-01-2020 10:22,1
2407,1,100,3,300,1204,1,18-10-2022 13:30,1
2408,2,120,5,600,1204,1,20-06-2020 12:02,1
2409,1,100,37,3700,1205,1,10-12-2022 16:25,1
2410,2,120,45,5400,1205,1,05-02-2021 14:53,1
2411,1,100,22,2200,1206,1,17-05-2019 18:21,1
2412,2,120,44,5280,1206,1,07-02-2022 14:35,1
2413,1,100,42,4200,1207,1,11-07-2022 11:10,1
2414,2,120,29,3480,1207,1,24-01-2022 10:24,1
2415,1,100,50,5000,1208,1,09-03-2021 12:02,1
2416,2,120,43,5160,1208,1,03-11-2020 10:29,1
2417,1,100,36,3600,1209,1,26-11-2021 12:50,1
2418,2,120,42,5040,1209,1,27-05-2019 19:05,1
2419,1,100,13,1300,1210,1,20-04-2020 13:10,1
2420,2,120,24,2880,1210,1,07-04-2019 16:17,1
2421,1,100,44,4400,1211,1,04-01-2021 10:37,1
2422,2,120,6,720,1211,1,02-12-2021 15:03,1
2423,1,100,12,1200,1212,1,08-10-2020 13:40,1
2424,2,120,16,1920,1212,1,13-03-2021 10:31,1
2425,1,100,46,4600,1213,1,21-04-2021 18:43,1
2426,2,120,11,1320,1213,1,19-11-2020 14:06,1
2427,1,100,28,2800,1214,1,24-10-2022 12:45,1
2428,2,120,35,4200,1214,1,25-06-2022 11:55,1
2429,1,100,46,4600,1215,1,07-11-2023 18:03,1
2430,2,120,38,4560,1215,1,11-01-2019 12:51,1
2431,1,100,30,3000,1216,1,17-10-2022 11:24,1
2432,2,120,31,3720,1216,1,08-11-2019 12:12,1
2433,1,100,45,4500,1217,1,01-09-2019 18:02,1
2434,2,120,44,5280,1217,1,12-06-2023 17:22,1
2435,1,100,12,1200,1218,1,16-02-2019 17:28,1
2436,2,120,16,1920,1218,1,21-04-2019 19:15,1
2437,1,100,31,3100,1219,1,03-10-2021 18:23,1
2438,2,120,13,1560,1219,1,05-08-2022 10:32,1
2439,1,100,8,800,1220,1,17-06-2020 14:30,1
2440,2,120,37,4440,1220,1,17-02-2020 16:11,1
2441,1,100,49,4900,1221,1,04-06-2021 17:55,1
2442,2,120,40,4800,1221,1,07-05-2019 10:03,1
2443,1,100,4,400,1222,1,30-08-2023 17:30,1
2444,2,120,19,2280,1222,1,17-09-2019 11:14,1
2445,1,100,10,1000,1223,1,26-11-2022 12:58,1
2446,2,120,14,1680,1223,1,26-03-2020 11:15,1
2447,1,100,33,3300,1224,1,23-06-2019 11:42,1
2448,2,120,12,1440,1224,1,22-06-2021 12:08,1
2449,1,100,23,2300,1225,1,27-04-2021 10:46,1
2450,2,120,16,1920,1225,1,08-12-2021 13:06,1
2451,1,100,23,2300,1226,1,22-07-2023 15:01,1
2452,2,120,20,2400,1226,1,29-08-2020 19:29,1
2453,1,100,22,2200,1227,1,15-10-2019 19:30,1
2454,2,120,44,5280,1227,1,24-04-2019 17:58,1
2455,1,100,31,3100,1228,1,26-11-2020 14:41,1
2456,2,120,23,2760,1228,1,04-06-2020 12:40,1
2457,1,100,19,1900,1229,1,01-10-2021 18:35,1
2458,2,120,15,1800,1229,1,02-11-2021 10:58,1
2459,1,100,7,700,1230,1,27-02-2023 12:32,1
2460,2,120,16,1920,1230,1,14-11-2022 16:53,1
2461,1,100,22,2200,1231,1,01-07-2021 12:37,1
2462,2,120,23,2760,1231,1,11-11-2019 12:08,1
2463,1,100,11,1100,1232,1,01-09-2019 19:01,1
2464,2,120,49,5880,1232,1,12-10-2020 19:50,1
2465,1,100,19,1900,1233,1,28-09-2020 18:42,1
2466,2,120,5,600,1233,1,14-01-2023 17:53,1
2467,1,100,32,3200,1234,1,29-02-2020 15:58,1
2468,2,120,20,2400,1234,1,01-09-2019 11:07,1
2469,1,100,44,4400,1235,1,08-02-2020 17:29,1
2470,2,120,28,3360,1235,1,17-11-2020 18:34,1
2471,1,100,7,700,1236,1,26-05-2019 19:51,1
2472,2,120,29,3480,1236,1,02-03-2020 13:13,1
2473,1,100,17,1700,1237,1,05-09-2019 13:32,1
2474,2,120,30,3600,1237,1,20-09-2023 17:05,1
2475,1,100,24,2400,1238,1,27-04-2019 13:00,1
2476,2,120,45,5400,1238,1,11-04-2019 12:36,1
2477,1,100,22,2200,1239,1,11-03-2023 13:29,1
2478,2,120,28,3360,1239,1,07-05-2019 12:55,1
2479,1,100,48,4800,1240,1,29-07-2023 15:16,1
2480,2,120,38,4560,1240,1,15-08-2022 15:02,1
2481,1,100,44,4400,1241,1,17-05-2021 19:16,1
2482,2,120,6,720,1241,1,25-06-2021 11:21,1
2483,1,100,24,2400,1242,1,17-06-2020 16:57,1
2484,2,120,31,3720,1242,1,20-03-2021 10:31,1
2485,1,100,22,2200,1243,1,08-01-2019 11:08,1
2486,2,120,8,960,1243,1,18-01-2023 15:04,1
2487,1,100,41,4100,1244,1,28-03-2022 11:41,1
2488,2,120,25,3000,1244,1,16-11-2022 16:46,1
2489,1,100,25,2500,1245,1,04-02-2020 12:14,1
2490,2,120,8,960,1245,1,12-09-2019 14:57,1
2491,1,100,21,2100,1246,1,06-04-2019 14:26,1
2492,2,120,43,5160,1246,1,02-12-2022 17:46,1
2493,1,100,11,1100,1247,1,21-07-2021 11:02,1
2494,2,120,32,3840,1247,1,17-03-2022 16:47,1
2495,1,100,1,100,1248,1,03-08-2020 19:28,1
2496,2,120,33,3960,1248,1,09-07-2022 12:53,1
2497,1,100,26,2600,1249,1,07-04-2019 12:36,1
2498,2,120,42,5040,1249,1,16-06-2022 11:37,1
2499,1,100,48,4800,1250,1,04-09-2022 10:27,1
2500,2,120,43,5160,1250,1,16-03-2019 19:34,1
2501,1,100,23,2300,1251,1,28-05-2023 13:37,1
2502,2,120,34,4080,1251,1,07-09-2021 10:11,1
2503,1,100,5,500,1252,1,15-01-2020 17:36,1
2504,2,120,11,1320,1252,1,09-02-2020 13:44,1
2505,1,100,29,2900,1253,1,12-05-2021 14:18,1
2506,2,120,31,3720,1253,1,06-03-2022 13:09,1
2507,1,100,42,4200,1254,1,02-05-2023 15:44,1
2508,2,120,36,4320,1254,1,08-08-2021 15:16,1
2509,1,100,13,1300,1255,1,08-07-2020 11:36,1
2510,2,120,47,5640,1255,1,09-12-2020 15:17,1
2511,1,100,4,400,1256,1,21-06-2021 10:20,1
2512,2,120,37,4440,1256,1,13-01-2020 12:27,1
2513,1,100,26,2600,1257,1,16-01-2020 16:15,1
2514,2,120,20,2400,1257,1,06-06-2019 11:32,1
2515,1,100,46,4600,1258,1,19-06-2022 14:27,1
2516,2,120,27,3240,1258,1,14-04-2023 18:26,1
2517,1,100,5,500,1259,1,09-04-2020 10:53,1
2518,2,120,39,4680,1259,1,26-07-2019 13:39,1
2519,1,100,36,3600,1260,1,30-01-2023 10:58,1
2520,2,120,44,5280,1260,1,12-08-2019 19:30,1
2521,1,100,50,5000,1261,1,08-02-2021 15:35,1
2522,2,120,9,1080,1261,1,23-04-2020 10:44,1
2523,1,100,1,100,1262,1,06-07-2023 18:48,1
2524,2,120,29,3480,1262,1,04-04-2022 13:12,1
2525,1,100,8,800,1263,1,24-03-2021 14:36,1
2526,2,120,13,1560,1263,1,14-09-2019 16:23,1
2527,1,100,19,1900,1264,1,30-05-2019 12:57,1
2528,2,120,17,2040,1264,1,23-10-2021 19:05,1
2529,1,100,44,4400,1265,1,27-11-2020 10:34,1
2530,2,120,3,360,1265,1,23-06-2021 19:47,1
2531,1,100,8,800,1266,1,17-06-2020 13:05,1
2532,2,120,11,1320,1266,1,02-06-2020 14:16,1
2533,1,100,14,1400,1267,1,01-09-2019 10:12,1
2534,2,120,15,1800,1267,1,05-07-2020 11:16,1
2535,1,100,4,400,1268,1,11-04-2019 15:12,1
2536,2,120,49,5880,1268,1,14-06-2020 19:16,1
2537,1,100,4,400,1269,1,17-10-2022 11:16,1
2538,2,120,49,5880,1269,1,18-06-2021 14:38,1
2539,1,100,48,4800,1270,1,10-01-2022 14:33,1
2540,2,120,38,4560,1270,1,14-10-2019 19:05,1
2541,1,100,48,4800,1271,1,20-02-2022 10:51,1
2542,2,120,24,2880,1271,1,20-06-2019 19:39,1
2543,1,100,27,2700,1272,1,05-08-2021 10:43,1
2544,2,120,28,3360,1272,1,12-06-2023 19:40,1
2545,1,100,45,4500,1273,1,08-07-2019 17:33,1
2546,2,120,21,2520,1273,1,29-07-2020 17:37,1
2547,1,100,38,3800,1274,1,20-07-2019 18:47,1
2548,2,120,5,600,1274,1,22-05-2023 19:26,1
2549,1,100,8,800,1275,1,13-05-2023 11:28,1
2550,2,120,27,3240,1275,1,03-01-2023 11:31,1
2551,1,100,23,2300,1276,1,04-02-2021 18:04,1
2552,2,120,14,1680,1276,1,10-05-2019 10:57,1
2553,1,100,1,100,1277,1,07-10-2019 19:37,1
2554,2,120,46,5520,1277,1,23-10-2022 12:54,1
2555,1,100,19,1900,1278,1,24-07-2019 16:04,1
2556,2,120,13,1560,1278,1,22-10-2019 17:23,1
2557,1,100,3,300,1279,1,05-08-2020 10:57,1
2558,2,120,49,5880,1279,1,25-06-2023 13:32,1
2559,1,100,25,2500,1280,1,13-12-2022 16:36,1
2560,2,120,30,3600,1280,1,03-10-2022 12:55,1
2561,1,100,15,1500,1281,1,09-01-2021 15:39,1
2562,2,120,7,840,1281,1,03-12-2020 14:50,1
2563,1,100,40,4000,1282,1,13-07-2019 19:17,1
2564,2,120,25,3000,1282,1,10-11-2019 10:31,1
2565,1,100,36,3600,1283,1,10-01-2020 10:41,1
2566,2,120,35,4200,1283,1,26-09-2019 10:33,1
2567,1,100,25,2500,1284,1,23-12-2019 15:56,1
2568,2,120,44,5280,1284,1,20-05-2022 15:24,1
2569,1,100,8,800,1285,1,12-10-2023 13:30,1
2570,2,120,32,3840,1285,1,18-11-2023 13:41,1
2571,1,100,8,800,1286,1,09-11-2021 18:52,1
2572,2,120,5,600,1286,1,16-05-2022 10:01,1
2573,1,100,1,100,1287,1,24-05-2019 11:59,1
2574,2,120,38,4560,1287,1,24-01-2019 19:26,1
2575,1,100,16,1600,1288,1,20-05-2023 19:09,1
2576,2,120,15,1800,1288,1,24-10-2022 11:46,1
2577,1,100,46,4600,1289,1,14-10-2023 16:42,1
2578,2,120,4,480,1289,1,27-10-2019 11:35,1
2579,1,100,10,1000,1290,1,11-07-2020 16:57,1
2580,2,120,17,2040,1290,1,03-02-2022 19:13,1
2581,1,100,12,1200,1291,1,28-01-2020 12:59,1
2582,2,120,21,2520,1291,1,08-03-2023 12:15,1
2583,1,100,27,2700,1292,1,27-04-2022 16:37,1
2584,2,120,37,4440,1292,1,16-04-2023 15:18,1
2585,1,100,26,2600,1293,1,16-11-2022 10:58,1
2586,2,120,16,1920,1293,1,11-12-2019 10:46,1
2587,1,100,2,200,1294,1,08-02-2020 13:00,1
2588,2,120,29,3480,1294,1,21-10-2023 12:50,1
2589,1,100,37,3700,1295,1,14-09-2023 14:48,1
2590,2,120,38,4560,1295,1,15-09-2019 11:12,1
2591,1,100,9,900,1296,1,02-04-2021 16:58,1
2592,2,120,44,5280,1296,1,31-08-2020 12:17,1
2593,1,100,40,4000,1297,1,11-06-2023 17:37,1
2594,2,120,31,3720,1297,1,29-12-2021 12:37,1
2595,1,100,10,1000,1298,1,18-12-2023 14:24,1
2596,2,120,7,840,1298,1,27-03-2020 16:42,1
2597,1,100,34,3400,1299,1,26-02-2023 19:56,1
2598,2,120,30,3600,1299,1,06-03-2023 14:18,1
2599,1,100,7,700,1300,1,04-04-2023 12:38,1
2600,2,120,48,5760,1300,1,14-01-2021 14:05,1
2601,1,100,31,3100,1301,1,19-07-2022 10:27,1
2602,2,120,2,240,1301,1,26-07-2020 12:54,1
2603,1,100,24,2400,1302,1,16-01-2020 16:51,1
2604,2,120,45,5400,1302,1,10-02-2023 12:40,1
2605,1,100,12,1200,1303,1,13-08-2019 13:35,1
2606,2,120,18,2160,1303,1,19-05-2023 18:48,1
2607,1,100,11,1100,1304,1,09-01-2022 15:18,1
2608,2,120,17,2040,1304,1,06-12-2021 14:35,1
2609,1,100,22,2200,1305,1,18-07-2022 16:16,1
2610,2,120,38,4560,1305,1,09-09-2021 16:55,1
2611,1,100,8,800,1306,1,06-05-2023 14:23,1
2612,2,120,47,5640,1306,1,14-06-2020 11:55,1
2613,1,100,5,500,1307,1,05-08-2022 12:02,1
2614,2,120,31,3720,1307,1,23-03-2023 10:26,1
2615,1,100,13,1300,1308,1,02-02-2022 17:22,1
2616,2,120,22,2640,1308,1,11-03-2023 11:31,1
2617,1,100,42,4200,1309,1,18-12-2020 13:58,1
2618,2,120,32,3840,1309,1,04-06-2021 16:26,1
2619,1,100,43,4300,1310,1,21-07-2021 19:55,1
2620,2,120,3,360,1310,1,02-04-2022 12:54,1
2621,1,100,21,2100,1311,1,02-01-2019 15:45,1
2622,2,120,3,360,1311,1,29-06-2021 13:33,1
2623,1,100,13,1300,1312,1,14-02-2019 10:57,1
2624,2,120,15,1800,1312,1,28-09-2021 12:43,1
2625,1,100,35,3500,1313,1,05-12-2021 17:15,1
2626,2,120,49,5880,1313,1,06-11-2023 14:26,1
2627,1,100,38,3800,1314,1,04-12-2023 19:13,1
2628,2,120,19,2280,1314,1,01-10-2020 15:53,1
2629,1,100,15,1500,1315,1,26-01-2019 15:08,1
2630,2,120,19,2280,1315,1,10-05-2022 17:23,1
2631,1,100,36,3600,1316,1,26-02-2022 14:09,1
2632,2,120,40,4800,1316,1,16-05-2019 14:50,1
2633,1,100,24,2400,1317,1,11-04-2019 10:35,1
2634,2,120,18,2160,1317,1,04-09-2019 15:03,1
2635,1,100,44,4400,1318,1,08-06-2019 12:26,1
2636,2,120,12,1440,1318,1,24-01-2022 10:57,1
2637,1,100,11,1100,1319,1,16-07-2020 13:02,1
2638,2,120,22,2640,1319,1,12-01-2021 12:41,1
2639,1,100,37,3700,1320,1,20-04-2020 19:45,1
2640,2,120,29,3480,1320,1,10-06-2021 14:26,1
2641,1,100,25,2500,1321,1,14-03-2021 15:49,1
2642,2,120,19,2280,1321,1,23-02-2019 11:56,1
2643,1,100,25,2500,1322,1,27-02-2020 15:35,1
2644,2,120,49,5880,1322,1,25-11-2021 12:48,1
2645,1,100,37,3700,1323,1,14-10-2020 11:31,1
2646,2,120,12,1440,1323,1,04-07-2023 19:05,1
2647,1,100,21,2100,1324,1,08-02-2019 16:34,1
2648,2,120,27,3240,1324,1,27-06-2021 18:01,1
2649,1,100,9,900,1325,1,03-12-2023 16:33,1
2650,2,120,43,5160,1325,1,04-08-2023 12:37,1
2651,1,100,12,1200,1326,1,24-05-2022 11:39,1
2652,2,120,18,2160,1326,1,10-07-2023 11:11,1
2653,1,100,37,3700,1327,1,07-01-2019 11:41,1
2654,2,120,24,2880,1327,1,23-07-2022 10:22,1
2655,1,100,39,3900,1328,1,16-11-2020 17:27,1
2656,2,120,27,3240,1328,1,09-07-2019 18:11,1
2657,1,100,5,500,1329,1,05-10-2020 13:16,1
2658,2,120,32,3840,1329,1,12-03-2021 10:43,1
2659,1,100,19,1900,1330,1,11-08-2021 14:56,1
2660,2,120,49,5880,1330,1,08-05-2019 13:56,1
2661,1,100,47,4700,1331,1,21-08-2019 19:45,1
2662,2,120,12,1440,1331,1,10-11-2023 13:20,1
2663,1,100,32,3200,1332,1,13-12-2021 13:07,1
2664,2,120,6,720,1332,1,01-04-2021 14:30,1
2665,1,100,27,2700,1333,1,25-05-2021 11:45,1
2666,2,120,21,2520,1333,1,03-07-2021 11:16,1
2667,1,100,48,4800,1334,1,31-08-2019 12:08,1
2668,2,120,32,3840,1334,1,11-02-2021 14:21,1
2669,1,100,2,200,1335,1,17-04-2020 14:12,1
2670,2,120,40,4800,1335,1,26-04-2019 12:48,1
2671,1,100,23,2300,1336,1,26-08-2023 18:58,1
2672,2,120,41,4920,1336,1,26-03-2020 15:10,1
2673,1,100,38,3800,1337,1,09-01-2020 11:04,1
2674,2,120,12,1440,1337,1,06-05-2019 18:41,1
2675,1,100,15,1500,1338,1,25-03-2021 13:48,1
2676,2,120,24,2880,1338,1,30-01-2019 17:27,1
2677,1,100,41,4100,1339,1,09-01-2022 16:41,1
2678,2,120,32,3840,1339,1,13-03-2022 15:55,1
2679,1,100,36,3600,1340,1,19-04-2020 11:49,1
2680,2,120,27,3240,1340,1,20-10-2020 14:08,1
2681,1,100,6,600,1341,1,12-06-2023 16:19,1
2682,2,120,24,2880,1341,1,12-09-2023 18:43,1
2683,1,100,50,5000,1342,1,28-08-2019 13:53,1
2684,2,120,50,6000,1342,1,21-07-2023 13:45,1
2685,1,100,35,3500,1343,1,27-05-2021 12:08,1
2686,2,120,22,2640,1343,1,10-02-2022 13:14,1
2687,1,100,1,100,1344,1,20-06-2021 13:43,1
2688,2,120,28,3360,1344,1,26-11-2019 12:41,1
2689,1,100,36,3600,1345,1,23-10-2019 18:36,1
2690,2,120,14,1680,1345,1,18-05-2019 13:18,1
2691,1,100,35,3500,1346,1,24-08-2020 14:44,1
2692,2,120,17,2040,1346,1,04-02-2021 10:09,1
2693,1,100,8,800,1347,1,04-09-2020 15:41,1
2694,2,120,3,360,1347,1,30-03-2022 17:57,1
2695,1,100,45,4500,1348,1,14-09-2020 12:26,1
2696,2,120,39,4680,1348,1,06-04-2020 17:26,1
2697,1,100,11,1100,1349,1,17-04-2021 13:45,1
2698,2,120,12,1440,1349,1,09-11-2022 10:47,1
2699,1,100,11,1100,1350,1,14-05-2021 13:51,1
2700,2,120,49,5880,1350,1,28-08-2023 10:08,1
2701,1,100,24,2400,1351,1,25-06-2019 12:51,1
2702,2,120,16,1920,1351,1,26-11-2022 18:09,1
2703,1,100,18,1800,1352,1,02-01-2021 13:21,1
2704,2,120,42,5040,1352,1,31-01-2023 17:16,1
2705,1,100,45,4500,1353,1,21-02-2019 18:10,1
2706,2,120,42,5040,1353,1,09-05-2023 12:14,1
2707,1,100,3,300,1354,1,02-07-2022 17:57,1
2708,2,120,13,1560,1354,1,06-08-2023 19:26,1
2709,1,100,29,2900,1355,1,30-05-2020 14:57,1
2710,2,120,48,5760,1355,1,23-06-2019 16:52,1
2711,1,100,10,1000,1356,1,04-09-2023 13:23,1
2712,2,120,35,4200,1356,1,07-09-2021 18:02,1
2713,1,100,7,700,1357,1,23-07-2022 11:41,1
2714,2,120,19,2280,1357,1,01-02-2020 14:56,1
2715,1,100,39,3900,1358,1,31-10-2022 16:57,1
2716,2,120,39,4680,1358,1,01-01-2022 16:46,1
2717,1,100,7,700,1359,1,10-03-2022 16:28,1
2718,2,120,35,4200,1359,1,12-04-2019 18:53,1
2719,1,100,8,800,1360,1,27-12-2021 19:47,1
2720,2,120,4,480,1360,1,07-07-2019 15:18,1
2721,1,100,16,1600,1361,1,09-03-2022 19:01,1
2722,2,120,27,3240,1361,1,02-11-2019 16:24,1
2723,1,100,8,800,1362,1,10-11-2021 14:29,1
2724,2,120,34,4080,1362,1,05-02-2019 19:19,1
2725,1,100,19,1900,1363,1,13-11-2023 13:27,1
2726,2,120,27,3240,1363,1,26-04-2022 11:57,1
2727,1,100,33,3300,1364,1,17-06-2019 18:29,1
2728,2,120,7,840,1364,1,18-02-2021 16:22,1
2729,1,100,18,1800,1365,1,09-01-2020 18:03,1
2730,2,120,2,240,1365,1,22-03-2022 18:11,1
2731,1,100,30,3000,1366,1,02-10-2021 11:06,1
2732,2,120,20,2400,1366,1,15-08-2022 17:43,1
2733,1,100,7,700,1367,1,15-04-2020 13:09,1
2734,2,120,7,840,1367,1,05-03-2022 14:23,1
2735,1,100,46,4600,1368,1,21-01-2020 19:50,1
2736,2,120,1,120,1368,1,26-07-2022 13:12,1
2737,1,100,30,3000,1369,1,29-09-2019 10:06,1
2738,2,120,8,960,1369,1,20-03-2022 17:31,1
2739,1,100,24,2400,1370,1,17-07-2021 12:26,1
2740,2,120,3,360,1370,1,18-03-2021 17:17,1
2741,1,100,42,4200,1371,1,29-04-2019 17:13,1
2742,2,120,50,6000,1371,1,09-11-2019 13:29,1
2743,1,100,40,4000,1372,1,30-03-2023 18:42,1
2744,2,120,23,2760,1372,1,17-09-2019 18:07,1
2745,1,100,41,4100,1373,1,22-08-2022 17:43,1
2746,2,120,30,3600,1373,1,23-06-2019 17:02,1
2747,1,100,7,700,1374,1,25-02-2021 16:54,1
2748,2,120,22,2640,1374,1,15-02-2022 17:11,1
2749,1,100,24,2400,1375,1,22-10-2019 19:06,1
2750,2,120,21,2520,1375,1,19-04-2021 13:27,1
2751,1,100,8,800,1376,1,08-04-2021 14:30,1
2752,2,120,24,2880,1376,1,12-06-2020 15:38,1
2753,1,100,16,1600,1377,1,06-04-2023 19:16,1
2754,2,120,41,4920,1377,1,22-11-2019 18:00,1
2755,1,100,46,4600,1378,1,14-03-2021 10:20,1
2756,2,120,29,3480,1378,1,20-10-2023 13:17,1
2757,1,100,45,4500,1379,1,07-04-2021 11:46,1
2758,2,120,9,1080,1379,1,27-07-2023 18:39,1
2759,1,100,44,4400,1380,1,18-07-2022 15:19,1
2760,2,120,34,4080,1380,1,09-10-2019 17:03,1
2761,1,100,45,4500,1381,1,04-10-2023 11:08,1
2762,2,120,4,480,1381,1,12-10-2021 17:03,1
2763,1,100,42,4200,1382,1,22-05-2022 11:12,1
2764,2,120,25,3000,1382,1,28-10-2022 17:43,1
2765,1,100,38,3800,1383,1,19-01-2022 19:38,1
2766,2,120,34,4080,1383,1,03-06-2021 18:57,1
2767,1,100,20,2000,1384,1,09-05-2019 16:38,1
2768,2,120,48,5760,1384,1,04-04-2019 14:17,1
2769,1,100,27,2700,1385,1,05-09-2022 15:43,1
2770,2,120,44,5280,1385,1,21-01-2021 16:27,1
2771,1,100,27,2700,1386,1,05-02-2020 10:06,1
2772,2,120,16,1920,1386,1,12-08-2019 15:07,1
2773,1,100,3,300,1387,1,22-05-2022 17:29,1
2774,2,120,13,1560,1387,1,10-09-2023 11:24,1
2775,1,100,6,600,1388,1,06-02-2021 13:31,1
2776,2,120,15,1800,1388,1,20-04-2021 18:08,1
2777,1,100,27,2700,1389,1,10-02-2022 15:39,1
2778,2,120,9,1080,1389,1,07-04-2019 13:01,1
2779,1,100,50,5000,1390,1,16-02-2022 14:17,1
2780,2,120,4,480,1390,1,23-04-2019 13:12,1
2781,1,100,9,900,1391,1,16-01-2020 17:09,1
2782,2,120,26,3120,1391,1,21-01-2022 17:36,1
2783,1,100,49,4900,1392,1,17-07-2019 17:51,1
2784,2,120,24,2880,1392,1,05-10-2022 15:32,1
2785,1,100,12,1200,1393,1,29-04-2021 14:42,1
2786,2,120,4,480,1393,1,19-07-2019 18:37,1
2787,1,100,2,200,1394,1,03-05-2022 10:45,1
2788,2,120,25,3000,1394,1,22-03-2019 17:13,1
2789,1,100,10,1000,1395,1,19-02-2020 19:43,1
2790,2,120,28,3360,1395,1,30-08-2021 10:27,1
2791,1,100,14,1400,1396,1,02-12-2022 10:26,1
2792,2,120,49,5880,1396,1,22-11-2019 14:22,1
2793,1,100,9,900,1397,1,04-06-2023 15:08,1
2794,2,120,20,2400,1397,1,12-05-2019 10:21,1
2795,1,100,6,600,1398,1,06-05-2023 15:58,1
2796,2,120,5,600,1398,1,28-11-2022 18:20,1
2797,1,100,49,4900,1399,1,09-11-2020 19:12,1
2798,2,120,19,2280,1399,1,18-07-2023 13:25,1
2799,1,100,19,1900,1400,1,18-01-2021 12:36,1
2800,2,120,37,4440,1400,1,07-05-2019 11:24,1
2801,1,100,10,1000,1401,1,31-01-2020 16:25,1
2802,2,120,16,1920,1401,1,26-09-2023 10:59,1
2803,1,100,17,1700,1402,1,12-02-2021 17:13,1
2804,2,120,34,4080,1402,1,26-04-2020 12:51,1
2805,1,100,6,600,1403,1,03-05-2020 14:55,1
2806,2,120,18,2160,1403,1,10-01-2019 14:54,1
2807,1,100,39,3900,1404,1,01-02-2021 17:13,1
2808,2,120,35,4200,1404,1,02-04-2021 11:24,1
2809,1,100,32,3200,1405,1,15-08-2021 17:52,1
2810,2,120,9,1080,1405,1,01-07-2019 16:51,1
2811,1,100,20,2000,1406,1,14-05-2020 15:30,1
2812,2,120,45,5400,1406,1,12-05-2020 17:22,1
2813,1,100,5,500,1407,1,11-04-2020 16:37,1
2814,2,120,34,4080,1407,1,22-03-2022 18:22,1
2815,1,100,20,2000,1408,1,02-09-2019 10:23,1
2816,2,120,6,720,1408,1,15-04-2023 12:52,1
2817,1,100,44,4400,1409,1,25-08-2022 19:07,1
2818,2,120,33,3960,1409,1,19-01-2021 19:08,1
2819,1,100,50,5000,1410,1,11-01-2023 16:56,1
2820,2,120,3,360,1410,1,24-10-2021 16:13,1
2821,1,100,36,3600,1411,1,21-05-2021 11:21,1
2822,2,120,15,1800,1411,1,02-10-2023 18:36,1
2823,1,100,34,3400,1412,1,27-09-2022 17:05,1
2824,2,120,22,2640,1412,1,22-09-2022 16:04,1
2825,1,100,37,3700,1413,1,11-04-2020 16:50,1
2826,2,120,30,3600,1413,1,17-04-2023 16:29,1
2827,1,100,47,4700,1414,1,03-11-2019 16:03,1
2828,2,120,1,120,1414,1,27-08-2021 11:12,1
2829,1,100,37,3700,1415,1,27-07-2022 18:27,1
2830,2,120,21,2520,1415,1,13-03-2019 17:43,1
2831,1,100,13,1300,1416,1,02-01-2021 14:32,1
2832,2,120,34,4080,1416,1,06-08-2020 15:53,1
2833,1,100,10,1000,1417,1,17-05-2023 15:27,1
2834,2,120,28,3360,1417,1,10-03-2023 18:51,1
2835,1,100,33,3300,1418,1,21-08-2021 14:18,1
2836,2,120,22,2640,1418,1,20-12-2022 14:41,1
2837,1,100,39,3900,1419,1,05-12-2023 17:17,1
2838,2,120,38,4560,1419,1,27-02-2022 10:56,1
2839,1,100,15,1500,1420,1,25-10-2021 14:25,1
2840,2,120,19,2280,1420,1,21-07-2019 18:38,1
2841,1,100,44,4400,1421,1,13-12-2019 13:56,1
2842,2,120,19,2280,1421,1,16-10-2022 15:00,1
2843,1,100,34,3400,1422,1,28-01-2019 11:46,1
2844,2,120,2,240,1422,1,10-03-2022 11:30,1
2845,1,100,7,700,1423,1,05-07-2021 15:12,1
2846,2,120,43,5160,1423,1,23-08-2023 13:09,1
2847,1,100,27,2700,1424,1,26-04-2022 16:30,1
2848,2,120,8,960,1424,1,21-01-2019 15:26,1
2849,1,100,47,4700,1425,1,24-03-2019 18:10,1
2850,2,120,48,5760,1425,1,14-05-2019 14:17,1
2851,1,100,28,2800,1426,1,18-02-2019 10:42,1
2852,2,120,14,1680,1426,1,16-02-2023 15:54,1
2853,1,100,33,3300,1427,1,14-07-2021 11:13,1
2854,2,120,6,720,1427,1,27-03-2023 16:30,1
2855,1,100,47,4700,1428,1,01-04-2023 18:49,1
2856,2,120,50,6000,1428,1,10-12-2019 18:54,1
2857,1,100,19,1900,1429,1,05-04-2020 12:44,1
2858,2,120,46,5520,1429,1,08-07-2020 13:23,1
2859,1,100,5,500,1430,1,19-10-2022 19:45,1
2860,2,120,18,2160,1430,1,26-09-2020 12:35,1
2861,1,100,27,2700,1431,1,01-08-2019 11:49,1
2862,2,120,27,3240,1431,1,26-03-2020 18:45,1
2863,1,100,2,200,1432,1,21-07-2021 12:30,1
2864,2,120,13,1560,1432,1,28-01-2020 15:19,1
2865,1,100,21,2100,1433,1,25-04-2021 18:01,1
2866,2,120,3,360,1433,1,18-07-2020 15:41,1
2867,1,100,31,3100,1434,1,14-04-2022 10:07,1
2868,2,120,24,2880,1434,1,09-09-2021 19:28,1
2869,1,100,44,4400,1435,1,05-03-2019 12:11,1
2870,2,120,30,3600,1435,1,03-01-2022 18:15,1
2871,1,100,48,4800,1436,1,02-08-2022 19:05,1
2872,2,120,15,1800,1436,1,28-09-2020 17:43,1
2873,1,100,36,3600,1437,1,10-05-2019 19:49,1
2874,2,120,25,3000,1437,1,24-11-2020 15:24,1
2875,1,100,33,3300,1438,1,20-02-2019 12:52,1
2876,2,120,11,1320,1438,1,02-11-2019 17:54,1
2877,1,100,36,3600,1439,1,21-02-2020 15:50,1
2878,2,120,15,1800,1439,1,04-05-2023 15:02,1
2879,1,100,5,500,1440,1,29-07-2022 12:55,1
2880,2,120,9,1080,1440,1,21-06-2022 12:53,1
2881,1,100,44,4400,1441,1,03-01-2022 16:09,1
2882,2,120,2,240,1441,1,28-11-2023 12:07,1
2883,1,100,41,4100,1442,1,03-03-2020 12:34,1
2884,2,120,25,3000,1442,1,13-04-2022 11:42,1
2885,1,100,4,400,1443,1,09-03-2021 13:58,1
2886,2,120,6,720,1443,1,11-02-2023 11:31,1
2887,1,100,31,3100,1444,1,16-10-2019 13:37,1
2888,2,120,33,3960,1444,1,11-05-2023 15:35,1
2889,1,100,13,1300,1445,1,20-03-2021 18:59,1
2890,2,120,45,5400,1445,1,27-10-2022 10:35,1
2891,1,100,41,4100,1446,1,19-07-2019 16:00,1
2892,2,120,23,2760,1446,1,13-12-2023 13:30,1
2893,1,100,35,3500,1447,1,11-05-2021 10:15,1
2894,2,120,38,4560,1447,1,01-02-2021 11:22,1
2895,1,100,27,2700,1448,1,13-06-2022 11:12,1
2896,2,120,1,120,1448,1,26-09-2023 15:32,1
2897,1,100,27,2700,1449,1,21-11-2020 14:27,1
2898,2,120,20,2400,1449,1,18-06-2019 11:15,1
2899,1,100,13,1300,1450,1,01-11-2023 17:22,1
2900,2,120,16,1920,1450,1,08-03-2020 10:50,1
2901,1,100,26,2600,1451,1,23-07-2020 14:28,1
2902,2,120,44,5280,1451,1,30-07-2020 13:08,1
2903,1,100,8,800,1452,1,17-12-2022 13:18,1
2904,2,120,42,5040,1452,1,04-01-2022 14:10,1
2905,1,100,22,2200,1453,1,07-07-2023 11:13,1
2906,2,120,14,1680,1453,1,12-04-2019 11:55,1
2907,1,100,18,1800,1454,1,09-05-2023 10:55,1
2908,2,120,50,6000,1454,1,13-12-2023 12:42,1
2909,1,100,48,4800,1455,1,23-08-2019 16:51,1
2910,2,120,18,2160,1455,1,04-02-2023 13:38,1
2911,1,100,40,4000,1456,1,18-08-2023 17:49,1
2912,2,120,34,4080,1456,1,30-07-2020 17:28,1
2913,1,100,1,100,1457,1,16-01-2023 18:12,1
2914,2,120,17,2040,1457,1,30-05-2020 17:42,1
2915,1,100,41,4100,1458,1,26-12-2020 15:45,1
2916,2,120,29,3480,1458,1,18-07-2020 17:29,1
2917,1,100,46,4600,1459,1,23-03-2019 13:18,1
2918,2,120,21,2520,1459,1,27-09-2022 19:14,1
2919,1,100,29,2900,1460,1,18-12-2021 14:25,1
2920,2,120,12,1440,1460,1,18-12-2022 16:40,1
2921,1,100,27,2700,1461,1,14-02-2021 18:43,1
2922,2,120,8,960,1461,1,11-02-2023 13:18,1
2923,1,100,31,3100,1462,1,18-06-2022 16:45,1
2924,2,120,49,5880,1462,1,01-05-2021 18:35,1
2925,1,100,49,4900,1463,1,23-01-2023 12:41,1
2926,2,120,21,2520,1463,1,25-05-2021 16:37,1
2927,1,100,33,3300,1464,1,25-01-2021 17:11,1
2928,2,120,11,1320,1464,1,14-05-2021 12:31,1
2929,1,100,23,2300,1465,1,29-04-2019 11:36,1
2930,2,120,14,1680,1465,1,12-12-2019 17:23,1
2931,1,100,23,2300,1466,1,20-05-2022 14:30,1
2932,2,120,31,3720,1466,1,26-06-2020 11:46,1
2933,1,100,15,1500,1467,1,04-11-2022 19:56,1
2934,2,120,22,2640,1467,1,21-07-2021 12:55,1
2935,1,100,26,2600,1468,1,09-10-2021 19:02,1
2936,2,120,30,3600,1468,1,15-05-2021 13:13,1
2937,1,100,11,1100,1469,1,23-06-2020 17:40,1
2938,2,120,25,3000,1469,1,15-04-2021 12:16,1
2939,1,100,5,500,1470,1,28-05-2019 16:14,1
2940,2,120,35,4200,1470,1,26-03-2022 16:53,1
2941,1,100,30,3000,1471,1,29-09-2022 15:08,1
2942,2,120,20,2400,1471,1,03-04-2023 19:46,1
2943,1,100,45,4500,1472,1,15-04-2019 18:51,1
2944,2,120,28,3360,1472,1,09-05-2019 15:46,1
2945,1,100,40,4000,1473,1,13-01-2022 14:37,1
2946,2,120,27,3240,1473,1,22-10-2021 12:40,1
2947,1,100,40,4000,1474,1,03-09-2021 19:09,1
2948,2,120,26,3120,1474,1,22-08-2021 18:28,1
2949,1,100,44,4400,1475,1,15-03-2021 10:30,1
2950,2,120,10,1200,1475,1,05-05-2020 11:51,1
2951,1,100,35,3500,1476,1,14-01-2021 11:31,1
2952,2,120,41,4920,1476,1,28-09-2022 11:50,1
2953,1,100,38,3800,1477,1,03-01-2019 15:28,1
2954,2,120,30,3600,1477,1,29-03-2023 15:53,1
2955,1,100,24,2400,1478,1,14-06-2023 12:53,1
2956,2,120,23,2760,1478,1,22-04-2021 10:42,1
2957,1,100,14,1400,1479,1,30-09-2023 14:30,1
2958,2,120,24,2880,1479,1,21-08-2022 17:09,1
2959,1,100,47,4700,1480,1,15-01-2023 10:08,1
2960,2,120,36,4320,1480,1,29-04-2020 15:34,1
2961,1,100,2,200,1481,1,02-11-2023 18:11,1
2962,2,120,9,1080,1481,1,20-07-2021 14:27,1
2963,1,100,18,1800,1482,1,27-02-2021 16:19,1
2964,2,120,42,5040,1482,1,07-11-2019 14:30,1
2965,1,100,14,1400,1483,1,08-07-2020 16:09,1
2966,2,120,37,4440,1483,1,04-07-2020 13:12,1
2967,1,100,28,2800,1484,1,01-07-2020 12:56,1
2968,2,120,17,2040,1484,1,03-01-2021 18:52,1
2969,1,100,16,1600,1485,1,26-12-2022 11:48,1
2970,2,120,43,5160,1485,1,31-01-2019 10:45,1
2971,1,100,28,2800,1486,1,10-12-2019 19:06,1
2972,2,120,37,4440,1486,1,24-10-2022 18:36,1
2973,1,100,11,1100,1487,1,28-07-2021 18:47,1
2974,2,120,48,5760,1487,1,28-03-2022 10:39,1
2975,1,100,47,4700,1488,1,20-02-2022 18:52,1
2976,2,120,4,480,1488,1,29-11-2019 14:30,1
2977,1,100,11,1100,1489,1,29-01-2020 16:59,1
2978,2,120,43,5160,1489,1,22-11-2019 16:35,1
2979,1,100,5,500,1490,1,07-02-2019 14:29,1
2980,2,120,31,3720,1490,1,26-05-2022 18:20,1
2981,1,100,44,4400,1491,1,14-11-2022 16:31,1
2982,2,120,1,120,1491,1,16-10-2020 19:08,1
2983,1,100,9,900,1492,1,22-05-2020 15:23,1
2984,2,120,35,4200,1492,1,07-07-2022 19:56,1
2985,1,100,8,800,1493,1,11-04-2023 17:44,1
2986,2,120,3,360,1493,1,26-01-2023 19:32,1
2987,1,100,41,4100,1494,1,18-12-2023 13:52,1
2988,2,120,5,600,1494,1,23-08-2021 18:18,1
2989,1,100,14,1400,1495,1,06-09-2021 13:31,1
2990,2,120,31,3720,1495,1,24-06-2022 15:38,1
2991,1,100,7,700,1496,1,16-04-2021 15:35,1
2992,2,120,29,3480,1496,1,17-11-2022 14:07,1
2993,1,100,38,3800,1497,1,05-10-2020 10:37,1
2994,2,120,32,3840,1497,1,27-02-2022 17:45,1
2995,1,100,31,3100,1498,1,10-10-2021 19:33,1
2996,2,120,4,480,1498,1,21-05-2020 14:20,1
2997,1,100,22,2200,1499,1,05-11-2023 11:59,1
2998,2,120,40,4800,1499,1,23-11-2020 16:47,1
2999,1,100,24,2400,1500,1,27-01-2020 10:49,1
3000,2,120,16,1920,1500,1,31-05-2023 16:07,1
3001,1,100,43,4300,1501,1,23-01-2023 19:01,1
3002,2,120,41,4920,1501,1,06-01-2023 19:33,1
3003,1,100,7,700,1502,1,24-01-2019 12:59,1
3004,2,120,20,2400,1502,1,15-03-2020 16:50,1
3005,1,100,11,1100,1503,1,06-03-2021 14:37,1
3006,2,120,24,2880,1503,1,26-03-2020 19:45,1
3007,1,100,17,1700,1504,1,18-10-2021 16:49,1
3008,2,120,48,5760,1504,1,19-12-2020 11:30,1
3009,1,100,11,1100,1505,1,17-01-2020 18:47,1
3010,2,120,30,3600,1505,1,11-03-2021 11:17,1
3011,1,100,4,400,1506,1,30-11-2023 17:16,1
3012,2,120,1,120,1506,1,15-09-2019 17:48,1
3013,1,100,22,2200,1507,1,01-11-2019 15:46,1
3014,2,120,46,5520,1507,1,23-04-2022 17:25,1
3015,1,100,4,400,1508,1,24-05-2019 10:45,1
3016,2,120,26,3120,1508,1,15-04-2022 17:45,1
3017,1,100,30,3000,1509,1,17-07-2019 17:03,1
3018,2,120,35,4200,1509,1,13-08-2020 15:43,1
3019,1,100,36,3600,1510,1,24-04-2023 18:31,1
3020,2,120,10,1200,1510,1,04-04-2023 13:18,1
3021,1,100,46,4600,1511,1,18-02-2021 17:51,1
3022,2,120,16,1920,1511,1,30-03-2021 17:38,1
3023,1,100,4,400,1512,1,21-03-2020 18:50,1
3024,2,120,3,360,1512,1,10-08-2021 12:35,1
3025,1,100,42,4200,1513,1,19-06-2020 10:52,1
3026,2,120,38,4560,1513,1,01-10-2019 14:24,1
3027,1,100,30,3000,1514,1,17-02-2021 13:52,1
3028,2,120,11,1320,1514,1,09-03-2022 13:52,1
3029,1,100,38,3800,1515,1,28-03-2020 15:40,1
3030,2,120,39,4680,1515,1,02-09-2023 11:26,1
3031,1,100,42,4200,1516,1,16-01-2021 13:06,1
3032,2,120,25,3000,1516,1,04-09-2022 13:10,1
3033,1,100,6,600,1517,1,11-04-2020 15:49,1
3034,2,120,35,4200,1517,1,22-09-2020 13:29,1
3035,1,100,16,1600,1518,1,01-05-2023 12:37,1
3036,2,120,2,240,1518,1,24-12-2019 10:32,1
3037,1,100,19,1900,1519,1,11-08-2020 14:13,1
3038,2,120,9,1080,1519,1,12-07-2021 17:13,1
3039,1,100,41,4100,1520,1,01-10-2023 10:58,1
3040,2,120,48,5760,1520,1,09-02-2022 17:15,1
3041,1,100,1,100,1521,1,03-01-2020 12:40,1
3042,2,120,34,4080,1521,1,29-09-2019 13:04,1
3043,1,100,35,3500,1522,1,29-04-2022 10:17,1
3044,2,120,8,960,1522,1,28-03-2020 18:44,1
3045,1,100,19,1900,1523,1,24-09-2019 15:28,1
3046,2,120,13,1560,1523,1,23-06-2023 19:30,1
3047,1,100,20,2000,1524,1,06-05-2020 16:07,1
3048,2,120,14,1680,1524,1,03-09-2020 17:49,1
3049,1,100,30,3000,1525,1,03-02-2023 12:31,1
3050,2,120,14,1680,1525,1,31-10-2022 16:11,1
3051,1,100,46,4600,1526,1,26-04-2020 10:13,1
3052,2,120,44,5280,1526,1,01-08-2022 14:05,1
3053,1,100,14,1400,1527,1,28-02-2022 11:29,1
3054,2,120,48,5760,1527,1,10-08-2022 11:04,1
3055,1,100,9,900,1528,1,20-02-2019 15:13,1
3056,2,120,45,5400,1528,1,23-05-2022 10:03,1
3057,1,100,3,300,1529,1,21-10-2022 14:10,1
3058,2,120,17,2040,1529,1,14-01-2023 13:52,1
3059,1,100,1,100,1530,1,10-08-2020 10:02,1
3060,2,120,9,1080,1530,1,11-03-2021 13:09,1
3061,1,100,11,1100,1531,1,29-11-2020 19:09,1
3062,2,120,28,3360,1531,1,04-06-2022 17:41,1
3063,1,100,2,200,1532,1,16-10-2022 16:10,1
3064,2,120,45,5400,1532,1,06-07-2021 12:11,1
3065,1,100,17,1700,1533,1,16-05-2023 13:11,1
3066,2,120,5,600,1533,1,07-04-2022 14:35,1
3067,1,100,17,1700,1534,1,05-09-2020 19:02,1
3068,2,120,15,1800,1534,1,28-03-2022 13:22,1
3069,1,100,28,2800,1535,1,04-12-2020 11:01,1
3070,2,120,12,1440,1535,1,25-12-2020 19:34,1
3071,1,100,18,1800,1536,1,02-09-2023 19:48,1
3072,2,120,34,4080,1536,1,26-10-2021 16:33,1
3073,1,100,19,1900,1537,1,29-10-2023 10:37,1
3074,2,120,1,120,1537,1,04-01-2023 15:24,1
3075,1,100,20,2000,1538,1,11-04-2021 15:19,1
3076,2,120,36,4320,1538,1,10-07-2019 15:35,1
3077,1,100,9,900,1539,1,12-07-2019 12:39,1
3078,2,120,9,1080,1539,1,13-05-2021 19:01,1
3079,1,100,15,1500,1540,1,01-02-2021 10:36,1
3080,2,120,13,1560,1540,1,07-01-2023 18:11,1
3081,1,100,34,3400,1541,1,17-06-2023 11:43,1
3082,2,120,32,3840,1541,1,09-07-2023 17:39,1
3083,1,100,9,900,1542,1,16-02-2019 17:23,1
3084,2,120,49,5880,1542,1,14-01-2021 19:12,1
3085,1,100,40,4000,1543,1,17-07-2023 11:11,1
3086,2,120,50,6000,1543,1,06-07-2023 19:19,1
3087,1,100,38,3800,1544,1,08-05-2021 16:27,1
3088,2,120,25,3000,1544,1,25-01-2021 18:17,1
3089,1,100,43,4300,1545,1,14-09-2023 12:56,1
3090,2,120,28,3360,1545,1,01-10-2023 12:33,1
3091,1,100,33,3300,1546,1,15-11-2021 15:35,1
3092,2,120,40,4800,1546,1,30-11-2022 10:23,1
3093,1,100,19,1900,1547,1,10-11-2021 12:39,1
3094,2,120,46,5520,1547,1,25-10-2021 13:25,1
3095,1,100,35,3500,1548,1,05-09-2019 11:13,1
3096,2,120,11,1320,1548,1,09-04-2021 13:29,1
3097,1,100,37,3700,1549,1,10-06-2019 18:02,1
3098,2,120,41,4920,1549,1,10-06-2022 12:36,1
3099,1,100,42,4200,1550,1,30-08-2019 10:39,1
3100,2,120,24,2880,1550,1,12-12-2021 10:35,1
3101,1,100,3,300,1551,1,14-07-2020 11:37,1
3102,2,120,3,360,1551,1,05-12-2020 15:35,1
3103,1,100,7,700,1552,1,22-01-2019 10:55,1
3104,2,120,13,1560,1552,1,29-04-2022 14:44,1
3105,1,100,15,1500,1553,1,26-04-2020 12:30,1
3106,2,120,3,360,1553,1,05-08-2020 18:56,1
3107,1,100,41,4100,1554,1,29-02-2020 15:30,1
3108,2,120,35,4200,1554,1,23-05-2021 18:18,1
3109,1,100,15,1500,1555,1,11-05-2019 19:55,1
3110,2,120,49,5880,1555,1,13-01-2019 18:10,1
3111,1,100,7,700,1556,1,07-05-2019 11:03,1
3112,2,120,15,1800,1556,1,20-07-2020 12:10,1
3113,1,100,25,2500,1557,1,28-10-2019 12:31,1
3114,2,120,25,3000,1557,1,23-11-2021 13:40,1
3115,1,100,9,900,1558,1,06-11-2023 12:06,1
3116,2,120,2,240,1558,1,03-04-2023 17:00,1
3117,1,100,46,4600,1559,1,13-02-2022 17:56,1
3118,2,120,29,3480,1559,1,13-11-2021 16:26,1
3119,1,100,40,4000,1560,1,10-05-2023 12:58,1
3120,2,120,28,3360,1560,1,25-06-2019 10:45,1
3121,1,100,48,4800,1561,1,29-05-2020 11:53,1
3122,2,120,39,4680,1561,1,25-07-2022 10:50,1
3123,1,100,17,1700,1562,1,19-05-2021 13:39,1
3124,2,120,49,5880,1562,1,01-11-2023 19:13,1
3125,1,100,18,1800,1563,1,03-04-2019 13:04,1
3126,2,120,32,3840,1563,1,12-08-2022 14:33,1
3127,1,100,47,4700,1564,1,24-06-2022 17:46,1
3128,2,120,45,5400,1564,1,05-01-2023 17:00,1
3129,1,100,48,4800,1565,1,28-03-2020 11:00,1
3130,2,120,42,5040,1565,1,12-09-2023 16:32,1
3131,1,100,37,3700,1566,1,03-12-2021 19:24,1
3132,2,120,48,5760,1566,1,14-06-2023 14:22,1
3133,1,100,24,2400,1567,1,28-04-2022 11:01,1
3134,2,120,18,2160,1567,1,25-02-2023 12:24,1
3135,1,100,27,2700,1568,1,09-12-2021 19:24,1
3136,2,120,26,3120,1568,1,18-06-2020 10:38,1
3137,1,100,39,3900,1569,1,28-12-2020 11:33,1
3138,2,120,10,1200,1569,1,15-02-2019 11:06,1
3139,1,100,3,300,1570,1,28-03-2023 10:11,1
3140,2,120,14,1680,1570,1,06-04-2019 11:45,1
3141,1,100,32,3200,1571,1,14-10-2023 14:19,1
3142,2,120,16,1920,1571,1,08-09-2020 18:12,1
3143,1,100,40,4000,1572,1,20-01-2021 10:17,1
3144,2,120,45,5400,1572,1,05-09-2023 11:08,1
3145,1,100,21,2100,1573,1,20-08-2019 15:03,1
3146,2,120,31,3720,1573,1,04-07-2022 11:48,1
3147,1,100,40,4000,1574,1,23-11-2021 13:31,1
3148,2,120,41,4920,1574,1,23-04-2023 16:09,1
3149,1,100,5,500,1575,1,04-08-2020 10:21,1
3150,2,120,22,2640,1575,1,09-06-2020 11:15,1
3151,1,100,19,1900,1576,1,29-10-2019 16:32,1
3152,2,120,32,3840,1576,1,26-05-2021 11:34,1
3153,1,100,39,3900,1577,1,03-09-2022 12:51,1
3154,2,120,40,4800,1577,1,24-02-2022 15:39,1
3155,1,100,36,3600,1578,1,17-08-2019 11:12,1
3156,2,120,21,2520,1578,1,30-03-2022 17:22,1
3157,1,100,17,1700,1579,1,02-11-2021 16:46,1
3158,2,120,18,2160,1579,1,26-06-2019 10:48,1
3159,1,100,27,2700,1580,1,31-12-2020 15:26,1
3160,2,120,16,1920,1580,1,05-03-2019 13:28,1
3161,1,100,49,4900,1581,1,22-06-2022 19:32,1
3162,2,120,38,4560,1581,1,05-08-2021 12:09,1
3163,1,100,1,100,1582,1,18-01-2021 17:24,1
3164,2,120,36,4320,1582,1,07-10-2019 13:31,1
3165,1,100,20,2000,1583,1,22-01-2022 11:27,1
3166,2,120,39,4680,1583,1,29-05-2023 15:30,1
3167,1,100,35,3500,1584,1,14-05-2022 14:23,1
3168,2,120,38,4560,1584,1,16-12-2019 10:52,1
3169,1,100,47,4700,1585,1,11-07-2021 14:03,1
3170,2,120,39,4680,1585,1,10-01-2020 10:06,1
3171,1,100,26,2600,1586,1,27-06-2022 17:44,1
3172,2,120,34,4080,1586,1,12-09-2019 11:27,1
3173,1,100,32,3200,1587,1,08-12-2023 11:30,1
3174,2,120,21,2520,1587,1,26-08-2023 18:35,1
3175,1,100,47,4700,1588,1,09-02-2022 16:59,1
3176,2,120,47,5640,1588,1,21-07-2023 13:47,1
3177,1,100,2,200,1589,1,05-08-2023 17:14,1
3178,2,120,8,960,1589,1,01-06-2022 19:51,1
3179,1,100,31,3100,1590,1,30-12-2023 17:00,1
3180,2,120,34,4080,1590,1,27-10-2021 12:12,1
3181,1,100,9,900,1591,1,09-03-2021 14:10,1
3182,2,120,10,1200,1591,1,17-04-2021 17:07,1
3183,1,100,22,2200,1592,1,29-05-2019 13:51,1
3184,2,120,24,2880,1592,1,24-05-2023 13:14,1
3185,1,100,44,4400,1593,1,06-04-2023 15:15,1
3186,2,120,30,3600,1593,1,12-06-2023 10:44,1
3187,1,100,41,4100,1594,1,06-08-2022 19:53,1
3188,2,120,4,480,1594,1,13-06-2023 11:32,1
3189,1,100,33,3300,1595,1,22-02-2021 11:04,1
3190,2,120,43,5160,1595,1,31-03-2020 13:29,1
3191,1,100,36,3600,1596,1,22-11-2019 12:02,1
3192,2,120,37,4440,1596,1,29-05-2021 19:35,1
3193,1,100,10,1000,1597,1,09-04-2021 17:16,1
3194,2,120,30,3600,1597,1,12-01-2023 12:09,1
3195,1,100,28,2800,1598,1,02-09-2021 13:13,1
3196,2,120,40,4800,1598,1,11-10-2021 19:38,1
3197,1,100,22,2200,1599,1,25-03-2020 17:18,1
3198,2,120,41,4920,1599,1,03-01-2021 11:44,1
3199,1,100,14,1400,1600,1,24-07-2022 15:09,1
3200,2,120,44,5280,1600,1,31-05-2019 18:48,1
3201,1,100,46,4600,1601,1,17-08-2023 15:00,1
3202,2,120,34,4080,1601,1,12-03-2021 19:36,1
3203,1,100,16,1600,1602,1,09-02-2019 19:28,1
3204,2,120,16,1920,1602,1,30-07-2020 18:41,1
3205,1,100,41,4100,1603,1,18-04-2022 15:53,1
3206,2,120,49,5880,1603,1,25-10-2022 18:59,1
3207,1,100,19,1900,1604,1,04-06-2023 12:59,1
3208,2,120,13,1560,1604,1,21-04-2023 11:13,1
3209,1,100,3,300,1605,1,03-02-2023 19:07,1
3210,2,120,45,5400,1605,1,05-01-2022 13:07,1
3211,1,100,8,800,1606,1,17-11-2022 17:46,1
3212,2,120,9,1080,1606,1,15-03-2022 15:31,1
3213,1,100,41,4100,1607,1,14-10-2020 17:12,1
3214,2,120,22,2640,1607,1,05-11-2019 18:46,1
3215,1,100,12,1200,1608,1,07-01-2023 11:37,1
3216,2,120,28,3360,1608,1,05-07-2022 10:48,1
3217,1,100,11,1100,1609,1,06-05-2019 16:14,1
3218,2,120,24,2880,1609,1,28-04-2019 19:41,1
3219,1,100,32,3200,1610,1,28-06-2020 15:30,1
3220,2,120,40,4800,1610,1,24-05-2023 19:05,1
3221,1,100,2,200,1611,1,18-09-2019 16:10,1
3222,2,120,34,4080,1611,1,08-06-2021 18:59,1
3223,1,100,39,3900,1612,1,16-11-2019 15:08,1
3224,2,120,3,360,1612,1,09-05-2023 13:25,1
3225,1,100,47,4700,1613,1,14-01-2023 12:42,1
3226,2,120,32,3840,1613,1,08-05-2021 13:53,1
3227,1,100,40,4000,1614,1,02-10-2019 10:49,1
3228,2,120,6,720,1614,1,23-04-2023 19:26,1
3229,1,100,22,2200,1615,1,04-07-2022 11:44,1
3230,2,120,3,360,1615,1,23-06-2020 12:02,1
3231,1,100,16,1600,1616,1,04-12-2021 11:16,1
3232,2,120,38,4560,1616,1,11-07-2022 11:25,1
3233,1,100,4,400,1617,1,06-07-2023 13:17,1
3234,2,120,43,5160,1617,1,10-05-2023 16:51,1
3235,1,100,18,1800,1618,1,24-03-2023 13:25,1
3236,2,120,16,1920,1618,1,30-01-2023 13:33,1
3237,1,100,14,1400,1619,1,12-02-2019 17:18,1
3238,2,120,48,5760,1619,1,28-01-2019 10:29,1
3239,1,100,2,200,1620,1,31-03-2020 11:18,1
3240,2,120,13,1560,1620,1,01-06-2022 13:31,1
3241,1,100,44,4400,1621,1,17-04-2021 11:48,1
3242,2,120,10,1200,1621,1,29-06-2020 16:30,1
3243,1,100,26,2600,1622,1,17-06-2021 11:44,1
3244,2,120,4,480,1622,1,15-06-2019 18:59,1
3245,1,100,31,3100,1623,1,20-05-2023 11:02,1
3246,2,120,39,4680,1623,1,03-02-2023 14:57,1
3247,1,100,28,2800,1624,1,28-02-2019 16:24,1
3248,2,120,36,4320,1624,1,31-03-2020 15:56,1
3249,1,100,21,2100,1625,1,24-09-2023 15:08,1
3250,2,120,39,4680,1625,1,15-01-2021 10:16,1
3251,1,100,3,300,1626,1,29-06-2020 14:08,1
3252,2,120,5,600,1626,1,21-06-2020 11:13,1
3253,1,100,10,1000,1627,1,24-09-2022 17:35,1
3254,2,120,32,3840,1627,1,19-08-2023 19:18,1
3255,1,100,1,100,1628,1,11-02-2019 12:01,1
3256,2,120,34,4080,1628,1,07-01-2023 15:38,1
3257,1,100,38,3800,1629,1,08-12-2021 14:35,1
3258,2,120,48,5760,1629,1,05-09-2020 17:51,1
3259,1,100,49,4900,1630,1,01-01-2020 13:46,1
3260,2,120,21,2520,1630,1,22-05-2019 14:54,1
3261,1,100,1,100,1631,1,26-11-2021 14:33,1
3262,2,120,33,3960,1631,1,17-11-2023 16:30,1
3263,1,100,50,5000,1632,1,08-01-2019 17:31,1
3264,2,120,45,5400,1632,1,01-03-2021 19:57,1
3265,1,100,15,1500,1633,1,24-09-2022 18:15,1
3266,2,120,35,4200,1633,1,22-07-2019 15:57,1
3267,1,100,3,300,1634,1,26-04-2022 19:36,1
3268,2,120,25,3000,1634,1,31-03-2023 16:14,1
3269,1,100,39,3900,1635,1,24-10-2021 18:46,1
3270,2,120,37,4440,1635,1,15-09-2022 18:10,1
3271,1,100,16,1600,1636,1,07-05-2019 13:34,1
3272,2,120,13,1560,1636,1,12-03-2021 14:12,1
3273,1,100,24,2400,1637,1,26-01-2020 15:06,1
3274,2,120,2,240,1637,1,10-11-2022 14:14,1
3275,1,100,38,3800,1638,1,10-07-2022 12:21,1
3276,2,120,39,4680,1638,1,21-12-2023 18:27,1
3277,1,100,41,4100,1639,1,14-01-2022 18:32,1
3278,2,120,29,3480,1639,1,14-04-2023 13:28,1
3279,1,100,37,3700,1640,1,12-07-2019 15:08,1
3280,2,120,8,960,1640,1,16-09-2023 16:51,1
3281,1,100,22,2200,1641,1,24-10-2022 18:59,1
3282,2,120,49,5880,1641,1,05-12-2023 19:17,1
3283,1,100,12,1200,1642,1,09-07-2020 10:28,1
3284,2,120,24,2880,1642,1,10-12-2022 19:38,1
3285,1,100,40,4000,1643,1,30-07-2020 16:44,1
3286,2,120,18,2160,1643,1,28-02-2023 11:31,1
3287,1,100,23,2300,1644,1,21-12-2021 16:22,1
3288,2,120,1,120,1644,1,22-10-2023 17:12,1
3289,1,100,32,3200,1645,1,26-02-2022 13:20,1
3290,2,120,7,840,1645,1,14-06-2023 12:13,1
3291,1,100,50,5000,1646,1,08-01-2020 16:38,1
3292,2,120,38,4560,1646,1,07-10-2022 11:07,1
3293,1,100,44,4400,1647,1,27-11-2020 16:55,1
3294,2,120,23,2760,1647,1,22-11-2019 10:25,1
3295,1,100,25,2500,1648,1,11-02-2022 11:37,1
3296,2,120,20,2400,1648,1,02-05-2020 12:40,1
3297,1,100,16,1600,1649,1,02-02-2022 19:46,1
3298,2,120,37,4440,1649,1,08-10-2023 19:28,1
3299,1,100,4,400,1650,1,24-12-2023 12:03,1
3300,2,120,23,2760,1650,1,10-07-2021 15:20,1
3301,1,100,31,3100,1651,1,25-11-2023 17:22,1
3302,2,120,3,360,1651,1,28-01-2022 18:18,1
3303,1,100,32,3200,1652,1,17-09-2021 14:42,1
3304,2,120,46,5520,1652,1,01-01-2023 18:43,1
3305,1,100,30,3000,1653,1,15-08-2023 18:37,1
3306,2,120,24,2880,1653,1,12-03-2021 11:40,1
3307,1,100,28,2800,1654,1,30-05-2019 15:30,1
3308,2,120,38,4560,1654,1,25-12-2021 15:27,1
3309,1,100,34,3400,1655,1,22-05-2021 19:07,1
3310,2,120,36,4320,1655,1,18-11-2020 16:55,1
3311,1,100,48,4800,1656,1,28-01-2021 13:10,1
3312,2,120,24,2880,1656,1,15-05-2023 10:03,1
3313,1,100,45,4500,1657,1,14-08-2020 12:39,1
3314,2,120,1,120,1657,1,04-11-2022 17:18,1
3315,1,100,11,1100,1658,1,29-12-2020 15:47,1
3316,2,120,29,3480,1658,1,01-05-2021 17:10,1
3317,1,100,41,4100,1659,1,16-05-2023 12:17,1
3318,2,120,34,4080,1659,1,27-03-2019 18:20,1
3319,1,100,45,4500,1660,1,07-05-2022 11:38,1
3320,2,120,35,4200,1660,1,10-12-2020 13:34,1
3321,1,100,11,1100,1661,1,16-08-2020 14:04,1
3322,2,120,48,5760,1661,1,05-12-2023 19:45,1
3323,1,100,22,2200,1662,1,31-03-2019 16:33,1
3324,2,120,24,2880,1662,1,14-08-2022 15:28,1
3325,1,100,44,4400,1663,1,25-09-2023 10:55,1
3326,2,120,5,600,1663,1,31-05-2021 18:19,1
3327,1,100,1,100,1664,1,24-05-2021 16:23,1
3328,2,120,16,1920,1664,1,25-05-2022 14:42,1
3329,1,100,47,4700,1665,1,18-11-2021 10:17,1
3330,2,120,49,5880,1665,1,29-12-2022 13:49,1
3331,1,100,27,2700,1666,1,20-06-2019 13:20,1
3332,2,120,50,6000,1666,1,22-06-2023 19:58,1
3333,1,100,19,1900,1667,1,18-08-2023 14:52,1
3334,2,120,41,4920,1667,1,07-05-2019 11:39,1
3335,1,100,29,2900,1668,1,06-10-2019 12:28,1
3336,2,120,44,5280,1668,1,22-08-2022 12:12,1
3337,1,100,50,5000,1669,1,21-11-2020 17:48,1
3338,2,120,48,5760,1669,1,10-06-2020 10:26,1
3339,1,100,48,4800,1670,1,14-10-2020 13:10,1
3340,2,120,26,3120,1670,1,21-09-2020 15:20,1
3341,1,100,18,1800,1671,1,12-10-2023 11:37,1
3342,2,120,28,3360,1671,1,21-10-2021 10:44,1
3343,1,100,39,3900,1672,1,24-08-2021 14:30,1
3344,2,120,46,5520,1672,1,09-12-2020 19:55,1
3345,1,100,13,1300,1673,1,05-11-2019 16:04,1
3346,2,120,22,2640,1673,1,01-06-2019 11:25,1
3347,1,100,39,3900,1674,1,26-12-2023 13:58,1
3348,2,120,17,2040,1674,1,05-03-2021 14:50,1
3349,1,100,7,700,1675,1,25-09-2021 15:21,1
3350,2,120,40,4800,1675,1,25-04-2020 13:45,1
3351,1,100,34,3400,1676,1,16-01-2020 15:30,1
3352,2,120,30,3600,1676,1,10-12-2023 14:15,1
3353,1,100,17,1700,1677,1,17-01-2022 19:28,1
3354,2,120,20,2400,1677,1,28-05-2020 11:57,1
3355,1,100,50,5000,1678,1,09-06-2020 14:41,1
3356,2,120,9,1080,1678,1,21-06-2022 13:16,1
3357,1,100,11,1100,1679,1,18-08-2022 12:30,1
3358,2,120,33,3960,1679,1,22-07-2021 10:09,1
3359,1,100,23,2300,1680,1,13-03-2021 18:47,1
3360,2,120,21,2520,1680,1,11-10-2022 13:16,1
3361,1,100,6,600,1681,1,07-03-2019 17:55,1
3362,2,120,27,3240,1681,1,29-01-2021 14:41,1
3363,1,100,22,2200,1682,1,14-11-2020 13:53,1
3364,2,120,39,4680,1682,1,15-08-2023 14:05,1
3365,1,100,18,1800,1683,1,20-04-2023 19:43,1
3366,2,120,50,6000,1683,1,30-12-2023 10:28,1
3367,1,100,10,1000,1684,1,28-03-2021 16:21,1
3368,2,120,24,2880,1684,1,18-11-2021 15:37,1
3369,1,100,19,1900,1685,1,27-12-2020 18:19,1
3370,2,120,15,1800,1685,1,21-07-2019 16:13,1
3371,1,100,10,1000,1686,1,01-02-2021 10:23,1
3372,2,120,18,2160,1686,1,27-07-2023 15:41,1
3373,1,100,30,3000,1687,1,14-09-2023 15:53,1
3374,2,120,24,2880,1687,1,23-12-2020 17:43,1
3375,1,100,2,200,1688,1,26-01-2020 19:19,1
3376,2,120,46,5520,1688,1,10-01-2020 19:27,1
3377,1,100,43,4300,1689,1,25-09-2023 16:17,1
3378,2,120,1,120,1689,1,14-12-2021 11:29,1
3379,1,100,36,3600,1690,1,10-10-2023 19:30,1
3380,2,120,48,5760,1690,1,07-05-2022 13:52,1
3381,1,100,17,1700,1691,1,08-08-2023 15:23,1
3382,2,120,27,3240,1691,1,08-12-2020 14:56,1
3383,1,100,27,2700,1692,1,10-02-2019 18:08,1
3384,2,120,17,2040,1692,1,10-09-2019 19:43,1
3385,1,100,38,3800,1693,1,22-03-2022 12:26,1
3386,2,120,12,1440,1693,1,03-05-2021 10:20,1
3387,1,100,15,1500,1694,1,20-03-2020 18:17,1
3388,2,120,23,2760,1694,1,03-05-2019 11:37,1
3389,1,100,19,1900,1695,1,06-05-2022 18:04,1
3390,2,120,45,5400,1695,1,14-12-2020 12:22,1
3391,1,100,35,3500,1696,1,13-03-2019 11:34,1
3392,2,120,49,5880,1696,1,15-02-2020 14:55,1
3393,1,100,47,4700,1697,1,15-11-2020 16:15,1
3394,2,120,34,4080,1697,1,30-11-2021 10:37,1
3395,1,100,2,200,1698,1,21-05-2021 19:31,1
3396,2,120,9,1080,1698,1,05-06-2020 16:06,1
3397,1,100,23,2300,1699,1,13-08-2021 10:34,1
3398,2,120,3,360,1699,1,20-10-2021 14:00,1
3399,1,100,22,2200,1700,1,29-12-2020 14:45,1
3400,2,120,24,2880,1700,1,20-06-2020 16:09,1
3401,1,100,43,4300,1701,1,02-10-2020 19:55,1
3402,2,120,34,4080,1701,1,05-10-2021 14:19,1
3403,1,100,26,2600,1702,1,28-11-2020 15:29,1
3404,2,120,6,720,1702,1,12-11-2023 12:36,1
3405,1,100,25,2500,1703,1,03-09-2022 13:30,1
3406,2,120,46,5520,1703,1,01-05-2021 13:00,1
3407,1,100,9,900,1704,1,12-12-2020 14:42,1
3408,2,120,3,360,1704,1,22-06-2023 11:54,1
3409,1,100,32,3200,1705,1,16-11-2019 14:56,1
3410,2,120,24,2880,1705,1,10-10-2019 11:08,1
3411,1,100,48,4800,1706,1,10-09-2019 10:34,1
3412,2,120,26,3120,1706,1,03-11-2019 14:03,1
3413,1,100,17,1700,1707,1,08-02-2019 10:28,1
3414,2,120,34,4080,1707,1,12-06-2021 17:12,1
3415,1,100,24,2400,1708,1,19-05-2022 18:33,1
3416,2,120,21,2520,1708,1,15-08-2019 10:15,1
3417,1,100,4,400,1709,1,20-07-2019 15:00,1
3418,2,120,41,4920,1709,1,22-09-2022 15:38,1
3419,1,100,30,3000,1710,1,12-07-2023 16:14,1
3420,2,120,34,4080,1710,1,25-10-2020 12:25,1
3421,1,100,11,1100,1711,1,20-11-2019 10:50,1
3422,2,120,3,360,1711,1,21-06-2023 17:11,1
3423,1,100,39,3900,1712,1,16-07-2019 19:32,1
3424,2,120,29,3480,1712,1,11-06-2021 11:11,1
3425,1,100,47,4700,1713,1,19-03-2020 16:50,1
3426,2,120,35,4200,1713,1,05-01-2021 13:48,1
3427,1,100,44,4400,1714,1,13-06-2019 17:37,1
3428,2,120,48,5760,1714,1,12-09-2022 14:39,1
3429,1,100,12,1200,1715,1,02-12-2022 12:13,1
3430,2,120,30,3600,1715,1,04-07-2023 18:33,1
3431,1,100,17,1700,1716,1,18-05-2019 16:35,1
3432,2,120,50,6000,1716,1,26-12-2022 14:28,1
3433,1,100,25,2500,1717,1,18-02-2019 11:02,1
3434,2,120,3,360,1717,1,25-09-2023 16:28,1
3435,1,100,7,700,1718,1,20-04-2021 11:28,1
3436,2,120,24,2880,1718,1,13-12-2019 15:48,1
3437,1,100,6,600,1719,1,25-11-2019 16:56,1
3438,2,120,17,2040,1719,1,02-05-2023 15:33,1
3439,1,100,46,4600,1720,1,29-05-2023 10:48,1
3440,2,120,8,960,1720,1,26-06-2021 15:55,1
3441,1,100,19,1900,1721,1,12-07-2023 12:08,1
3442,2,120,40,4800,1721,1,28-02-2019 13:00,1
3443,1,100,34,3400,1722,1,01-05-2019 18:22,1
3444,2,120,13,1560,1722,1,05-06-2023 16:44,1
3445,1,100,44,4400,1723,1,06-08-2023 12:39,1
3446,2,120,3,360,1723,1,21-06-2023 12:14,1
3447,1,100,37,3700,1724,1,18-06-2023 18:21,1
3448,2,120,49,5880,1724,1,16-01-2023 17:30,1
3449,1,100,30,3000,1725,1,14-12-2023 15:30,1
3450,2,120,17,2040,1725,1,27-10-2023 14:49,1
3451,1,100,40,4000,1726,1,24-08-2021 10:38,1
3452,2,120,49,5880,1726,1,11-09-2022 15:15,1
3453,1,100,25,2500,1727,1,18-06-2020 17:34,1
3454,2,120,10,1200,1727,1,22-04-2019 14:49,1
3455,1,100,35,3500,1728,1,13-07-2021 17:16,1
3456,2,120,32,3840,1728,1,14-03-2019 18:28,1
3457,1,100,8,800,1729,1,12-04-2023 19:07,1
3458,2,120,35,4200,1729,1,27-05-2019 14:05,1
3459,1,100,34,3400,1730,1,19-09-2021 18:32,1
3460,2,120,9,1080,1730,1,14-12-2021 17:00,1
3461,1,100,46,4600,1731,1,02-04-2020 15:56,1
3462,2,120,16,1920,1731,1,14-07-2021 15:38,1
3463,1,100,48,4800,1732,1,19-04-2020 19:59,1
3464,2,120,39,4680,1732,1,14-01-2019 10:10,1
3465,1,100,43,4300,1733,1,09-11-2022 14:42,1
3466,2,120,8,960,1733,1,01-02-2023 15:29,1
3467,1,100,13,1300,1734,1,13-09-2022 15:15,1
3468,2,120,14,1680,1734,1,22-07-2020 11:13,1
3469,1,100,46,4600,1735,1,04-03-2019 12:13,1
3470,2,120,23,2760,1735,1,02-05-2023 19:31,1
3471,1,100,44,4400,1736,1,01-05-2022 15:40,1
3472,2,120,34,4080,1736,1,04-04-2021 15:56,1
3473,1,100,25,2500,1737,1,24-12-2022 13:09,1
3474,2,120,42,5040,1737,1,28-04-2021 18:00,1
3475,1,100,11,1100,1738,1,18-07-2020 19:30,1
3476,2,120,26,3120,1738,1,16-01-2022 17:12,1
3477,1,100,20,2000,1739,1,25-08-2019 10:59,1
3478,2,120,19,2280,1739,1,05-05-2019 11:10,1
3479,1,100,40,4000,1740,1,27-10-2022 18:49,1
3480,2,120,36,4320,1740,1,14-11-2019 15:22,1
3481,1,100,45,4500,1741,1,25-04-2019 16:17,1
3482,2,120,48,5760,1741,1,02-09-2020 12:53,1
3483,1,100,28,2800,1742,1,14-02-2022 13:39,1
3484,2,120,8,960,1742,1,02-12-2022 18:18,1
3485,1,100,21,2100,1743,1,13-05-2022 19:28,1
3486,2,120,6,720,1743,1,10-09-2022 19:22,1
3487,1,100,7,700,1744,1,04-08-2023 19:39,1
3488,2,120,47,5640,1744,1,23-02-2021 17:40,1
3489,1,100,8,800,1745,1,22-05-2022 13:51,1
3490,2,120,6,720,1745,1,15-10-2023 13:14,1
3491,1,100,44,4400,1746,1,25-06-2021 13:12,1
3492,2,120,19,2280,1746,1,26-10-2019 18:23,1
3493,1,100,8,800,1747,1,23-04-2022 15:37,1
3494,2,120,15,1800,1747,1,17-08-2022 11:02,1
3495,1,100,16,1600,1748,1,28-05-2020 10:39,1
3496,2,120,49,5880,1748,1,17-02-2019 10:45,1
3497,1,100,16,1600,1749,1,24-08-2022 17:37,1
3498,2,120,37,4440,1749,1,27-01-2022 18:18,1
3499,1,100,17,1700,1750,1,16-12-2020 19:17,1
3500,2,120,8,960,1750,1,21-10-2019 14:26,1
3501,1,100,2,200,1751,1,26-08-2020 12:49,1
3502,2,120,15,1800,1751,1,29-07-2020 14:29,1
3503,1,100,6,600,1752,1,23-09-2019 17:48,1
3504,2,120,48,5760,1752,1,04-06-2022 14:35,1
3505,1,100,20,2000,1753,1,24-12-2023 17:04,1
3506,2,120,8,960,1753,1,17-01-2019 13:38,1
3507,1,100,27,2700,1754,1,09-08-2023 10:05,1
3508,2,120,1,120,1754,1,23-10-2021 14:20,1
3509,1,100,29,2900,1755,1,02-10-2022 11:24,1
3510,2,120,5,600,1755,1,22-05-2022 19:09,1
3511,1,100,5,500,1756,1,12-12-2019 12:23,1
3512,2,120,17,2040,1756,1,13-08-2020 19:39,1
3513,1,100,50,5000,1757,1,18-12-2020 10:39,1
3514,2,120,49,5880,1757,1,27-11-2022 11:37,1
3515,1,100,29,2900,1758,1,09-06-2021 17:32,1
3516,2,120,42,5040,1758,1,11-01-2020 13:56,1
3517,1,100,35,3500,1759,1,05-11-2023 17:29,1
3518,2,120,45,5400,1759,1,09-12-2023 19:52,1
3519,1,100,38,3800,1760,1,17-01-2021 11:36,1
3520,2,120,39,4680,1760,1,19-02-2022 19:03,1
3521,1,100,8,800,1761,1,29-01-2023 18:23,1
3522,2,120,49,5880,1761,1,28-01-2019 16:56,1
3523,1,100,45,4500,1762,1,20-04-2019 13:46,1
3524,2,120,8,960,1762,1,28-09-2021 12:19,1
3525,1,100,38,3800,1763,1,24-07-2023 18:27,1
3526,2,120,40,4800,1763,1,17-09-2021 11:18,1
3527,1,100,27,2700,1764,1,17-06-2021 14:48,1
3528,2,120,41,4920,1764,1,18-12-2019 17:57,1
3529,1,100,44,4400,1765,1,30-08-2020 15:37,1
3530,2,120,18,2160,1765,1,01-01-2021 11:05,1
3531,1,100,42,4200,1766,1,06-09-2023 12:28,1
3532,2,120,37,4440,1766,1,21-11-2019 14:59,1
3533,1,100,31,3100,1767,1,20-11-2021 11:45,1
3534,2,120,36,4320,1767,1,21-01-2021 13:17,1
3535,1,100,42,4200,1768,1,19-12-2023 15:36,1
3536,2,120,47,5640,1768,1,27-03-2023 14:49,1
3537,1,100,13,1300,1769,1,19-05-2020 19:32,1
3538,2,120,32,3840,1769,1,27-12-2020 11:22,1
3539,1,100,47,4700,1770,1,05-10-2023 11:35,1
3540,2,120,4,480,1770,1,14-01-2022 15:44,1
3541,1,100,21,2100,1771,1,02-06-2020 13:40,1
3542,2,120,33,3960,1771,1,09-10-2019 15:49,1
3543,1,100,50,5000,1772,1,05-11-2019 14:35,1
3544,2,120,5,600,1772,1,27-04-2020 12:28,1
3545,1,100,50,5000,1773,1,23-09-2021 12:16,1
3546,2,120,18,2160,1773,1,15-01-2019 15:43,1
3547,1,100,17,1700,1774,1,30-08-2023 14:17,1
3548,2,120,24,2880,1774,1,08-03-2019 15:33,1
3549,1,100,3,300,1775,1,27-04-2019 12:24,1
3550,2,120,40,4800,1775,1,30-03-2020 17:39,1
3551,1,100,3,300,1776,1,21-10-2022 13:55,1
3552,2,120,26,3120,1776,1,21-10-2020 14:36,1
3553,1,100,15,1500,1777,1,26-05-2021 13:26,1
3554,2,120,25,3000,1777,1,22-09-2020 13:07,1
3555,1,100,28,2800,1778,1,01-06-2019 12:35,1
3556,2,120,17,2040,1778,1,18-10-2023 16:45,1
3557,1,100,14,1400,1779,1,12-07-2019 14:28,1
3558,2,120,5,600,1779,1,02-09-2019 18:53,1
3559,1,100,6,600,1780,1,20-04-2021 17:46,1
3560,2,120,13,1560,1780,1,17-10-2020 17:18,1
3561,1,100,31,3100,1781,1,02-10-2019 12:36,1
3562,2,120,41,4920,1781,1,24-11-2019 17:02,1
3563,1,100,4,400,1782,1,30-04-2023 15:49,1
3564,2,120,34,4080,1782,1,23-12-2021 16:05,1
3565,1,100,38,3800,1783,1,07-08-2023 18:15,1
3566,2,120,32,3840,1783,1,02-03-2020 19:57,1
3567,1,100,7,700,1784,1,04-02-2022 15:39,1
3568,2,120,35,4200,1784,1,03-02-2019 13:07,1
3569,1,100,27,2700,1785,1,29-09-2020 16:21,1
3570,2,120,32,3840,1785,1,18-02-2023 11:08,1
3571,1,100,43,4300,1786,1,15-02-2019 14:11,1
3572,2,120,34,4080,1786,1,28-12-2020 11:25,1
3573,1,100,7,700,1787,1,18-06-2020 16:28,1
3574,2,120,34,4080,1787,1,02-04-2023 13:10,1
3575,1,100,24,2400,1788,1,12-11-2023 15:44,1
3576,2,120,15,1800,1788,1,28-11-2022 17:14,1
3577,1,100,6,600,1789,1,15-08-2021 17:47,1
3578,2,120,41,4920,1789,1,10-11-2021 19:01,1
3579,1,100,4,400,1790,1,08-04-2021 19:52,1
3580,2,120,39,4680,1790,1,26-07-2021 14:03,1
3581,1,100,18,1800,1791,1,08-04-2023 19:58,1
3582,2,120,10,1200,1791,1,09-01-2023 17:22,1
3583,1,100,2,200,1792,1,29-11-2023 13:39,1
3584,2,120,35,4200,1792,1,24-08-2020 11:02,1
3585,1,100,50,5000,1793,1,27-02-2019 15:38,1
3586,2,120,4,480,1793,1,21-09-2021 16:23,1
3587,1,100,31,3100,1794,1,03-02-2021 16:04,1
3588,2,120,30,3600,1794,1,30-01-2021 18:36,1
3589,1,100,19,1900,1795,1,12-01-2022 13:30,1
3590,2,120,23,2760,1795,1,05-09-2020 11:02,1
3591,1,100,35,3500,1796,1,07-01-2021 16:33,1
3592,2,120,43,5160,1796,1,10-10-2019 12:06,1
3593,1,100,38,3800,1797,1,26-08-2019 12:24,1
3594,2,120,25,3000,1797,1,27-04-2019 12:38,1
3595,1,100,10,1000,1798,1,02-11-2022 19:25,1
3596,2,120,35,4200,1798,1,12-08-2022 16:33,1
3597,1,100,48,4800,1799,1,19-09-2023 11:04,1
3598,2,120,16,1920,1799,1,12-07-2021 18:56,1
3599,1,100,48,4800,1800,1,24-01-2021 10:46,1
3600,2,120,2,240,1800,1,24-01-2019 19:07,1
3601,1,100,11,1100,1801,1,22-04-2022 17:04,1
3602,2,120,38,4560,1801,1,20-01-2020 16:34,1
3603,1,100,16,1600,1802,1,04-04-2020 13:51,1
3604,2,120,42,5040,1802,1,20-10-2021 10:07,1
3605,1,100,7,700,1803,1,18-09-2019 11:43,1
3606,2,120,50,6000,1803,1,17-12-2021 14:02,1
3607,1,100,18,1800,1804,1,26-07-2023 16:35,1
3608,2,120,11,1320,1804,1,13-11-2022 17:52,1
3609,1,100,20,2000,1805,1,15-09-2022 15:53,1
3610,2,120,7,840,1805,1,19-03-2022 19:41,1
3611,1,100,15,1500,1806,1,24-04-2023 11:35,1
3612,2,120,38,4560,1806,1,29-02-2020 10:48,1
3613,1,100,45,4500,1807,1,09-04-2020 12:58,1
3614,2,120,31,3720,1807,1,16-03-2021 10:42,1
3615,1,100,14,1400,1808,1,11-06-2021 15:43,1
3616,2,120,34,4080,1808,1,09-03-2023 15:33,1
3617,1,100,26,2600,1809,1,28-09-2019 18:09,1
3618,2,120,10,1200,1809,1,05-02-2019 15:06,1
3619,1,100,34,3400,1810,1,24-09-2023 18:08,1
3620,2,120,38,4560,1810,1,16-02-2021 12:58,1
3621,1,100,5,500,1811,1,03-10-2023 11:17,1
3622,2,120,38,4560,1811,1,16-11-2020 10:34,1
3623,1,100,35,3500,1812,1,19-09-2021 11:11,1
3624,2,120,48,5760,1812,1,19-03-2023 12:09,1
3625,1,100,2,200,1813,1,04-10-2019 10:50,1
3626,2,120,14,1680,1813,1,16-11-2023 11:28,1
3627,1,100,35,3500,1814,1,05-08-2023 10:21,1
3628,2,120,16,1920,1814,1,27-07-2021 11:26,1
3629,1,100,44,4400,1815,1,19-06-2022 19:52,1
3630,2,120,11,1320,1815,1,18-08-2020 14:32,1
3631,1,100,1,100,1816,1,10-06-2020 17:11,1
3632,2,120,41,4920,1816,1,16-05-2022 19:42,1
3633,1,100,6,600,1817,1,08-01-2021 13:03,1
3634,2,120,29,3480,1817,1,03-07-2020 12:43,1
3635,1,100,33,3300,1818,1,04-05-2023 15:34,1
3636,2,120,38,4560,1818,1,31-12-2022 19:41,1
3637,1,100,49,4900,1819,1,24-04-2022 18:46,1
3638,2,120,11,1320,1819,1,02-03-2021 18:15,1
3639,1,100,9,900,1820,1,03-07-2022 11:59,1
3640,2,120,34,4080,1820,1,29-04-2021 17:44,1
3641,1,100,18,1800,1821,1,27-01-2019 18:37,1
3642,2,120,3,360,1821,1,28-12-2019 15:34,1
3643,1,100,24,2400,1822,1,08-05-2023 19:52,1
3644,2,120,25,3000,1822,1,21-03-2023 13:36,1
3645,1,100,42,4200,1823,1,20-12-2020 16:02,1
3646,2,120,36,4320,1823,1,17-03-2021 16:37,1
3647,1,100,17,1700,1824,1,02-05-2019 15:52,1
3648,2,120,22,2640,1824,1,22-02-2019 11:36,1
3649,1,100,14,1400,1825,1,26-05-2019 18:16,1
3650,2,120,3,360,1825,1,06-09-2020 16:54,1
3651,1,100,37,3700,1826,1,07-05-2019 19:03,1
3652,2,120,37,4440,1826,1,16-11-2020 19:34,1
3653,1,100,30,3000,1827,1,10-04-2023 14:34,1
3654,2,120,31,3720,1827,1,18-07-2023 17:37,1
3655,1,100,24,2400,1828,1,21-07-2021 17:17,1
3656,2,120,48,5760,1828,1,17-07-2022 13:36,1
3657,1,100,34,3400,1829,1,13-09-2020 16:35,1
3658,2,120,31,3720,1829,1,20-06-2021 17:27,1
3659,1,100,2,200,1830,1,12-12-2020 11:02,1
3660,2,120,21,2520,1830,1,12-06-2020 11:11,1
3661,1,100,3,300,1831,1,06-05-2023 17:17,1
3662,2,120,14,1680,1831,1,17-08-2022 14:58,1
3663,1,100,42,4200,1832,1,08-03-2020 19:35,1
3664,2,120,22,2640,1832,1,21-02-2022 16:48,1
3665,1,100,45,4500,1833,1,18-08-2021 18:05,1
3666,2,120,27,3240,1833,1,23-02-2022 17:06,1
3667,1,100,15,1500,1834,1,10-12-2019 15:45,1
3668,2,120,16,1920,1834,1,13-09-2021 18:44,1
3669,1,100,9,900,1835,1,01-04-2020 17:14,1
3670,2,120,37,4440,1835,1,16-09-2021 11:44,1
3671,1,100,35,3500,1836,1,14-10-2023 18:43,1
3672,2,120,9,1080,1836,1,27-07-2023 11:31,1
3673,1,100,43,4300,1837,1,15-10-2021 19:13,1
3674,2,120,27,3240,1837,1,02-07-2023 11:27,1
3675,1,100,48,4800,1838,1,25-04-2021 16:35,1
3676,2,120,1,120,1838,1,01-12-2020 14:11,1
3677,1,100,50,5000,1839,1,24-01-2021 18:33,1
3678,2,120,16,1920,1839,1,03-05-2022 18:40,1
3679,1,100,32,3200,1840,1,06-06-2022 16:46,1
3680,2,120,31,3720,1840,1,25-02-2022 17:52,1
3681,1,100,3,300,1841,1,29-07-2021 14:04,1
3682,2,120,20,2400,1841,1,25-05-2019 11:41,1
3683,1,100,42,4200,1842,1,08-02-2020 15:46,1
3684,2,120,30,3600,1842,1,01-12-2023 13:36,1
3685,1,100,38,3800,1843,1,08-03-2019 16:29,1
3686,2,120,39,4680,1843,1,27-10-2021 18:47,1
3687,1,100,48,4800,1844,1,17-12-2023 13:58,1
3688,2,120,44,5280,1844,1,19-01-2022 15:11,1
3689,1,100,38,3800,1845,1,21-03-2020 19:19,1
3690,2,120,8,960,1845,1,13-02-2021 19:38,1
3691,1,100,18,1800,1846,1,02-05-2019 16:06,1
3692,2,120,42,5040,1846,1,07-06-2020 17:32,1
3693,1,100,13,1300,1847,1,10-03-2023 14:05,1
3694,2,120,11,1320,1847,1,15-09-2021 16:15,1
3695,1,100,36,3600,1848,1,11-02-2019 18:04,1
3696,2,120,47,5640,1848,1,05-04-2021 14:10,1
3697,1,100,6,600,1849,1,24-06-2019 16:43,1
3698,2,120,18,2160,1849,1,05-05-2022 11:09,1
3699,1,100,11,1100,1850,1,21-12-2023 11:47,1
3700,2,120,21,2520,1850,1,10-05-2023 17:08,1
3701,1,100,12,1200,1851,1,23-08-2019 15:19,1
3702,2,120,11,1320,1851,1,22-04-2020 17:27,1
3703,1,100,29,2900,1852,1,07-05-2019 18:36,1
3704,2,120,19,2280,1852,1,04-12-2023 16:10,1
3705,1,100,23,2300,1853,1,05-07-2020 16:42,1
3706,2,120,7,840,1853,1,07-08-2022 11:07,1
3707,1,100,3,300,1854,1,12-05-2021 17:41,1
3708,2,120,44,5280,1854,1,09-02-2023 19:46,1
3709,1,100,6,600,1855,1,31-07-2020 16:11,1
3710,2,120,43,5160,1855,1,23-03-2020 19:35,1
3711,1,100,1,100,1856,1,05-04-2019 17:43,1
3712,2,120,5,600,1856,1,24-11-2020 17:28,1
3713,1,100,24,2400,1857,1,25-05-2021 14:35,1
3714,2,120,6,720,1857,1,11-06-2021 11:14,1
3715,1,100,19,1900,1858,1,30-09-2022 19:34,1
3716,2,120,25,3000,1858,1,29-06-2022 11:31,1
3717,1,100,7,700,1859,1,04-06-2023 11:32,1
3718,2,120,39,4680,1859,1,16-11-2022 12:12,1
3719,1,100,32,3200,1860,1,19-10-2021 15:26,1
3720,2,120,19,2280,1860,1,09-05-2019 16:29,1
3721,1,100,2,200,1861,1,12-04-2020 16:10,1
3722,2,120,37,4440,1861,1,17-03-2023 16:26,1
3723,1,100,8,800,1862,1,04-05-2023 15:31,1
3724,2,120,31,3720,1862,1,28-10-2020 19:17,1
3725,1,100,40,4000,1863,1,29-11-2023 14:28,1
3726,2,120,46,5520,1863,1,11-05-2021 15:01,1
3727,1,100,4,400,1864,1,18-12-2022 10:49,1
3728,2,120,24,2880,1864,1,26-10-2019 11:02,1
3729,1,100,24,2400,1865,1,27-10-2020 10:17,1
3730,2,120,1,120,1865,1,14-01-2019 12:36,1
3731,1,100,50,5000,1866,1,15-03-2023 11:46,1
3732,2,120,30,3600,1866,1,20-11-2019 13:38,1
3733,1,100,35,3500,1867,1,06-02-2019 19:26,1
3734,2,120,28,3360,1867,1,31-03-2021 14:13,1
3735,1,100,40,4000,1868,1,27-09-2020 13:11,1
3736,2,120,20,2400,1868,1,01-04-2022 18:16,1
3737,1,100,34,3400,1869,1,19-12-2021 19:44,1
3738,2,120,40,4800,1869,1,14-11-2021 11:04,1
3739,1,100,32,3200,1870,1,29-05-2021 14:31,1
3740,2,120,43,5160,1870,1,27-04-2019 11:32,1
3741,1,100,3,300,1871,1,25-12-2020 10:45,1
3742,2,120,35,4200,1871,1,29-07-2020 10:08,1
3743,1,100,18,1800,1872,1,08-09-2022 15:10,1
3744,2,120,35,4200,1872,1,14-01-2020 17:42,1
3745,1,100,39,3900,1873,1,17-04-2022 10:37,1
3746,2,120,13,1560,1873,1,26-01-2019 10:48,1
3747,1,100,11,1100,1874,1,09-04-2020 10:34,1
3748,2,120,31,3720,1874,1,21-12-2022 11:14,1
3749,1,100,42,4200,1875,1,25-07-2019 10:03,1
3750,2,120,48,5760,1875,1,25-12-2022 12:07,1
3751,1,100,12,1200,1876,1,13-09-2021 15:37,1
3752,2,120,17,2040,1876,1,08-05-2019 12:00,1
3753,1,100,15,1500,1877,1,29-04-2021 18:28,1
3754,2,120,44,5280,1877,1,16-10-2021 14:29,1
3755,1,100,41,4100,1878,1,30-03-2020 14:10,1
3756,2,120,4,480,1878,1,10-09-2023 13:38,1
3757,1,100,19,1900,1879,1,06-02-2019 10:07,1
3758,2,120,42,5040,1879,1,23-01-2020 14:32,1
3759,1,100,14,1400,1880,1,24-03-2019 12:03,1
3760,2,120,27,3240,1880,1,10-09-2023 19:09,1
3761,1,100,39,3900,1881,1,24-02-2023 10:53,1
3762,2,120,49,5880,1881,1,25-09-2020 19:28,1
3763,1,100,10,1000,1882,1,21-11-2022 18:44,1
3764,2,120,14,1680,1882,1,25-06-2021 16:42,1
3765,1,100,42,4200,1883,1,07-11-2023 10:08,1
3766,2,120,8,960,1883,1,29-05-2020 16:11,1
3767,1,100,36,3600,1884,1,19-11-2020 19:41,1
3768,2,120,43,5160,1884,1,25-07-2020 12:27,1
3769,1,100,3,300,1885,1,13-09-2019 16:52,1
3770,2,120,49,5880,1885,1,21-06-2021 17:38,1
3771,1,100,32,3200,1886,1,16-02-2019 19:25,1
3772,2,120,1,120,1886,1,25-06-2023 19:32,1
3773,1,100,4,400,1887,1,18-10-2019 11:55,1
3774,2,120,39,4680,1887,1,02-09-2022 16:36,1
3775,1,100,30,3000,1888,1,20-12-2023 18:32,1
3776,2,120,13,1560,1888,1,14-02-2022 10:59,1
3777,1,100,38,3800,1889,1,29-04-2020 11:04,1
3778,2,120,25,3000,1889,1,16-06-2022 10:34,1
3779,1,100,32,3200,1890,1,16-06-2021 15:46,1
3780,2,120,26,3120,1890,1,23-03-2021 15:37,1
3781,1,100,2,200,1891,1,18-02-2022 17:19,1
3782,2,120,23,2760,1891,1,04-05-2020 17:20,1
3783,1,100,8,800,1892,1,08-11-2022 17:47,1
3784,2,120,16,1920,1892,1,02-04-2021 19:30,1
3785,1,100,31,3100,1893,1,28-02-2020 10:43,1
3786,2,120,7,840,1893,1,23-12-2022 13:03,1
3787,1,100,41,4100,1894,1,25-11-2023 14:49,1
3788,2,120,4,480,1894,1,22-01-2019 10:20,1
3789,1,100,35,3500,1895,1,26-05-2021 16:24,1
3790,2,120,18,2160,1895,1,04-05-2022 11:40,1
3791,1,100,9,900,1896,1,16-06-2020 19:03,1
3792,2,120,22,2640,1896,1,08-12-2021 12:23,1
3793,1,100,31,3100,1897,1,02-09-2022 17:51,1
3794,2,120,11,1320,1897,1,30-10-2021 13:04,1
3795,1,100,32,3200,1898,1,07-08-2022 18:11,1
3796,2,120,48,5760,1898,1,30-07-2023 17:20,1
3797,1,100,24,2400,1899,1,13-08-2023 17:08,1
3798,2,120,12,1440,1899,1,29-03-2022 18:33,1
3799,1,100,37,3700,1900,1,21-10-2020 19:42,1
3800,2,120,37,4440,1900,1,16-12-2021 18:04,1
3801,1,100,40,4000,1901,1,09-02-2023 19:18,1
3802,2,120,24,2880,1901,1,19-01-2019 15:07,1
3803,1,100,10,1000,1902,1,18-06-2020 14:03,1
3804,2,120,24,2880,1902,1,28-10-2019 10:36,1
3805,1,100,2,200,1903,1,15-08-2021 11:31,1
3806,2,120,5,600,1903,1,14-06-2023 12:52,1
3807,1,100,33,3300,1904,1,21-12-2021 13:08,1
3808,2,120,11,1320,1904,1,07-10-2021 11:59,1
3809,1,100,11,1100,1905,1,01-11-2022 19:49,1
3810,2,120,27,3240,1905,1,07-11-2019 11:33,1
3811,1,100,14,1400,1906,1,16-12-2020 15:50,1
3812,2,120,37,4440,1906,1,14-08-2022 16:21,1
3813,1,100,44,4400,1907,1,19-03-2019 13:42,1
3814,2,120,7,840,1907,1,02-05-2019 19:59,1
3815,1,100,45,4500,1908,1,26-04-2021 15:17,1
3816,2,120,14,1680,1908,1,17-10-2019 18:32,1
3817,1,100,12,1200,1909,1,01-08-2021 15:11,1
3818,2,120,4,480,1909,1,10-03-2023 14:33,1
3819,1,100,19,1900,1910,1,22-03-2022 18:04,1
3820,2,120,4,480,1910,1,20-07-2019 12:26,1
3821,1,100,33,3300,1911,1,03-02-2023 12:23,1
3822,2,120,32,3840,1911,1,10-07-2021 15:27,1
3823,1,100,50,5000,1912,1,21-11-2021 17:35,1
3824,2,120,45,5400,1912,1,27-08-2019 13:11,1
3825,1,100,49,4900,1913,1,03-02-2022 11:18,1
3826,2,120,19,2280,1913,1,27-05-2021 15:32,1
3827,1,100,42,4200,1914,1,13-07-2022 18:59,1
3828,2,120,30,3600,1914,1,03-08-2022 11:25,1
3829,1,100,13,1300,1915,1,04-10-2019 17:56,1
3830,2,120,26,3120,1915,1,12-07-2020 17:11,1
3831,1,100,30,3000,1916,1,14-09-2021 10:17,1
3832,2,120,23,2760,1916,1,06-01-2020 18:21,1
3833,1,100,48,4800,1917,1,21-07-2019 14:19,1
3834,2,120,23,2760,1917,1,05-12-2022 15:32,1
3835,1,100,15,1500,1918,1,14-05-2020 14:25,1
3836,2,120,24,2880,1918,1,29-01-2019 17:21,1
3837,1,100,17,1700,1919,1,15-01-2022 18:57,1
3838,2,120,33,3960,1919,1,31-07-2020 14:31,1
3839,1,100,33,3300,1920,1,02-08-2023 12:09,1
3840,2,120,42,5040,1920,1,10-08-2019 16:06,1
3841,1,100,21,2100,1921,1,21-12-2019 14:46,1
3842,2,120,16,1920,1921,1,01-09-2020 17:29,1
3843,1,100,30,3000,1922,1,20-09-2020 13:35,1
3844,2,120,37,4440,1922,1,03-07-2020 15:30,1
3845,1,100,22,2200,1923,1,05-08-2022 11:51,1
3846,2,120,21,2520,1923,1,26-05-2022 17:31,1
3847,1,100,20,2000,1924,1,01-12-2021 11:52,1
3848,2,120,33,3960,1924,1,31-05-2022 13:32,1
3849,1,100,49,4900,1925,1,17-08-2022 13:14,1
3850,2,120,29,3480,1925,1,13-05-2023 16:16,1
3851,1,100,47,4700,1926,1,08-06-2021 18:29,1
3852,2,120,38,4560,1926,1,04-09-2021 18:10,1
3853,1,100,14,1400,1927,1,09-08-2023 16:01,1
3854,2,120,44,5280,1927,1,19-05-2021 15:39,1
3855,1,100,9,900,1928,1,12-03-2022 10:02,1
3856,2,120,9,1080,1928,1,06-04-2020 17:58,1
3857,1,100,1,100,1929,1,31-07-2022 12:30,1
3858,2,120,3,360,1929,1,24-04-2019 13:16,1
3859,1,100,27,2700,1930,1,19-02-2019 13:31,1
3860,2,120,14,1680,1930,1,03-03-2023 15:04,1
3861,1,100,38,3800,1931,1,04-02-2019 11:41,1
3862,2,120,22,2640,1931,1,03-07-2022 17:42,1
3863,1,100,15,1500,1932,1,27-10-2019 19:24,1
3864,2,120,13,1560,1932,1,04-03-2020 18:00,1
3865,1,100,18,1800,1933,1,23-03-2022 14:39,1
3866,2,120,2,240,1933,1,10-11-2022 18:01,1
3867,1,100,42,4200,1934,1,13-12-2020 19:33,1
3868,2,120,22,2640,1934,1,24-01-2022 15:25,1
3869,1,100,27,2700,1935,1,11-10-2021 14:07,1
3870,2,120,23,2760,1935,1,18-07-2019 14:55,1
3871,1,100,45,4500,1936,1,31-12-2022 16:36,1
3872,2,120,3,360,1936,1,13-07-2022 15:36,1
3873,1,100,37,3700,1937,1,24-01-2022 10:59,1
3874,2,120,28,3360,1937,1,14-01-2019 13:41,1
3875,1,100,15,1500,1938,1,04-07-2020 17:26,1
3876,2,120,39,4680,1938,1,31-08-2021 13:35,1
3877,1,100,21,2100,1939,1,04-06-2023 14:51,1
3878,2,120,22,2640,1939,1,27-03-2019 12:48,1
3879,1,100,11,1100,1940,1,03-01-2019 18:28,1
3880,2,120,24,2880,1940,1,15-06-2019 15:32,1
3881,1,100,31,3100,1941,1,12-10-2021 17:31,1
3882,2,120,31,3720,1941,1,18-07-2021 12:50,1
3883,1,100,16,1600,1942,1,20-01-2023 10:47,1
3884,2,120,46,5520,1942,1,18-05-2019 11:11,1
3885,1,100,50,5000,1943,1,17-03-2020 10:42,1
3886,2,120,11,1320,1943,1,13-08-2019 10:52,1
3887,1,100,18,1800,1944,1,05-11-2021 16:20,1
3888,2,120,30,3600,1944,1,21-04-2022 18:50,1
3889,1,100,27,2700,1945,1,19-11-2022 15:22,1
3890,2,120,34,4080,1945,1,25-05-2023 15:16,1
3891,1,100,39,3900,1946,1,17-11-2021 15:56,1
3892,2,120,24,2880,1946,1,01-11-2022 15:58,1
3893,1,100,12,1200,1947,1,02-11-2021 10:10,1
3894,2,120,16,1920,1947,1,04-09-2019 14:34,1
3895,1,100,18,1800,1948,1,01-11-2022 18:32,1
3896,2,120,40,4800,1948,1,09-12-2020 10:23,1
3897,1,100,45,4500,1949,1,26-11-2020 13:01,1
3898,2,120,34,4080,1949,1,27-11-2020 14:58,1
3899,1,100,4,400,1950,1,03-08-2019 18:28,1
3900,2,120,24,2880,1950,1,19-09-2019 19:13,1
3901,1,100,50,5000,1951,1,11-05-2022 16:05,1
3902,2,120,29,3480,1951,1,10-07-2019 16:24,1
3903,1,100,8,800,1952,1,04-12-2021 12:22,1
3904,2,120,19,2280,1952,1,16-03-2019 10:35,1
3905,1,100,8,800,1953,1,02-02-2020 15:46,1
3906,2,120,46,5520,1953,1,16-02-2023 16:08,1
3907,1,100,45,4500,1954,1,13-11-2019 11:39,1
3908,2,120,18,2160,1954,1,13-07-2019 13:34,1
3909,1,100,5,500,1955,1,18-11-2021 10:28,1
3910,2,120,42,5040,1955,1,28-11-2021 16:40,1
3911,1,100,18,1800,1956,1,23-08-2019 18:43,1
3912,2,120,30,3600,1956,1,31-01-2020 18:33,1
3913,1,100,25,2500,1957,1,23-04-2020 13:43,1
3914,2,120,32,3840,1957,1,15-07-2019 16:17,1
3915,1,100,15,1500,1958,1,15-01-2022 13:58,1
3916,2,120,17,2040,1958,1,06-05-2021 19:05,1
3917,1,100,30,3000,1959,1,06-03-2022 17:06,1
3918,2,120,38,4560,1959,1,14-10-2019 18:04,1
3919,1,100,40,4000,1960,1,28-03-2021 19:11,1
3920,2,120,49,5880,1960,1,27-02-2022 11:10,1
3921,1,100,47,4700,1961,1,02-11-2022 18:00,1
3922,2,120,42,5040,1961,1,03-01-2020 17:34,1
3923,1,100,26,2600,1962,1,12-10-2023 13:45,1
3924,2,120,24,2880,1962,1,07-05-2023 16:53,1
3925,1,100,36,3600,1963,1,18-08-2022 12:13,1
3926,2,120,24,2880,1963,1,01-10-2020 16:38,1
3927,1,100,2,200,1964,1,19-05-2022 10:53,1
3928,2,120,36,4320,1964,1,20-08-2020 15:23,1
3929,1,100,45,4500,1965,1,31-01-2022 12:31,1
3930,2,120,1,120,1965,1,07-05-2023 10:56,1
3931,1,100,40,4000,1966,1,31-12-2020 10:58,1
3932,2,120,11,1320,1966,1,04-03-2019 11:14,1
3933,1,100,9,900,1967,1,08-02-2022 19:25,1
3934,2,120,19,2280,1967,1,21-12-2019 15:23,1
3935,1,100,5,500,1968,1,04-02-2020 18:06,1
3936,2,120,33,3960,1968,1,19-12-2020 18:15,1
3937,1,100,47,4700,1969,1,10-08-2023 15:59,1
3938,2,120,36,4320,1969,1,23-09-2023 12:56,1
3939,1,100,19,1900,1970,1,06-11-2019 14:58,1
3940,2,120,1,120,1970,1,08-08-2021 10:27,1
3941,1,100,24,2400,1971,1,13-09-2021 13:44,1
3942,2,120,34,4080,1971,1,15-12-2019 11:54,1
3943,1,100,29,2900,1972,1,12-04-2019 18:53,1
3944,2,120,38,4560,1972,1,27-07-2022 13:52,1
3945,1,100,3,300,1973,1,27-11-2023 18:58,1
3946,2,120,46,5520,1973,1,12-02-2020 10:05,1
3947,1,100,26,2600,1974,1,10-07-2020 16:09,1
3948,2,120,33,3960,1974,1,04-06-2023 19:56,1
3949,1,100,39,3900,1975,1,23-06-2022 15:15,1
3950,2,120,50,6000,1975,1,22-02-2019 11:21,1
3951,1,100,30,3000,1976,1,19-11-2020 13:57,1
3952,2,120,9,1080,1976,1,28-01-2023 14:46,1
3953,1,100,9,900,1977,1,02-02-2022 16:22,1
3954,2,120,37,4440,1977,1,16-09-2023 17:58,1
3955,1,100,11,1100,1978,1,26-10-2022 14:37,1
3956,2,120,4,480,1978,1,06-11-2022 17:19,1
3957,1,100,4,400,1979,1,06-10-2019 11:03,1
3958,2,120,20,2400,1979,1,02-09-2023 15:40,1
3959,1,100,31,3100,1980,1,26-08-2021 18:07,1
3960,2,120,12,1440,1980,1,21-05-2021 12:05,1
3961,1,100,2,200,1981,1,11-05-2021 17:13,1
3962,2,120,46,5520,1981,1,18-03-2019 18:08,1
3963,1,100,21,2100,1982,1,06-06-2021 16:40,1
3964,2,120,22,2640,1982,1,23-08-2022 13:59,1
3965,1,100,16,1600,1983,1,27-01-2023 10:51,1
3966,2,120,21,2520,1983,1,12-10-2022 14:35,1
3967,1,100,46,4600,1984,1,04-05-2023 11:16,1
3968,2,120,18,2160,1984,1,15-06-2023 15:30,1
3969,1,100,18,1800,1985,1,04-09-2020 18:40,1
3970,2,120,7,840,1985,1,07-03-2021 18:13,1
3971,1,100,5,500,1986,1,01-10-2021 13:09,1
3972,2,120,42,5040,1986,1,21-02-2019 17:06,1
3973,1,100,15,1500,1987,1,24-04-2022 15:32,1
3974,2,120,16,1920,1987,1,02-01-2019 13:10,1
3975,1,100,6,600,1988,1,13-01-2022 11:24,1
3976,2,120,6,720,1988,1,21-03-2019 12:18,1
3977,1,100,23,2300,1989,1,04-04-2021 17:58,1
3978,2,120,13,1560,1989,1,19-02-2023 15:17,1
3979,1,100,25,2500,1990,1,01-07-2023 12:19,1
3980,2,120,48,5760,1990,1,29-04-2023 17:47,1
3981,1,100,34,3400,1991,1,03-12-2022 14:33,1
3982,2,120,3,360,1991,1,06-10-2020 19:19,1
3983,1,100,16,1600,1992,1,05-02-2021 19:56,1
3984,2,120,33,3960,1992,1,15-02-2022 19:28,1
3985,1,100,39,3900,1993,1,12-04-2019 18:00,1
3986,2,120,44,5280,1993,1,18-01-2021 16:51,1
3987,1,100,48,4800,1994,1,16-01-2019 11:59,1
3988,2,120,28,3360,1994,1,25-02-2022 14:37,1
3989,1,100,43,4300,1995,1,25-12-2020 11:39,1
3990,2,120,37,4440,1995,1,24-03-2021 19:17,1
3991,1,100,36,3600,1996,1,08-12-2023 18:24,1
3992,2,120,43,5160,1996,1,21-08-2021 12:27,1
3993,1,100,3,300,1997,1,27-12-2020 10:38,1
3994,2,120,31,3720,1997,1,09-09-2021 11:00,1
3995,1,100,8,800,1998,1,15-04-2020 10:06,1
3996,2,120,15,1800,1998,1,30-11-2023 19:33,1
3997,1,100,9,900,1999,1,24-11-2020 12:35,1
3998,2,120,6,720,1999,1,26-03-2021 19:11,1
3999,1,100,24,2400,2000,1,16-10-2022 17:38,1
4000,2,120,30,3600,2000,1,23-08-2019 18:13,1
4001,1,100,24,2400,2001,1,20-01-2021 10:03,1
4002,2,120,24,2880,2001,1,20-04-2021 19:23,1
4003,1,100,2,200,2002,1,18-11-2020 11:38,1
4004,2,120,49,5880,2002,1,16-03-2019 18:00,1
4005,1,100,11,1100,2003,1,26-09-2019 12:59,1
4006,2,120,16,1920,2003,1,24-08-2019 15:01,1
4007,1,100,39,3900,2004,1,06-10-2022 14:22,1
4008,2,120,18,2160,2004,1,25-08-2020 15:25,1
4009,1,100,18,1800,2005,1,16-12-2023 17:39,1
4010,2,120,1,120,2005,1,23-04-2020 19:48,1
4011,1,100,40,4000,2006,1,05-11-2021 12:56,1
4012,2,120,19,2280,2006,1,26-09-2020 18:09,1
4013,1,100,5,500,2007,1,18-09-2023 12:18,1
4014,2,120,49,5880,2007,1,02-02-2022 11:36,1
4015,1,100,1,100,2008,1,07-05-2020 17:09,1
4016,2,120,48,5760,2008,1,25-06-2023 14:22,1
4017,1,100,19,1900,2009,1,16-11-2021 18:40,1
4018,2,120,23,2760,2009,1,23-01-2023 16:17,1
4019,1,100,7,700,2010,1,08-08-2019 17:59,1
4020,2,120,24,2880,2010,1,17-04-2020 12:56,1
4021,1,100,11,1100,2011,1,24-08-2021 12:33,1
4022,2,120,20,2400,2011,1,18-02-2022 13:29,1
4023,1,100,27,2700,2012,1,04-08-2023 12:27,1
4024,2,120,22,2640,2012,1,05-10-2022 15:50,1
4025,1,100,44,4400,2013,1,25-03-2019 11:40,1
4026,2,120,23,2760,2013,1,31-03-2023 10:37,1
4027,1,100,39,3900,2014,1,11-06-2019 16:19,1
4028,2,120,44,5280,2014,1,21-07-2020 15:26,1
4029,1,100,3,300,2015,1,19-10-2022 13:51,1
4030,2,120,41,4920,2015,1,21-02-2023 16:55,1
4031,1,100,27,2700,2016,1,10-06-2021 14:24,1
4032,2,120,15,1800,2016,1,13-05-2023 10:03,1
4033,1,100,33,3300,2017,1,23-07-2021 19:34,1
4034,2,120,24,2880,2017,1,22-08-2021 14:17,1
4035,1,100,40,4000,2018,1,06-06-2021 12:49,1
4036,2,120,23,2760,2018,1,20-02-2023 10:59,1
4037,1,100,8,800,2019,1,13-01-2021 11:34,1
4038,2,120,5,600,2019,1,23-02-2023 15:53,1
4039,1,100,16,1600,2020,1,06-07-2023 19:14,1
4040,2,120,41,4920,2020,1,31-12-2020 16:52,1
4041,1,100,11,1100,2021,1,13-10-2021 12:47,1
4042,2,120,14,1680,2021,1,09-06-2019 14:53,1
4043,1,100,20,2000,2022,1,28-07-2021 11:34,1
4044,2,120,25,3000,2022,1,05-05-2023 16:54,1
4045,1,100,10,1000,2023,1,09-06-2019 11:32,1
4046,2,120,38,4560,2023,1,10-03-2019 16:00,1
4047,1,100,6,600,2024,1,25-03-2022 19:38,1
4048,2,120,14,1680,2024,1,16-05-2019 14:30,1
4049,1,100,16,1600,2025,1,21-01-2023 18:27,1
4050,2,120,12,1440,2025,1,26-12-2020 11:15,1
4051,1,100,15,1500,2026,1,25-07-2021 16:02,1
4052,2,120,50,6000,2026,1,21-02-2019 12:12,1
4053,1,100,33,3300,2027,1,13-03-2023 13:36,1
4054,2,120,10,1200,2027,1,30-07-2022 10:02,1
4055,1,100,7,700,2028,1,19-07-2022 10:40,1
4056,2,120,18,2160,2028,1,28-11-2020 19:54,1
4057,1,100,42,4200,2029,1,09-02-2019 15:25,1
4058,2,120,12,1440,2029,1,05-12-2020 14:43,1
4059,1,100,27,2700,2030,1,15-10-2019 17:18,1
4060,2,120,50,6000,2030,1,25-08-2021 18:11,1
4061,1,100,28,2800,2031,1,26-12-2019 15:36,1
4062,2,120,14,1680,2031,1,05-10-2021 15:35,1
4063,1,100,7,700,2032,1,05-02-2022 11:42,1
4064,2,120,36,4320,2032,1,25-04-2019 18:15,1
4065,1,100,23,2300,2033,1,01-11-2020 13:55,1
4066,2,120,49,5880,2033,1,01-01-2021 15:22,1
4067,1,100,41,4100,2034,1,11-01-2019 16:41,1
4068,2,120,42,5040,2034,1,08-11-2021 18:34,1
4069,1,100,50,5000,2035,1,06-10-2022 15:19,1
4070,2,120,41,4920,2035,1,13-01-2021 19:52,1
4071,1,100,48,4800,2036,1,11-11-2022 10:58,1
4072,2,120,47,5640,2036,1,27-07-2022 19:49,1
4073,1,100,34,3400,2037,1,20-10-2020 14:16,1
4074,2,120,7,840,2037,1,13-12-2019 10:07,1
4075,1,100,40,4000,2038,1,09-05-2023 16:04,1
4076,2,120,41,4920,2038,1,19-06-2019 18:55,1
4077,1,100,4,400,2039,1,07-02-2021 18:31,1
4078,2,120,37,4440,2039,1,31-05-2021 19:38,1
4079,1,100,33,3300,2040,1,10-07-2023 19:24,1
4080,2,120,44,5280,2040,1,27-04-2020 17:24,1
4081,1,100,36,3600,2041,1,16-01-2020 16:14,1
4082,2,120,48,5760,2041,1,18-12-2019 13:08,1
4083,1,100,30,3000,2042,1,24-12-2023 16:20,1
4084,2,120,37,4440,2042,1,15-04-2020 15:10,1
4085,1,100,42,4200,2043,1,08-08-2019 19:18,1
4086,2,120,37,4440,2043,1,02-07-2020 18:05,1
4087,1,100,3,300,2044,1,30-12-2023 14:18,1
4088,2,120,18,2160,2044,1,24-08-2020 13:22,1
4089,1,100,23,2300,2045,1,23-10-2019 12:51,1
4090,2,120,8,960,2045,1,24-12-2021 14:25,1
4091,1,100,39,3900,2046,1,22-04-2020 17:49,1
4092,2,120,27,3240,2046,1,24-04-2021 16:37,1
4093,1,100,25,2500,2047,1,21-11-2021 18:51,1
4094,2,120,36,4320,2047,1,16-09-2020 19:36,1
4095,1,100,18,1800,2048,1,10-02-2022 15:09,1
4096,2,120,50,6000,2048,1,01-12-2019 10:27,1
4097,1,100,3,300,2049,1,24-09-2021 18:05,1
4098,2,120,16,1920,2049,1,03-02-2019 17:11,1
4099,1,100,15,1500,2050,1,09-04-2022 11:43,1
4100,2,120,17,2040,2050,1,17-10-2022 10:57,1
4101,1,100,21,2100,2051,1,09-08-2020 13:11,1
4102,2,120,24,2880,2051,1,09-03-2020 14:34,1
4103,1,100,48,4800,2052,1,02-03-2020 12:17,1
4104,2,120,4,480,2052,1,12-12-2021 13:01,1
4105,1,100,13,1300,2053,1,05-01-2020 13:15,1
4106,2,120,18,2160,2053,1,16-06-2019 15:36,1
4107,1,100,20,2000,2054,1,04-09-2021 13:30,1
4108,2,120,24,2880,2054,1,01-12-2019 18:47,1
4109,1,100,36,3600,2055,1,28-02-2022 11:50,1
4110,2,120,36,4320,2055,1,23-11-2020 16:13,1
4111,1,100,45,4500,2056,1,19-08-2020 18:17,1
4112,2,120,45,5400,2056,1,01-09-2020 14:40,1
4113,1,100,49,4900,2057,1,03-03-2021 16:53,1
4114,2,120,47,5640,2057,1,08-06-2023 14:48,1
4115,1,100,49,4900,2058,1,28-12-2023 12:02,1
4116,2,120,41,4920,2058,1,27-03-2023 10:45,1
4117,1,100,24,2400,2059,1,07-02-2022 17:48,1
4118,2,120,9,1080,2059,1,13-02-2022 14:45,1
4119,1,100,10,1000,2060,1,24-04-2019 10:28,1
4120,2,120,4,480,2060,1,16-12-2021 13:13,1
4121,1,100,10,1000,2061,1,17-08-2021 15:25,1
4122,2,120,32,3840,2061,1,15-06-2023 14:07,1
4123,1,100,4,400,2062,1,22-09-2020 11:59,1
4124,2,120,6,720,2062,1,13-05-2023 14:40,1
4125,1,100,36,3600,2063,1,05-12-2021 18:19,1
4126,2,120,5,600,2063,1,15-03-2023 18:52,1
4127,1,100,43,4300,2064,1,21-11-2019 12:47,1
4128,2,120,24,2880,2064,1,07-03-2022 14:56,1
4129,1,100,50,5000,2065,1,20-05-2023 11:08,1
4130,2,120,48,5760,2065,1,26-02-2020 12:11,1
4131,1,100,46,4600,2066,1,11-04-2022 14:58,1
4132,2,120,38,4560,2066,1,10-05-2019 14:09,1
4133,1,100,24,2400,2067,1,30-11-2020 10:40,1
4134,2,120,18,2160,2067,1,10-04-2021 11:11,1
4135,1,100,24,2400,2068,1,12-06-2020 15:15,1
4136,2,120,39,4680,2068,1,22-08-2020 16:44,1
4137,1,100,16,1600,2069,1,01-07-2020 13:24,1
4138,2,120,48,5760,2069,1,23-04-2022 13:45,1
4139,1,100,13,1300,2070,1,27-07-2021 15:43,1
4140,2,120,17,2040,2070,1,17-02-2021 11:15,1
4141,1,100,38,3800,2071,1,22-02-2022 12:39,1
4142,2,120,16,1920,2071,1,29-01-2023 16:49,1
4143,1,100,35,3500,2072,1,05-05-2022 11:17,1
4144,2,120,7,840,2072,1,23-04-2019 13:20,1
4145,1,100,25,2500,2073,1,29-12-2019 15:49,1
4146,2,120,35,4200,2073,1,08-11-2019 14:39,1
4147,1,100,10,1000,2074,1,01-03-2022 16:15,1
4148,2,120,27,3240,2074,1,17-09-2023 14:48,1
4149,1,100,19,1900,2075,1,04-06-2019 10:06,1
4150,2,120,31,3720,2075,1,16-10-2019 17:00,1
4151,1,100,10,1000,2076,1,21-05-2023 15:08,1
4152,2,120,9,1080,2076,1,03-01-2021 13:58,1
4153,1,100,43,4300,2077,1,27-05-2020 12:40,1
4154,2,120,29,3480,2077,1,25-04-2022 17:25,1
4155,1,100,2,200,2078,1,20-12-2022 11:13,1
4156,2,120,12,1440,2078,1,01-11-2023 11:05,1
4157,1,100,11,1100,2079,1,05-08-2023 13:24,1
4158,2,120,1,120,2079,1,22-06-2023 10:24,1
4159,1,100,26,2600,2080,1,23-05-2022 13:02,1
4160,2,120,47,5640,2080,1,03-02-2019 18:25,1
4161,1,100,32,3200,2081,1,13-01-2021 18:34,1
4162,2,120,1,120,2081,1,18-03-2022 13:24,1
4163,1,100,38,3800,2082,1,21-05-2020 16:00,1
4164,2,120,15,1800,2082,1,13-12-2019 16:25,1
4165,1,100,46,4600,2083,1,28-02-2023 11:41,1
4166,2,120,18,2160,2083,1,05-06-2023 17:07,1
4167,1,100,39,3900,2084,1,16-02-2019 16:34,1
4168,2,120,17,2040,2084,1,10-04-2020 13:48,1
4169,1,100,35,3500,2085,1,09-04-2020 12:56,1
4170,2,120,20,2400,2085,1,11-04-2023 18:16,1
4171,1,100,50,5000,2086,1,07-07-2022 18:13,1
4172,2,120,47,5640,2086,1,05-05-2020 16:06,1
4173,1,100,41,4100,2087,1,24-04-2023 11:41,1
4174,2,120,35,4200,2087,1,11-04-2020 18:58,1
4175,1,100,33,3300,2088,1,25-12-2019 16:25,1
4176,2,120,17,2040,2088,1,12-04-2020 12:15,1
4177,1,100,16,1600,2089,1,31-08-2021 18:32,1
4178,2,120,4,480,2089,1,06-07-2021 11:59,1
4179,1,100,14,1400,2090,1,11-01-2020 10:36,1
4180,2,120,48,5760,2090,1,06-04-2023 11:36,1
4181,1,100,2,200,2091,1,26-03-2019 19:52,1
4182,2,120,50,6000,2091,1,29-07-2021 11:58,1
4183,1,100,21,2100,2092,1,16-09-2021 18:24,1
4184,2,120,47,5640,2092,1,22-06-2020 18:57,1
4185,1,100,31,3100,2093,1,27-11-2021 19:03,1
4186,2,120,43,5160,2093,1,10-08-2020 18:18,1
4187,1,100,44,4400,2094,1,22-05-2020 17:45,1
4188,2,120,42,5040,2094,1,13-09-2022 11:36,1
4189,1,100,34,3400,2095,1,14-03-2021 18:32,1
4190,2,120,26,3120,2095,1,03-08-2022 15:02,1
4191,1,100,50,5000,2096,1,09-06-2019 15:01,1
4192,2,120,25,3000,2096,1,09-10-2021 13:34,1
4193,1,100,50,5000,2097,1,19-02-2019 13:11,1
4194,2,120,33,3960,2097,1,26-06-2021 12:55,1
4195,1,100,38,3800,2098,1,06-06-2023 11:55,1
4196,2,120,34,4080,2098,1,27-03-2020 12:00,1
4197,1,100,29,2900,2099,1,23-06-2019 16:52,1
4198,2,120,37,4440,2099,1,18-07-2020 13:31,1
4199,1,100,13,1300,2100,1,09-06-2022 10:37,1
4200,2,120,5,600,2100,1,03-06-2021 19:06,1
4201,1,100,29,2900,2101,1,31-05-2023 15:45,1
4202,2,120,38,4560,2101,1,25-05-2022 10:54,1
4203,1,100,19,1900,2102,1,01-10-2023 13:47,1
4204,2,120,15,1800,2102,1,17-03-2023 19:56,1
4205,1,100,47,4700,2103,1,29-08-2022 10:10,1
4206,2,120,22,2640,2103,1,15-12-2020 19:34,1
4207,1,100,8,800,2104,1,22-11-2021 11:19,1
4208,2,120,13,1560,2104,1,30-05-2023 15:58,1
4209,1,100,36,3600,2105,1,04-02-2023 11:51,1
4210,2,120,43,5160,2105,1,29-02-2020 13:15,1
4211,1,100,26,2600,2106,1,16-09-2022 16:16,1
4212,2,120,29,3480,2106,1,07-09-2021 16:04,1
4213,1,100,26,2600,2107,1,20-01-2019 11:58,1
4214,2,120,9,1080,2107,1,14-03-2023 16:17,1
4215,1,100,29,2900,2108,1,05-07-2022 16:16,1
4216,2,120,3,360,2108,1,13-09-2023 16:31,1
4217,1,100,19,1900,2109,1,05-06-2021 16:50,1
4218,2,120,5,600,2109,1,22-04-2021 12:01,1
4219,1,100,38,3800,2110,1,29-08-2020 12:56,1
4220,2,120,6,720,2110,1,20-11-2023 18:06,1
4221,1,100,21,2100,2111,1,04-05-2019 19:02,1
4222,2,120,23,2760,2111,1,23-11-2022 11:08,1
4223,1,100,45,4500,2112,1,30-12-2019 13:36,1
4224,2,120,18,2160,2112,1,22-10-2022 10:51,1
4225,1,100,29,2900,2113,1,14-12-2023 18:02,1
4226,2,120,31,3720,2113,1,12-09-2020 10:49,1
4227,1,100,39,3900,2114,1,01-11-2021 17:53,1
4228,2,120,26,3120,2114,1,02-01-2022 11:36,1
4229,1,100,30,3000,2115,1,03-12-2021 13:56,1
4230,2,120,30,3600,2115,1,21-10-2023 18:36,1
4231,1,100,13,1300,2116,1,11-12-2020 15:12,1
4232,2,120,23,2760,2116,1,15-05-2023 19:47,1
4233,1,100,24,2400,2117,1,21-11-2019 19:34,1
4234,2,120,14,1680,2117,1,14-07-2022 12:24,1
4235,1,100,14,1400,2118,1,05-05-2023 14:30,1
4236,2,120,33,3960,2118,1,30-11-2023 10:08,1
4237,1,100,16,1600,2119,1,14-11-2020 12:27,1
4238,2,120,35,4200,2119,1,16-01-2019 14:06,1
4239,1,100,30,3000,2120,1,26-07-2021 18:03,1
4240,2,120,34,4080,2120,1,21-03-2019 12:55,1
4241,1,100,11,1100,2121,1,04-10-2021 10:54,1
4242,2,120,9,1080,2121,1,30-10-2023 16:59,1
4243,1,100,29,2900,2122,1,31-03-2022 18:31,1
4244,2,120,25,3000,2122,1,08-01-2022 16:39,1
4245,1,100,1,100,2123,1,23-10-2023 18:27,1
4246,2,120,27,3240,2123,1,03-05-2023 12:03,1
4247,1,100,36,3600,2124,1,13-09-2022 15:20,1
4248,2,120,39,4680,2124,1,16-07-2023 18:36,1
4249,1,100,18,1800,2125,1,10-09-2023 17:00,1
4250,2,120,31,3720,2125,1,07-07-2020 12:17,1
4251,1,100,48,4800,2126,1,01-01-2020 12:59,1
4252,2,120,18,2160,2126,1,16-09-2020 16:28,1
4253,1,100,6,600,2127,1,29-10-2023 14:33,1
4254,2,120,2,240,2127,1,30-01-2020 11:43,1
4255,1,100,27,2700,2128,1,24-10-2020 14:14,1
4256,2,120,26,3120,2128,1,11-08-2020 15:29,1
4257,1,100,46,4600,2129,1,15-05-2023 19:01,1
4258,2,120,9,1080,2129,1,30-11-2021 13:29,1
4259,1,100,46,4600,2130,1,23-06-2021 12:04,1
4260,2,120,48,5760,2130,1,12-06-2021 14:36,1
4261,1,100,5,500,2131,1,04-07-2019 13:58,1
4262,2,120,17,2040,2131,1,28-11-2019 15:01,1
4263,1,100,15,1500,2132,1,14-05-2020 11:22,1
4264,2,120,30,3600,2132,1,29-05-2021 18:42,1
4265,1,100,5,500,2133,1,11-11-2022 19:25,1
4266,2,120,42,5040,2133,1,27-11-2020 16:17,1
4267,1,100,38,3800,2134,1,17-12-2019 13:58,1
4268,2,120,20,2400,2134,1,02-01-2022 17:18,1
4269,1,100,37,3700,2135,1,26-08-2022 12:57,1
4270,2,120,12,1440,2135,1,11-10-2023 11:09,1
4271,1,100,11,1100,2136,1,30-06-2022 15:09,1
4272,2,120,47,5640,2136,1,16-03-2021 11:30,1
4273,1,100,5,500,2137,1,23-01-2023 14:01,1
4274,2,120,30,3600,2137,1,24-12-2021 10:33,1
4275,1,100,29,2900,2138,1,05-07-2019 19:03,1
4276,2,120,8,960,2138,1,18-08-2022 13:45,1
4277,1,100,6,600,2139,1,29-04-2020 19:41,1
4278,2,120,14,1680,2139,1,21-02-2019 16:29,1
4279,1,100,39,3900,2140,1,31-01-2023 10:10,1
4280,2,120,34,4080,2140,1,08-11-2023 13:21,1
4281,1,100,20,2000,2141,1,01-11-2020 14:24,1
4282,2,120,11,1320,2141,1,14-04-2022 15:42,1
4283,1,100,5,500,2142,1,24-05-2020 10:59,1
4284,2,120,11,1320,2142,1,10-05-2021 11:26,1
4285,1,100,23,2300,2143,1,31-12-2021 15:39,1
4286,2,120,12,1440,2143,1,04-10-2023 12:27,1
4287,1,100,45,4500,2144,1,25-02-2023 11:44,1
4288,2,120,17,2040,2144,1,31-03-2023 10:14,1
4289,1,100,8,800,2145,1,23-09-2020 19:06,1
4290,2,120,30,3600,2145,1,22-11-2020 11:33,1
4291,1,100,9,900,2146,1,09-09-2019 12:14,1
4292,2,120,12,1440,2146,1,12-09-2019 10:50,1
4293,1,100,19,1900,2147,1,26-11-2021 13:20,1
4294,2,120,35,4200,2147,1,30-10-2022 15:01,1
4295,1,100,40,4000,2148,1,20-07-2019 19:01,1
4296,2,120,15,1800,2148,1,18-01-2021 13:43,1
4297,1,100,1,100,2149,1,12-08-2019 13:47,1
4298,2,120,33,3960,2149,1,22-07-2022 15:10,1
4299,1,100,47,4700,2150,1,08-02-2020 14:37,1
4300,2,120,7,840,2150,1,02-11-2021 18:58,1
4301,1,100,38,3800,2151,1,12-09-2021 18:34,1
4302,2,120,23,2760,2151,1,25-03-2022 18:34,1
4303,1,100,43,4300,2152,1,13-11-2022 13:28,1
4304,2,120,5,600,2152,1,06-03-2023 11:37,1
4305,1,100,49,4900,2153,1,08-02-2022 15:15,1
4306,2,120,14,1680,2153,1,03-10-2019 12:13,1
4307,1,100,18,1800,2154,1,15-11-2023 17:47,1
4308,2,120,27,3240,2154,1,11-04-2022 15:38,1
4309,1,100,11,1100,2155,1,10-01-2021 15:18,1
4310,2,120,1,120,2155,1,30-06-2019 10:02,1
4311,1,100,3,300,2156,1,29-06-2020 14:48,1
4312,2,120,38,4560,2156,1,04-10-2022 14:26,1
4313,1,100,16,1600,2157,1,20-08-2021 16:57,1
4314,2,120,45,5400,2157,1,01-04-2023 11:02,1
4315,1,100,9,900,2158,1,18-03-2019 12:43,1
4316,2,120,40,4800,2158,1,11-06-2020 10:48,1
4317,1,100,19,1900,2159,1,03-04-2020 12:52,1
4318,2,120,3,360,2159,1,03-09-2019 14:33,1
4319,1,100,12,1200,2160,1,17-05-2019 18:21,1
4320,2,120,32,3840,2160,1,08-11-2020 15:38,1
4321,1,100,23,2300,2161,1,15-03-2019 11:58,1
4322,2,120,5,600,2161,1,06-01-2022 13:08,1
4323,1,100,42,4200,2162,1,12-11-2019 14:57,1
4324,2,120,23,2760,2162,1,29-04-2021 10:43,1
4325,1,100,47,4700,2163,1,20-10-2019 14:18,1
4326,2,120,27,3240,2163,1,18-03-2021 18:07,1
4327,1,100,46,4600,2164,1,16-04-2020 17:19,1
4328,2,120,20,2400,2164,1,07-04-2019 12:08,1
4329,1,100,11,1100,2165,1,03-04-2021 12:34,1
4330,2,120,7,840,2165,1,24-09-2022 16:21,1
4331,1,100,17,1700,2166,1,01-02-2020 12:12,1
4332,2,120,1,120,2166,1,16-11-2022 11:00,1
4333,1,100,4,400,2167,1,16-12-2022 11:26,1
4334,2,120,24,2880,2167,1,30-05-2019 17:39,1
4335,1,100,2,200,2168,1,19-08-2019 10:40,1
4336,2,120,25,3000,2168,1,15-12-2022 14:18,1
4337,1,100,47,4700,2169,1,29-11-2022 13:02,1
4338,2,120,33,3960,2169,1,25-03-2020 18:32,1
4339,1,100,37,3700,2170,1,05-04-2020 12:32,1
4340,2,120,43,5160,2170,1,03-07-2020 14:35,1
4341,1,100,32,3200,2171,1,28-03-2020 14:54,1
4342,2,120,14,1680,2171,1,13-04-2019 10:20,1
4343,1,100,33,3300,2172,1,03-06-2021 11:33,1
4344,2,120,9,1080,2172,1,06-07-2022 13:06,1
4345,1,100,30,3000,2173,1,10-05-2019 17:11,1
4346,2,120,43,5160,2173,1,26-08-2021 14:01,1
4347,1,100,24,2400,2174,1,22-02-2022 11:16,1
4348,2,120,26,3120,2174,1,09-04-2023 11:52,1
4349,1,100,46,4600,2175,1,05-06-2019 10:21,1
4350,2,120,18,2160,2175,1,08-10-2020 16:01,1
4351,1,100,41,4100,2176,1,11-08-2021 11:36,1
4352,2,120,6,720,2176,1,16-09-2022 10:56,1
4353,1,100,30,3000,2177,1,27-07-2022 18:02,1
4354,2,120,33,3960,2177,1,04-01-2022 12:41,1
4355,1,100,43,4300,2178,1,17-06-2020 18:59,1
4356,2,120,27,3240,2178,1,24-07-2021 10:51,1
4357,1,100,33,3300,2179,1,19-09-2023 18:23,1
4358,2,120,4,480,2179,1,22-09-2020 10:48,1
4359,1,100,29,2900,2180,1,20-12-2020 18:45,1
4360,2,120,48,5760,2180,1,19-01-2023 10:13,1
4361,1,100,33,3300,2181,1,24-10-2020 18:26,1
4362,2,120,35,4200,2181,1,21-12-2019 16:15,1
4363,1,100,35,3500,2182,1,28-06-2021 11:32,1
4364,2,120,44,5280,2182,1,18-05-2022 16:06,1
4365,1,100,36,3600,2183,1,30-12-2019 12:11,1
4366,2,120,32,3840,2183,1,04-08-2023 14:02,1
4367,1,100,19,1900,2184,1,07-09-2020 18:47,1
4368,2,120,25,3000,2184,1,23-11-2023 18:14,1
4369,1,100,19,1900,2185,1,29-06-2021 17:32,1
4370,2,120,16,1920,2185,1,07-07-2020 19:59,1
4371,1,100,30,3000,2186,1,12-02-2023 10:35,1
4372,2,120,5,600,2186,1,10-01-2022 11:07,1
4373,1,100,8,800,2187,1,04-06-2019 15:10,1
4374,2,120,20,2400,2187,1,14-01-2022 14:02,1
4375,1,100,44,4400,2188,1,16-04-2021 14:32,1
4376,2,120,50,6000,2188,1,06-01-2019 13:54,1
4377,1,100,13,1300,2189,1,19-02-2023 16:35,1
4378,2,120,12,1440,2189,1,29-08-2022 18:52,1
4379,1,100,46,4600,2190,1,21-11-2023 10:13,1
4380,2,120,7,840,2190,1,13-11-2021 13:36,1
4381,1,100,10,1000,2191,1,02-04-2021 10:15,1
4382,2,120,45,5400,2191,1,03-07-2020 11:16,1
4383,1,100,43,4300,2192,1,03-11-2021 12:39,1
4384,2,120,27,3240,2192,1,12-12-2023 16:13,1
4385,1,100,27,2700,2193,1,15-05-2021 18:35,1
4386,2,120,31,3720,2193,1,10-01-2022 15:28,1
4387,1,100,33,3300,2194,1,12-09-2023 14:26,1
4388,2,120,29,3480,2194,1,08-02-2021 11:39,1
4389,1,100,17,1700,2195,1,25-09-2021 17:31,1
4390,2,120,2,240,2195,1,03-04-2019 19:42,1
4391,1,100,5,500,2196,1,08-04-2019 12:12,1
4392,2,120,2,240,2196,1,25-09-2020 12:39,1
4393,1,100,9,900,2197,1,11-07-2020 14:22,1
4394,2,120,6,720,2197,1,23-06-2022 17:36,1
4395,1,100,40,4000,2198,1,11-05-2019 14:56,1
4396,2,120,1,120,2198,1,18-04-2021 10:30,1
4397,1,100,11,1100,2199,1,02-07-2021 16:57,1
4398,2,120,28,3360,2199,1,05-01-2023 12:53,1
4399,1,100,32,3200,2200,1,18-04-2022 10:51,1
4400,2,120,45,5400,2200,1,30-08-2022 16:20,1
4401,1,100,36,3600,2201,1,16-02-2022 11:26,1
4402,2,120,35,4200,2201,1,19-04-2022 10:27,1
4403,1,100,50,5000,2202,1,27-03-2019 14:12,1
4404,2,120,49,5880,2202,1,17-05-2021 10:27,1
4405,1,100,29,2900,2203,1,27-07-2022 12:54,1
4406,2,120,15,1800,2203,1,03-01-2020 11:34,1
4407,1,100,13,1300,2204,1,27-06-2022 13:20,1
4408,2,120,3,360,2204,1,10-05-2021 14:14,1
4409,1,100,7,700,2205,1,11-10-2021 16:08,1
4410,2,120,8,960,2205,1,19-07-2020 17:28,1
4411,1,100,3,300,2206,1,25-07-2019 15:09,1
4412,2,120,18,2160,2206,1,06-02-2020 13:37,1
4413,1,100,25,2500,2207,1,28-05-2020 18:19,1
4414,2,120,25,3000,2207,1,26-02-2021 14:52,1
4415,1,100,49,4900,2208,1,30-11-2023 15:23,1
4416,2,120,17,2040,2208,1,08-12-2022 13:24,1
4417,1,100,39,3900,2209,1,17-12-2022 11:19,1
4418,2,120,42,5040,2209,1,06-05-2022 12:22,1
4419,1,100,7,700,2210,1,29-03-2019 19:32,1
4420,2,120,36,4320,2210,1,04-10-2022 16:24,1
4421,1,100,19,1900,2211,1,13-06-2020 19:37,1
4422,2,120,46,5520,2211,1,23-03-2023 13:58,1
4423,1,100,21,2100,2212,1,20-11-2023 17:16,1
4424,2,120,32,3840,2212,1,08-05-2019 14:06,1
4425,1,100,30,3000,2213,1,01-09-2022 19:54,1
4426,2,120,21,2520,2213,1,19-04-2022 14:45,1
4427,1,100,10,1000,2214,1,24-07-2022 19:22,1
4428,2,120,19,2280,2214,1,08-03-2019 14:29,1
4429,1,100,9,900,2215,1,02-07-2019 13:17,1
4430,2,120,7,840,2215,1,08-02-2019 14:43,1
4431,1,100,6,600,2216,1,13-09-2020 18:59,1
4432,2,120,36,4320,2216,1,16-06-2023 13:13,1
4433,1,100,11,1100,2217,1,26-01-2020 11:47,1
4434,2,120,41,4920,2217,1,16-05-2021 17:43,1
4435,1,100,39,3900,2218,1,18-04-2023 16:22,1
4436,2,120,14,1680,2218,1,30-06-2019 19:33,1
4437,1,100,23,2300,2219,1,20-10-2020 18:57,1
4438,2,120,44,5280,2219,1,16-09-2019 16:58,1
4439,1,100,38,3800,2220,1,18-08-2023 17:50,1
4440,2,120,40,4800,2220,1,19-06-2020 10:16,1
4441,1,100,45,4500,2221,1,24-05-2021 11:04,1
4442,2,120,20,2400,2221,1,11-06-2022 16:38,1
4443,1,100,47,4700,2222,1,26-09-2022 19:03,1
4444,2,120,3,360,2222,1,24-05-2022 17:02,1
4445,1,100,3,300,2223,1,06-05-2019 19:53,1
4446,2,120,14,1680,2223,1,12-06-2019 17:44,1
4447,1,100,42,4200,2224,1,13-05-2020 18:19,1
4448,2,120,33,3960,2224,1,16-11-2019 13:21,1
4449,1,100,46,4600,2225,1,26-11-2023 13:31,1
4450,2,120,24,2880,2225,1,27-08-2019 14:02,1
4451,1,100,43,4300,2226,1,06-05-2020 10:53,1
4452,2,120,45,5400,2226,1,25-10-2021 17:50,1
4453,1,100,30,3000,2227,1,04-09-2023 12:14,1
4454,2,120,47,5640,2227,1,18-09-2019 10:43,1
4455,1,100,33,3300,2228,1,26-11-2021 10:49,1
4456,2,120,19,2280,2228,1,21-09-2019 15:16,1
4457,1,100,39,3900,2229,1,13-11-2021 15:45,1
4458,2,120,10,1200,2229,1,12-11-2023 15:54,1
4459,1,100,32,3200,2230,1,28-03-2022 10:50,1
4460,2,120,19,2280,2230,1,24-12-2022 18:11,1
4461,1,100,16,1600,2231,1,28-03-2023 12:59,1
4462,2,120,25,3000,2231,1,04-12-2020 19:32,1
4463,1,100,42,4200,2232,1,04-02-2019 16:26,1
4464,2,120,44,5280,2232,1,06-12-2023 18:09,1
4465,1,100,22,2200,2233,1,02-09-2023 19:24,1
4466,2,120,5,600,2233,1,09-08-2019 15:39,1
4467,1,100,30,3000,2234,1,15-12-2023 15:45,1
4468,2,120,21,2520,2234,1,08-12-2019 13:01,1
4469,1,100,26,2600,2235,1,16-12-2019 16:55,1
4470,2,120,36,4320,2235,1,18-02-2021 13:32,1
4471,1,100,33,3300,2236,1,08-01-2022 14:14,1
4472,2,120,37,4440,2236,1,28-01-2020 17:15,1
4473,1,100,15,1500,2237,1,03-07-2021 17:26,1
4474,2,120,43,5160,2237,1,26-07-2022 19:38,1
4475,1,100,4,400,2238,1,29-11-2019 15:51,1
4476,2,120,43,5160,2238,1,15-06-2023 18:46,1
4477,1,100,39,3900,2239,1,07-08-2021 10:24,1
4478,2,120,16,1920,2239,1,21-08-2022 19:21,1
4479,1,100,8,800,2240,1,04-06-2019 19:11,1
4480,2,120,24,2880,2240,1,13-11-2019 12:32,1
4481,1,100,33,3300,2241,1,27-01-2022 11:58,1
4482,2,120,9,1080,2241,1,26-07-2019 15:55,1
4483,1,100,31,3100,2242,1,25-07-2019 10:05,1
4484,2,120,46,5520,2242,1,04-06-2022 11:37,1
4485,1,100,20,2000,2243,1,25-12-2022 18:14,1
4486,2,120,29,3480,2243,1,19-11-2021 10:52,1
4487,1,100,14,1400,2244,1,05-07-2022 12:57,1
4488,2,120,16,1920,2244,1,21-01-2021 10:56,1
4489,1,100,16,1600,2245,1,02-10-2019 12:33,1
4490,2,120,25,3000,2245,1,06-04-2021 12:12,1
4491,1,100,11,1100,2246,1,31-08-2021 15:56,1
4492,2,120,3,360,2246,1,02-02-2022 18:11,1
4493,1,100,27,2700,2247,1,15-04-2021 12:18,1
4494,2,120,48,5760,2247,1,11-01-2021 10:33,1
4495,1,100,13,1300,2248,1,07-04-2022 14:14,1
4496,2,120,15,1800,2248,1,21-11-2022 14:03,1
4497,1,100,23,2300,2249,1,28-04-2020 15:14,1
4498,2,120,1,120,2249,1,22-10-2022 14:35,1
4499,1,100,5,500,2250,1,06-02-2021 17:47,1
4500,2,120,6,720,2250,1,01-08-2023 11:03,1
4501,1,100,46,4600,2251,1,29-07-2020 13:01,1
4502,2,120,22,2640,2251,1,03-02-2023 12:12,1
4503,1,100,14,1400,2252,1,07-10-2022 13:59,1
4504,2,120,45,5400,2252,1,21-11-2019 16:06,1
4505,1,100,22,2200,2253,1,17-03-2021 10:16,1
4506,2,120,36,4320,2253,1,14-01-2021 17:56,1
4507,1,100,8,800,2254,1,09-02-2019 13:27,1
4508,2,120,24,2880,2254,1,04-09-2021 16:12,1
4509,1,100,15,1500,2255,1,13-09-2020 14:00,1
4510,2,120,22,2640,2255,1,30-03-2019 17:00,1
4511,1,100,31,3100,2256,1,15-08-2022 19:07,1
4512,2,120,19,2280,2256,1,10-09-2022 15:55,1
4513,1,100,16,1600,2257,1,03-08-2022 10:20,1
4514,2,120,9,1080,2257,1,21-10-2020 18:44,1
4515,1,100,18,1800,2258,1,02-11-2023 19:25,1
4516,2,120,47,5640,2258,1,03-07-2021 15:08,1
4517,1,100,24,2400,2259,1,27-10-2022 19:27,1
4518,2,120,2,240,2259,1,12-07-2023 15:29,1
4519,1,100,27,2700,2260,1,08-07-2019 15:23,1
4520,2,120,8,960,2260,1,29-12-2022 14:11,1
4521,1,100,36,3600,2261,1,29-11-2021 16:43,1
4522,2,120,34,4080,2261,1,24-05-2021 10:38,1
4523,1,100,1,100,2262,1,20-05-2019 17:11,1
4524,2,120,41,4920,2262,1,27-08-2022 17:41,1
4525,1,100,36,3600,2263,1,17-12-2019 19:17,1
4526,2,120,47,5640,2263,1,19-10-2019 18:54,1
4527,1,100,13,1300,2264,1,11-05-2023 19:34,1
4528,2,120,34,4080,2264,1,14-02-2023 18:18,1
4529,1,100,31,3100,2265,1,31-08-2021 17:22,1
4530,2,120,27,3240,2265,1,24-07-2021 13:41,1
4531,1,100,7,700,2266,1,09-12-2022 17:41,1
4532,2,120,26,3120,2266,1,02-10-2022 14:04,1
4533,1,100,12,1200,2267,1,16-12-2019 19:05,1
4534,2,120,16,1920,2267,1,15-12-2023 15:33,1
4535,1,100,43,4300,2268,1,11-01-2020 13:04,1
4536,2,120,7,840,2268,1,01-12-2019 14:55,1
4537,1,100,19,1900,2269,1,16-01-2021 18:52,1
4538,2,120,10,1200,2269,1,01-02-2019 10:48,1
4539,1,100,38,3800,2270,1,07-08-2023 10:27,1
4540,2,120,9,1080,2270,1,24-07-2019 17:35,1
4541,1,100,10,1000,2271,1,09-08-2023 12:32,1
4542,2,120,30,3600,2271,1,23-06-2021 12:08,1
4543,1,100,20,2000,2272,1,12-09-2019 17:58,1
4544,2,120,16,1920,2272,1,04-07-2021 10:02,1
4545,1,100,49,4900,2273,1,02-09-2022 14:04,1
4546,2,120,22,2640,2273,1,01-11-2020 15:51,1
4547,1,100,2,200,2274,1,19-06-2020 13:43,1
4548,2,120,48,5760,2274,1,27-01-2021 15:35,1
4549,1,100,19,1900,2275,1,06-05-2023 12:09,1
4550,2,120,38,4560,2275,1,26-03-2023 14:50,1
4551,1,100,17,1700,2276,1,17-01-2019 12:49,1
4552,2,120,18,2160,2276,1,07-10-2019 15:54,1
4553,1,100,18,1800,2277,1,06-01-2020 16:54,1
4554,2,120,12,1440,2277,1,02-07-2022 17:40,1
4555,1,100,10,1000,2278,1,04-12-2021 18:04,1
4556,2,120,44,5280,2278,1,11-12-2020 16:47,1
4557,1,100,40,4000,2279,1,03-11-2019 16:43,1
4558,2,120,38,4560,2279,1,09-12-2019 11:11,1
4559,1,100,45,4500,2280,1,05-05-2019 10:12,1
4560,2,120,48,5760,2280,1,13-01-2020 13:16,1
4561,1,100,40,4000,2281,1,10-12-2022 10:33,1
4562,2,120,45,5400,2281,1,17-11-2021 13:15,1
4563,1,100,48,4800,2282,1,10-05-2020 13:27,1
4564,2,120,14,1680,2282,1,25-12-2022 18:16,1
4565,1,100,24,2400,2283,1,30-07-2022 11:39,1
4566,2,120,47,5640,2283,1,23-10-2021 17:02,1
4567,1,100,43,4300,2284,1,22-05-2023 16:16,1
4568,2,120,12,1440,2284,1,26-01-2020 12:36,1
4569,1,100,25,2500,2285,1,31-05-2019 18:39,1
4570,2,120,36,4320,2285,1,06-04-2021 18:54,1
4571,1,100,10,1000,2286,1,19-10-2019 19:06,1
4572,2,120,23,2760,2286,1,25-12-2019 11:22,1
4573,1,100,14,1400,2287,1,27-04-2022 13:34,1
4574,2,120,1,120,2287,1,12-05-2022 13:38,1
4575,1,100,3,300,2288,1,01-05-2021 19:28,1
4576,2,120,42,5040,2288,1,25-04-2020 11:10,1
4577,1,100,3,300,2289,1,26-10-2020 16:44,1
4578,2,120,2,240,2289,1,29-04-2023 17:43,1
4579,1,100,16,1600,2290,1,23-01-2023 14:01,1
4580,2,120,23,2760,2290,1,27-10-2019 12:04,1
4581,1,100,14,1400,2291,1,26-08-2023 19:53,1
4582,2,120,50,6000,2291,1,22-01-2022 16:35,1
4583,1,100,27,2700,2292,1,14-02-2019 13:29,1
4584,2,120,21,2520,2292,1,06-12-2019 10:50,1
4585,1,100,21,2100,2293,1,11-08-2022 15:03,1
4586,2,120,25,3000,2293,1,06-09-2023 17:23,1
4587,1,100,19,1900,2294,1,27-04-2020 19:32,1
4588,2,120,36,4320,2294,1,14-10-2019 15:02,1
4589,1,100,14,1400,2295,1,18-08-2021 18:15,1
4590,2,120,22,2640,2295,1,15-02-2021 18:41,1
4591,1,100,23,2300,2296,1,17-12-2021 11:37,1
4592,2,120,12,1440,2296,1,29-06-2021 11:49,1
4593,1,100,16,1600,2297,1,05-07-2023 16:21,1
4594,2,120,47,5640,2297,1,05-11-2021 17:36,1
4595,1,100,47,4700,2298,1,19-05-2023 12:36,1
4596,2,120,4,480,2298,1,07-07-2019 15:23,1
4597,1,100,38,3800,2299,1,29-01-2021 17:36,1
4598,2,120,28,3360,2299,1,04-03-2019 11:51,1
4599,1,100,22,2200,2300,1,09-12-2022 19:36,1
4600,2,120,26,3120,2300,1,12-09-2020 16:04,1
4601,1,100,3,300,2301,1,08-07-2020 16:40,1
4602,2,120,33,3960,2301,1,18-03-2022 18:42,1
4603,1,100,8,800,2302,1,08-09-2019 18:04,1
4604,2,120,15,1800,2302,1,27-04-2021 18:22,1
4605,1,100,16,1600,2303,1,23-04-2023 11:58,1
4606,2,120,2,240,2303,1,29-04-2020 10:42,1
4607,1,100,19,1900,2304,1,30-03-2021 11:41,1
4608,2,120,31,3720,2304,1,22-12-2023 10:03,1
4609,1,100,2,200,2305,1,16-07-2022 16:50,1
4610,2,120,9,1080,2305,1,11-06-2020 14:45,1
4611,1,100,24,2400,2306,1,01-12-2023 10:23,1
4612,2,120,50,6000,2306,1,21-01-2023 15:45,1
4613,1,100,36,3600,2307,1,14-05-2022 13:30,1
4614,2,120,1,120,2307,1,16-04-2021 18:11,1
4615,1,100,13,1300,2308,1,21-11-2020 11:45,1
4616,2,120,27,3240,2308,1,20-05-2019 13:18,1
4617,1,100,50,5000,2309,1,04-02-2019 16:55,1
4618,2,120,50,6000,2309,1,05-03-2022 17:59,1
4619,1,100,9,900,2310,1,11-09-2021 13:03,1
4620,2,120,6,720,2310,1,21-11-2020 19:28,1
4621,1,100,18,1800,2311,1,27-06-2020 12:07,1
4622,2,120,20,2400,2311,1,29-11-2023 17:00,1
4623,1,100,26,2600,2312,1,23-02-2022 10:12,1
4624,2,120,48,5760,2312,1,27-02-2021 14:30,1
4625,1,100,32,3200,2313,1,06-12-2023 17:08,1
4626,2,120,1,120,2313,1,09-01-2021 16:39,1
4627,1,100,12,1200,2314,1,29-06-2021 16:12,1
4628,2,120,1,120,2314,1,11-10-2022 17:39,1
4629,1,100,27,2700,2315,1,05-09-2021 10:10,1
4630,2,120,23,2760,2315,1,26-08-2020 10:18,1
4631,1,100,24,2400,2316,1,24-05-2022 15:16,1
4632,2,120,42,5040,2316,1,04-07-2021 11:30,1
4633,1,100,38,3800,2317,1,19-07-2023 18:13,1
4634,2,120,27,3240,2317,1,01-07-2021 11:47,1
4635,1,100,36,3600,2318,1,13-06-2020 11:55,1
4636,2,120,6,720,2318,1,13-04-2023 12:18,1
4637,1,100,16,1600,2319,1,16-09-2022 14:09,1
4638,2,120,42,5040,2319,1,02-04-2022 12:10,1
4639,1,100,31,3100,2320,1,16-03-2023 13:29,1
4640,2,120,17,2040,2320,1,15-04-2019 14:54,1
4641,1,100,16,1600,2321,1,20-11-2020 10:45,1
4642,2,120,41,4920,2321,1,02-10-2019 14:26,1
4643,1,100,4,400,2322,1,23-09-2021 17:03,1
4644,2,120,16,1920,2322,1,03-06-2021 14:29,1
4645,1,100,16,1600,2323,1,20-09-2020 12:43,1
4646,2,120,21,2520,2323,1,05-02-2023 12:48,1
4647,1,100,2,200,2324,1,23-08-2019 12:07,1
4648,2,120,20,2400,2324,1,19-06-2022 16:50,1
4649,1,100,29,2900,2325,1,09-12-2020 12:22,1
4650,2,120,18,2160,2325,1,10-04-2022 11:00,1
4651,1,100,6,600,2326,1,14-11-2022 18:25,1
4652,2,120,30,3600,2326,1,04-12-2023 16:17,1
4653,1,100,42,4200,2327,1,11-03-2023 17:52,1
4654,2,120,12,1440,2327,1,22-01-2020 17:00,1
4655,1,100,1,100,2328,1,17-07-2020 16:55,1
4656,2,120,21,2520,2328,1,03-11-2023 11:06,1
4657,1,100,29,2900,2329,1,22-10-2020 12:44,1
4658,2,120,3,360,2329,1,08-05-2021 15:38,1
4659,1,100,39,3900,2330,1,27-10-2021 11:27,1
4660,2,120,10,1200,2330,1,09-02-2021 18:04,1
4661,1,100,39,3900,2331,1,13-01-2021 16:33,1
4662,2,120,38,4560,2331,1,05-06-2020 11:48,1
4663,1,100,16,1600,2332,1,23-06-2020 12:52,1
4664,2,120,34,4080,2332,1,11-04-2021 11:07,1
4665,1,100,26,2600,2333,1,09-11-2022 14:31,1
4666,2,120,31,3720,2333,1,22-05-2022 13:06,1
4667,1,100,12,1200,2334,1,17-04-2021 15:42,1
4668,2,120,25,3000,2334,1,01-04-2021 12:31,1
4669,1,100,48,4800,2335,1,06-03-2019 17:34,1
4670,2,120,6,720,2335,1,18-12-2023 12:58,1
4671,1,100,9,900,2336,1,04-03-2020 16:31,1
4672,2,120,24,2880,2336,1,21-09-2023 19:21,1
4673,1,100,44,4400,2337,1,22-07-2022 16:54,1
4674,2,120,19,2280,2337,1,16-11-2020 10:21,1
4675,1,100,2,200,2338,1,12-04-2022 16:46,1
4676,2,120,17,2040,2338,1,14-08-2020 17:52,1
4677,1,100,3,300,2339,1,25-01-2020 12:00,1
4678,2,120,23,2760,2339,1,11-09-2021 18:02,1
4679,1,100,29,2900,2340,1,30-05-2021 17:03,1
4680,2,120,26,3120,2340,1,06-11-2020 13:21,1
4681,1,100,4,400,2341,1,07-06-2022 10:55,1
4682,2,120,1,120,2341,1,27-07-2023 12:43,1
4683,1,100,7,700,2342,1,27-02-2021 11:50,1
4684,2,120,45,5400,2342,1,30-10-2021 17:45,1
4685,1,100,33,3300,2343,1,11-04-2019 12:00,1
4686,2,120,21,2520,2343,1,11-10-2020 16:57,1
4687,1,100,42,4200,2344,1,18-08-2021 13:21,1
4688,2,120,32,3840,2344,1,07-01-2019 14:01,1
4689,1,100,47,4700,2345,1,05-05-2021 18:29,1
4690,2,120,26,3120,2345,1,13-08-2019 12:55,1
4691,1,100,46,4600,2346,1,16-09-2019 11:23,1
4692,2,120,43,5160,2346,1,24-12-2021 11:29,1
4693,1,100,18,1800,2347,1,26-09-2021 10:43,1
4694,2,120,2,240,2347,1,30-11-2019 18:46,1
4695,1,100,34,3400,2348,1,01-06-2023 13:24,1
4696,2,120,4,480,2348,1,16-07-2021 16:11,1
4697,1,100,16,1600,2349,1,28-02-2021 17:39,1
4698,2,120,18,2160,2349,1,19-04-2020 13:50,1
4699,1,100,36,3600,2350,1,28-11-2022 11:55,1
4700,2,120,15,1800,2350,1,23-09-2023 13:02,1
4701,1,100,29,2900,2351,1,27-03-2021 12:38,1
4702,2,120,11,1320,2351,1,21-08-2022 18:44,1
4703,1,100,5,500,2352,1,22-06-2021 19:39,1
4704,2,120,33,3960,2352,1,11-04-2021 17:43,1
4705,1,100,23,2300,2353,1,18-08-2023 13:48,1
4706,2,120,42,5040,2353,1,14-06-2019 19:04,1
4707,1,100,8,800,2354,1,15-03-2023 18:37,1
4708,2,120,3,360,2354,1,29-11-2023 17:20,1
4709,1,100,33,3300,2355,1,13-10-2023 19:56,1
4710,2,120,27,3240,2355,1,02-03-2021 15:39,1
4711,1,100,10,1000,2356,1,12-12-2022 17:27,1
4712,2,120,21,2520,2356,1,05-11-2023 10:44,1
4713,1,100,37,3700,2357,1,18-04-2022 10:42,1
4714,2,120,7,840,2357,1,06-12-2022 16:00,1
4715,1,100,24,2400,2358,1,06-01-2019 17:54,1
4716,2,120,4,480,2358,1,05-07-2020 10:58,1
4717,1,100,5,500,2359,1,10-05-2021 14:06,1
4718,2,120,28,3360,2359,1,25-06-2020 14:07,1
4719,1,100,21,2100,2360,1,24-07-2023 10:07,1
4720,2,120,4,480,2360,1,31-07-2019 10:46,1
4721,1,100,35,3500,2361,1,12-02-2023 12:36,1
4722,2,120,15,1800,2361,1,28-03-2020 16:06,1
4723,1,100,1,100,2362,1,03-08-2021 15:43,1
4724,2,120,2,240,2362,1,10-05-2019 13:44,1
4725,1,100,27,2700,2363,1,01-05-2019 18:01,1
4726,2,120,39,4680,2363,1,02-06-2023 17:32,1
4727,1,100,19,1900,2364,1,01-12-2019 16:57,1
4728,2,120,29,3480,2364,1,12-12-2022 11:38,1
4729,1,100,15,1500,2365,1,13-04-2023 16:44,1
4730,2,120,30,3600,2365,1,07-04-2021 14:44,1
4731,1,100,16,1600,2366,1,11-01-2020 11:03,1
4732,2,120,16,1920,2366,1,12-08-2020 18:31,1
4733,1,100,28,2800,2367,1,16-09-2022 13:46,1
4734,2,120,32,3840,2367,1,21-11-2019 15:42,1
4735,1,100,25,2500,2368,1,02-08-2020 18:15,1
4736,2,120,1,120,2368,1,21-02-2020 14:51,1
4737,1,100,48,4800,2369,1,26-08-2020 13:27,1
4738,2,120,50,6000,2369,1,16-01-2019 13:07,1
4739,1,100,34,3400,2370,1,18-03-2019 16:42,1
4740,2,120,14,1680,2370,1,09-09-2023 18:39,1
4741,1,100,45,4500,2371,1,29-05-2019 18:17,1
4742,2,120,28,3360,2371,1,19-08-2023 19:34,1
4743,1,100,47,4700,2372,1,16-11-2021 13:17,1
4744,2,120,37,4440,2372,1,06-08-2022 12:08,1
4745,1,100,15,1500,2373,1,14-11-2020 12:54,1
4746,2,120,15,1800,2373,1,06-03-2020 16:54,1
4747,1,100,16,1600,2374,1,16-07-2022 13:13,1
4748,2,120,49,5880,2374,1,03-06-2020 10:57,1
4749,1,100,42,4200,2375,1,20-03-2020 14:16,1
4750,2,120,4,480,2375,1,30-12-2023 16:36,1
4751,1,100,18,1800,2376,1,20-02-2020 18:59,1
4752,2,120,44,5280,2376,1,07-06-2020 14:25,1
4753,1,100,43,4300,2377,1,17-11-2019 17:39,1
4754,2,120,29,3480,2377,1,07-08-2020 11:01,1
4755,1,100,37,3700,2378,1,26-04-2020 13:09,1
4756,2,120,39,4680,2378,1,29-01-2020 17:09,1
4757,1,100,30,3000,2379,1,27-07-2023 14:56,1
4758,2,120,1,120,2379,1,19-05-2019 14:23,1
4759,1,100,12,1200,2380,1,17-02-2022 11:09,1
4760,2,120,4,480,2380,1,28-01-2019 10:08,1
4761,1,100,1,100,2381,1,09-11-2020 13:22,1
4762,2,120,29,3480,2381,1,30-09-2021 15:27,1
4763,1,100,29,2900,2382,1,14-11-2022 11:36,1
4764,2,120,21,2520,2382,1,19-08-2019 14:50,1
4765,1,100,8,800,2383,1,03-06-2022 13:20,1
4766,2,120,49,5880,2383,1,27-07-2023 18:35,1
4767,1,100,6,600,2384,1,03-01-2019 14:21,1
4768,2,120,31,3720,2384,1,10-10-2020 14:36,1
4769,1,100,16,1600,2385,1,07-10-2023 14:10,1
4770,2,120,43,5160,2385,1,07-11-2023 12:20,1
4771,1,100,38,3800,2386,1,27-08-2019 14:55,1
4772,2,120,25,3000,2386,1,11-02-2023 13:38,1
4773,1,100,24,2400,2387,1,29-11-2023 18:21,1
4774,2,120,14,1680,2387,1,16-08-2020 15:20,1
4775,1,100,47,4700,2388,1,08-04-2021 18:51,1
4776,2,120,34,4080,2388,1,27-11-2021 10:29,1
4777,1,100,41,4100,2389,1,26-02-2021 11:26,1
4778,2,120,32,3840,2389,1,07-07-2022 15:47,1
4779,1,100,8,800,2390,1,21-08-2022 15:38,1
4780,2,120,35,4200,2390,1,20-03-2020 13:16,1
4781,1,100,14,1400,2391,1,19-07-2019 11:28,1
4782,2,120,46,5520,2391,1,26-06-2022 15:05,1
4783,1,100,7,700,2392,1,27-03-2021 15:38,1
4784,2,120,22,2640,2392,1,14-07-2020 11:48,1
4785,1,100,21,2100,2393,1,27-06-2020 17:39,1
4786,2,120,17,2040,2393,1,23-05-2019 18:30,1
4787,1,100,10,1000,2394,1,01-09-2020 13:49,1
4788,2,120,9,1080,2394,1,21-03-2021 10:05,1
4789,1,100,28,2800,2395,1,27-07-2020 19:17,1
4790,2,120,39,4680,2395,1,10-04-2019 12:27,1
4791,1,100,36,3600,2396,1,12-02-2021 19:02,1
4792,2,120,46,5520,2396,1,24-07-2019 14:37,1
4793,1,100,37,3700,2397,1,13-04-2023 15:23,1
4794,2,120,1,120,2397,1,02-05-2022 13:46,1
4795,1,100,34,3400,2398,1,02-10-2019 11:53,1
4796,2,120,3,360,2398,1,03-10-2019 18:46,1
4797,1,100,30,3000,2399,1,07-12-2023 15:35,1
4798,2,120,32,3840,2399,1,29-10-2019 19:43,1
4799,1,100,38,3800,2400,1,05-02-2023 15:24,1
4800,2,120,15,1800,2400,1,08-08-2022 12:16,1
4801,1,100,35,3500,2401,1,17-05-2023 19:14,1
4802,2,120,38,4560,2401,1,23-02-2019 10:22,1
4803,1,100,25,2500,2402,1,04-06-2022 15:34,1
4804,2,120,21,2520,2402,1,30-11-2023 10:53,1
4805,1,100,49,4900,2403,1,18-09-2022 12:08,1
4806,2,120,13,1560,2403,1,20-12-2019 10:06,1
4807,1,100,41,4100,2404,1,07-03-2020 17:48,1
4808,2,120,39,4680,2404,1,04-12-2022 16:48,1
4809,1,100,23,2300,2405,1,29-03-2023 15:20,1
4810,2,120,19,2280,2405,1,13-12-2021 10:44,1
4811,1,100,34,3400,2406,1,14-03-2022 16:56,1
4812,2,120,9,1080,2406,1,22-07-2019 18:29,1
4813,1,100,16,1600,2407,1,14-05-2021 17:31,1
4814,2,120,4,480,2407,1,06-05-2021 17:08,1
4815,1,100,43,4300,2408,1,16-11-2019 15:59,1
4816,2,120,24,2880,2408,1,24-01-2020 12:55,1
4817,1,100,29,2900,2409,1,25-07-2021 15:47,1
4818,2,120,9,1080,2409,1,22-08-2019 19:48,1
4819,1,100,47,4700,2410,1,07-08-2021 11:49,1
4820,2,120,26,3120,2410,1,29-04-2020 17:00,1
4821,1,100,41,4100,2411,1,12-01-2019 15:08,1
4822,2,120,7,840,2411,1,06-04-2022 11:39,1
4823,1,100,17,1700,2412,1,18-10-2023 15:53,1
4824,2,120,10,1200,2412,1,09-12-2022 13:23,1
4825,1,100,24,2400,2413,1,08-04-2020 17:17,1
4826,2,120,17,2040,2413,1,15-08-2019 12:47,1
4827,1,100,6,600,2414,1,16-08-2020 16:32,1
4828,2,120,43,5160,2414,1,04-02-2019 19:43,1
4829,1,100,42,4200,2415,1,10-05-2023 15:18,1
4830,2,120,15,1800,2415,1,03-10-2020 13:15,1
4831,1,100,32,3200,2416,1,20-01-2023 14:59,1
4832,2,120,15,1800,2416,1,09-08-2022 14:34,1
4833,1,100,11,1100,2417,1,04-11-2021 16:30,1
4834,2,120,48,5760,2417,1,28-03-2022 11:42,1
4835,1,100,18,1800,2418,1,28-07-2020 18:50,1
4836,2,120,8,960,2418,1,28-01-2023 11:38,1
4837,1,100,35,3500,2419,1,04-04-2020 12:47,1
4838,2,120,29,3480,2419,1,22-02-2020 14:26,1
4839,1,100,40,4000,2420,1,09-08-2021 10:08,1
4840,2,120,8,960,2420,1,01-07-2022 12:34,1
4841,1,100,37,3700,2421,1,04-06-2021 18:23,1
4842,2,120,36,4320,2421,1,17-12-2019 12:48,1
4843,1,100,1,100,2422,1,30-08-2022 17:28,1
4844,2,120,14,1680,2422,1,28-09-2019 13:04,1
4845,1,100,4,400,2423,1,18-02-2023 19:20,1
4846,2,120,20,2400,2423,1,25-06-2019 15:37,1
4847,1,100,44,4400,2424,1,30-06-2022 12:11,1
4848,2,120,3,360,2424,1,09-03-2021 12:31,1
4849,1,100,16,1600,2425,1,18-04-2022 16:39,1
4850,2,120,20,2400,2425,1,04-12-2023 19:44,1
4851,1,100,40,4000,2426,1,05-04-2020 14:12,1
4852,2,120,48,5760,2426,1,14-03-2022 19:49,1
4853,1,100,2,200,2427,1,03-01-2022 17:47,1
4854,2,120,49,5880,2427,1,06-02-2022 11:53,1
4855,1,100,38,3800,2428,1,12-10-2019 10:03,1
4856,2,120,26,3120,2428,1,25-07-2023 12:13,1
4857,1,100,14,1400,2429,1,12-10-2023 15:30,1
4858,2,120,18,2160,2429,1,27-03-2021 10:07,1
4859,1,100,36,3600,2430,1,31-05-2021 12:01,1
4860,2,120,3,360,2430,1,28-01-2020 13:15,1
4861,1,100,12,1200,2431,1,25-08-2020 15:11,1
4862,2,120,48,5760,2431,1,27-06-2023 19:39,1
4863,1,100,19,1900,2432,1,14-08-2022 12:54,1
4864,2,120,43,5160,2432,1,01-08-2021 19:00,1
4865,1,100,8,800,2433,1,24-08-2020 18:37,1
4866,2,120,43,5160,2433,1,05-06-2022 19:17,1
4867,1,100,5,500,2434,1,03-11-2023 18:59,1
4868,2,120,6,720,2434,1,23-06-2019 15:49,1
4869,1,100,28,2800,2435,1,09-01-2023 15:40,1
4870,2,120,40,4800,2435,1,14-09-2022 19:27,1
4871,1,100,34,3400,2436,1,04-11-2021 16:48,1
4872,2,120,30,3600,2436,1,26-10-2019 16:10,1
4873,1,100,5,500,2437,1,08-11-2019 13:08,1
4874,2,120,21,2520,2437,1,13-05-2019 18:04,1
4875,1,100,48,4800,2438,1,17-03-2023 14:17,1
4876,2,120,44,5280,2438,1,26-03-2023 15:16,1
4877,1,100,19,1900,2439,1,14-05-2019 13:55,1
4878,2,120,50,6000,2439,1,02-03-2021 10:17,1
4879,1,100,31,3100,2440,1,26-02-2019 10:22,1
4880,2,120,48,5760,2440,1,29-11-2022 11:49,1
4881,1,100,21,2100,2441,1,02-04-2020 10:03,1
4882,2,120,37,4440,2441,1,09-08-2022 12:58,1
4883,1,100,20,2000,2442,1,19-07-2022 10:53,1
4884,2,120,2,240,2442,1,18-06-2023 14:07,1
4885,1,100,26,2600,2443,1,11-12-2022 15:44,1
4886,2,120,28,3360,2443,1,25-12-2019 11:34,1
4887,1,100,28,2800,2444,1,07-10-2019 11:11,1
4888,2,120,41,4920,2444,1,16-06-2022 19:25,1
4889,1,100,15,1500,2445,1,18-04-2020 11:51,1
4890,2,120,33,3960,2445,1,04-03-2021 19:23,1
4891,1,100,46,4600,2446,1,16-03-2019 15:21,1
4892,2,120,40,4800,2446,1,13-12-2020 12:31,1
4893,1,100,16,1600,2447,1,17-04-2019 15:36,1
4894,2,120,15,1800,2447,1,03-07-2019 18:08,1
4895,1,100,6,600,2448,1,15-02-2023 13:26,1
4896,2,120,15,1800,2448,1,27-06-2022 10:00,1
4897,1,100,48,4800,2449,1,03-02-2020 15:34,1
4898,2,120,13,1560,2449,1,20-05-2023 12:38,1
4899,1,100,21,2100,2450,1,25-07-2021 12:13,1
4900,2,120,40,4800,2450,1,13-11-2022 10:55,1
4901,1,100,38,3800,2451,1,28-07-2021 13:29,1
4902,2,120,26,3120,2451,1,18-03-2023 17:51,1
4903,1,100,44,4400,2452,1,18-02-2019 11:21,1
4904,2,120,28,3360,2452,1,30-05-2022 16:18,1
4905,1,100,32,3200,2453,1,12-07-2022 14:02,1
4906,2,120,37,4440,2453,1,14-01-2021 11:45,1
4907,1,100,12,1200,2454,1,27-12-2021 19:27,1
4908,2,120,23,2760,2454,1,30-11-2022 13:44,1
4909,1,100,22,2200,2455,1,05-12-2019 14:47,1
4910,2,120,20,2400,2455,1,18-03-2023 18:52,1
4911,1,100,39,3900,2456,1,31-03-2021 10:40,1
4912,2,120,7,840,2456,1,14-08-2021 12:02,1
4913,1,100,34,3400,2457,1,13-03-2019 10:13,1
4914,2,120,11,1320,2457,1,03-06-2020 17:04,1
4915,1,100,2,200,2458,1,04-02-2019 13:09,1
4916,2,120,14,1680,2458,1,12-09-2022 11:00,1
4917,1,100,5,500,2459,1,16-03-2021 15:54,1
4918,2,120,31,3720,2459,1,21-02-2019 17:13,1
4919,1,100,10,1000,2460,1,27-11-2021 10:24,1
4920,2,120,3,360,2460,1,12-03-2019 18:22,1
4921,1,100,20,2000,2461,1,11-03-2021 14:04,1
4922,2,120,8,960,2461,1,29-04-2019 13:39,1
4923,1,100,1,100,2462,1,14-08-2022 18:08,1
4924,2,120,8,960,2462,1,12-09-2019 14:20,1
4925,1,100,45,4500,2463,1,18-07-2019 16:54,1
4926,2,120,50,6000,2463,1,24-04-2022 16:27,1
4927,1,100,49,4900,2464,1,28-08-2023 12:46,1
4928,2,120,18,2160,2464,1,03-06-2019 14:48,1
4929,1,100,17,1700,2465,1,17-11-2021 19:56,1
4930,2,120,1,120,2465,1,15-01-2019 13:55,1
4931,1,100,14,1400,2466,1,21-12-2022 12:30,1
4932,2,120,34,4080,2466,1,21-12-2019 13:18,1
4933,1,100,35,3500,2467,1,15-02-2022 16:25,1
4934,2,120,50,6000,2467,1,02-06-2022 17:43,1
4935,1,100,26,2600,2468,1,29-01-2022 19:11,1
4936,2,120,49,5880,2468,1,28-02-2023 17:45,1
4937,1,100,20,2000,2469,1,16-08-2023 18:00,1
4938,2,120,17,2040,2469,1,26-10-2023 13:02,1
4939,1,100,5,500,2470,1,24-07-2019 11:19,1
4940,2,120,35,4200,2470,1,11-09-2019 16:13,1
4941,1,100,49,4900,2471,1,16-12-2022 11:59,1
4942,2,120,11,1320,2471,1,19-10-2022 16:18,1
4943,1,100,15,1500,2472,1,10-03-2020 17:26,1
4944,2,120,23,2760,2472,1,03-10-2019 14:49,1
4945,1,100,33,3300,2473,1,17-01-2019 19:27,1
4946,2,120,44,5280,2473,1,20-05-2022 17:11,1
4947,1,100,32,3200,2474,1,29-04-2021 18:15,1
4948,2,120,48,5760,2474,1,15-01-2022 16:14,1
4949,1,100,9,900,2475,1,26-03-2021 19:54,1
4950,2,120,7,840,2475,1,26-10-2023 19:26,1
4951,1,100,9,900,2476,1,15-11-2023 19:27,1
4952,2,120,18,2160,2476,1,07-08-2022 14:39,1
4953,1,100,46,4600,2477,1,07-09-2023 19:51,1
4954,2,120,23,2760,2477,1,26-07-2019 12:50,1
4955,1,100,9,900,2478,1,28-11-2020 17:07,1
4956,2,120,31,3720,2478,1,05-05-2022 12:30,1
4957,1,100,8,800,2479,1,14-02-2020 18:47,1
4958,2,120,24,2880,2479,1,25-01-2020 13:58,1
4959,1,100,46,4600,2480,1,22-07-2023 11:57,1
4960,2,120,41,4920,2480,1,23-12-2019 14:10,1
4961,1,100,22,2200,2481,1,24-04-2023 12:57,1
4962,2,120,19,2280,2481,1,13-06-2020 18:42,1
4963,1,100,1,100,2482,1,22-09-2022 15:46,1
4964,2,120,35,4200,2482,1,25-12-2020 14:30,1
4965,1,100,19,1900,2483,1,29-11-2019 14:55,1
4966,2,120,29,3480,2483,1,12-09-2021 11:26,1
4967,1,100,48,4800,2484,1,23-03-2019 12:22,1
4968,2,120,21,2520,2484,1,18-05-2022 12:38,1
4969,1,100,44,4400,2485,1,03-11-2022 12:10,1
4970,2,120,36,4320,2485,1,09-03-2019 12:46,1
4971,1,100,5,500,2486,1,04-03-2020 11:14,1
4972,2,120,42,5040,2486,1,20-07-2020 14:39,1
4973,1,100,48,4800,2487,1,03-05-2020 15:57,1
4974,2,120,15,1800,2487,1,24-02-2023 14:07,1
4975,1,100,9,900,2488,1,13-12-2023 10:49,1
4976,2,120,50,6000,2488,1,20-09-2021 19:38,1
4977,1,100,22,2200,2489,1,14-12-2019 18:52,1
4978,2,120,11,1320,2489,1,12-06-2022 19:18,1
4979,1,100,12,1200,2490,1,09-10-2023 13:24,1
4980,2,120,1,120,2490,1,19-11-2023 19:49,1
4981,1,100,10,1000,2491,1,03-07-2021 15:46,1
4982,2,120,42,5040,2491,1,24-05-2020 14:33,1
4983,1,100,23,2300,2492,1,27-03-2019 19:59,1
4984,2,120,24,2880,2492,1,08-06-2019 17:16,1
4985,1,100,37,3700,2493,1,30-05-2020 10:14,1
4986,2,120,35,4200,2493,1,11-02-2023 10:12,1
4987,1,100,11,1100,2494,1,10-07-2019 16:07,1
4988,2,120,35,4200,2494,1,07-10-2021 11:39,1
4989,1,100,35,3500,2495,1,23-05-2022 16:29,1
4990,2,120,20,2400,2495,1,03-11-2021 10:14,1
4991,1,100,2,200,2496,1,14-05-2019 12:04,1
4992,2,120,43,5160,2496,1,23-07-2023 12:38,1
4993,1,100,43,4300,2497,1,25-03-2023 18:03,1
4994,2,120,7,840,2497,1,17-09-2022 15:36,1
4995,1,100,17,1700,2498,1,10-11-2023 10:31,1
4996,2,120,19,2280,2498,1,14-05-2019 11:03,1
4997,1,100,45,4500,2499,1,04-04-2021 14:00,1
4998,2,120,15,1800,2499,1,04-02-2021 15:51,1
4999,1,100,2,200,2500,1,03-06-2020 14:31,1
5000,2,120,42,5040,2500,1,10-10-2023 15:18,1
5001,1,100,11,1100,2501,1,04-08-2020 10:35,1
5002,2,120,43,5160,2501,1,09-08-2021 12:12,1
5003,1,100,13,1300,2502,1,18-04-2021 17:13,1
5004,2,120,39,4680,2502,1,12-07-2020 16:07,1
5005,1,100,34,3400,2503,1,13-12-2021 18:56,1
5006,2,120,1,120,2503,1,23-12-2021 13:41,1
5007,1,100,16,1600,2504,1,23-02-2020 18:20,1
5008,2,120,24,2880,2504,1,19-10-2022 14:09,1
5009,1,100,49,4900,2505,1,31-12-2023 10:39,1
5010,2,120,43,5160,2505,1,03-12-2021 14:56,1
5011,1,100,41,4100,2506,1,16-06-2022 11:51,1
5012,2,120,31,3720,2506,1,22-10-2021 13:39,1
5013,1,100,46,4600,2507,1,15-06-2023 18:06,1
5014,2,120,40,4800,2507,1,03-06-2019 14:51,1
5015,1,100,28,2800,2508,1,03-12-2020 15:58,1
5016,2,120,50,6000,2508,1,08-12-2022 17:21,1
5017,1,100,39,3900,2509,1,23-02-2023 17:58,1
5018,2,120,27,3240,2509,1,19-08-2022 11:55,1
5019,1,100,24,2400,2510,1,17-01-2019 11:47,1
5020,2,120,21,2520,2510,1,02-05-2020 14:36,1
5021,1,100,10,1000,2511,1,07-09-2021 11:19,1
5022,2,120,16,1920,2511,1,12-05-2019 15:38,1
5023,1,100,28,2800,2512,1,24-01-2019 14:53,1
5024,2,120,8,960,2512,1,13-05-2019 11:36,1
5025,1,100,4,400,2513,1,02-02-2019 19:03,1
5026,2,120,27,3240,2513,1,14-10-2022 19:05,1
5027,1,100,48,4800,2514,1,20-11-2019 13:24,1
5028,2,120,20,2400,2514,1,25-06-2023 16:01,1
5029,1,100,5,500,2515,1,28-05-2021 15:13,1
5030,2,120,33,3960,2515,1,28-04-2022 11:11,1
5031,1,100,23,2300,2516,1,26-08-2023 15:12,1
5032,2,120,50,6000,2516,1,18-02-2020 19:29,1
5033,1,100,7,700,2517,1,01-02-2023 14:37,1
5034,2,120,48,5760,2517,1,21-12-2021 12:18,1
5035,1,100,36,3600,2518,1,18-03-2022 15:52,1
5036,2,120,30,3600,2518,1,28-09-2019 15:56,1
5037,1,100,40,4000,2519,1,10-05-2021 11:22,1
5038,2,120,35,4200,2519,1,21-04-2020 13:17,1
5039,1,100,47,4700,2520,1,27-08-2023 18:08,1
5040,2,120,36,4320,2520,1,13-04-2020 10:28,1
5041,1,100,8,800,2521,1,25-04-2020 13:44,1
5042,2,120,37,4440,2521,1,20-06-2019 17:42,1
5043,1,100,36,3600,2522,1,16-03-2021 12:48,1
5044,2,120,16,1920,2522,1,28-07-2021 18:00,1
5045,1,100,24,2400,2523,1,24-10-2021 18:06,1
5046,2,120,34,4080,2523,1,11-02-2021 18:43,1
5047,1,100,8,800,2524,1,10-01-2020 16:08,1
5048,2,120,47,5640,2524,1,30-09-2019 10:24,1
5049,1,100,19,1900,2525,1,24-08-2023 16:58,1
5050,2,120,11,1320,2525,1,14-06-2022 15:42,1
5051,1,100,33,3300,2526,1,03-05-2023 17:07,1
5052,2,120,26,3120,2526,1,24-04-2020 13:56,1
5053,1,100,20,2000,2527,1,16-08-2020 19:26,1
5054,2,120,26,3120,2527,1,13-03-2021 10:24,1
5055,1,100,19,1900,2528,1,27-05-2023 14:46,1
5056,2,120,16,1920,2528,1,23-06-2020 14:43,1
5057,1,100,18,1800,2529,1,27-05-2023 19:31,1
5058,2,120,1,120,2529,1,10-10-2021 12:47,1
5059,1,100,32,3200,2530,1,27-04-2021 15:32,1
5060,2,120,33,3960,2530,1,22-10-2022 14:37,1
5061,1,100,47,4700,2531,1,22-10-2019 12:19,1
5062,2,120,23,2760,2531,1,19-09-2021 12:40,1
5063,1,100,36,3600,2532,1,04-05-2020 17:49,1
5064,2,120,30,3600,2532,1,12-02-2021 19:55,1
5065,1,100,18,1800,2533,1,18-03-2022 15:33,1
5066,2,120,39,4680,2533,1,21-10-2021 12:03,1
5067,1,100,46,4600,2534,1,10-12-2021 10:33,1
5068,2,120,39,4680,2534,1,26-02-2019 14:27,1
5069,1,100,11,1100,2535,1,17-03-2020 15:15,1
5070,2,120,1,120,2535,1,11-05-2020 19:34,1
5071,1,100,11,1100,2536,1,16-06-2020 19:03,1
5072,2,120,23,2760,2536,1,12-06-2020 13:54,1
5073,1,100,36,3600,2537,1,12-08-2019 15:25,1
5074,2,120,29,3480,2537,1,22-07-2023 12:58,1
5075,1,100,1,100,2538,1,29-05-2019 17:42,1
5076,2,120,34,4080,2538,1,31-07-2019 15:05,1
5077,1,100,16,1600,2539,1,03-10-2023 19:39,1
5078,2,120,49,5880,2539,1,21-04-2021 19:19,1
5079,1,100,50,5000,2540,1,30-07-2022 12:02,1
5080,2,120,7,840,2540,1,30-05-2023 19:40,1
5081,1,100,21,2100,2541,1,18-11-2020 18:53,1
5082,2,120,27,3240,2541,1,20-09-2021 17:35,1
5083,1,100,41,4100,2542,1,19-01-2020 10:12,1
5084,2,120,22,2640,2542,1,07-01-2021 14:51,1
5085,1,100,35,3500,2543,1,13-07-2019 10:37,1
5086,2,120,33,3960,2543,1,06-07-2021 15:00,1
5087,1,100,45,4500,2544,1,20-12-2019 12:13,1
5088,2,120,47,5640,2544,1,15-07-2020 10:44,1
5089,1,100,3,300,2545,1,05-09-2021 15:31,1
5090,2,120,29,3480,2545,1,26-09-2020 18:02,1
5091,1,100,13,1300,2546,1,16-01-2022 10:33,1
5092,2,120,1,120,2546,1,28-07-2022 11:37,1
5093,1,100,47,4700,2547,1,18-11-2021 10:12,1
5094,2,120,50,6000,2547,1,17-11-2023 16:07,1
5095,1,100,14,1400,2548,1,10-08-2023 13:30,1
5096,2,120,11,1320,2548,1,08-02-2023 14:08,1
5097,1,100,30,3000,2549,1,24-08-2022 12:27,1
5098,2,120,24,2880,2549,1,11-08-2021 10:58,1
5099,1,100,9,900,2550,1,08-07-2023 11:27,1
5100,2,120,6,720,2550,1,30-09-2021 14:31,1
5101,1,100,15,1500,2551,1,01-04-2021 18:31,1
5102,2,120,50,6000,2551,1,15-04-2022 10:02,1
5103,1,100,41,4100,2552,1,15-06-2021 12:07,1
5104,2,120,24,2880,2552,1,11-01-2021 18:03,1
5105,1,100,41,4100,2553,1,22-04-2023 10:51,1
5106,2,120,29,3480,2553,1,04-12-2023 16:23,1
5107,1,100,8,800,2554,1,27-01-2021 11:57,1
5108,2,120,12,1440,2554,1,03-10-2023 19:56,1
5109,1,100,2,200,2555,1,21-12-2022 14:46,1
5110,2,120,36,4320,2555,1,25-09-2022 10:39,1
5111,1,100,39,3900,2556,1,10-11-2020 18:53,1
5112,2,120,30,3600,2556,1,11-12-2021 15:05,1
5113,1,100,50,5000,2557,1,03-01-2021 17:31,1
5114,2,120,30,3600,2557,1,24-03-2022 19:48,1
5115,1,100,1,100,2558,1,04-02-2021 11:29,1
5116,2,120,28,3360,2558,1,28-06-2023 10:06,1
5117,1,100,15,1500,2559,1,23-09-2020 14:16,1
5118,2,120,42,5040,2559,1,23-06-2021 15:39,1
5119,1,100,23,2300,2560,1,04-09-2019 14:47,1
5120,2,120,21,2520,2560,1,21-02-2023 15:17,1
5121,1,100,49,4900,2561,1,04-11-2021 15:16,1
5122,2,120,9,1080,2561,1,03-09-2020 18:31,1
5123,1,100,11,1100,2562,1,28-02-2019 11:10,1
5124,2,120,5,600,2562,1,03-02-2023 18:18,1
5125,1,100,34,3400,2563,1,22-02-2020 12:56,1
5126,2,120,47,5640,2563,1,28-05-2023 16:45,1
5127,1,100,18,1800,2564,1,22-05-2022 10:17,1
5128,2,120,24,2880,2564,1,06-01-2022 12:37,1
5129,1,100,16,1600,2565,1,23-07-2022 17:05,1
5130,2,120,4,480,2565,1,17-08-2021 13:12,1
5131,1,100,48,4800,2566,1,28-10-2022 18:13,1
5132,2,120,7,840,2566,1,16-10-2022 12:04,1
5133,1,100,50,5000,2567,1,24-07-2020 11:40,1
5134,2,120,45,5400,2567,1,05-07-2019 12:47,1
5135,1,100,32,3200,2568,1,04-12-2020 10:52,1
5136,2,120,47,5640,2568,1,08-01-2022 13:29,1
5137,1,100,7,700,2569,1,02-03-2023 15:57,1
5138,2,120,28,3360,2569,1,17-07-2021 19:07,1
5139,1,100,32,3200,2570,1,05-08-2020 10:57,1
5140,2,120,49,5880,2570,1,05-04-2023 19:48,1
5141,1,100,23,2300,2571,1,14-03-2023 17:50,1
5142,2,120,24,2880,2571,1,30-07-2021 10:40,1
5143,1,100,35,3500,2572,1,17-01-2023 19:34,1
5144,2,120,33,3960,2572,1,01-12-2021 11:42,1
5145,1,100,18,1800,2573,1,18-08-2019 11:09,1
5146,2,120,10,1200,2573,1,22-10-2023 14:04,1
5147,1,100,24,2400,2574,1,09-05-2023 10:49,1
5148,2,120,35,4200,2574,1,13-06-2021 13:54,1
5149,1,100,35,3500,2575,1,21-10-2020 16:19,1
5150,2,120,14,1680,2575,1,03-10-2023 17:05,1
5151,1,100,35,3500,2576,1,23-11-2019 19:39,1
5152,2,120,39,4680,2576,1,25-07-2021 15:35,1
5153,1,100,5,500,2577,1,09-01-2023 12:53,1
5154,2,120,16,1920,2577,1,14-08-2020 10:29,1
5155,1,100,15,1500,2578,1,09-02-2019 14:52,1
5156,2,120,20,2400,2578,1,11-02-2021 17:33,1
5157,1,100,26,2600,2579,1,21-04-2020 12:13,1
5158,2,120,14,1680,2579,1,01-06-2019 17:25,1
5159,1,100,47,4700,2580,1,17-04-2020 19:28,1
5160,2,120,48,5760,2580,1,01-06-2019 17:06,1
5161,1,100,26,2600,2581,1,15-09-2021 16:13,1
5162,2,120,38,4560,2581,1,16-09-2021 10:00,1
5163,1,100,17,1700,2582,1,29-01-2022 17:44,1
5164,2,120,17,2040,2582,1,26-01-2023 13:02,1
5165,1,100,14,1400,2583,1,25-04-2019 12:44,1
5166,2,120,11,1320,2583,1,21-08-2023 16:14,1
5167,1,100,1,100,2584,1,10-11-2023 10:10,1
5168,2,120,25,3000,2584,1,09-07-2022 10:37,1
5169,1,100,30,3000,2585,1,25-11-2019 19:31,1
5170,2,120,40,4800,2585,1,12-05-2023 10:15,1
5171,1,100,42,4200,2586,1,05-03-2021 12:40,1
5172,2,120,31,3720,2586,1,14-11-2021 12:06,1
5173,1,100,26,2600,2587,1,29-07-2022 13:32,1
5174,2,120,50,6000,2587,1,06-02-2022 12:05,1
5175,1,100,10,1000,2588,1,24-01-2019 16:00,1
5176,2,120,13,1560,2588,1,27-07-2023 17:15,1
5177,1,100,29,2900,2589,1,04-06-2023 12:32,1
5178,2,120,32,3840,2589,1,19-05-2020 18:46,1
5179,1,100,1,100,2590,1,16-02-2020 11:57,1
5180,2,120,31,3720,2590,1,14-06-2023 12:19,1
5181,1,100,17,1700,2591,1,30-07-2021 15:08,1
5182,2,120,45,5400,2591,1,02-01-2020 12:17,1
5183,1,100,41,4100,2592,1,16-02-2021 12:51,1
5184,2,120,43,5160,2592,1,10-05-2019 11:37,1
5185,1,100,49,4900,2593,1,08-09-2022 19:21,1
5186,2,120,27,3240,2593,1,14-01-2022 12:03,1
5187,1,100,30,3000,2594,1,13-11-2020 10:34,1
5188,2,120,46,5520,2594,1,20-04-2019 14:07,1
5189,1,100,3,300,2595,1,31-07-2022 13:57,1
5190,2,120,49,5880,2595,1,30-04-2019 13:37,1
5191,1,100,40,4000,2596,1,07-07-2020 10:24,1
5192,2,120,44,5280,2596,1,04-05-2019 13:25,1
5193,1,100,40,4000,2597,1,22-03-2023 14:50,1
5194,2,120,25,3000,2597,1,27-04-2020 19:45,1
5195,1,100,29,2900,2598,1,05-08-2023 18:22,1
5196,2,120,12,1440,2598,1,23-02-2019 13:48,1
5197,1,100,49,4900,2599,1,03-05-2020 10:08,1
5198,2,120,37,4440,2599,1,16-04-2019 11:47,1
5199,1,100,33,3300,2600,1,03-09-2021 15:10,1
5200,2,120,49,5880,2600,1,26-02-2021 15:04,1
5201,1,100,47,4700,2601,1,01-05-2020 17:19,1
5202,2,120,43,5160,2601,1,30-11-2019 10:37,1
5203,1,100,42,4200,2602,1,20-01-2023 14:43,1
5204,2,120,50,6000,2602,1,03-01-2023 12:15,1
5205,1,100,41,4100,2603,1,17-10-2022 11:11,1
5206,2,120,42,5040,2603,1,16-02-2023 10:11,1
5207,1,100,3,300,2604,1,20-11-2020 16:14,1
5208,2,120,37,4440,2604,1,31-03-2020 14:54,1
5209,1,100,41,4100,2605,1,19-05-2023 19:45,1
5210,2,120,38,4560,2605,1,14-10-2021 11:47,1
5211,1,100,1,100,2606,1,11-02-2022 17:36,1
5212,2,120,40,4800,2606,1,27-05-2019 11:17,1
5213,1,100,26,2600,2607,1,11-04-2019 12:16,1
5214,2,120,45,5400,2607,1,06-04-2020 12:14,1
5215,1,100,44,4400,2608,1,13-09-2023 10:01,1
5216,2,120,38,4560,2608,1,12-05-2020 10:41,1
5217,1,100,33,3300,2609,1,28-07-2021 14:55,1
5218,2,120,17,2040,2609,1,10-06-2022 15:51,1
5219,1,100,3,300,2610,1,18-01-2019 12:55,1
5220,2,120,41,4920,2610,1,26-08-2021 14:42,1
5221,1,100,9,900,2611,1,09-05-2019 15:30,1
5222,2,120,26,3120,2611,1,25-05-2021 16:01,1
5223,1,100,18,1800,2612,1,03-08-2020 11:47,1
5224,2,120,9,1080,2612,1,09-06-2022 11:36,1
5225,1,100,11,1100,2613,1,15-08-2020 19:12,1
5226,2,120,8,960,2613,1,26-01-2021 13:09,1
5227,1,100,26,2600,2614,1,02-12-2020 14:44,1
5228,2,120,33,3960,2614,1,22-04-2021 16:48,1
5229,1,100,3,300,2615,1,09-09-2021 11:24,1
5230,2,120,35,4200,2615,1,05-05-2021 16:33,1
5231,1,100,28,2800,2616,1,09-06-2022 18:25,1
5232,2,120,42,5040,2616,1,19-11-2022 19:33,1
5233,1,100,38,3800,2617,1,20-01-2023 16:36,1
5234,2,120,15,1800,2617,1,05-10-2021 16:50,1
5235,1,100,42,4200,2618,1,23-07-2021 18:12,1
5236,2,120,45,5400,2618,1,06-09-2019 15:42,1
5237,1,100,29,2900,2619,1,16-07-2021 17:59,1
5238,2,120,29,3480,2619,1,06-08-2022 10:06,1
5239,1,100,23,2300,2620,1,24-09-2019 13:56,1
5240,2,120,34,4080,2620,1,26-11-2019 12:40,1
5241,1,100,22,2200,2621,1,05-05-2023 16:46,1
5242,2,120,4,480,2621,1,27-01-2022 14:09,1
5243,1,100,41,4100,2622,1,21-03-2020 11:45,1
5244,2,120,5,600,2622,1,21-04-2022 12:16,1
5245,1,100,28,2800,2623,1,25-11-2022 12:08,1
5246,2,120,15,1800,2623,1,12-04-2021 13:25,1
5247,1,100,15,1500,2624,1,22-10-2021 12:43,1
5248,2,120,8,960,2624,1,13-06-2023 17:49,1
5249,1,100,44,4400,2625,1,26-09-2019 15:27,1
5250,2,120,49,5880,2625,1,19-01-2021 15:14,1
5251,1,100,16,1600,2626,1,11-11-2022 14:14,1
5252,2,120,43,5160,2626,1,01-06-2019 19:28,1
5253,1,100,15,1500,2627,1,17-10-2022 12:53,1
5254,2,120,23,2760,2627,1,04-03-2019 11:56,1
5255,1,100,46,4600,2628,1,12-12-2019 17:41,1
5256,2,120,9,1080,2628,1,11-04-2019 12:55,1
5257,1,100,12,1200,2629,1,12-08-2023 14:58,1
5258,2,120,7,840,2629,1,29-09-2023 15:33,1
5259,1,100,45,4500,2630,1,06-07-2019 14:17,1
5260,2,120,10,1200,2630,1,12-01-2021 14:30,1
5261,1,100,36,3600,2631,1,14-03-2021 12:35,1
5262,2,120,2,240,2631,1,24-02-2019 12:52,1
5263,1,100,50,5000,2632,1,14-09-2020 18:45,1
5264,2,120,11,1320,2632,1,19-10-2019 15:37,1
5265,1,100,42,4200,2633,1,04-05-2021 11:26,1
5266,2,120,49,5880,2633,1,13-04-2020 19:03,1
5267,1,100,10,1000,2634,1,22-06-2022 12:37,1
5268,2,120,8,960,2634,1,31-03-2021 13:38,1
5269,1,100,6,600,2635,1,04-12-2021 12:53,1
5270,2,120,9,1080,2635,1,27-11-2019 18:00,1
5271,1,100,14,1400,2636,1,05-07-2019 11:27,1
5272,2,120,10,1200,2636,1,12-07-2023 10:15,1
5273,1,100,38,3800,2637,1,09-09-2021 10:51,1
5274,2,120,19,2280,2637,1,16-12-2022 10:22,1
5275,1,100,47,4700,2638,1,08-01-2021 19:31,1
5276,2,120,13,1560,2638,1,04-07-2022 12:01,1
5277,1,100,27,2700,2639,1,02-08-2019 17:32,1
5278,2,120,2,240,2639,1,01-09-2019 11:49,1
5279,1,100,39,3900,2640,1,20-07-2019 16:39,1
5280,2,120,3,360,2640,1,27-07-2022 14:10,1
5281,1,100,49,4900,2641,1,24-05-2021 12:08,1
5282,2,120,15,1800,2641,1,04-01-2022 18:00,1
5283,1,100,34,3400,2642,1,16-10-2023 10:01,1
5284,2,120,23,2760,2642,1,11-04-2023 14:06,1
5285,1,100,23,2300,2643,1,05-11-2019 19:31,1
5286,2,120,7,840,2643,1,24-05-2021 13:29,1
5287,1,100,4,400,2644,1,24-02-2019 16:22,1
5288,2,120,20,2400,2644,1,15-10-2019 11:57,1
5289,1,100,8,800,2645,1,17-11-2022 13:06,1
5290,2,120,26,3120,2645,1,17-11-2023 13:00,1
5291,1,100,37,3700,2646,1,28-11-2021 16:06,1
5292,2,120,22,2640,2646,1,14-12-2023 11:23,1
5293,1,100,21,2100,2647,1,28-05-2020 12:16,1
5294,2,120,4,480,2647,1,22-09-2022 17:13,1
5295,1,100,6,600,2648,1,24-03-2019 19:11,1
5296,2,120,4,480,2648,1,05-08-2022 19:24,1
5297,1,100,8,800,2649,1,29-03-2019 19:08,1
5298,2,120,46,5520,2649,1,18-10-2020 16:30,1
5299,1,100,15,1500,2650,1,09-07-2020 16:59,1
5300,2,120,34,4080,2650,1,05-02-2021 10:36,1
5301,1,100,47,4700,2651,1,14-12-2022 18:40,1
5302,2,120,16,1920,2651,1,24-04-2023 17:23,1
5303,1,100,16,1600,2652,1,30-10-2020 17:33,1
5304,2,120,43,5160,2652,1,24-07-2019 12:40,1
5305,1,100,16,1600,2653,1,21-07-2023 12:19,1
5306,2,120,3,360,2653,1,22-03-2020 16:16,1
5307,1,100,18,1800,2654,1,30-05-2020 19:35,1
5308,2,120,19,2280,2654,1,20-09-2019 16:06,1
5309,1,100,17,1700,2655,1,17-12-2020 15:55,1
5310,2,120,23,2760,2655,1,04-04-2019 10:47,1
5311,1,100,24,2400,2656,1,11-07-2022 16:20,1
5312,2,120,19,2280,2656,1,08-05-2022 13:08,1
5313,1,100,17,1700,2657,1,12-01-2020 10:11,1
5314,2,120,38,4560,2657,1,23-04-2019 14:16,1
5315,1,100,39,3900,2658,1,25-02-2019 17:09,1
5316,2,120,37,4440,2658,1,13-12-2021 10:20,1
5317,1,100,24,2400,2659,1,06-05-2022 15:52,1
5318,2,120,35,4200,2659,1,05-01-2022 19:02,1
5319,1,100,44,4400,2660,1,08-09-2022 16:55,1
5320,2,120,42,5040,2660,1,24-03-2020 13:38,1
5321,1,100,6,600,2661,1,04-04-2022 12:10,1
5322,2,120,36,4320,2661,1,19-06-2019 18:42,1
5323,1,100,31,3100,2662,1,16-08-2020 16:28,1
5324,2,120,12,1440,2662,1,21-04-2022 16:34,1
5325,1,100,10,1000,2663,1,10-02-2021 15:38,1
5326,2,120,31,3720,2663,1,01-12-2019 19:47,1
5327,1,100,32,3200,2664,1,21-10-2020 15:52,1
5328,2,120,42,5040,2664,1,09-12-2021 16:43,1
5329,1,100,16,1600,2665,1,06-02-2019 18:15,1
5330,2,120,43,5160,2665,1,17-11-2021 16:29,1
5331,1,100,39,3900,2666,1,05-12-2022 17:02,1
5332,2,120,29,3480,2666,1,28-07-2020 18:10,1
5333,1,100,30,3000,2667,1,25-01-2023 16:56,1
5334,2,120,42,5040,2667,1,31-08-2023 14:06,1
5335,1,100,9,900,2668,1,30-03-2023 11:36,1
5336,2,120,2,240,2668,1,26-07-2020 16:55,1
5337,1,100,48,4800,2669,1,27-10-2021 12:17,1
5338,2,120,31,3720,2669,1,29-12-2022 12:07,1
5339,1,100,31,3100,2670,1,23-04-2019 14:23,1
5340,2,120,10,1200,2670,1,14-03-2021 15:32,1
5341,1,100,32,3200,2671,1,22-01-2023 19:22,1
5342,2,120,36,4320,2671,1,17-05-2022 10:42,1
5343,1,100,15,1500,2672,1,06-02-2021 16:55,1
5344,2,120,30,3600,2672,1,29-05-2019 11:28,1
5345,1,100,31,3100,2673,1,08-10-2019 19:22,1
5346,2,120,46,5520,2673,1,27-03-2023 14:26,1
5347,1,100,47,4700,2674,1,28-07-2021 17:47,1
5348,2,120,26,3120,2674,1,28-11-2019 17:33,1
5349,1,100,13,1300,2675,1,21-08-2022 18:05,1
5350,2,120,6,720,2675,1,03-12-2023 16:59,1
5351,1,100,32,3200,2676,1,12-05-2019 14:57,1
5352,2,120,47,5640,2676,1,28-11-2021 16:42,1
5353,1,100,20,2000,2677,1,10-09-2021 19:10,1
5354,2,120,35,4200,2677,1,06-08-2023 15:58,1
5355,1,100,11,1100,2678,1,28-03-2021 16:38,1
5356,2,120,7,840,2678,1,18-10-2019 11:10,1
5357,1,100,38,3800,2679,1,06-05-2022 16:24,1
5358,2,120,30,3600,2679,1,01-04-2023 15:16,1
5359,1,100,45,4500,2680,1,13-02-2022 15:56,1
5360,2,120,42,5040,2680,1,28-09-2019 15:52,1
5361,1,100,43,4300,2681,1,02-04-2020 14:51,1
5362,2,120,9,1080,2681,1,02-03-2022 12:42,1
5363,1,100,45,4500,2682,1,19-06-2021 12:51,1
5364,2,120,48,5760,2682,1,07-08-2019 16:57,1
5365,1,100,26,2600,2683,1,23-08-2019 10:08,1
5366,2,120,43,5160,2683,1,18-03-2019 16:51,1
5367,1,100,14,1400,2684,1,16-11-2023 10:56,1
5368,2,120,45,5400,2684,1,31-01-2021 14:45,1
5369,1,100,9,900,2685,1,25-09-2021 13:00,1
5370,2,120,29,3480,2685,1,17-09-2019 10:16,1
5371,1,100,33,3300,2686,1,12-12-2020 17:54,1
5372,2,120,18,2160,2686,1,11-04-2020 16:12,1
5373,1,100,46,4600,2687,1,04-02-2022 10:53,1
5374,2,120,6,720,2687,1,31-03-2019 19:03,1
5375,1,100,33,3300,2688,1,05-04-2019 18:59,1
5376,2,120,29,3480,2688,1,13-11-2020 14:49,1
5377,1,100,30,3000,2689,1,22-07-2019 13:34,1
5378,2,120,25,3000,2689,1,12-07-2020 12:52,1
5379,1,100,36,3600,2690,1,24-06-2021 17:54,1
5380,2,120,44,5280,2690,1,31-01-2020 13:17,1
5381,1,100,48,4800,2691,1,30-09-2022 11:13,1
5382,2,120,2,240,2691,1,22-01-2022 12:00,1
5383,1,100,46,4600,2692,1,27-02-2022 13:30,1
5384,2,120,15,1800,2692,1,04-12-2019 11:16,1
5385,1,100,32,3200,2693,1,06-05-2021 18:52,1
5386,2,120,2,240,2693,1,13-07-2023 10:41,1
5387,1,100,47,4700,2694,1,04-04-2019 18:39,1
5388,2,120,11,1320,2694,1,07-07-2023 11:15,1
5389,1,100,3,300,2695,1,22-09-2020 19:05,1
5390,2,120,28,3360,2695,1,06-02-2019 12:12,1
5391,1,100,9,900,2696,1,08-07-2022 14:25,1
5392,2,120,39,4680,2696,1,08-10-2023 16:15,1
5393,1,100,46,4600,2697,1,24-08-2019 12:38,1
5394,2,120,19,2280,2697,1,20-03-2023 11:46,1
5395,1,100,25,2500,2698,1,21-03-2021 16:45,1
5396,2,120,7,840,2698,1,06-11-2019 18:32,1
5397,1,100,34,3400,2699,1,25-07-2021 18:01,1
5398,2,120,8,960,2699,1,17-04-2020 16:12,1
5399,1,100,43,4300,2700,1,06-08-2022 11:52,1
5400,2,120,32,3840,2700,1,29-06-2019 13:58,1
5401,1,100,46,4600,2701,1,17-09-2022 15:23,1
5402,2,120,33,3960,2701,1,11-03-2019 13:52,1
5403,1,100,27,2700,2702,1,27-02-2019 14:27,1
5404,2,120,49,5880,2702,1,02-01-2020 12:32,1
5405,1,100,47,4700,2703,1,22-11-2021 13:17,1
5406,2,120,15,1800,2703,1,01-04-2021 10:52,1
5407,1,100,11,1100,2704,1,23-09-2020 13:38,1
5408,2,120,47,5640,2704,1,12-03-2020 12:08,1
5409,1,100,47,4700,2705,1,16-02-2022 10:37,1
5410,2,120,25,3000,2705,1,03-04-2020 17:56,1
5411,1,100,11,1100,2706,1,21-04-2021 12:48,1
5412,2,120,19,2280,2706,1,04-10-2019 18:54,1
5413,1,100,35,3500,2707,1,14-07-2020 17:19,1
5414,2,120,31,3720,2707,1,29-07-2019 17:05,1
5415,1,100,41,4100,2708,1,25-05-2020 16:29,1
5416,2,120,23,2760,2708,1,27-10-2019 17:21,1
5417,1,100,35,3500,2709,1,23-02-2023 13:08,1
5418,2,120,14,1680,2709,1,27-01-2021 13:03,1
5419,1,100,16,1600,2710,1,18-05-2023 15:40,1
5420,2,120,49,5880,2710,1,27-04-2022 14:59,1
5421,1,100,6,600,2711,1,04-08-2019 19:13,1
5422,2,120,14,1680,2711,1,06-03-2019 14:15,1
5423,1,100,47,4700,2712,1,12-02-2019 18:45,1
5424,2,120,8,960,2712,1,13-07-2023 16:55,1
5425,1,100,13,1300,2713,1,15-10-2023 15:30,1
5426,2,120,43,5160,2713,1,17-12-2023 18:10,1
5427,1,100,44,4400,2714,1,10-04-2022 16:34,1
5428,2,120,38,4560,2714,1,26-05-2021 19:43,1
5429,1,100,11,1100,2715,1,15-01-2023 19:52,1
5430,2,120,7,840,2715,1,09-06-2023 10:06,1
5431,1,100,31,3100,2716,1,11-09-2021 13:22,1
5432,2,120,16,1920,2716,1,17-08-2019 10:05,1
5433,1,100,42,4200,2717,1,20-02-2019 14:24,1
5434,2,120,11,1320,2717,1,02-07-2021 18:34,1
5435,1,100,9,900,2718,1,20-05-2019 19:49,1
5436,2,120,24,2880,2718,1,27-09-2020 12:06,1
5437,1,100,1,100,2719,1,10-04-2021 19:20,1
5438,2,120,21,2520,2719,1,25-08-2023 14:01,1
5439,1,100,29,2900,2720,1,05-05-2021 15:48,1
5440,2,120,47,5640,2720,1,14-05-2021 16:15,1
5441,1,100,19,1900,2721,1,10-12-2021 10:22,1
5442,2,120,37,4440,2721,1,27-08-2022 19:53,1
5443,1,100,45,4500,2722,1,25-12-2022 19:46,1
5444,2,120,4,480,2722,1,15-03-2019 16:02,1
5445,1,100,16,1600,2723,1,08-07-2022 13:19,1
5446,2,120,27,3240,2723,1,11-04-2023 11:37,1
5447,1,100,1,100,2724,1,21-02-2020 12:07,1
5448,2,120,4,480,2724,1,18-11-2022 19:58,1
5449,1,100,41,4100,2725,1,21-09-2023 12:49,1
5450,2,120,34,4080,2725,1,03-06-2020 11:33,1
5451,1,100,20,2000,2726,1,09-10-2021 19:07,1
5452,2,120,40,4800,2726,1,15-06-2022 17:04,1
5453,1,100,23,2300,2727,1,23-10-2019 14:37,1
5454,2,120,19,2280,2727,1,26-05-2022 15:51,1
5455,1,100,18,1800,2728,1,24-01-2020 17:37,1
5456,2,120,2,240,2728,1,24-07-2023 11:26,1
5457,1,100,48,4800,2729,1,13-06-2023 17:13,1
5458,2,120,4,480,2729,1,03-09-2021 18:54,1
5459,1,100,42,4200,2730,1,22-09-2020 11:14,1
5460,2,120,50,6000,2730,1,13-10-2023 16:19,1
5461,1,100,28,2800,2731,1,10-01-2021 17:31,1
5462,2,120,38,4560,2731,1,09-08-2019 13:26,1
5463,1,100,1,100,2732,1,08-02-2019 13:33,1
5464,2,120,8,960,2732,1,22-08-2019 13:33,1
5465,1,100,47,4700,2733,1,11-02-2020 10:30,1
5466,2,120,35,4200,2733,1,25-05-2022 12:23,1
5467,1,100,13,1300,2734,1,23-02-2021 13:56,1
5468,2,120,33,3960,2734,1,25-11-2021 16:05,1
5469,1,100,44,4400,2735,1,18-11-2021 11:43,1
5470,2,120,27,3240,2735,1,05-11-2022 19:37,1
5471,1,100,23,2300,2736,1,05-06-2020 17:44,1
5472,2,120,48,5760,2736,1,10-01-2019 12:13,1
5473,1,100,8,800,2737,1,15-10-2019 13:08,1
5474,2,120,33,3960,2737,1,08-03-2022 14:27,1
5475,1,100,8,800,2738,1,11-06-2020 10:34,1
5476,2,120,37,4440,2738,1,19-04-2019 15:55,1
5477,1,100,14,1400,2739,1,31-03-2020 11:37,1
5478,2,120,36,4320,2739,1,23-09-2020 14:41,1
5479,1,100,26,2600,2740,1,01-03-2023 14:18,1
5480,2,120,6,720,2740,1,29-12-2020 14:43,1
5481,1,100,13,1300,2741,1,19-01-2020 10:15,1
5482,2,120,35,4200,2741,1,17-07-2023 17:28,1
5483,1,100,42,4200,2742,1,01-01-2021 10:36,1
5484,2,120,45,5400,2742,1,14-06-2022 14:28,1
5485,1,100,39,3900,2743,1,29-10-2023 13:52,1
5486,2,120,1,120,2743,1,03-11-2020 11:41,1
5487,1,100,16,1600,2744,1,16-07-2020 18:24,1
5488,2,120,7,840,2744,1,01-09-2022 11:00,1
5489,1,100,7,700,2745,1,07-07-2023 13:13,1
5490,2,120,14,1680,2745,1,28-06-2022 11:40,1
5491,1,100,2,200,2746,1,08-11-2022 15:04,1
5492,2,120,46,5520,2746,1,11-03-2019 16:59,1
5493,1,100,43,4300,2747,1,03-05-2023 17:41,1
5494,2,120,1,120,2747,1,03-05-2022 15:18,1
5495,1,100,39,3900,2748,1,31-05-2021 11:35,1
5496,2,120,26,3120,2748,1,25-04-2022 14:29,1
5497,1,100,1,100,2749,1,29-03-2020 11:10,1
5498,2,120,24,2880,2749,1,05-05-2019 19:54,1
5499,1,100,6,600,2750,1,24-11-2023 13:10,1
5500,2,120,20,2400,2750,1,24-10-2019 17:56,1
5501,1,100,4,400,2751,1,04-05-2023 15:52,1
5502,2,120,23,2760,2751,1,04-02-2023 11:50,1
5503,1,100,7,700,2752,1,11-07-2022 14:56,1
5504,2,120,38,4560,2752,1,27-10-2021 13:01,1
5505,1,100,11,1100,2753,1,17-12-2023 13:05,1
5506,2,120,21,2520,2753,1,20-07-2023 19:49,1
5507,1,100,18,1800,2754,1,06-12-2020 18:43,1
5508,2,120,7,840,2754,1,17-01-2020 12:32,1
5509,1,100,16,1600,2755,1,28-04-2023 16:10,1
5510,2,120,24,2880,2755,1,22-01-2020 13:53,1
5511,1,100,47,4700,2756,1,29-10-2023 19:09,1
5512,2,120,11,1320,2756,1,07-02-2020 13:42,1
5513,1,100,36,3600,2757,1,12-07-2019 10:46,1
5514,2,120,49,5880,2757,1,28-04-2019 17:22,1
5515,1,100,9,900,2758,1,19-02-2019 19:52,1
5516,2,120,45,5400,2758,1,11-08-2019 14:15,1
5517,1,100,26,2600,2759,1,01-09-2022 18:32,1
5518,2,120,6,720,2759,1,25-10-2019 16:48,1
5519,1,100,43,4300,2760,1,01-06-2019 13:52,1
5520,2,120,25,3000,2760,1,02-02-2019 15:42,1
5521,1,100,27,2700,2761,1,07-06-2023 14:54,1
5522,2,120,31,3720,2761,1,04-07-2021 15:42,1
5523,1,100,15,1500,2762,1,11-11-2021 16:16,1
5524,2,120,28,3360,2762,1,11-05-2019 17:40,1
5525,1,100,3,300,2763,1,24-05-2021 11:54,1
5526,2,120,29,3480,2763,1,26-12-2023 16:34,1
5527,1,100,1,100,2764,1,31-05-2019 19:13,1
5528,2,120,6,720,2764,1,10-07-2019 16:49,1
5529,1,100,39,3900,2765,1,04-11-2023 15:03,1
5530,2,120,22,2640,2765,1,30-08-2020 11:18,1
5531,1,100,23,2300,2766,1,25-12-2021 11:26,1
5532,2,120,17,2040,2766,1,25-10-2022 17:35,1
5533,1,100,18,1800,2767,1,27-06-2022 12:23,1
5534,2,120,33,3960,2767,1,07-04-2023 15:59,1
5535,1,100,25,2500,2768,1,17-05-2019 17:53,1
5536,2,120,28,3360,2768,1,12-04-2022 16:09,1
5537,1,100,6,600,2769,1,19-05-2021 10:07,1
5538,2,120,5,600,2769,1,18-10-2019 16:11,1
5539,1,100,6,600,2770,1,08-10-2021 11:36,1
5540,2,120,18,2160,2770,1,18-12-2020 10:26,1
5541,1,100,45,4500,2771,1,22-10-2019 11:21,1
5542,2,120,9,1080,2771,1,06-09-2022 13:07,1
5543,1,100,27,2700,2772,1,22-03-2021 14:58,1
5544,2,120,8,960,2772,1,09-09-2021 19:06,1
5545,1,100,14,1400,2773,1,19-04-2022 19:46,1
5546,2,120,3,360,2773,1,24-05-2023 11:40,1
5547,1,100,37,3700,2774,1,08-02-2022 11:28,1
5548,2,120,27,3240,2774,1,26-08-2020 14:27,1
5549,1,100,41,4100,2775,1,13-09-2019 11:40,1
5550,2,120,37,4440,2775,1,07-09-2023 13:33,1
5551,1,100,9,900,2776,1,06-01-2021 17:23,1
5552,2,120,11,1320,2776,1,26-04-2021 18:19,1
5553,1,100,46,4600,2777,1,19-09-2020 14:48,1
5554,2,120,5,600,2777,1,16-04-2020 13:27,1
5555,1,100,24,2400,2778,1,03-06-2020 11:20,1
5556,2,120,28,3360,2778,1,06-11-2020 15:02,1
5557,1,100,13,1300,2779,1,25-12-2021 12:08,1
5558,2,120,3,360,2779,1,04-01-2020 14:58,1
5559,1,100,4,400,2780,1,29-09-2020 14:49,1
5560,2,120,41,4920,2780,1,08-01-2019 11:56,1
5561,1,100,8,800,2781,1,11-03-2021 16:22,1
5562,2,120,15,1800,2781,1,18-03-2021 15:42,1
5563,1,100,1,100,2782,1,03-03-2022 18:12,1
5564,2,120,34,4080,2782,1,08-12-2022 18:15,1
5565,1,100,21,2100,2783,1,22-03-2021 16:35,1
5566,2,120,3,360,2783,1,30-11-2022 18:27,1
5567,1,100,34,3400,2784,1,13-07-2021 10:07,1
5568,2,120,25,3000,2784,1,18-12-2021 19:08,1
5569,1,100,39,3900,2785,1,19-01-2021 16:07,1
5570,2,120,8,960,2785,1,26-05-2020 13:12,1
5571,1,100,2,200,2786,1,12-03-2021 17:42,1
5572,2,120,28,3360,2786,1,27-07-2023 15:29,1
5573,1,100,31,3100,2787,1,25-08-2023 12:43,1
5574,2,120,7,840,2787,1,15-02-2022 13:13,1
5575,1,100,13,1300,2788,1,26-12-2021 19:37,1
5576,2,120,35,4200,2788,1,12-01-2019 16:38,1
5577,1,100,45,4500,2789,1,04-04-2022 11:08,1
5578,2,120,1,120,2789,1,06-06-2021 14:20,1
5579,1,100,9,900,2790,1,19-06-2023 12:26,1
5580,2,120,6,720,2790,1,16-06-2022 15:32,1
5581,1,100,26,2600,2791,1,01-03-2020 15:02,1
5582,2,120,45,5400,2791,1,26-06-2021 15:16,1
5583,1,100,28,2800,2792,1,08-06-2020 17:18,1
5584,2,120,24,2880,2792,1,27-03-2021 18:52,1
5585,1,100,23,2300,2793,1,29-09-2022 19:15,1
5586,2,120,38,4560,2793,1,09-07-2019 11:27,1
5587,1,100,34,3400,2794,1,05-02-2019 18:35,1
5588,2,120,7,840,2794,1,29-06-2023 15:49,1
5589,1,100,36,3600,2795,1,10-04-2019 16:11,1
5590,2,120,46,5520,2795,1,02-11-2022 10:03,1
5591,1,100,44,4400,2796,1,13-04-2022 18:52,1
5592,2,120,28,3360,2796,1,08-07-2019 13:28,1
5593,1,100,1,100,2797,1,12-11-2020 14:19,1
5594,2,120,3,360,2797,1,19-02-2022 13:05,1
5595,1,100,40,4000,2798,1,14-09-2019 17:13,1
5596,2,120,46,5520,2798,1,23-09-2020 10:24,1
5597,1,100,24,2400,2799,1,09-07-2021 19:20,1
5598,2,120,2,240,2799,1,31-03-2023 16:19,1
5599,1,100,32,3200,2800,1,14-07-2022 12:20,1
5600,2,120,7,840,2800,1,08-03-2023 13:48,1
5601,1,100,50,5000,2801,1,29-01-2021 10:52,1
5602,2,120,19,2280,2801,1,11-03-2020 13:25,1
5603,1,100,9,900,2802,1,20-12-2023 11:35,1
5604,2,120,7,840,2802,1,16-08-2020 19:44,1
5605,1,100,8,800,2803,1,08-09-2020 11:10,1
5606,2,120,22,2640,2803,1,29-06-2019 12:57,1
5607,1,100,12,1200,2804,1,09-02-2020 16:36,1
5608,2,120,28,3360,2804,1,16-05-2020 16:23,1
5609,1,100,45,4500,2805,1,25-05-2022 14:09,1
5610,2,120,27,3240,2805,1,02-01-2019 10:14,1
5611,1,100,47,4700,2806,1,13-08-2020 18:12,1
5612,2,120,5,600,2806,1,30-01-2020 11:14,1
5613,1,100,27,2700,2807,1,03-06-2021 19:59,1
5614,2,120,29,3480,2807,1,21-07-2021 11:46,1
5615,1,100,39,3900,2808,1,01-05-2022 11:54,1
5616,2,120,21,2520,2808,1,22-03-2019 16:28,1
5617,1,100,35,3500,2809,1,26-11-2022 15:06,1
5618,2,120,28,3360,2809,1,20-04-2023 11:54,1
5619,1,100,50,5000,2810,1,04-10-2022 18:13,1
5620,2,120,50,6000,2810,1,04-01-2022 19:11,1
5621,1,100,11,1100,2811,1,24-10-2020 15:33,1
5622,2,120,20,2400,2811,1,24-02-2023 15:22,1
5623,1,100,48,4800,2812,1,22-09-2019 16:25,1
5624,2,120,21,2520,2812,1,16-05-2020 11:27,1
5625,1,100,11,1100,2813,1,28-06-2019 14:36,1
5626,2,120,4,480,2813,1,02-06-2019 11:28,1
5627,1,100,7,700,2814,1,08-11-2020 19:55,1
5628,2,120,18,2160,2814,1,06-03-2022 17:29,1
5629,1,100,9,900,2815,1,22-10-2019 14:14,1
5630,2,120,34,4080,2815,1,04-05-2023 11:05,1
5631,1,100,1,100,2816,1,25-09-2021 13:33,1
5632,2,120,29,3480,2816,1,07-09-2022 19:28,1
5633,1,100,5,500,2817,1,10-03-2021 13:11,1
5634,2,120,40,4800,2817,1,20-02-2019 12:10,1
5635,1,100,39,3900,2818,1,08-01-2019 11:11,1
5636,2,120,49,5880,2818,1,07-08-2019 19:41,1
5637,1,100,21,2100,2819,1,19-06-2021 15:14,1
5638,2,120,15,1800,2819,1,29-05-2022 16:21,1
5639,1,100,13,1300,2820,1,17-11-2020 16:20,1
5640,2,120,44,5280,2820,1,24-01-2023 13:26,1
5641,1,100,32,3200,2821,1,26-02-2020 19:44,1
5642,2,120,10,1200,2821,1,21-11-2023 12:24,1
5643,1,100,3,300,2822,1,17-11-2020 18:51,1
5644,2,120,1,120,2822,1,07-11-2023 10:37,1
5645,1,100,50,5000,2823,1,25-12-2022 11:55,1
5646,2,120,41,4920,2823,1,08-07-2019 12:33,1
5647,1,100,45,4500,2824,1,01-05-2023 15:02,1
5648,2,120,36,4320,2824,1,30-11-2021 12:53,1
5649,1,100,35,3500,2825,1,19-05-2022 10:10,1
5650,2,120,39,4680,2825,1,18-12-2023 17:43,1
5651,1,100,43,4300,2826,1,14-10-2021 17:53,1
5652,2,120,2,240,2826,1,13-04-2020 17:53,1
5653,1,100,7,700,2827,1,04-10-2020 19:45,1
5654,2,120,44,5280,2827,1,25-12-2019 19:43,1
5655,1,100,43,4300,2828,1,26-09-2019 10:12,1
5656,2,120,39,4680,2828,1,26-11-2020 19:10,1
5657,1,100,29,2900,2829,1,30-11-2023 16:17,1
5658,2,120,31,3720,2829,1,23-03-2019 14:46,1
5659,1,100,29,2900,2830,1,12-11-2020 16:16,1
5660,2,120,35,4200,2830,1,22-11-2022 16:50,1
5661,1,100,3,300,2831,1,17-08-2020 10:17,1
5662,2,120,48,5760,2831,1,14-05-2023 11:04,1
5663,1,100,28,2800,2832,1,25-03-2021 16:07,1
5664,2,120,50,6000,2832,1,12-06-2022 19:14,1
5665,1,100,31,3100,2833,1,03-06-2021 10:35,1
5666,2,120,11,1320,2833,1,30-05-2023 13:01,1
5667,1,100,46,4600,2834,1,19-02-2022 10:19,1
5668,2,120,4,480,2834,1,23-05-2019 11:49,1
5669,1,100,12,1200,2835,1,22-09-2020 14:20,1
5670,2,120,34,4080,2835,1,24-03-2020 18:08,1
5671,1,100,13,1300,2836,1,05-11-2019 12:37,1
5672,2,120,8,960,2836,1,01-11-2023 11:30,1
5673,1,100,25,2500,2837,1,09-10-2022 14:15,1
5674,2,120,16,1920,2837,1,28-01-2020 19:07,1
5675,1,100,31,3100,2838,1,21-08-2023 13:34,1
5676,2,120,26,3120,2838,1,19-11-2022 13:15,1
5677,1,100,8,800,2839,1,11-05-2019 19:44,1
5678,2,120,5,600,2839,1,06-07-2019 11:27,1
5679,1,100,9,900,2840,1,14-05-2020 17:38,1
5680,2,120,46,5520,2840,1,07-06-2019 10:13,1
5681,1,100,6,600,2841,1,20-01-2023 11:55,1
5682,2,120,9,1080,2841,1,10-05-2021 13:05,1
5683,1,100,1,100,2842,1,11-03-2020 18:05,1
5684,2,120,4,480,2842,1,03-10-2019 16:08,1
5685,1,100,50,5000,2843,1,26-02-2022 16:34,1
5686,2,120,11,1320,2843,1,13-02-2019 15:23,1
5687,1,100,18,1800,2844,1,05-05-2023 15:08,1
5688,2,120,47,5640,2844,1,09-08-2019 13:05,1
5689,1,100,10,1000,2845,1,30-09-2022 12:34,1
5690,2,120,37,4440,2845,1,14-07-2022 18:14,1
5691,1,100,28,2800,2846,1,17-12-2020 12:18,1
5692,2,120,17,2040,2846,1,11-04-2019 14:19,1
5693,1,100,40,4000,2847,1,23-04-2019 15:49,1
5694,2,120,27,3240,2847,1,18-06-2021 15:46,1
5695,1,100,13,1300,2848,1,15-05-2020 10:59,1
5696,2,120,3,360,2848,1,12-01-2019 16:41,1
5697,1,100,14,1400,2849,1,07-02-2021 19:36,1
5698,2,120,39,4680,2849,1,27-02-2023 13:10,1
5699,1,100,39,3900,2850,1,22-07-2019 11:18,1
5700,2,120,15,1800,2850,1,02-01-2020 19:52,1
5701,1,100,6,600,2851,1,09-05-2023 17:28,1
5702,2,120,16,1920,2851,1,10-11-2019 18:00,1
5703,1,100,9,900,2852,1,13-07-2021 17:10,1
5704,2,120,22,2640,2852,1,17-02-2022 13:37,1
5705,1,100,29,2900,2853,1,20-07-2021 18:42,1
5706,2,120,34,4080,2853,1,15-08-2023 16:58,1
5707,1,100,27,2700,2854,1,18-04-2021 15:25,1
5708,2,120,5,600,2854,1,19-12-2023 17:19,1
5709,1,100,36,3600,2855,1,05-04-2021 16:22,1
5710,2,120,30,3600,2855,1,24-02-2023 15:41,1
5711,1,100,44,4400,2856,1,18-01-2023 16:31,1
5712,2,120,27,3240,2856,1,21-02-2022 12:09,1
5713,1,100,23,2300,2857,1,08-03-2022 10:53,1
5714,2,120,36,4320,2857,1,25-12-2022 18:55,1
5715,1,100,47,4700,2858,1,30-06-2022 10:22,1
5716,2,120,43,5160,2858,1,05-06-2022 14:55,1
5717,1,100,7,700,2859,1,21-10-2019 12:26,1
5718,2,120,8,960,2859,1,19-12-2020 17:41,1
5719,1,100,27,2700,2860,1,24-03-2021 10:13,1
5720,2,120,5,600,2860,1,16-06-2023 10:29,1
5721,1,100,43,4300,2861,1,30-11-2020 14:19,1
5722,2,120,26,3120,2861,1,09-06-2022 14:33,1
5723,1,100,23,2300,2862,1,12-09-2023 13:04,1
5724,2,120,30,3600,2862,1,12-03-2021 18:19,1
5725,1,100,2,200,2863,1,05-07-2019 10:35,1
5726,2,120,9,1080,2863,1,27-01-2022 10:52,1
5727,1,100,19,1900,2864,1,07-07-2023 10:41,1
5728,2,120,13,1560,2864,1,03-04-2019 15:28,1
5729,1,100,22,2200,2865,1,09-03-2019 18:48,1
5730,2,120,45,5400,2865,1,31-10-2020 18:54,1
5731,1,100,36,3600,2866,1,02-06-2020 10:55,1
5732,2,120,11,1320,2866,1,25-10-2022 18:44,1
5733,1,100,35,3500,2867,1,12-11-2019 11:57,1
5734,2,120,31,3720,2867,1,12-11-2023 17:59,1
5735,1,100,20,2000,2868,1,13-04-2020 19:24,1
5736,2,120,15,1800,2868,1,06-01-2022 16:25,1
5737,1,100,1,100,2869,1,02-05-2022 16:57,1
5738,2,120,25,3000,2869,1,18-11-2022 14:24,1
5739,1,100,14,1400,2870,1,03-06-2019 18:22,1
5740,2,120,3,360,2870,1,08-04-2020 12:54,1
5741,1,100,40,4000,2871,1,30-03-2021 14:58,1
5742,2,120,22,2640,2871,1,13-01-2021 14:33,1
5743,1,100,5,500,2872,1,26-08-2019 11:00,1
5744,2,120,39,4680,2872,1,22-06-2019 17:55,1
5745,1,100,37,3700,2873,1,29-12-2020 16:54,1
5746,2,120,42,5040,2873,1,07-08-2023 18:19,1
5747,1,100,35,3500,2874,1,12-07-2023 18:34,1
5748,2,120,42,5040,2874,1,10-04-2023 19:22,1
5749,1,100,43,4300,2875,1,07-09-2023 12:44,1
5750,2,120,11,1320,2875,1,23-07-2022 14:59,1
5751,1,100,9,900,2876,1,17-05-2022 14:25,1
5752,2,120,21,2520,2876,1,18-04-2020 16:25,1
5753,1,100,7,700,2877,1,16-11-2021 14:12,1
5754,2,120,27,3240,2877,1,30-04-2023 14:50,1
5755,1,100,28,2800,2878,1,23-08-2022 19:13,1
5756,2,120,24,2880,2878,1,29-07-2023 11:47,1
5757,1,100,2,200,2879,1,08-11-2023 11:12,1
5758,2,120,36,4320,2879,1,05-10-2019 13:49,1
5759,1,100,32,3200,2880,1,31-03-2020 11:19,1
5760,2,120,2,240,2880,1,30-04-2021 13:24,1
5761,1,100,22,2200,2881,1,13-02-2020 14:57,1
5762,2,120,48,5760,2881,1,25-04-2019 10:58,1
5763,1,100,4,400,2882,1,17-02-2019 10:57,1
5764,2,120,36,4320,2882,1,13-06-2022 13:02,1
5765,1,100,24,2400,2883,1,11-10-2019 19:44,1
5766,2,120,6,720,2883,1,23-04-2022 17:09,1
5767,1,100,6,600,2884,1,10-07-2020 18:41,1
5768,2,120,25,3000,2884,1,26-01-2019 17:11,1
5769,1,100,45,4500,2885,1,15-11-2021 12:58,1
5770,2,120,36,4320,2885,1,10-02-2020 16:03,1
5771,1,100,22,2200,2886,1,08-04-2023 12:56,1
5772,2,120,15,1800,2886,1,07-10-2020 11:06,1
5773,1,100,47,4700,2887,1,04-08-2020 14:32,1
5774,2,120,45,5400,2887,1,10-03-2023 15:59,1
5775,1,100,7,700,2888,1,21-06-2023 14:32,1
5776,2,120,12,1440,2888,1,10-02-2020 16:56,1
5777,1,100,30,3000,2889,1,23-09-2019 16:09,1
5778,2,120,44,5280,2889,1,05-04-2022 13:47,1
5779,1,100,35,3500,2890,1,26-11-2023 16:38,1
5780,2,120,24,2880,2890,1,08-02-2021 13:07,1
5781,1,100,6,600,2891,1,17-11-2021 16:02,1
5782,2,120,43,5160,2891,1,25-10-2021 15:05,1
5783,1,100,33,3300,2892,1,16-09-2022 19:40,1
5784,2,120,4,480,2892,1,13-04-2019 15:13,1
5785,1,100,6,600,2893,1,29-07-2023 10:53,1
5786,2,120,8,960,2893,1,04-03-2021 17:44,1
5787,1,100,28,2800,2894,1,23-08-2022 12:51,1
5788,2,120,12,1440,2894,1,28-05-2019 11:16,1
5789,1,100,42,4200,2895,1,23-12-2021 15:43,1
5790,2,120,31,3720,2895,1,18-11-2021 15:46,1
5791,1,100,32,3200,2896,1,27-09-2020 16:19,1
5792,2,120,7,840,2896,1,07-07-2021 11:18,1
5793,1,100,5,500,2897,1,13-06-2022 15:02,1
5794,2,120,31,3720,2897,1,07-07-2020 19:32,1
5795,1,100,19,1900,2898,1,29-02-2020 19:30,1
5796,2,120,15,1800,2898,1,16-08-2021 16:59,1
5797,1,100,35,3500,2899,1,11-05-2021 10:06,1
5798,2,120,35,4200,2899,1,16-05-2022 14:47,1
5799,1,100,40,4000,2900,1,01-09-2022 15:28,1
5800,2,120,39,4680,2900,1,23-02-2023 11:43,1
5801,1,100,32,3200,2901,1,29-03-2022 11:00,1
5802,2,120,42,5040,2901,1,16-10-2019 11:02,1
5803,1,100,21,2100,2902,1,22-10-2020 14:20,1
5804,2,120,45,5400,2902,1,15-08-2020 19:07,1
5805,1,100,34,3400,2903,1,20-09-2022 14:54,1
5806,2,120,44,5280,2903,1,05-09-2020 10:44,1
5807,1,100,25,2500,2904,1,03-06-2020 17:49,1
5808,2,120,16,1920,2904,1,01-05-2019 11:18,1
5809,1,100,1,100,2905,1,24-07-2021 10:41,1
5810,2,120,21,2520,2905,1,24-07-2021 10:25,1
5811,1,100,6,600,2906,1,15-07-2023 14:36,1
5812,2,120,22,2640,2906,1,03-02-2021 14:15,1
5813,1,100,12,1200,2907,1,07-01-2019 15:06,1
5814,2,120,1,120,2907,1,11-11-2023 17:15,1
5815,1,100,17,1700,2908,1,24-04-2020 13:14,1
5816,2,120,17,2040,2908,1,10-06-2022 14:07,1
5817,1,100,30,3000,2909,1,09-07-2022 17:51,1
5818,2,120,6,720,2909,1,29-01-2020 16:40,1
5819,1,100,15,1500,2910,1,14-01-2021 14:21,1
5820,2,120,5,600,2910,1,14-07-2022 13:59,1
5821,1,100,23,2300,2911,1,03-11-2019 11:16,1
5822,2,120,22,2640,2911,1,18-10-2020 12:48,1
5823,1,100,36,3600,2912,1,05-05-2021 11:56,1
5824,2,120,24,2880,2912,1,01-08-2021 19:53,1
5825,1,100,29,2900,2913,1,18-04-2020 10:41,1
5826,2,120,27,3240,2913,1,26-01-2023 17:34,1
5827,1,100,2,200,2914,1,07-02-2019 15:16,1
5828,2,120,44,5280,2914,1,24-05-2022 11:43,1
5829,1,100,44,4400,2915,1,01-06-2020 13:21,1
5830,2,120,13,1560,2915,1,03-01-2022 15:26,1
5831,1,100,37,3700,2916,1,19-11-2021 12:29,1
5832,2,120,33,3960,2916,1,28-03-2022 17:52,1
5833,1,100,23,2300,2917,1,20-04-2021 18:40,1
5834,2,120,34,4080,2917,1,03-01-2020 19:58,1
5835,1,100,13,1300,2918,1,31-01-2019 12:03,1
5836,2,120,21,2520,2918,1,09-05-2019 11:16,1
5837,1,100,16,1600,2919,1,08-10-2021 10:55,1
5838,2,120,22,2640,2919,1,04-03-2020 16:44,1
5839,1,100,28,2800,2920,1,07-12-2022 11:49,1
5840,2,120,44,5280,2920,1,18-08-2020 16:33,1
5841,1,100,11,1100,2921,1,11-01-2019 19:45,1
5842,2,120,16,1920,2921,1,15-11-2023 17:29,1
5843,1,100,1,100,2922,1,15-03-2023 18:26,1
5844,2,120,14,1680,2922,1,31-03-2020 11:31,1
5845,1,100,27,2700,2923,1,28-12-2023 12:15,1
5846,2,120,45,5400,2923,1,07-09-2020 15:28,1
5847,1,100,37,3700,2924,1,26-10-2021 12:31,1
5848,2,120,6,720,2924,1,06-05-2022 10:48,1
5849,1,100,3,300,2925,1,25-06-2023 11:34,1
5850,2,120,47,5640,2925,1,07-07-2022 13:13,1
5851,1,100,23,2300,2926,1,03-01-2020 16:53,1
5852,2,120,7,840,2926,1,15-08-2020 17:15,1
5853,1,100,17,1700,2927,1,18-05-2019 18:39,1
5854,2,120,19,2280,2927,1,22-01-2019 16:29,1
5855,1,100,17,1700,2928,1,25-04-2019 17:31,1
5856,2,120,28,3360,2928,1,25-02-2021 11:18,1
5857,1,100,3,300,2929,1,22-04-2019 13:27,1
5858,2,120,49,5880,2929,1,06-03-2020 10:05,1
5859,1,100,6,600,2930,1,05-11-2020 17:13,1
5860,2,120,4,480,2930,1,28-09-2019 14:09,1
5861,1,100,9,900,2931,1,19-07-2021 14:11,1
5862,2,120,46,5520,2931,1,28-03-2023 14:40,1
5863,1,100,40,4000,2932,1,31-03-2019 17:34,1
5864,2,120,17,2040,2932,1,16-10-2022 10:51,1
5865,1,100,42,4200,2933,1,03-05-2020 15:04,1
5866,2,120,46,5520,2933,1,21-11-2020 11:28,1
5867,1,100,32,3200,2934,1,05-06-2020 17:35,1
5868,2,120,28,3360,2934,1,22-12-2022 17:07,1
5869,1,100,50,5000,2935,1,18-11-2022 18:00,1
5870,2,120,6,720,2935,1,13-09-2022 14:00,1
5871,1,100,17,1700,2936,1,18-08-2023 17:48,1
5872,2,120,33,3960,2936,1,23-03-2021 19:33,1
5873,1,100,6,600,2937,1,17-03-2021 17:22,1
5874,2,120,3,360,2937,1,11-03-2019 11:16,1
5875,1,100,2,200,2938,1,13-08-2019 16:22,1
5876,2,120,21,2520,2938,1,21-03-2019 19:53,1
5877,1,100,43,4300,2939,1,14-03-2022 12:17,1
5878,2,120,37,4440,2939,1,23-02-2020 18:40,1
5879,1,100,50,5000,2940,1,25-02-2020 13:14,1
5880,2,120,21,2520,2940,1,16-10-2020 10:21,1
5881,1,100,8,800,2941,1,24-02-2021 12:25,1
5882,2,120,38,4560,2941,1,31-05-2022 16:29,1
5883,1,100,3,300,2942,1,10-12-2019 18:28,1
5884,2,120,29,3480,2942,1,27-03-2023 17:04,1
5885,1,100,15,1500,2943,1,04-07-2019 19:37,1
5886,2,120,34,4080,2943,1,12-06-2020 15:15,1
5887,1,100,22,2200,2944,1,01-08-2019 11:26,1
5888,2,120,36,4320,2944,1,28-02-2020 10:59,1
5889,1,100,26,2600,2945,1,09-05-2022 18:09,1
5890,2,120,43,5160,2945,1,08-03-2020 15:19,1
5891,1,100,41,4100,2946,1,26-04-2022 16:24,1
5892,2,120,45,5400,2946,1,19-03-2019 18:48,1
5893,1,100,1,100,2947,1,07-03-2021 12:48,1
5894,2,120,33,3960,2947,1,01-01-2020 18:23,1
5895,1,100,22,2200,2948,1,09-11-2019 11:46,1
5896,2,120,50,6000,2948,1,26-05-2019 16:05,1
5897,1,100,4,400,2949,1,22-06-2020 18:59,1
5898,2,120,4,480,2949,1,24-05-2019 17:05,1
5899,1,100,1,100,2950,1,29-07-2019 10:29,1
5900,2,120,48,5760,2950,1,20-03-2023 14:11,1
5901,1,100,48,4800,2951,1,11-02-2022 10:02,1
5902,2,120,11,1320,2951,1,10-12-2019 19:51,1
5903,1,100,22,2200,2952,1,23-05-2022 11:47,1
5904,2,120,17,2040,2952,1,04-07-2019 12:58,1
5905,1,100,22,2200,2953,1,01-10-2023 13:24,1
5906,2,120,36,4320,2953,1,17-06-2023 14:05,1
5907,1,100,10,1000,2954,1,04-03-2020 19:03,1
5908,2,120,10,1200,2954,1,18-06-2020 11:56,1
5909,1,100,35,3500,2955,1,11-09-2020 13:38,1
5910,2,120,20,2400,2955,1,04-06-2021 13:11,1
5911,1,100,5,500,2956,1,12-11-2022 19:53,1
5912,2,120,42,5040,2956,1,25-10-2021 10:16,1
5913,1,100,50,5000,2957,1,27-02-2023 17:04,1
5914,2,120,32,3840,2957,1,24-09-2022 19:50,1
5915,1,100,39,3900,2958,1,16-11-2019 12:04,1
5916,2,120,22,2640,2958,1,26-03-2022 11:37,1
5917,1,100,25,2500,2959,1,25-08-2021 17:47,1
5918,2,120,38,4560,2959,1,31-05-2020 12:03,1
5919,1,100,4,400,2960,1,16-12-2019 13:28,1
5920,2,120,13,1560,2960,1,22-10-2022 11:41,1
5921,1,100,13,1300,2961,1,11-06-2023 16:24,1
5922,2,120,26,3120,2961,1,09-07-2022 14:21,1
5923,1,100,39,3900,2962,1,01-12-2022 16:18,1
5924,2,120,35,4200,2962,1,28-12-2023 14:32,1
5925,1,100,44,4400,2963,1,08-10-2023 14:34,1
5926,2,120,21,2520,2963,1,22-09-2022 14:35,1
5927,1,100,33,3300,2964,1,26-10-2019 14:11,1
5928,2,120,26,3120,2964,1,24-05-2020 12:32,1
5929,1,100,13,1300,2965,1,09-07-2021 14:18,1
5930,2,120,14,1680,2965,1,02-09-2022 11:52,1
5931,1,100,43,4300,2966,1,05-02-2020 11:45,1
5932,2,120,29,3480,2966,1,30-08-2023 15:16,1
5933,1,100,48,4800,2967,1,16-04-2023 19:47,1
5934,2,120,1,120,2967,1,08-11-2021 16:02,1
5935,1,100,48,4800,2968,1,06-09-2019 15:52,1
5936,2,120,13,1560,2968,1,14-09-2021 15:27,1
5937,1,100,43,4300,2969,1,18-08-2023 15:03,1
5938,2,120,44,5280,2969,1,22-01-2019 19:40,1
5939,1,100,19,1900,2970,1,19-04-2021 19:39,1
5940,2,120,4,480,2970,1,19-01-2022 16:05,1
5941,1,100,21,2100,2971,1,30-04-2023 17:21,1
5942,2,120,19,2280,2971,1,27-11-2022 12:04,1
5943,1,100,16,1600,2972,1,30-07-2019 18:33,1
5944,2,120,36,4320,2972,1,17-03-2019 10:10,1
5945,1,100,32,3200,2973,1,27-01-2022 18:36,1
5946,2,120,9,1080,2973,1,15-12-2019 17:36,1
5947,1,100,13,1300,2974,1,16-03-2019 14:47,1
5948,2,120,48,5760,2974,1,14-07-2019 13:04,1
5949,1,100,22,2200,2975,1,07-06-2020 14:49,1
5950,2,120,2,240,2975,1,23-06-2021 18:49,1
5951,1,100,39,3900,2976,1,09-03-2022 19:30,1
5952,2,120,6,720,2976,1,15-10-2019 10:34,1
5953,1,100,12,1200,2977,1,11-08-2021 19:36,1
5954,2,120,30,3600,2977,1,27-10-2020 18:14,1
5955,1,100,11,1100,2978,1,01-12-2021 14:05,1
5956,2,120,44,5280,2978,1,22-01-2022 11:54,1
5957,1,100,22,2200,2979,1,26-10-2019 17:30,1
5958,2,120,1,120,2979,1,08-01-2020 15:49,1
5959,1,100,5,500,2980,1,18-11-2022 18:00,1
5960,2,120,16,1920,2980,1,03-01-2022 14:39,1
5961,1,100,44,4400,2981,1,17-02-2021 16:55,1
5962,2,120,8,960,2981,1,20-02-2021 13:18,1
5963,1,100,13,1300,2982,1,21-03-2021 18:02,1
5964,2,120,15,1800,2982,1,24-12-2023 10:18,1
5965,1,100,6,600,2983,1,17-01-2019 14:31,1
5966,2,120,21,2520,2983,1,02-09-2021 11:31,1
5967,1,100,22,2200,2984,1,23-06-2023 15:44,1
5968,2,120,29,3480,2984,1,15-06-2020 14:34,1
5969,1,100,6,600,2985,1,25-12-2019 15:12,1
5970,2,120,33,3960,2985,1,15-11-2019 16:16,1
5971,1,100,24,2400,2986,1,13-08-2023 16:20,1
5972,2,120,5,600,2986,1,27-10-2022 12:48,1
5973,1,100,8,800,2987,1,05-01-2023 18:56,1
5974,2,120,16,1920,2987,1,29-07-2020 15:42,1
5975,1,100,36,3600,2988,1,27-04-2019 12:13,1
5976,2,120,32,3840,2988,1,08-11-2022 11:01,1
5977,1,100,2,200,2989,1,25-11-2023 14:08,1
5978,2,120,47,5640,2989,1,07-03-2023 16:22,1
5979,1,100,4,400,2990,1,18-11-2023 19:27,1
5980,2,120,49,5880,2990,1,31-07-2021 10:11,1
5981,1,100,4,400,2991,1,14-12-2019 16:37,1
5982,2,120,23,2760,2991,1,14-01-2020 11:34,1
5983,1,100,46,4600,2992,1,07-04-2023 17:54,1
5984,2,120,10,1200,2992,1,22-03-2022 13:55,1
5985,1,100,5,500,2993,1,16-07-2019 12:10,1
5986,2,120,4,480,2993,1,15-06-2020 19:33,1
5987,1,100,26,2600,2994,1,29-12-2020 18:16,1
5988,2,120,38,4560,2994,1,20-08-2020 15:55,1
5989,1,100,28,2800,2995,1,22-04-2022 12:46,1
5990,2,120,28,3360,2995,1,03-11-2022 10:37,1
5991,1,100,18,1800,2996,1,05-07-2019 14:47,1
5992,2,120,25,3000,2996,1,31-10-2023 14:56,1
5993,1,100,43,4300,2997,1,30-09-2019 19:58,1
5994,2,120,15,1800,2997,1,16-04-2022 15:10,1
5995,1,100,26,2600,2998,1,11-03-2020 11:21,1
5996,2,120,28,3360,2998,1,26-12-2019 15:06,1
5997,1,100,20,2000,2999,1,14-07-2019 11:50,1
5998,2,120,46,5520,2999,1,28-10-2021 19:32,1
5999,1,100,35,3500,3000,1,03-05-2022 11:02,1
6000,2,120,11,1320,3000,1,13-02-2019 16:10,1
6001,1,100,14,1400,3001,1,26-01-2021 11:41,1
6002,2,120,48,5760,3001,1,22-10-2019 15:43,1
6003,1,100,5,500,3002,1,20-11-2019 17:24,1
6004,2,120,49,5880,3002,1,12-02-2019 15:18,1
6005,1,100,23,2300,3003,1,26-01-2023 19:22,1
6006,2,120,7,840,3003,1,06-04-2021 18:57,1
6007,1,100,36,3600,3004,1,17-09-2019 16:12,1
6008,2,120,39,4680,3004,1,06-04-2023 16:27,1
6009,1,100,43,4300,3005,1,09-11-2021 11:42,1
6010,2,120,6,720,3005,1,12-04-2021 17:27,1
6011,1,100,43,4300,3006,1,29-06-2023 14:38,1
6012,2,120,27,3240,3006,1,30-08-2020 11:03,1
6013,1,100,10,1000,3007,1,17-07-2022 15:44,1
6014,2,120,44,5280,3007,1,22-10-2022 13:08,1
6015,1,100,42,4200,3008,1,10-07-2022 19:17,1
6016,2,120,48,5760,3008,1,19-08-2023 15:03,1
6017,1,100,50,5000,3009,1,13-05-2019 11:34,1
6018,2,120,41,4920,3009,1,29-08-2023 11:13,1
6019,1,100,32,3200,3010,1,01-06-2023 11:26,1
6020,2,120,33,3960,3010,1,24-06-2022 14:03,1
6021,1,100,11,1100,3011,1,21-11-2023 19:00,1
6022,2,120,37,4440,3011,1,26-09-2020 19:52,1
6023,1,100,21,2100,3012,1,20-01-2023 17:20,1
6024,2,120,32,3840,3012,1,08-05-2023 14:41,1
6025,1,100,10,1000,3013,1,15-07-2023 13:12,1
6026,2,120,9,1080,3013,1,20-01-2023 14:56,1
6027,1,100,26,2600,3014,1,13-05-2023 19:38,1
6028,2,120,10,1200,3014,1,23-07-2020 12:51,1
6029,1,100,31,3100,3015,1,09-12-2022 11:44,1
6030,2,120,46,5520,3015,1,11-12-2021 10:34,1
6031,1,100,41,4100,3016,1,26-10-2022 14:16,1
6032,2,120,17,2040,3016,1,16-10-2019 14:14,1
6033,1,100,42,4200,3017,1,04-02-2019 16:25,1
6034,2,120,38,4560,3017,1,23-09-2021 10:36,1
6035,1,100,39,3900,3018,1,05-01-2023 11:06,1
6036,2,120,6,720,3018,1,05-09-2023 19:55,1
6037,1,100,12,1200,3019,1,30-09-2022 10:45,1
6038,2,120,48,5760,3019,1,30-11-2019 14:24,1
6039,1,100,6,600,3020,1,19-12-2023 17:30,1
6040,2,120,38,4560,3020,1,26-12-2019 12:48,1
6041,1,100,8,800,3021,1,04-11-2023 15:44,1
6042,2,120,1,120,3021,1,24-12-2020 14:03,1
6043,1,100,18,1800,3022,1,22-01-2023 12:41,1
6044,2,120,27,3240,3022,1,09-08-2023 12:01,1
6045,1,100,22,2200,3023,1,10-11-2019 17:00,1
6046,2,120,46,5520,3023,1,23-01-2019 12:13,1
6047,1,100,4,400,3024,1,10-08-2019 19:21,1
6048,2,120,22,2640,3024,1,19-06-2020 13:47,1
6049,1,100,42,4200,3025,1,24-09-2019 12:06,1
6050,2,120,16,1920,3025,1,13-08-2019 10:10,1
6051,1,100,26,2600,3026,1,01-04-2021 19:42,1
6052,2,120,43,5160,3026,1,09-04-2020 17:05,1
6053,1,100,10,1000,3027,1,18-12-2020 16:22,1
6054,2,120,1,120,3027,1,20-08-2020 19:56,1
6055,1,100,50,5000,3028,1,30-11-2022 17:39,1
6056,2,120,34,4080,3028,1,21-04-2023 10:51,1
6057,1,100,1,100,3029,1,14-06-2021 16:14,1
6058,2,120,37,4440,3029,1,24-12-2019 16:06,1
6059,1,100,46,4600,3030,1,11-10-2019 17:17,1
6060,2,120,9,1080,3030,1,21-04-2022 10:19,1
6061,1,100,26,2600,3031,1,27-09-2019 16:41,1
6062,2,120,35,4200,3031,1,05-01-2021 12:04,1
6063,1,100,31,3100,3032,1,20-11-2023 19:37,1
6064,2,120,43,5160,3032,1,19-07-2021 19:43,1
6065,1,100,34,3400,3033,1,24-01-2021 19:17,1
6066,2,120,6,720,3033,1,02-08-2019 11:14,1
6067,1,100,14,1400,3034,1,22-11-2021 13:08,1
6068,2,120,37,4440,3034,1,05-04-2021 16:49,1
6069,1,100,21,2100,3035,1,29-08-2020 14:49,1
6070,2,120,48,5760,3035,1,04-10-2019 11:33,1
6071,1,100,36,3600,3036,1,21-09-2023 19:36,1
6072,2,120,36,4320,3036,1,16-04-2019 18:16,1
6073,1,100,15,1500,3037,1,12-09-2023 16:21,1
6074,2,120,14,1680,3037,1,22-03-2021 10:01,1
6075,1,100,44,4400,3038,1,22-09-2019 12:33,1
6076,2,120,31,3720,3038,1,09-09-2023 11:02,1
6077,1,100,10,1000,3039,1,14-11-2020 17:45,1
6078,2,120,24,2880,3039,1,07-12-2021 19:33,1
6079,1,100,8,800,3040,1,26-11-2019 14:35,1
6080,2,120,35,4200,3040,1,15-02-2023 17:16,1
6081,1,100,17,1700,3041,1,18-01-2022 13:05,1
6082,2,120,48,5760,3041,1,26-12-2023 14:53,1
6083,1,100,41,4100,3042,1,29-10-2021 16:24,1
6084,2,120,47,5640,3042,1,25-12-2023 10:44,1
6085,1,100,38,3800,3043,1,25-06-2023 11:14,1
6086,2,120,45,5400,3043,1,17-06-2019 14:03,1
6087,1,100,36,3600,3044,1,31-03-2023 19:10,1
6088,2,120,15,1800,3044,1,12-07-2022 19:35,1
6089,1,100,15,1500,3045,1,07-05-2019 16:47,1
6090,2,120,14,1680,3045,1,28-03-2023 19:26,1
6091,1,100,43,4300,3046,1,04-08-2022 15:46,1
6092,2,120,21,2520,3046,1,07-10-2023 18:37,1
6093,1,100,6,600,3047,1,01-07-2020 19:18,1
6094,2,120,5,600,3047,1,25-12-2021 14:17,1
6095,1,100,12,1200,3048,1,25-02-2020 19:49,1
6096,2,120,22,2640,3048,1,02-09-2022 13:23,1
6097,1,100,29,2900,3049,1,26-01-2021 19:48,1
6098,2,120,22,2640,3049,1,03-08-2021 15:53,1
6099,1,100,27,2700,3050,1,27-03-2020 12:05,1
6100,2,120,9,1080,3050,1,22-01-2019 18:11,1
6101,1,100,24,2400,3051,1,29-08-2023 12:36,1
6102,2,120,34,4080,3051,1,08-04-2019 19:55,1
6103,1,100,43,4300,3052,1,18-02-2023 12:21,1
6104,2,120,24,2880,3052,1,12-03-2021 14:57,1
6105,1,100,12,1200,3053,1,28-12-2020 14:45,1
6106,2,120,21,2520,3053,1,01-11-2023 17:52,1
6107,1,100,44,4400,3054,1,11-07-2019 14:02,1
6108,2,120,10,1200,3054,1,23-03-2020 19:22,1
6109,1,100,44,4400,3055,1,11-09-2020 10:44,1
6110,2,120,13,1560,3055,1,15-08-2020 14:55,1
6111,1,100,17,1700,3056,1,20-11-2020 10:28,1
6112,2,120,42,5040,3056,1,07-02-2020 17:09,1
6113,1,100,16,1600,3057,1,20-01-2022 12:17,1
6114,2,120,28,3360,3057,1,19-12-2023 12:06,1
6115,1,100,15,1500,3058,1,10-02-2021 11:48,1
6116,2,120,3,360,3058,1,15-12-2019 13:36,1
6117,1,100,7,700,3059,1,20-12-2022 12:05,1
6118,2,120,27,3240,3059,1,01-07-2019 17:46,1
6119,1,100,22,2200,3060,1,10-03-2022 10:28,1
6120,2,120,16,1920,3060,1,02-12-2021 17:12,1
6121,1,100,31,3100,3061,1,31-12-2020 11:06,1
6122,2,120,50,6000,3061,1,25-09-2023 15:12,1
6123,1,100,17,1700,3062,1,18-07-2019 16:33,1
6124,2,120,1,120,3062,1,30-07-2019 14:31,1
6125,1,100,10,1000,3063,1,26-11-2019 15:43,1
6126,2,120,31,3720,3063,1,06-11-2020 12:31,1
6127,1,100,49,4900,3064,1,03-04-2020 18:09,1
6128,2,120,20,2400,3064,1,22-11-2020 12:17,1
6129,1,100,21,2100,3065,1,10-12-2020 16:08,1
6130,2,120,1,120,3065,1,26-03-2020 11:39,1
6131,1,100,24,2400,3066,1,05-04-2020 19:49,1
6132,2,120,9,1080,3066,1,28-07-2020 12:54,1
6133,1,100,22,2200,3067,1,29-01-2021 19:42,1
6134,2,120,26,3120,3067,1,25-01-2023 13:42,1
6135,1,100,7,700,3068,1,01-12-2023 14:10,1
6136,2,120,25,3000,3068,1,20-08-2023 12:31,1
6137,1,100,8,800,3069,1,19-04-2020 16:21,1
6138,2,120,48,5760,3069,1,27-02-2023 13:43,1
6139,1,100,19,1900,3070,1,25-01-2023 16:26,1
6140,2,120,4,480,3070,1,17-02-2019 12:03,1
6141,1,100,10,1000,3071,1,21-04-2021 10:10,1
6142,2,120,17,2040,3071,1,03-12-2020 15:01,1
6143,1,100,32,3200,3072,1,23-11-2023 18:25,1
6144,2,120,29,3480,3072,1,08-09-2019 11:03,1
6145,1,100,2,200,3073,1,15-10-2021 17:41,1
6146,2,120,23,2760,3073,1,16-03-2021 12:23,1
6147,1,100,29,2900,3074,1,27-12-2021 12:09,1
6148,2,120,7,840,3074,1,06-08-2020 17:02,1
6149,1,100,33,3300,3075,1,18-06-2019 19:57,1
6150,2,120,6,720,3075,1,24-10-2023 17:32,1
6151,1,100,19,1900,3076,1,29-05-2023 15:21,1
6152,2,120,48,5760,3076,1,13-03-2021 17:00,1
6153,1,100,41,4100,3077,1,30-06-2020 18:05,1
6154,2,120,39,4680,3077,1,12-05-2019 11:48,1
6155,1,100,46,4600,3078,1,04-12-2022 12:51,1
6156,2,120,24,2880,3078,1,08-02-2023 12:48,1
6157,1,100,20,2000,3079,1,09-08-2023 12:14,1
6158,2,120,27,3240,3079,1,23-10-2023 19:12,1
6159,1,100,6,600,3080,1,16-09-2023 16:04,1
6160,2,120,35,4200,3080,1,20-12-2021 15:55,1
6161,1,100,44,4400,3081,1,17-11-2021 11:04,1
6162,2,120,35,4200,3081,1,05-06-2019 15:09,1
6163,1,100,21,2100,3082,1,12-09-2020 14:11,1
6164,2,120,17,2040,3082,1,12-03-2020 18:54,1
6165,1,100,42,4200,3083,1,23-09-2022 11:16,1
6166,2,120,2,240,3083,1,13-09-2019 17:13,1
6167,1,100,8,800,3084,1,25-07-2023 16:08,1
6168,2,120,24,2880,3084,1,16-06-2023 12:50,1
6169,1,100,28,2800,3085,1,01-07-2022 13:37,1
6170,2,120,42,5040,3085,1,07-07-2020 17:20,1
6171,1,100,35,3500,3086,1,23-02-2023 17:10,1
6172,2,120,35,4200,3086,1,23-11-2019 11:22,1
6173,1,100,44,4400,3087,1,02-11-2023 19:59,1
6174,2,120,29,3480,3087,1,29-05-2023 12:28,1
6175,1,100,12,1200,3088,1,05-07-2022 18:03,1
6176,2,120,1,120,3088,1,04-01-2023 19:30,1
6177,1,100,40,4000,3089,1,28-01-2023 14:02,1
6178,2,120,8,960,3089,1,04-11-2023 13:51,1
6179,1,100,32,3200,3090,1,05-06-2022 19:55,1
6180,2,120,40,4800,3090,1,02-01-2019 19:41,1
6181,1,100,42,4200,3091,1,01-07-2021 18:07,1
6182,2,120,26,3120,3091,1,22-01-2020 13:15,1
6183,1,100,40,4000,3092,1,10-08-2019 15:22,1
6184,2,120,41,4920,3092,1,30-01-2022 11:21,1
6185,1,100,15,1500,3093,1,06-07-2023 17:20,1
6186,2,120,35,4200,3093,1,13-02-2019 10:23,1
6187,1,100,10,1000,3094,1,01-03-2019 18:02,1
6188,2,120,17,2040,3094,1,08-07-2023 10:56,1
6189,1,100,37,3700,3095,1,08-07-2023 11:19,1
6190,2,120,14,1680,3095,1,03-02-2020 12:19,1
6191,1,100,47,4700,3096,1,29-10-2023 17:22,1
6192,2,120,31,3720,3096,1,24-11-2022 15:21,1
6193,1,100,32,3200,3097,1,03-04-2021 19:22,1
6194,2,120,5,600,3097,1,11-03-2022 12:38,1
6195,1,100,16,1600,3098,1,03-03-2019 12:33,1
6196,2,120,23,2760,3098,1,26-02-2020 17:12,1
6197,1,100,21,2100,3099,1,23-12-2023 18:37,1
6198,2,120,14,1680,3099,1,04-04-2022 10:33,1
6199,1,100,45,4500,3100,1,02-05-2022 10:18,1
6200,2,120,18,2160,3100,1,07-06-2019 11:05,1
6201,1,100,6,600,3101,1,06-02-2019 10:37,1
6202,2,120,46,5520,3101,1,30-03-2022 12:14,1
6203,1,100,22,2200,3102,1,16-10-2020 11:23,1
6204,2,120,17,2040,3102,1,09-05-2020 16:02,1
6205,1,100,50,5000,3103,1,11-09-2022 18:07,1
6206,2,120,9,1080,3103,1,15-06-2020 11:22,1
6207,1,100,36,3600,3104,1,04-04-2022 19:20,1
6208,2,120,31,3720,3104,1,20-05-2019 15:25,1
6209,1,100,50,5000,3105,1,22-05-2021 16:55,1
6210,2,120,26,3120,3105,1,15-09-2022 14:57,1
6211,1,100,1,100,3106,1,12-02-2022 17:46,1
6212,2,120,8,960,3106,1,25-03-2019 10:53,1
6213,1,100,45,4500,3107,1,26-08-2019 11:19,1
6214,2,120,33,3960,3107,1,15-04-2021 18:22,1
6215,1,100,43,4300,3108,1,16-01-2022 13:12,1
6216,2,120,22,2640,3108,1,03-07-2022 17:43,1
6217,1,100,29,2900,3109,1,03-08-2022 18:28,1
6218,2,120,22,2640,3109,1,06-11-2019 14:13,1
6219,1,100,24,2400,3110,1,23-06-2019 15:53,1
6220,2,120,33,3960,3110,1,19-03-2019 18:31,1
6221,1,100,21,2100,3111,1,17-08-2021 14:31,1
6222,2,120,23,2760,3111,1,25-02-2019 19:59,1
6223,1,100,28,2800,3112,1,11-09-2022 19:14,1
6224,2,120,22,2640,3112,1,19-06-2020 15:48,1
6225,1,100,4,400,3113,1,12-10-2021 15:13,1
6226,2,120,48,5760,3113,1,17-03-2022 15:36,1
6227,1,100,46,4600,3114,1,13-05-2019 11:29,1
6228,2,120,23,2760,3114,1,11-05-2019 11:58,1
6229,1,100,46,4600,3115,1,14-12-2020 13:06,1
6230,2,120,14,1680,3115,1,28-12-2023 12:54,1
6231,1,100,36,3600,3116,1,08-05-2022 14:41,1
6232,2,120,49,5880,3116,1,18-07-2023 10:26,1
6233,1,100,2,200,3117,1,10-07-2019 14:46,1
6234,2,120,9,1080,3117,1,24-12-2021 15:53,1
6235,1,100,18,1800,3118,1,25-10-2021 17:19,1
6236,2,120,25,3000,3118,1,20-12-2020 16:53,1
6237,1,100,22,2200,3119,1,14-06-2020 15:47,1
6238,2,120,2,240,3119,1,26-04-2023 10:30,1
6239,1,100,37,3700,3120,1,27-04-2022 16:36,1
6240,2,120,49,5880,3120,1,13-07-2021 17:29,1
6241,1,100,48,4800,3121,1,29-01-2020 14:26,1
6242,2,120,33,3960,3121,1,11-07-2019 15:54,1
6243,1,100,1,100,3122,1,09-09-2019 14:41,1
6244,2,120,4,480,3122,1,23-07-2021 19:52,1
6245,1,100,36,3600,3123,1,22-11-2022 18:04,1
6246,2,120,3,360,3123,1,12-06-2022 17:42,1
6247,1,100,11,1100,3124,1,06-04-2023 17:58,1
6248,2,120,18,2160,3124,1,15-12-2019 10:47,1
6249,1,100,3,300,3125,1,02-09-2020 16:58,1
6250,2,120,22,2640,3125,1,03-02-2021 13:41,1
6251,1,100,6,600,3126,1,16-12-2020 18:44,1
6252,2,120,34,4080,3126,1,15-11-2019 12:29,1
6253,1,100,8,800,3127,1,11-05-2023 15:41,1
6254,2,120,11,1320,3127,1,09-10-2023 12:53,1
6255,1,100,16,1600,3128,1,10-11-2023 16:22,1
6256,2,120,1,120,3128,1,09-12-2023 15:23,1
6257,1,100,37,3700,3129,1,26-12-2022 10:07,1
6258,2,120,50,6000,3129,1,23-11-2022 19:33,1
6259,1,100,42,4200,3130,1,27-07-2019 10:29,1
6260,2,120,8,960,3130,1,07-12-2021 16:09,1
6261,1,100,22,2200,3131,1,02-06-2023 18:54,1
6262,2,120,15,1800,3131,1,14-07-2020 18:12,1
6263,1,100,25,2500,3132,1,03-04-2022 19:16,1
6264,2,120,45,5400,3132,1,08-08-2021 12:45,1
6265,1,100,42,4200,3133,1,10-02-2022 16:48,1
6266,2,120,10,1200,3133,1,30-05-2023 19:07,1
6267,1,100,46,4600,3134,1,26-07-2021 17:55,1
6268,2,120,34,4080,3134,1,14-07-2020 16:09,1
6269,1,100,38,3800,3135,1,14-06-2019 13:34,1
6270,2,120,47,5640,3135,1,23-06-2022 15:36,1
6271,1,100,24,2400,3136,1,28-03-2023 13:56,1
6272,2,120,38,4560,3136,1,09-11-2020 14:02,1
6273,1,100,44,4400,3137,1,17-08-2019 19:08,1
6274,2,120,40,4800,3137,1,10-12-2021 16:50,1
6275,1,100,26,2600,3138,1,19-11-2023 13:44,1
6276,2,120,41,4920,3138,1,03-01-2019 17:44,1
6277,1,100,44,4400,3139,1,31-10-2020 12:25,1
6278,2,120,16,1920,3139,1,11-10-2020 13:31,1
6279,1,100,35,3500,3140,1,20-06-2022 12:28,1
6280,2,120,4,480,3140,1,31-12-2019 17:49,1
6281,1,100,38,3800,3141,1,16-03-2020 13:16,1
6282,2,120,6,720,3141,1,14-05-2019 13:02,1
6283,1,100,49,4900,3142,1,06-08-2019 13:38,1
6284,2,120,8,960,3142,1,11-09-2021 12:22,1
6285,1,100,1,100,3143,1,23-02-2019 15:08,1
6286,2,120,23,2760,3143,1,22-07-2023 15:51,1
6287,1,100,27,2700,3144,1,07-01-2019 17:02,1
6288,2,120,47,5640,3144,1,26-02-2022 18:35,1
6289,1,100,44,4400,3145,1,24-05-2020 18:37,1
6290,2,120,5,600,3145,1,29-06-2023 17:15,1
6291,1,100,22,2200,3146,1,05-02-2020 19:58,1
6292,2,120,46,5520,3146,1,03-02-2021 18:27,1
6293,1,100,13,1300,3147,1,05-12-2021 16:41,1
6294,2,120,16,1920,3147,1,17-04-2023 12:45,1
6295,1,100,16,1600,3148,1,11-12-2019 12:27,1
6296,2,120,7,840,3148,1,17-01-2021 11:07,1
6297,1,100,10,1000,3149,1,15-07-2021 15:20,1
6298,2,120,29,3480,3149,1,18-05-2020 14:55,1
6299,1,100,16,1600,3150,1,17-03-2020 18:25,1
6300,2,120,34,4080,3150,1,19-10-2020 16:15,1
6301,1,100,19,1900,3151,1,25-12-2019 12:00,1
6302,2,120,5,600,3151,1,24-03-2022 15:12,1
6303,1,100,12,1200,3152,1,20-05-2022 13:06,1
6304,2,120,5,600,3152,1,23-07-2022 15:41,1
6305,1,100,10,1000,3153,1,16-12-2019 15:38,1
6306,2,120,17,2040,3153,1,16-11-2023 13:09,1
6307,1,100,25,2500,3154,1,15-10-2019 16:50,1
6308,2,120,27,3240,3154,1,31-10-2019 11:38,1
6309,1,100,24,2400,3155,1,19-12-2023 13:10,1
6310,2,120,26,3120,3155,1,05-07-2022 15:27,1
6311,1,100,19,1900,3156,1,23-02-2022 19:18,1
6312,2,120,10,1200,3156,1,08-02-2019 17:52,1
6313,1,100,24,2400,3157,1,23-10-2023 13:21,1
6314,2,120,45,5400,3157,1,26-12-2021 13:25,1
6315,1,100,28,2800,3158,1,23-02-2019 10:32,1
6316,2,120,9,1080,3158,1,29-04-2020 11:41,1
6317,1,100,18,1800,3159,1,08-01-2021 11:24,1
6318,2,120,9,1080,3159,1,20-01-2023 14:30,1
6319,1,100,50,5000,3160,1,04-05-2021 13:26,1
6320,2,120,30,3600,3160,1,23-12-2023 10:41,1
6321,1,100,13,1300,3161,1,24-06-2023 16:30,1
6322,2,120,23,2760,3161,1,12-12-2020 19:31,1
6323,1,100,46,4600,3162,1,27-07-2019 13:26,1
6324,2,120,36,4320,3162,1,10-10-2021 15:54,1
6325,1,100,31,3100,3163,1,16-02-2022 16:54,1
6326,2,120,50,6000,3163,1,01-04-2020 10:52,1
6327,1,100,9,900,3164,1,10-04-2020 10:21,1
6328,2,120,22,2640,3164,1,23-11-2020 15:01,1
6329,1,100,42,4200,3165,1,07-07-2019 17:15,1
6330,2,120,17,2040,3165,1,24-10-2019 13:57,1
6331,1,100,16,1600,3166,1,19-08-2021 10:04,1
6332,2,120,7,840,3166,1,24-09-2019 11:11,1
6333,1,100,21,2100,3167,1,16-12-2023 11:57,1
6334,2,120,17,2040,3167,1,07-09-2022 11:08,1
6335,1,100,16,1600,3168,1,21-05-2021 11:15,1
6336,2,120,42,5040,3168,1,22-01-2022 15:06,1
6337,1,100,11,1100,3169,1,07-10-2020 18:54,1
6338,2,120,42,5040,3169,1,07-02-2021 10:02,1
6339,1,100,19,1900,3170,1,22-08-2020 13:30,1
6340,2,120,29,3480,3170,1,12-07-2023 17:17,1
6341,1,100,22,2200,3171,1,26-10-2020 19:49,1
6342,2,120,4,480,3171,1,26-10-2023 15:23,1
6343,1,100,38,3800,3172,1,06-08-2020 18:01,1
6344,2,120,44,5280,3172,1,06-01-2023 13:05,1
6345,1,100,26,2600,3173,1,10-06-2021 15:12,1
6346,2,120,34,4080,3173,1,04-07-2021 18:54,1
6347,1,100,26,2600,3174,1,08-02-2021 12:07,1
6348,2,120,10,1200,3174,1,13-03-2021 11:34,1
6349,1,100,12,1200,3175,1,31-07-2023 13:48,1
6350,2,120,23,2760,3175,1,23-05-2019 14:57,1
6351,1,100,30,3000,3176,1,17-03-2022 18:55,1
6352,2,120,10,1200,3176,1,17-03-2022 13:32,1
6353,1,100,28,2800,3177,1,31-10-2019 19:52,1
6354,2,120,10,1200,3177,1,25-07-2022 17:38,1
6355,1,100,45,4500,3178,1,29-08-2023 16:53,1
6356,2,120,1,120,3178,1,22-02-2019 10:08,1
6357,1,100,35,3500,3179,1,09-08-2021 14:17,1
6358,2,120,22,2640,3179,1,30-05-2021 15:47,1
6359,1,100,14,1400,3180,1,15-09-2021 10:42,1
6360,2,120,36,4320,3180,1,03-10-2019 18:42,1
6361,1,100,48,4800,3181,1,15-08-2021 19:55,1
6362,2,120,48,5760,3181,1,03-02-2021 19:51,1
6363,1,100,34,3400,3182,1,05-05-2022 10:12,1
6364,2,120,21,2520,3182,1,28-01-2019 17:43,1
6365,1,100,12,1200,3183,1,22-10-2019 11:07,1
6366,2,120,48,5760,3183,1,03-09-2023 19:52,1
6367,1,100,45,4500,3184,1,08-08-2019 10:50,1
6368,2,120,9,1080,3184,1,03-07-2021 19:57,1
6369,1,100,41,4100,3185,1,26-06-2023 18:48,1
6370,2,120,38,4560,3185,1,05-11-2021 19:13,1
6371,1,100,10,1000,3186,1,13-08-2021 13:54,1
6372,2,120,36,4320,3186,1,17-03-2022 14:53,1
6373,1,100,2,200,3187,1,05-05-2021 15:58,1
6374,2,120,33,3960,3187,1,24-02-2020 14:53,1
6375,1,100,20,2000,3188,1,06-12-2022 14:35,1
6376,2,120,12,1440,3188,1,17-08-2021 15:54,1
6377,1,100,1,100,3189,1,13-04-2020 19:59,1
6378,2,120,2,240,3189,1,29-02-2020 16:36,1
6379,1,100,20,2000,3190,1,26-04-2022 15:30,1
6380,2,120,10,1200,3190,1,09-01-2023 11:50,1
6381,1,100,45,4500,3191,1,23-01-2019 10:36,1
6382,2,120,15,1800,3191,1,24-12-2019 10:22,1
6383,1,100,17,1700,3192,1,09-05-2023 17:41,1
6384,2,120,14,1680,3192,1,09-10-2023 12:15,1
6385,1,100,12,1200,3193,1,18-11-2021 16:52,1
6386,2,120,7,840,3193,1,28-05-2019 11:35,1
6387,1,100,37,3700,3194,1,26-03-2022 15:13,1
6388,2,120,28,3360,3194,1,27-05-2022 18:24,1
6389,1,100,43,4300,3195,1,07-09-2020 18:13,1
6390,2,120,24,2880,3195,1,02-09-2022 19:24,1
6391,1,100,26,2600,3196,1,31-12-2022 19:54,1
6392,2,120,40,4800,3196,1,11-12-2023 19:41,1
6393,1,100,39,3900,3197,1,06-10-2021 19:54,1
6394,2,120,12,1440,3197,1,04-10-2019 12:06,1
6395,1,100,7,700,3198,1,13-07-2022 10:37,1
6396,2,120,19,2280,3198,1,11-06-2023 14:25,1
6397,1,100,33,3300,3199,1,22-09-2023 10:31,1
6398,2,120,26,3120,3199,1,16-07-2023 11:03,1
6399,1,100,15,1500,3200,1,14-10-2023 16:44,1
6400,2,120,24,2880,3200,1,17-11-2023 11:08,1
6401,1,100,16,1600,3201,1,20-07-2019 11:04,1
6402,2,120,10,1200,3201,1,28-09-2020 14:11,1
6403,1,100,14,1400,3202,1,17-05-2019 15:33,1
6404,2,120,15,1800,3202,1,27-09-2019 16:11,1
6405,1,100,16,1600,3203,1,13-07-2022 18:32,1
6406,2,120,14,1680,3203,1,28-11-2019 13:28,1
6407,1,100,16,1600,3204,1,15-03-2019 14:08,1
6408,2,120,35,4200,3204,1,18-11-2022 14:33,1
6409,1,100,15,1500,3205,1,02-07-2022 11:14,1
6410,2,120,46,5520,3205,1,14-01-2022 13:39,1
6411,1,100,45,4500,3206,1,16-01-2022 17:29,1
6412,2,120,15,1800,3206,1,16-11-2022 13:31,1
6413,1,100,15,1500,3207,1,11-09-2023 16:33,1
6414,2,120,32,3840,3207,1,14-11-2023 19:45,1
6415,1,100,42,4200,3208,1,06-07-2021 12:44,1
6416,2,120,11,1320,3208,1,14-05-2019 15:08,1
6417,1,100,27,2700,3209,1,17-12-2022 17:56,1
6418,2,120,35,4200,3209,1,14-03-2019 17:58,1
6419,1,100,17,1700,3210,1,17-05-2023 15:16,1
6420,2,120,30,3600,3210,1,12-07-2021 16:06,1
6421,1,100,33,3300,3211,1,18-04-2021 15:34,1
6422,2,120,14,1680,3211,1,19-08-2019 12:04,1
6423,1,100,49,4900,3212,1,02-09-2020 19:38,1
6424,2,120,41,4920,3212,1,09-03-2019 10:58,1
6425,1,100,34,3400,3213,1,25-01-2022 10:13,1
6426,2,120,5,600,3213,1,18-06-2023 12:44,1
6427,1,100,26,2600,3214,1,09-05-2023 10:41,1
6428,2,120,42,5040,3214,1,20-01-2023 10:28,1
6429,1,100,19,1900,3215,1,14-01-2023 19:23,1
6430,2,120,15,1800,3215,1,24-05-2019 19:56,1
6431,1,100,10,1000,3216,1,08-06-2019 17:38,1
6432,2,120,21,2520,3216,1,27-03-2021 15:55,1
6433,1,100,48,4800,3217,1,18-01-2021 12:19,1
6434,2,120,25,3000,3217,1,02-04-2019 12:05,1
6435,1,100,1,100,3218,1,15-01-2020 14:40,1
6436,2,120,47,5640,3218,1,22-10-2021 17:49,1
6437,1,100,15,1500,3219,1,20-04-2020 11:53,1
6438,2,120,11,1320,3219,1,30-11-2021 12:22,1
6439,1,100,27,2700,3220,1,12-10-2023 18:55,1
6440,2,120,21,2520,3220,1,11-03-2019 17:23,1
6441,1,100,41,4100,3221,1,03-03-2022 14:17,1
6442,2,120,35,4200,3221,1,26-12-2020 13:16,1
6443,1,100,32,3200,3222,1,20-10-2022 11:53,1
6444,2,120,42,5040,3222,1,02-04-2020 11:49,1
6445,1,100,50,5000,3223,1,08-04-2023 13:45,1
6446,2,120,30,3600,3223,1,11-08-2023 16:09,1
6447,1,100,29,2900,3224,1,20-01-2023 11:11,1
6448,2,120,28,3360,3224,1,31-07-2019 16:17,1
6449,1,100,18,1800,3225,1,19-02-2019 12:57,1
6450,2,120,19,2280,3225,1,13-07-2020 14:22,1
6451,1,100,4,400,3226,1,24-02-2021 16:14,1
6452,2,120,12,1440,3226,1,07-05-2022 12:04,1
6453,1,100,48,4800,3227,1,20-05-2022 18:26,1
6454,2,120,6,720,3227,1,26-01-2019 17:17,1
6455,1,100,29,2900,3228,1,14-09-2023 12:33,1
6456,2,120,26,3120,3228,1,21-07-2019 10:55,1
6457,1,100,41,4100,3229,1,30-12-2021 11:36,1
6458,2,120,42,5040,3229,1,21-10-2020 19:38,1
6459,1,100,26,2600,3230,1,11-06-2023 17:31,1
6460,2,120,2,240,3230,1,23-03-2021 18:17,1
6461,1,100,6,600,3231,1,22-04-2023 10:46,1
6462,2,120,46,5520,3231,1,04-01-2023 12:40,1
6463,1,100,17,1700,3232,1,18-02-2019 14:22,1
6464,2,120,34,4080,3232,1,15-09-2019 19:46,1
6465,1,100,17,1700,3233,1,08-10-2021 10:50,1
6466,2,120,48,5760,3233,1,21-01-2022 13:13,1
6467,1,100,10,1000,3234,1,10-11-2020 15:11,1
6468,2,120,12,1440,3234,1,16-07-2019 11:06,1
6469,1,100,21,2100,3235,1,05-11-2019 13:34,1
6470,2,120,21,2520,3235,1,18-10-2019 17:10,1
6471,1,100,35,3500,3236,1,08-07-2021 10:50,1
6472,2,120,23,2760,3236,1,12-04-2020 15:55,1
6473,1,100,7,700,3237,1,21-07-2022 15:11,1
6474,2,120,3,360,3237,1,18-07-2021 17:42,1
6475,1,100,28,2800,3238,1,08-08-2023 19:54,1
6476,2,120,50,6000,3238,1,21-05-2021 16:38,1
6477,1,100,41,4100,3239,1,09-11-2023 16:20,1
6478,2,120,6,720,3239,1,10-04-2021 15:26,1
6479,1,100,6,600,3240,1,23-01-2023 11:43,1
6480,2,120,37,4440,3240,1,26-06-2023 16:59,1
6481,1,100,16,1600,3241,1,20-05-2021 18:51,1
6482,2,120,14,1680,3241,1,28-12-2019 12:07,1
6483,1,100,36,3600,3242,1,01-06-2021 16:36,1
6484,2,120,35,4200,3242,1,04-11-2023 12:01,1
6485,1,100,34,3400,3243,1,01-07-2023 12:39,1
6486,2,120,15,1800,3243,1,30-01-2022 17:30,1
6487,1,100,11,1100,3244,1,28-04-2023 19:32,1
6488,2,120,31,3720,3244,1,26-07-2020 15:19,1
6489,1,100,15,1500,3245,1,10-04-2023 19:44,1
6490,2,120,5,600,3245,1,17-04-2022 19:27,1
6491,1,100,49,4900,3246,1,26-01-2019 17:47,1
6492,2,120,14,1680,3246,1,13-04-2020 17:30,1
6493,1,100,19,1900,3247,1,15-11-2021 19:12,1
6494,2,120,9,1080,3247,1,08-11-2020 13:58,1
6495,1,100,22,2200,3248,1,10-04-2022 15:38,1
6496,2,120,19,2280,3248,1,28-11-2022 13:07,1
6497,1,100,15,1500,3249,1,01-09-2023 15:57,1
6498,2,120,37,4440,3249,1,07-10-2019 19:28,1
6499,1,100,21,2100,3250,1,23-05-2023 10:08,1
6500,2,120,18,2160,3250,1,14-12-2020 13:26,1
6501,1,100,50,5000,3251,1,05-03-2022 11:35,1
6502,2,120,18,2160,3251,1,14-08-2019 12:23,1
6503,1,100,4,400,3252,1,20-12-2021 19:38,1
6504,2,120,27,3240,3252,1,24-07-2023 16:37,1
6505,1,100,40,4000,3253,1,07-06-2019 15:35,1
6506,2,120,27,3240,3253,1,02-02-2023 13:15,1
6507,1,100,18,1800,3254,1,09-10-2023 16:57,1
6508,2,120,37,4440,3254,1,13-07-2023 15:17,1
6509,1,100,22,2200,3255,1,02-06-2020 13:45,1
6510,2,120,45,5400,3255,1,30-03-2021 12:41,1
6511,1,100,20,2000,3256,1,28-09-2023 18:17,1
6512,2,120,12,1440,3256,1,29-01-2022 18:38,1
6513,1,100,12,1200,3257,1,30-10-2022 14:36,1
6514,2,120,35,4200,3257,1,27-09-2023 13:52,1
6515,1,100,29,2900,3258,1,23-03-2020 15:05,1
6516,2,120,11,1320,3258,1,06-04-2023 11:19,1
6517,1,100,12,1200,3259,1,02-04-2021 13:09,1
6518,2,120,19,2280,3259,1,27-09-2022 11:57,1
6519,1,100,11,1100,3260,1,09-09-2022 10:29,1
6520,2,120,45,5400,3260,1,14-06-2019 14:42,1
6521,1,100,31,3100,3261,1,31-12-2021 19:09,1
6522,2,120,38,4560,3261,1,23-02-2020 14:51,1
6523,1,100,32,3200,3262,1,14-07-2020 16:39,1
6524,2,120,37,4440,3262,1,04-03-2019 11:46,1
6525,1,100,45,4500,3263,1,30-06-2020 16:40,1
6526,2,120,42,5040,3263,1,29-03-2020 18:34,1
6527,1,100,35,3500,3264,1,17-03-2022 16:24,1
6528,2,120,8,960,3264,1,16-08-2022 14:06,1
6529,1,100,2,200,3265,1,18-05-2022 10:31,1
6530,2,120,12,1440,3265,1,01-06-2023 19:32,1
6531,1,100,17,1700,3266,1,18-08-2021 15:19,1
6532,2,120,35,4200,3266,1,16-05-2019 17:29,1
6533,1,100,20,2000,3267,1,05-04-2020 19:03,1
6534,2,120,8,960,3267,1,24-11-2022 17:47,1
6535,1,100,12,1200,3268,1,18-12-2023 11:32,1
6536,2,120,1,120,3268,1,12-04-2021 13:23,1
6537,1,100,49,4900,3269,1,10-06-2019 14:48,1
6538,2,120,31,3720,3269,1,04-06-2021 19:14,1
6539,1,100,7,700,3270,1,19-12-2021 18:14,1
6540,2,120,2,240,3270,1,30-01-2022 11:50,1
6541,1,100,24,2400,3271,1,06-08-2020 15:25,1
6542,2,120,10,1200,3271,1,20-01-2020 18:23,1
6543,1,100,37,3700,3272,1,13-12-2020 11:58,1
6544,2,120,5,600,3272,1,20-07-2023 14:29,1
6545,1,100,19,1900,3273,1,16-02-2019 19:46,1
6546,2,120,12,1440,3273,1,10-04-2022 10:24,1
6547,1,100,38,3800,3274,1,05-05-2020 14:15,1
6548,2,120,45,5400,3274,1,11-06-2021 15:30,1
6549,1,100,6,600,3275,1,20-09-2020 13:28,1
6550,2,120,22,2640,3275,1,26-03-2021 16:25,1
6551,1,100,1,100,3276,1,14-01-2023 15:30,1
6552,2,120,15,1800,3276,1,19-02-2019 13:13,1
6553,1,100,18,1800,3277,1,05-07-2021 14:23,1
6554,2,120,18,2160,3277,1,09-06-2020 14:21,1
6555,1,100,1,100,3278,1,07-01-2023 16:23,1
6556,2,120,47,5640,3278,1,11-05-2019 10:23,1
6557,1,100,37,3700,3279,1,14-11-2020 10:15,1
6558,2,120,23,2760,3279,1,30-04-2020 10:45,1
6559,1,100,33,3300,3280,1,21-05-2022 16:22,1
6560,2,120,3,360,3280,1,18-01-2022 14:46,1
6561,1,100,32,3200,3281,1,23-03-2019 10:10,1
6562,2,120,50,6000,3281,1,23-06-2020 12:09,1
6563,1,100,29,2900,3282,1,04-10-2023 12:18,1
6564,2,120,26,3120,3282,1,12-03-2021 19:18,1
6565,1,100,19,1900,3283,1,05-12-2019 13:08,1
6566,2,120,20,2400,3283,1,08-04-2021 18:53,1
6567,1,100,49,4900,3284,1,28-01-2020 19:53,1
6568,2,120,12,1440,3284,1,21-01-2021 11:13,1
6569,1,100,10,1000,3285,1,03-09-2019 18:25,1
6570,2,120,43,5160,3285,1,20-08-2020 15:38,1
6571,1,100,48,4800,3286,1,20-11-2021 11:15,1
6572,2,120,5,600,3286,1,08-11-2023 10:55,1
6573,1,100,15,1500,3287,1,22-10-2023 12:30,1
6574,2,120,40,4800,3287,1,08-09-2023 15:17,1
6575,1,100,20,2000,3288,1,05-04-2022 15:53,1
6576,2,120,26,3120,3288,1,23-03-2020 18:38,1
6577,1,100,40,4000,3289,1,30-12-2019 14:18,1
6578,2,120,16,1920,3289,1,07-04-2019 15:12,1
6579,1,100,22,2200,3290,1,16-11-2023 11:24,1
6580,2,120,30,3600,3290,1,10-03-2021 19:23,1
6581,1,100,26,2600,3291,1,29-03-2020 13:04,1
6582,2,120,17,2040,3291,1,25-04-2021 16:15,1
6583,1,100,32,3200,3292,1,04-02-2019 13:05,1
6584,2,120,29,3480,3292,1,21-09-2022 14:44,1
6585,1,100,10,1000,3293,1,05-02-2019 16:22,1
6586,2,120,11,1320,3293,1,25-12-2021 11:43,1
6587,1,100,16,1600,3294,1,14-05-2021 16:12,1
6588,2,120,50,6000,3294,1,27-06-2021 11:28,1
6589,1,100,47,4700,3295,1,06-03-2023 18:58,1
6590,2,120,5,600,3295,1,18-02-2020 19:15,1
6591,1,100,17,1700,3296,1,09-03-2020 16:29,1
6592,2,120,3,360,3296,1,05-04-2019 17:42,1
6593,1,100,42,4200,3297,1,23-02-2023 10:44,1
6594,2,120,35,4200,3297,1,25-11-2019 13:48,1
6595,1,100,26,2600,3298,1,12-05-2022 15:46,1
6596,2,120,17,2040,3298,1,11-06-2023 14:58,1
6597,1,100,19,1900,3299,1,18-05-2021 19:10,1
6598,2,120,48,5760,3299,1,25-08-2022 13:50,1
6599,1,100,25,2500,3300,1,14-12-2023 19:07,1
6600,2,120,46,5520,3300,1,09-01-2020 13:19,1
6601,1,100,35,3500,3301,1,30-08-2019 12:43,1
6602,2,120,12,1440,3301,1,10-07-2019 15:52,1
6603,1,100,45,4500,3302,1,14-10-2019 13:19,1
6604,2,120,28,3360,3302,1,08-09-2023 18:27,1
6605,1,100,2,200,3303,1,22-06-2020 14:40,1
6606,2,120,19,2280,3303,1,12-11-2022 12:30,1
6607,1,100,12,1200,3304,1,23-05-2020 10:16,1
6608,2,120,10,1200,3304,1,19-08-2023 17:39,1
6609,1,100,31,3100,3305,1,21-10-2021 11:55,1
6610,2,120,18,2160,3305,1,27-10-2022 11:30,1
6611,1,100,8,800,3306,1,15-09-2021 16:12,1
6612,2,120,10,1200,3306,1,20-06-2021 13:44,1
6613,1,100,3,300,3307,1,19-11-2020 17:12,1
6614,2,120,36,4320,3307,1,14-06-2022 13:36,1
6615,1,100,32,3200,3308,1,18-07-2022 16:26,1
6616,2,120,27,3240,3308,1,23-11-2021 10:57,1
6617,1,100,23,2300,3309,1,02-07-2020 19:34,1
6618,2,120,21,2520,3309,1,17-05-2022 12:32,1
6619,1,100,9,900,3310,1,05-03-2021 14:33,1
6620,2,120,18,2160,3310,1,21-11-2023 11:28,1
6621,1,100,41,4100,3311,1,01-09-2022 10:29,1
6622,2,120,12,1440,3311,1,03-07-2021 12:19,1
6623,1,100,28,2800,3312,1,08-02-2022 13:27,1
6624,2,120,23,2760,3312,1,28-12-2021 17:35,1
6625,1,100,21,2100,3313,1,01-04-2021 13:09,1
6626,2,120,13,1560,3313,1,20-06-2020 14:51,1
6627,1,100,6,600,3314,1,13-08-2021 13:24,1
6628,2,120,46,5520,3314,1,15-08-2020 14:51,1
6629,1,100,16,1600,3315,1,03-10-2021 18:49,1
6630,2,120,41,4920,3315,1,07-08-2021 13:27,1
6631,1,100,4,400,3316,1,09-04-2019 10:52,1
6632,2,120,21,2520,3316,1,14-11-2021 10:42,1
6633,1,100,21,2100,3317,1,22-01-2021 17:56,1
6634,2,120,43,5160,3317,1,21-04-2019 18:50,1
6635,1,100,32,3200,3318,1,25-11-2020 10:36,1
6636,2,120,15,1800,3318,1,04-09-2023 15:11,1
6637,1,100,12,1200,3319,1,13-09-2021 18:46,1
6638,2,120,26,3120,3319,1,04-05-2019 13:44,1
6639,1,100,46,4600,3320,1,21-05-2019 15:47,1
6640,2,120,46,5520,3320,1,30-01-2019 12:05,1
6641,1,100,26,2600,3321,1,28-08-2020 18:31,1
6642,2,120,21,2520,3321,1,25-04-2022 15:23,1
6643,1,100,38,3800,3322,1,13-12-2021 12:06,1
6644,2,120,13,1560,3322,1,19-08-2023 19:28,1
6645,1,100,6,600,3323,1,10-02-2022 10:19,1
6646,2,120,19,2280,3323,1,12-05-2022 18:17,1
6647,1,100,13,1300,3324,1,04-05-2022 10:24,1
6648,2,120,4,480,3324,1,04-12-2021 16:20,1
6649,1,100,28,2800,3325,1,10-08-2022 17:59,1
6650,2,120,20,2400,3325,1,28-05-2021 18:23,1
6651,1,100,28,2800,3326,1,07-07-2020 15:14,1
6652,2,120,28,3360,3326,1,27-02-2023 12:38,1
6653,1,100,31,3100,3327,1,08-06-2020 11:19,1
6654,2,120,50,6000,3327,1,28-04-2021 12:58,1
6655,1,100,48,4800,3328,1,23-02-2020 15:32,1
6656,2,120,26,3120,3328,1,12-03-2022 19:09,1
6657,1,100,21,2100,3329,1,29-04-2022 16:50,1
6658,2,120,22,2640,3329,1,18-02-2022 12:06,1
6659,1,100,21,2100,3330,1,10-01-2019 17:48,1
6660,2,120,37,4440,3330,1,05-04-2021 13:08,1
6661,1,100,38,3800,3331,1,06-01-2023 19:32,1
6662,2,120,38,4560,3331,1,26-05-2021 12:22,1
6663,1,100,1,100,3332,1,23-11-2021 11:48,1
6664,2,120,40,4800,3332,1,21-10-2022 13:46,1
6665,1,100,2,200,3333,1,17-12-2021 18:21,1
6666,2,120,50,6000,3333,1,07-07-2023 17:28,1
6667,1,100,18,1800,3334,1,18-10-2020 18:07,1
6668,2,120,33,3960,3334,1,04-01-2019 15:02,1
6669,1,100,4,400,3335,1,01-11-2021 16:54,1
6670,2,120,28,3360,3335,1,20-03-2022 16:41,1
6671,1,100,33,3300,3336,1,07-02-2022 19:25,1
6672,2,120,23,2760,3336,1,16-08-2019 10:28,1
6673,1,100,27,2700,3337,1,30-10-2022 17:26,1
6674,2,120,10,1200,3337,1,09-08-2023 18:57,1
6675,1,100,13,1300,3338,1,29-01-2022 17:39,1
6676,2,120,28,3360,3338,1,28-07-2019 14:07,1
6677,1,100,9,900,3339,1,17-03-2020 18:35,1
6678,2,120,26,3120,3339,1,20-06-2021 12:14,1
6679,1,100,31,3100,3340,1,14-01-2021 17:45,1
6680,2,120,27,3240,3340,1,15-07-2019 17:28,1
6681,1,100,45,4500,3341,1,27-05-2023 15:44,1
6682,2,120,33,3960,3341,1,10-02-2021 15:02,1
6683,1,100,12,1200,3342,1,15-04-2019 16:57,1
6684,2,120,11,1320,3342,1,01-02-2022 11:17,1
6685,1,100,8,800,3343,1,01-12-2023 17:05,1
6686,2,120,36,4320,3343,1,14-02-2023 13:35,1
6687,1,100,50,5000,3344,1,28-01-2021 10:17,1
6688,2,120,43,5160,3344,1,03-01-2019 11:06,1
6689,1,100,42,4200,3345,1,03-10-2020 19:28,1
6690,2,120,38,4560,3345,1,21-01-2021 17:26,1
6691,1,100,5,500,3346,1,25-07-2023 16:43,1
6692,2,120,5,600,3346,1,18-04-2019 15:26,1
6693,1,100,38,3800,3347,1,03-10-2020 11:18,1
6694,2,120,4,480,3347,1,13-02-2023 13:14,1
6695,1,100,19,1900,3348,1,16-01-2019 18:52,1
6696,2,120,19,2280,3348,1,24-01-2021 16:32,1
6697,1,100,10,1000,3349,1,09-12-2021 16:36,1
6698,2,120,29,3480,3349,1,17-09-2022 11:10,1
6699,1,100,13,1300,3350,1,01-09-2021 16:52,1
6700,2,120,5,600,3350,1,25-02-2019 18:02,1
6701,1,100,6,600,3351,1,09-03-2019 12:05,1
6702,2,120,10,1200,3351,1,21-03-2020 12:19,1
6703,1,100,29,2900,3352,1,08-05-2019 17:42,1
6704,2,120,32,3840,3352,1,30-06-2019 13:39,1
6705,1,100,31,3100,3353,1,12-01-2021 17:12,1
6706,2,120,49,5880,3353,1,18-04-2021 19:52,1
6707,1,100,19,1900,3354,1,02-05-2022 18:38,1
6708,2,120,17,2040,3354,1,13-08-2020 15:19,1
6709,1,100,18,1800,3355,1,09-06-2022 11:00,1
6710,2,120,31,3720,3355,1,07-04-2022 10:47,1
6711,1,100,4,400,3356,1,25-10-2022 11:32,1
6712,2,120,39,4680,3356,1,25-01-2021 17:42,1
6713,1,100,6,600,3357,1,22-02-2020 16:17,1
6714,2,120,39,4680,3357,1,10-03-2023 12:04,1
6715,1,100,40,4000,3358,1,03-11-2022 10:09,1
6716,2,120,16,1920,3358,1,19-07-2021 19:31,1
6717,1,100,4,400,3359,1,18-09-2020 15:33,1
6718,2,120,39,4680,3359,1,19-09-2022 17:10,1
6719,1,100,36,3600,3360,1,21-01-2023 16:49,1
6720,2,120,12,1440,3360,1,29-03-2022 12:34,1
6721,1,100,38,3800,3361,1,04-07-2021 18:29,1
6722,2,120,7,840,3361,1,23-12-2023 19:19,1
6723,1,100,42,4200,3362,1,08-04-2019 11:43,1
6724,2,120,31,3720,3362,1,25-04-2020 17:49,1
6725,1,100,46,4600,3363,1,01-11-2021 17:15,1
6726,2,120,2,240,3363,1,18-09-2020 15:36,1
6727,1,100,34,3400,3364,1,20-05-2020 13:44,1
6728,2,120,11,1320,3364,1,09-05-2023 19:13,1
6729,1,100,9,900,3365,1,09-02-2019 13:25,1
6730,2,120,48,5760,3365,1,16-04-2022 16:24,1
6731,1,100,8,800,3366,1,14-07-2022 10:45,1
6732,2,120,28,3360,3366,1,02-08-2021 15:30,1
6733,1,100,8,800,3367,1,27-11-2022 15:11,1
6734,2,120,12,1440,3367,1,14-02-2019 16:15,1
6735,1,100,22,2200,3368,1,26-12-2022 18:26,1
6736,2,120,15,1800,3368,1,23-03-2021 10:29,1
6737,1,100,24,2400,3369,1,23-01-2020 10:16,1
6738,2,120,10,1200,3369,1,14-11-2020 10:08,1
6739,1,100,20,2000,3370,1,06-01-2019 12:28,1
6740,2,120,10,1200,3370,1,30-06-2022 16:10,1
6741,1,100,37,3700,3371,1,30-12-2023 15:54,1
6742,2,120,37,4440,3371,1,15-05-2023 19:51,1
6743,1,100,14,1400,3372,1,21-10-2021 12:50,1
6744,2,120,38,4560,3372,1,25-02-2022 13:32,1
6745,1,100,39,3900,3373,1,02-12-2021 14:41,1
6746,2,120,17,2040,3373,1,27-10-2019 16:43,1
6747,1,100,4,400,3374,1,24-12-2021 13:13,1
6748,2,120,29,3480,3374,1,02-07-2020 17:23,1
6749,1,100,42,4200,3375,1,12-05-2020 15:44,1
6750,2,120,17,2040,3375,1,05-10-2021 17:00,1
6751,1,100,1,100,3376,1,15-01-2019 12:48,1
6752,2,120,41,4920,3376,1,31-07-2021 15:56,1
6753,1,100,40,4000,3377,1,12-05-2021 16:57,1
6754,2,120,1,120,3377,1,23-10-2019 10:49,1
6755,1,100,19,1900,3378,1,08-03-2023 15:50,1
6756,2,120,27,3240,3378,1,18-06-2023 10:46,1
6757,1,100,25,2500,3379,1,29-12-2020 16:07,1
6758,2,120,19,2280,3379,1,05-02-2023 17:52,1
6759,1,100,50,5000,3380,1,02-01-2020 17:30,1
6760,2,120,30,3600,3380,1,04-08-2022 14:53,1
6761,1,100,33,3300,3381,1,12-07-2022 10:07,1
6762,2,120,1,120,3381,1,11-03-2023 16:34,1
6763,1,100,9,900,3382,1,13-09-2020 13:10,1
6764,2,120,27,3240,3382,1,03-03-2023 10:30,1
6765,1,100,33,3300,3383,1,12-11-2022 13:06,1
6766,2,120,11,1320,3383,1,06-05-2020 17:13,1
6767,1,100,9,900,3384,1,17-07-2021 12:24,1
6768,2,120,43,5160,3384,1,14-09-2019 18:42,1
6769,1,100,28,2800,3385,1,22-03-2019 19:52,1
6770,2,120,1,120,3385,1,28-04-2020 17:53,1
6771,1,100,49,4900,3386,1,04-08-2021 18:06,1
6772,2,120,48,5760,3386,1,12-11-2022 11:00,1
6773,1,100,49,4900,3387,1,13-12-2023 14:10,1
6774,2,120,6,720,3387,1,21-07-2023 12:49,1
6775,1,100,24,2400,3388,1,22-01-2020 19:10,1
6776,2,120,29,3480,3388,1,31-08-2023 11:33,1
6777,1,100,22,2200,3389,1,15-09-2019 18:45,1
6778,2,120,9,1080,3389,1,30-09-2019 16:54,1
6779,1,100,41,4100,3390,1,28-07-2022 12:13,1
6780,2,120,17,2040,3390,1,25-07-2022 15:31,1
6781,1,100,13,1300,3391,1,13-07-2021 19:07,1
6782,2,120,33,3960,3391,1,20-01-2020 11:12,1
6783,1,100,12,1200,3392,1,22-06-2023 12:48,1
6784,2,120,42,5040,3392,1,06-10-2021 11:43,1
6785,1,100,47,4700,3393,1,16-12-2019 13:43,1
6786,2,120,35,4200,3393,1,27-10-2021 14:11,1
6787,1,100,36,3600,3394,1,28-06-2023 11:02,1
6788,2,120,50,6000,3394,1,30-12-2020 18:09,1
6789,1,100,3,300,3395,1,27-06-2021 12:55,1
6790,2,120,44,5280,3395,1,21-02-2020 14:14,1
6791,1,100,21,2100,3396,1,27-03-2022 16:57,1
6792,2,120,33,3960,3396,1,08-05-2023 12:15,1
6793,1,100,25,2500,3397,1,10-07-2022 16:06,1
6794,2,120,6,720,3397,1,16-12-2020 18:47,1
6795,1,100,34,3400,3398,1,18-07-2022 13:03,1
6796,2,120,48,5760,3398,1,07-04-2020 19:42,1
6797,1,100,9,900,3399,1,18-03-2019 14:33,1
6798,2,120,18,2160,3399,1,22-04-2020 18:44,1
6799,1,100,35,3500,3400,1,08-09-2021 13:13,1
6800,2,120,38,4560,3400,1,22-10-2022 18:01,1
6801,1,100,46,4600,3401,1,14-06-2020 12:18,1
6802,2,120,34,4080,3401,1,07-02-2022 15:22,1
6803,1,100,45,4500,3402,1,03-05-2020 11:50,1
6804,2,120,50,6000,3402,1,26-10-2020 18:39,1
6805,1,100,47,4700,3403,1,22-10-2022 19:48,1
6806,2,120,24,2880,3403,1,07-01-2020 18:01,1
6807,1,100,20,2000,3404,1,10-04-2019 19:40,1
6808,2,120,33,3960,3404,1,19-09-2021 18:04,1
6809,1,100,22,2200,3405,1,14-06-2023 10:53,1
6810,2,120,29,3480,3405,1,08-02-2022 19:23,1
6811,1,100,44,4400,3406,1,16-06-2022 18:52,1
6812,2,120,49,5880,3406,1,10-02-2022 12:12,1
6813,1,100,10,1000,3407,1,25-12-2019 13:42,1
6814,2,120,15,1800,3407,1,01-05-2020 16:48,1
6815,1,100,41,4100,3408,1,12-12-2021 13:53,1
6816,2,120,10,1200,3408,1,21-06-2022 15:05,1
6817,1,100,46,4600,3409,1,11-02-2020 13:28,1
6818,2,120,13,1560,3409,1,19-10-2023 15:51,1
6819,1,100,43,4300,3410,1,13-01-2023 18:47,1
6820,2,120,12,1440,3410,1,13-01-2022 18:51,1
6821,1,100,26,2600,3411,1,23-08-2023 10:14,1
6822,2,120,6,720,3411,1,27-05-2021 11:10,1
6823,1,100,22,2200,3412,1,18-10-2020 18:05,1
6824,2,120,42,5040,3412,1,10-09-2022 17:48,1
6825,1,100,24,2400,3413,1,23-04-2020 18:42,1
6826,2,120,34,4080,3413,1,26-08-2021 18:38,1
6827,1,100,1,100,3414,1,15-05-2020 16:42,1
6828,2,120,33,3960,3414,1,20-10-2023 12:12,1
6829,1,100,10,1000,3415,1,29-05-2019 17:24,1
6830,2,120,25,3000,3415,1,14-02-2021 11:25,1
6831,1,100,48,4800,3416,1,13-03-2021 11:16,1
6832,2,120,29,3480,3416,1,24-11-2020 13:04,1
6833,1,100,23,2300,3417,1,18-04-2023 17:00,1
6834,2,120,48,5760,3417,1,14-05-2019 18:28,1
6835,1,100,38,3800,3418,1,19-09-2019 12:50,1
6836,2,120,34,4080,3418,1,29-08-2023 14:47,1
6837,1,100,49,4900,3419,1,02-01-2022 17:00,1
6838,2,120,6,720,3419,1,11-01-2023 15:53,1
6839,1,100,14,1400,3420,1,18-03-2020 12:59,1
6840,2,120,48,5760,3420,1,10-01-2019 14:23,1
6841,1,100,16,1600,3421,1,27-12-2021 11:05,1
6842,2,120,47,5640,3421,1,28-12-2020 16:25,1
6843,1,100,38,3800,3422,1,27-05-2021 19:56,1
6844,2,120,50,6000,3422,1,10-06-2023 16:34,1
6845,1,100,26,2600,3423,1,26-12-2021 13:54,1
6846,2,120,6,720,3423,1,15-06-2019 13:30,1
6847,1,100,9,900,3424,1,25-10-2019 16:19,1
6848,2,120,39,4680,3424,1,09-09-2020 10:07,1
6849,1,100,40,4000,3425,1,07-07-2019 14:17,1
6850,2,120,12,1440,3425,1,05-07-2023 14:53,1
6851,1,100,42,4200,3426,1,21-08-2022 10:18,1
6852,2,120,47,5640,3426,1,07-11-2023 17:28,1
6853,1,100,42,4200,3427,1,17-01-2021 11:02,1
6854,2,120,48,5760,3427,1,25-04-2020 19:40,1
6855,1,100,27,2700,3428,1,05-08-2022 18:23,1
6856,2,120,31,3720,3428,1,10-05-2020 12:54,1
6857,1,100,42,4200,3429,1,03-05-2021 13:43,1
6858,2,120,36,4320,3429,1,22-10-2022 18:34,1
6859,1,100,28,2800,3430,1,12-04-2022 12:52,1
6860,2,120,27,3240,3430,1,13-11-2023 13:28,1
6861,1,100,30,3000,3431,1,22-06-2021 12:30,1
6862,2,120,18,2160,3431,1,04-09-2020 18:13,1
6863,1,100,50,5000,3432,1,14-11-2019 14:00,1
6864,2,120,3,360,3432,1,20-01-2021 17:19,1
6865,1,100,24,2400,3433,1,31-12-2022 14:34,1
6866,2,120,34,4080,3433,1,02-02-2020 16:37,1
6867,1,100,41,4100,3434,1,05-05-2019 12:01,1
6868,2,120,16,1920,3434,1,06-07-2021 11:42,1
6869,1,100,16,1600,3435,1,20-02-2021 14:41,1
6870,2,120,49,5880,3435,1,14-12-2020 13:10,1
6871,1,100,37,3700,3436,1,25-10-2023 11:36,1
6872,2,120,18,2160,3436,1,18-09-2022 19:33,1
6873,1,100,12,1200,3437,1,31-07-2021 10:17,1
6874,2,120,5,600,3437,1,18-09-2023 10:16,1
6875,1,100,23,2300,3438,1,20-06-2021 15:59,1
6876,2,120,6,720,3438,1,27-10-2023 15:06,1
6877,1,100,20,2000,3439,1,29-12-2020 14:25,1
6878,2,120,21,2520,3439,1,22-02-2023 11:55,1
6879,1,100,22,2200,3440,1,30-03-2021 15:25,1
6880,2,120,34,4080,3440,1,15-08-2019 17:55,1
6881,1,100,20,2000,3441,1,29-01-2019 10:13,1
6882,2,120,9,1080,3441,1,05-03-2020 15:06,1
6883,1,100,43,4300,3442,1,15-11-2022 14:19,1
6884,2,120,24,2880,3442,1,19-03-2020 19:07,1
6885,1,100,47,4700,3443,1,18-08-2023 15:38,1
6886,2,120,35,4200,3443,1,17-09-2022 15:25,1
6887,1,100,4,400,3444,1,25-10-2022 14:42,1
6888,2,120,30,3600,3444,1,19-05-2020 16:46,1
6889,1,100,25,2500,3445,1,07-10-2023 18:55,1
6890,2,120,32,3840,3445,1,24-11-2021 17:24,1
6891,1,100,37,3700,3446,1,03-12-2021 14:21,1
6892,2,120,16,1920,3446,1,06-11-2019 16:29,1
6893,1,100,25,2500,3447,1,16-02-2019 17:31,1
6894,2,120,40,4800,3447,1,12-03-2019 19:45,1
6895,1,100,35,3500,3448,1,16-10-2021 12:46,1
6896,2,120,12,1440,3448,1,16-01-2023 16:12,1
6897,1,100,31,3100,3449,1,13-03-2021 13:27,1
6898,2,120,46,5520,3449,1,23-08-2020 13:38,1
6899,1,100,38,3800,3450,1,26-01-2020 11:56,1
6900,2,120,39,4680,3450,1,17-09-2022 15:19,1
6901,1,100,3,300,3451,1,09-01-2021 18:57,1
6902,2,120,9,1080,3451,1,01-03-2022 11:29,1
6903,1,100,14,1400,3452,1,30-09-2019 13:33,1
6904,2,120,14,1680,3452,1,12-06-2021 15:17,1
6905,1,100,18,1800,3453,1,28-12-2020 18:54,1
6906,2,120,11,1320,3453,1,14-05-2020 19:07,1
6907,1,100,25,2500,3454,1,09-06-2022 16:22,1
6908,2,120,21,2520,3454,1,22-12-2022 11:31,1
6909,1,100,16,1600,3455,1,30-08-2023 15:18,1
6910,2,120,11,1320,3455,1,09-11-2023 15:33,1
6911,1,100,16,1600,3456,1,29-11-2019 14:51,1
6912,2,120,3,360,3456,1,22-02-2020 19:46,1
6913,1,100,25,2500,3457,1,29-07-2021 18:21,1
6914,2,120,12,1440,3457,1,12-02-2021 13:12,1
6915,1,100,36,3600,3458,1,28-01-2022 19:40,1
6916,2,120,18,2160,3458,1,26-07-2019 19:38,1
6917,1,100,33,3300,3459,1,09-10-2022 18:02,1
6918,2,120,36,4320,3459,1,08-01-2022 13:45,1
6919,1,100,7,700,3460,1,11-08-2020 19:15,1
6920,2,120,45,5400,3460,1,07-08-2023 17:59,1
6921,1,100,6,600,3461,1,25-11-2020 10:04,1
6922,2,120,16,1920,3461,1,22-11-2019 17:14,1
6923,1,100,7,700,3462,1,21-10-2020 10:37,1
6924,2,120,43,5160,3462,1,17-05-2021 18:52,1
6925,1,100,48,4800,3463,1,06-10-2022 17:36,1
6926,2,120,29,3480,3463,1,21-08-2019 10:12,1
6927,1,100,35,3500,3464,1,22-07-2021 12:17,1
6928,2,120,36,4320,3464,1,18-07-2019 12:41,1
6929,1,100,19,1900,3465,1,02-05-2023 16:59,1
6930,2,120,1,120,3465,1,30-03-2023 11:52,1
6931,1,100,43,4300,3466,1,24-08-2020 18:59,1
6932,2,120,37,4440,3466,1,28-07-2023 16:58,1
6933,1,100,10,1000,3467,1,06-07-2020 14:42,1
6934,2,120,41,4920,3467,1,09-06-2023 10:17,1
6935,1,100,45,4500,3468,1,28-03-2019 11:11,1
6936,2,120,16,1920,3468,1,17-10-2019 17:19,1
6937,1,100,44,4400,3469,1,16-02-2021 11:18,1
6938,2,120,10,1200,3469,1,23-12-2020 19:06,1
6939,1,100,8,800,3470,1,17-10-2021 10:15,1
6940,2,120,42,5040,3470,1,30-07-2022 14:40,1
6941,1,100,17,1700,3471,1,02-02-2021 15:40,1
6942,2,120,22,2640,3471,1,26-01-2023 10:49,1
6943,1,100,18,1800,3472,1,19-04-2021 10:42,1
6944,2,120,45,5400,3472,1,09-05-2021 18:37,1
6945,1,100,12,1200,3473,1,14-10-2019 12:19,1
6946,2,120,42,5040,3473,1,17-04-2020 15:00,1
6947,1,100,3,300,3474,1,05-05-2022 18:35,1
6948,2,120,37,4440,3474,1,09-08-2020 15:02,1
6949,1,100,9,900,3475,1,05-05-2022 11:41,1
6950,2,120,12,1440,3475,1,25-04-2022 19:37,1
6951,1,100,48,4800,3476,1,04-11-2020 16:28,1
6952,2,120,38,4560,3476,1,11-12-2023 13:24,1
6953,1,100,26,2600,3477,1,05-06-2019 13:44,1
6954,2,120,15,1800,3477,1,22-07-2020 11:57,1
6955,1,100,7,700,3478,1,13-12-2022 13:05,1
6956,2,120,9,1080,3478,1,27-03-2021 15:20,1
6957,1,100,4,400,3479,1,17-06-2021 12:58,1
6958,2,120,44,5280,3479,1,25-06-2019 10:55,1
6959,1,100,49,4900,3480,1,05-04-2021 13:14,1
6960,2,120,36,4320,3480,1,16-08-2019 18:42,1
6961,1,100,45,4500,3481,1,17-03-2022 18:11,1
6962,2,120,7,840,3481,1,09-08-2021 12:49,1
6963,1,100,31,3100,3482,1,01-07-2021 17:40,1
6964,2,120,44,5280,3482,1,14-10-2022 17:43,1
6965,1,100,16,1600,3483,1,08-03-2021 11:28,1
6966,2,120,12,1440,3483,1,30-05-2020 16:46,1
6967,1,100,22,2200,3484,1,29-08-2020 15:42,1
6968,2,120,24,2880,3484,1,25-07-2022 18:31,1
6969,1,100,18,1800,3485,1,17-05-2021 10:32,1
6970,2,120,35,4200,3485,1,07-11-2022 14:27,1
6971,1,100,11,1100,3486,1,14-05-2019 12:47,1
6972,2,120,16,1920,3486,1,04-08-2021 12:56,1
6973,1,100,50,5000,3487,1,30-05-2019 17:51,1
6974,2,120,26,3120,3487,1,05-05-2021 11:45,1
6975,1,100,25,2500,3488,1,25-12-2019 17:05,1
6976,2,120,42,5040,3488,1,07-06-2021 18:01,1
6977,1,100,10,1000,3489,1,01-09-2021 17:00,1
6978,2,120,48,5760,3489,1,20-01-2023 10:37,1
6979,1,100,42,4200,3490,1,06-08-2022 17:43,1
6980,2,120,37,4440,3490,1,10-02-2022 19:01,1
6981,1,100,17,1700,3491,1,29-03-2022 16:00,1
6982,2,120,31,3720,3491,1,12-07-2019 12:26,1
6983,1,100,35,3500,3492,1,30-04-2023 13:11,1
6984,2,120,28,3360,3492,1,05-10-2021 16:50,1
6985,1,100,20,2000,3493,1,12-06-2023 14:07,1
6986,2,120,11,1320,3493,1,24-02-2019 17:59,1
6987,1,100,47,4700,3494,1,14-10-2020 10:22,1
6988,2,120,39,4680,3494,1,01-02-2021 15:52,1
6989,1,100,3,300,3495,1,28-11-2021 14:46,1
6990,2,120,31,3720,3495,1,25-02-2022 11:34,1
6991,1,100,19,1900,3496,1,30-01-2020 14:44,1
6992,2,120,33,3960,3496,1,26-07-2022 15:48,1
6993,1,100,28,2800,3497,1,17-06-2023 12:44,1
6994,2,120,17,2040,3497,1,13-08-2023 16:41,1
6995,1,100,1,100,3498,1,11-05-2021 15:54,1
6996,2,120,45,5400,3498,1,01-12-2023 17:32,1
6997,1,100,9,900,3499,1,12-12-2022 17:48,1
6998,2,120,32,3840,3499,1,14-10-2020 18:01,1
6999,1,100,33,3300,3500,1,14-12-2019 10:10,1
7000,2,120,37,4440,3500,1,02-10-2019 11:16,1
7001,1,100,23,2300,3501,1,05-07-2021 17:43,1
7002,2,120,19,2280,3501,1,15-05-2019 19:56,1
7003,1,100,46,4600,3502,1,19-07-2019 15:34,1
7004,2,120,37,4440,3502,1,16-06-2019 17:59,1
7005,1,100,4,400,3503,1,17-10-2020 11:06,1
7006,2,120,40,4800,3503,1,18-11-2023 10:55,1
7007,1,100,8,800,3504,1,25-08-2022 16:01,1
7008,2,120,5,600,3504,1,16-06-2021 17:48,1
7009,1,100,26,2600,3505,1,15-01-2022 15:08,1
7010,2,120,13,1560,3505,1,11-11-2022 12:52,1
7011,1,100,19,1900,3506,1,24-07-2023 11:29,1
7012,2,120,49,5880,3506,1,16-05-2021 18:13,1
7013,1,100,1,100,3507,1,20-01-2021 13:37,1
7014,2,120,45,5400,3507,1,09-08-2020 13:30,1
7015,1,100,38,3800,3508,1,30-08-2023 13:38,1
7016,2,120,22,2640,3508,1,30-03-2021 10:44,1
7017,1,100,8,800,3509,1,16-08-2022 18:37,1
7018,2,120,38,4560,3509,1,03-07-2020 16:27,1
7019,1,100,13,1300,3510,1,29-07-2019 10:12,1
7020,2,120,9,1080,3510,1,05-04-2023 15:57,1
7021,1,100,19,1900,3511,1,14-02-2022 11:27,1
7022,2,120,25,3000,3511,1,04-01-2021 19:30,1
7023,1,100,37,3700,3512,1,18-09-2020 13:06,1
7024,2,120,34,4080,3512,1,13-07-2021 18:16,1
7025,1,100,7,700,3513,1,06-05-2020 17:52,1
7026,2,120,37,4440,3513,1,03-01-2019 11:39,1
7027,1,100,7,700,3514,1,08-02-2022 18:57,1
7028,2,120,21,2520,3514,1,08-10-2022 16:29,1
7029,1,100,46,4600,3515,1,03-03-2021 11:24,1
7030,2,120,15,1800,3515,1,11-11-2022 16:47,1
7031,1,100,16,1600,3516,1,15-01-2022 16:32,1
7032,2,120,43,5160,3516,1,08-08-2023 19:00,1
7033,1,100,19,1900,3517,1,05-08-2022 12:33,1
7034,2,120,39,4680,3517,1,17-07-2020 15:29,1
7035,1,100,2,200,3518,1,07-11-2023 15:24,1
7036,2,120,47,5640,3518,1,30-11-2023 16:31,1
7037,1,100,42,4200,3519,1,31-10-2021 11:07,1
7038,2,120,18,2160,3519,1,08-01-2021 18:18,1
7039,1,100,31,3100,3520,1,24-03-2021 13:11,1
7040,2,120,21,2520,3520,1,03-09-2020 15:45,1
7041,1,100,49,4900,3521,1,06-03-2020 17:13,1
7042,2,120,30,3600,3521,1,29-08-2020 14:09,1
7043,1,100,38,3800,3522,1,26-03-2019 10:09,1
7044,2,120,21,2520,3522,1,23-10-2021 15:26,1
7045,1,100,4,400,3523,1,08-08-2020 10:32,1
7046,2,120,20,2400,3523,1,24-08-2022 11:44,1
7047,1,100,25,2500,3524,1,14-08-2022 17:22,1
7048,2,120,14,1680,3524,1,04-07-2023 11:58,1
7049,1,100,24,2400,3525,1,12-07-2022 14:31,1
7050,2,120,20,2400,3525,1,07-12-2020 13:05,1
7051,1,100,31,3100,3526,1,29-04-2019 19:06,1
7052,2,120,22,2640,3526,1,26-09-2019 11:49,1
7053,1,100,19,1900,3527,1,13-02-2022 19:31,1
7054,2,120,4,480,3527,1,30-12-2019 17:56,1
7055,1,100,28,2800,3528,1,24-10-2019 13:31,1
7056,2,120,32,3840,3528,1,26-02-2022 15:06,1
7057,1,100,23,2300,3529,1,25-12-2023 19:24,1
7058,2,120,33,3960,3529,1,26-01-2022 12:05,1
7059,1,100,5,500,3530,1,16-06-2020 13:10,1
7060,2,120,34,4080,3530,1,21-10-2022 10:10,1
7061,1,100,47,4700,3531,1,24-02-2023 18:00,1
7062,2,120,39,4680,3531,1,25-01-2020 18:45,1
7063,1,100,16,1600,3532,1,15-05-2023 16:13,1
7064,2,120,39,4680,3532,1,05-11-2021 14:04,1
7065,1,100,42,4200,3533,1,28-02-2022 15:14,1
7066,2,120,17,2040,3533,1,06-02-2020 19:45,1
7067,1,100,47,4700,3534,1,10-12-2023 12:27,1
7068,2,120,25,3000,3534,1,03-06-2022 14:14,1
7069,1,100,16,1600,3535,1,25-09-2019 18:23,1
7070,2,120,36,4320,3535,1,13-07-2022 19:38,1
7071,1,100,41,4100,3536,1,09-03-2020 13:44,1
7072,2,120,38,4560,3536,1,28-10-2023 13:23,1
7073,1,100,34,3400,3537,1,22-03-2023 10:16,1
7074,2,120,39,4680,3537,1,12-07-2021 19:34,1
7075,1,100,17,1700,3538,1,29-07-2020 10:29,1
7076,2,120,16,1920,3538,1,02-01-2022 15:41,1
7077,1,100,38,3800,3539,1,17-07-2020 12:26,1
7078,2,120,29,3480,3539,1,16-08-2019 10:32,1
7079,1,100,27,2700,3540,1,28-07-2019 18:01,1
7080,2,120,40,4800,3540,1,20-01-2023 13:37,1
7081,1,100,33,3300,3541,1,27-09-2023 17:19,1
7082,2,120,43,5160,3541,1,17-06-2021 11:29,1
7083,1,100,36,3600,3542,1,08-09-2023 19:08,1
7084,2,120,46,5520,3542,1,14-12-2023 17:51,1
7085,1,100,45,4500,3543,1,08-03-2021 12:20,1
7086,2,120,36,4320,3543,1,10-07-2021 19:33,1
7087,1,100,24,2400,3544,1,05-03-2020 17:52,1
7088,2,120,12,1440,3544,1,02-10-2022 11:03,1
7089,1,100,46,4600,3545,1,06-10-2019 14:52,1
7090,2,120,10,1200,3545,1,08-07-2021 17:59,1
7091,1,100,26,2600,3546,1,26-10-2020 15:27,1
7092,2,120,25,3000,3546,1,19-09-2019 19:38,1
7093,1,100,47,4700,3547,1,26-07-2019 18:24,1
7094,2,120,42,5040,3547,1,07-01-2020 12:17,1
7095,1,100,37,3700,3548,1,02-05-2023 17:53,1
7096,2,120,41,4920,3548,1,26-07-2021 14:37,1
7097,1,100,27,2700,3549,1,14-07-2023 14:04,1
7098,2,120,26,3120,3549,1,23-08-2023 19:03,1
7099,1,100,50,5000,3550,1,28-08-2022 17:42,1
7100,2,120,7,840,3550,1,16-07-2019 10:28,1
7101,1,100,14,1400,3551,1,15-12-2021 18:58,1
7102,2,120,4,480,3551,1,03-11-2019 17:42,1
7103,1,100,12,1200,3552,1,16-09-2020 19:19,1
7104,2,120,10,1200,3552,1,29-05-2019 19:07,1
7105,1,100,45,4500,3553,1,18-12-2019 11:31,1
7106,2,120,49,5880,3553,1,17-03-2022 10:20,1
7107,1,100,41,4100,3554,1,21-01-2020 10:51,1
7108,2,120,37,4440,3554,1,17-08-2022 16:16,1
7109,1,100,9,900,3555,1,05-08-2019 11:45,1
7110,2,120,31,3720,3555,1,07-01-2021 10:53,1
7111,1,100,20,2000,3556,1,24-02-2021 18:04,1
7112,2,120,34,4080,3556,1,28-04-2023 17:46,1
7113,1,100,34,3400,3557,1,13-09-2020 17:25,1
7114,2,120,44,5280,3557,1,30-09-2020 18:38,1
7115,1,100,44,4400,3558,1,24-03-2019 14:44,1
7116,2,120,23,2760,3558,1,25-01-2020 11:13,1
7117,1,100,43,4300,3559,1,19-11-2019 17:14,1
7118,2,120,40,4800,3559,1,08-05-2022 11:37,1
7119,1,100,14,1400,3560,1,19-04-2023 19:43,1
7120,2,120,31,3720,3560,1,20-12-2023 12:40,1
7121,1,100,24,2400,3561,1,12-06-2022 19:04,1
7122,2,120,30,3600,3561,1,04-03-2022 18:14,1
7123,1,100,20,2000,3562,1,17-11-2020 14:50,1
7124,2,120,13,1560,3562,1,24-09-2019 16:57,1
7125,1,100,26,2600,3563,1,15-05-2022 14:02,1
7126,2,120,19,2280,3563,1,29-01-2022 17:28,1
7127,1,100,45,4500,3564,1,24-09-2019 19:12,1
7128,2,120,25,3000,3564,1,03-10-2023 11:20,1
7129,1,100,6,600,3565,1,06-04-2022 14:47,1
7130,2,120,36,4320,3565,1,03-02-2019 11:31,1
7131,1,100,26,2600,3566,1,23-03-2022 18:33,1
7132,2,120,47,5640,3566,1,31-07-2023 16:06,1
7133,1,100,6,600,3567,1,14-07-2019 11:47,1
7134,2,120,48,5760,3567,1,18-11-2020 16:48,1
7135,1,100,28,2800,3568,1,09-01-2019 11:56,1
7136,2,120,20,2400,3568,1,17-02-2021 10:15,1
7137,1,100,1,100,3569,1,31-08-2022 15:03,1
7138,2,120,15,1800,3569,1,13-08-2023 19:08,1
7139,1,100,35,3500,3570,1,05-09-2020 11:39,1
7140,2,120,23,2760,3570,1,26-03-2023 15:29,1
7141,1,100,42,4200,3571,1,03-12-2020 14:25,1
7142,2,120,17,2040,3571,1,23-10-2023 14:35,1
7143,1,100,24,2400,3572,1,12-07-2021 16:59,1
7144,2,120,39,4680,3572,1,28-11-2022 15:37,1
7145,1,100,18,1800,3573,1,30-10-2020 18:28,1
7146,2,120,41,4920,3573,1,30-04-2023 13:00,1
7147,1,100,9,900,3574,1,07-03-2022 16:08,1
7148,2,120,3,360,3574,1,31-01-2023 14:27,1
7149,1,100,13,1300,3575,1,20-10-2019 11:25,1
7150,2,120,30,3600,3575,1,28-11-2019 19:27,1
7151,1,100,15,1500,3576,1,28-10-2021 19:06,1
7152,2,120,5,600,3576,1,08-06-2023 16:39,1
7153,1,100,1,100,3577,1,10-10-2023 11:20,1
7154,2,120,35,4200,3577,1,06-02-2019 18:24,1
7155,1,100,7,700,3578,1,28-05-2019 18:56,1
7156,2,120,11,1320,3578,1,28-05-2022 16:46,1
7157,1,100,6,600,3579,1,09-04-2020 14:20,1
7158,2,120,7,840,3579,1,29-09-2021 19:14,1
7159,1,100,13,1300,3580,1,07-12-2023 16:22,1
7160,2,120,32,3840,3580,1,03-07-2021 13:53,1
7161,1,100,9,900,3581,1,08-04-2019 15:19,1
7162,2,120,13,1560,3581,1,29-04-2019 19:48,1
7163,1,100,35,3500,3582,1,05-10-2023 16:40,1
7164,2,120,6,720,3582,1,13-10-2021 17:11,1
7165,1,100,43,4300,3583,1,03-08-2019 10:21,1
7166,2,120,27,3240,3583,1,02-03-2022 17:30,1
7167,1,100,39,3900,3584,1,09-05-2021 16:41,1
7168,2,120,39,4680,3584,1,01-02-2023 18:00,1
7169,1,100,6,600,3585,1,14-07-2019 12:53,1
7170,2,120,8,960,3585,1,22-12-2019 13:03,1
7171,1,100,5,500,3586,1,14-06-2022 11:17,1
7172,2,120,6,720,3586,1,03-04-2023 10:19,1
7173,1,100,31,3100,3587,1,15-09-2021 15:56,1
7174,2,120,48,5760,3587,1,13-12-2020 17:45,1
7175,1,100,12,1200,3588,1,11-10-2021 14:14,1
7176,2,120,42,5040,3588,1,09-10-2021 13:05,1
7177,1,100,21,2100,3589,1,24-05-2020 10:01,1
7178,2,120,31,3720,3589,1,16-12-2021 17:21,1
7179,1,100,35,3500,3590,1,30-06-2019 18:08,1
7180,2,120,16,1920,3590,1,01-05-2023 18:56,1
7181,1,100,20,2000,3591,1,08-01-2023 17:54,1
7182,2,120,20,2400,3591,1,09-06-2019 17:22,1
7183,1,100,7,700,3592,1,30-05-2022 10:12,1
7184,2,120,38,4560,3592,1,03-04-2020 17:39,1
7185,1,100,14,1400,3593,1,09-08-2020 12:20,1
7186,2,120,35,4200,3593,1,17-03-2023 14:26,1
7187,1,100,21,2100,3594,1,28-07-2021 19:30,1
7188,2,120,15,1800,3594,1,28-11-2021 17:23,1
7189,1,100,38,3800,3595,1,28-06-2022 17:57,1
7190,2,120,15,1800,3595,1,09-06-2019 10:26,1
7191,1,100,26,2600,3596,1,04-03-2019 12:54,1
7192,2,120,4,480,3596,1,24-02-2020 16:23,1
7193,1,100,18,1800,3597,1,06-12-2020 16:01,1
7194,2,120,30,3600,3597,1,25-09-2023 17:07,1
7195,1,100,18,1800,3598,1,04-08-2021 18:27,1
7196,2,120,39,4680,3598,1,04-09-2019 14:19,1
7197,1,100,22,2200,3599,1,09-01-2021 14:19,1
7198,2,120,39,4680,3599,1,19-09-2020 17:13,1
7199,1,100,18,1800,3600,1,23-10-2021 18:54,1
7200,2,120,15,1800,3600,1,02-04-2023 16:51,1
7201,1,100,19,1900,3601,1,05-09-2023 18:59,1
7202,2,120,27,3240,3601,1,21-11-2020 17:23,1
7203,1,100,16,1600,3602,1,20-05-2021 18:13,1
7204,2,120,11,1320,3602,1,03-03-2019 16:28,1
7205,1,100,20,2000,3603,1,11-12-2020 13:53,1
7206,2,120,24,2880,3603,1,07-07-2022 19:06,1
7207,1,100,18,1800,3604,1,30-12-2023 19:34,1
7208,2,120,13,1560,3604,1,05-03-2020 14:06,1
7209,1,100,5,500,3605,1,23-02-2019 13:24,1
7210,2,120,4,480,3605,1,04-01-2019 15:26,1
7211,1,100,41,4100,3606,1,14-07-2022 12:32,1
7212,2,120,1,120,3606,1,14-12-2019 12:05,1
7213,1,100,12,1200,3607,1,09-03-2021 11:54,1
7214,2,120,21,2520,3607,1,11-12-2020 11:18,1
7215,1,100,4,400,3608,1,24-01-2023 16:04,1
7216,2,120,29,3480,3608,1,28-03-2021 18:47,1
7217,1,100,11,1100,3609,1,30-08-2022 10:47,1
7218,2,120,39,4680,3609,1,10-12-2022 14:50,1
7219,1,100,35,3500,3610,1,14-05-2019 11:14,1
7220,2,120,27,3240,3610,1,08-03-2021 10:46,1
7221,1,100,40,4000,3611,1,30-07-2021 11:33,1
7222,2,120,45,5400,3611,1,17-10-2023 10:42,1
7223,1,100,9,900,3612,1,16-11-2020 10:32,1
7224,2,120,48,5760,3612,1,26-06-2019 16:26,1
7225,1,100,27,2700,3613,1,02-01-2022 11:31,1
7226,2,120,33,3960,3613,1,15-01-2021 11:28,1
7227,1,100,34,3400,3614,1,09-09-2019 12:20,1
7228,2,120,2,240,3614,1,28-10-2022 13:08,1
7229,1,100,40,4000,3615,1,26-12-2023 10:49,1
7230,2,120,41,4920,3615,1,24-10-2023 11:37,1
7231,1,100,42,4200,3616,1,10-01-2019 12:29,1
7232,2,120,15,1800,3616,1,21-03-2019 15:47,1
7233,1,100,13,1300,3617,1,04-04-2021 17:02,1
7234,2,120,26,3120,3617,1,11-04-2023 14:59,1
7235,1,100,45,4500,3618,1,26-07-2022 19:48,1
7236,2,120,35,4200,3618,1,08-03-2019 13:51,1
7237,1,100,42,4200,3619,1,01-12-2023 12:49,1
7238,2,120,3,360,3619,1,17-09-2022 10:52,1
7239,1,100,39,3900,3620,1,03-04-2023 19:45,1
7240,2,120,2,240,3620,1,20-01-2020 19:24,1
7241,1,100,26,2600,3621,1,23-11-2020 10:20,1
7242,2,120,13,1560,3621,1,16-12-2023 12:30,1
7243,1,100,33,3300,3622,1,02-11-2020 14:04,1
7244,2,120,45,5400,3622,1,30-10-2021 10:58,1
7245,1,100,34,3400,3623,1,03-04-2022 12:07,1
7246,2,120,14,1680,3623,1,30-07-2023 18:42,1
7247,1,100,3,300,3624,1,16-05-2023 14:10,1
7248,2,120,40,4800,3624,1,11-11-2019 15:55,1
7249,1,100,40,4000,3625,1,24-03-2021 10:22,1
7250,2,120,6,720,3625,1,10-05-2021 15:42,1
7251,1,100,8,800,3626,1,08-12-2019 10:37,1
7252,2,120,15,1800,3626,1,14-11-2023 14:02,1
7253,1,100,31,3100,3627,1,29-08-2020 12:48,1
7254,2,120,35,4200,3627,1,15-11-2020 17:54,1
7255,1,100,12,1200,3628,1,29-12-2019 13:47,1
7256,2,120,30,3600,3628,1,11-02-2020 19:13,1
7257,1,100,30,3000,3629,1,01-09-2020 19:03,1
7258,2,120,49,5880,3629,1,02-12-2022 16:50,1
7259,1,100,6,600,3630,1,10-08-2022 19:55,1
7260,2,120,29,3480,3630,1,02-03-2020 18:04,1
7261,1,100,24,2400,3631,1,29-09-2021 12:45,1
7262,2,120,37,4440,3631,1,31-10-2019 14:14,1
7263,1,100,50,5000,3632,1,19-11-2020 13:34,1
7264,2,120,5,600,3632,1,12-12-2023 14:05,1
7265,1,100,9,900,3633,1,27-03-2021 12:05,1
7266,2,120,46,5520,3633,1,03-02-2023 12:56,1
7267,1,100,33,3300,3634,1,07-06-2019 17:40,1
7268,2,120,26,3120,3634,1,14-12-2022 18:51,1
7269,1,100,6,600,3635,1,18-04-2021 12:44,1
7270,2,120,13,1560,3635,1,18-04-2022 14:41,1
7271,1,100,4,400,3636,1,01-06-2019 19:02,1
7272,2,120,49,5880,3636,1,08-10-2020 14:10,1
7273,1,100,12,1200,3637,1,19-07-2021 17:44,1
7274,2,120,44,5280,3637,1,30-04-2020 17:55,1
7275,1,100,18,1800,3638,1,24-02-2023 14:32,1
7276,2,120,32,3840,3638,1,26-09-2019 18:53,1
7277,1,100,16,1600,3639,1,02-03-2022 14:53,1
7278,2,120,5,600,3639,1,12-04-2023 18:49,1
7279,1,100,17,1700,3640,1,13-04-2023 13:49,1
7280,2,120,27,3240,3640,1,31-05-2020 13:24,1
7281,1,100,34,3400,3641,1,15-01-2019 19:24,1
7282,2,120,32,3840,3641,1,22-06-2023 13:59,1
7283,1,100,45,4500,3642,1,27-10-2020 10:19,1
7284,2,120,43,5160,3642,1,02-08-2021 18:51,1
7285,1,100,46,4600,3643,1,12-02-2022 11:41,1
7286,2,120,12,1440,3643,1,11-08-2019 18:23,1
7287,1,100,49,4900,3644,1,13-04-2021 15:24,1
7288,2,120,37,4440,3644,1,18-03-2020 18:18,1
7289,1,100,21,2100,3645,1,25-01-2021 17:04,1
7290,2,120,15,1800,3645,1,14-09-2020 10:37,1
7291,1,100,22,2200,3646,1,02-07-2019 18:45,1
7292,2,120,6,720,3646,1,18-09-2021 16:54,1
7293,1,100,42,4200,3647,1,18-06-2021 13:26,1
7294,2,120,49,5880,3647,1,22-03-2022 18:19,1
7295,1,100,43,4300,3648,1,22-09-2019 17:25,1
7296,2,120,50,6000,3648,1,07-10-2020 16:48,1
7297,1,100,11,1100,3649,1,08-02-2019 14:00,1
7298,2,120,4,480,3649,1,03-06-2019 19:56,1
7299,1,100,41,4100,3650,1,15-05-2019 13:39,1
7300,2,120,33,3960,3650,1,14-08-2022 18:53,1
7301,1,100,27,2700,3651,1,30-11-2020 16:03,1
7302,2,120,45,5400,3651,1,17-07-2022 10:05,1
7303,1,100,3,300,3652,1,07-09-2020 12:45,1
7304,2,120,50,6000,3652,1,13-05-2022 19:05,1
7305,1,100,35,3500,3653,1,04-09-2020 11:31,1
7306,2,120,41,4920,3653,1,03-07-2019 13:53,1
7307,1,100,17,1700,3654,1,20-03-2021 10:35,1
7308,2,120,38,4560,3654,1,23-08-2020 10:20,1
7309,1,100,44,4400,3655,1,18-04-2022 14:39,1
7310,2,120,17,2040,3655,1,21-03-2020 19:38,1
7311,1,100,16,1600,3656,1,25-01-2020 13:00,1
7312,2,120,35,4200,3656,1,12-03-2019 18:19,1
7313,1,100,24,2400,3657,1,25-10-2021 16:09,1
7314,2,120,45,5400,3657,1,12-06-2021 10:24,1
7315,1,100,50,5000,3658,1,01-03-2020 18:47,1
7316,2,120,1,120,3658,1,01-04-2023 19:10,1
7317,1,100,40,4000,3659,1,22-12-2023 11:34,1
7318,2,120,43,5160,3659,1,28-04-2021 18:43,1
7319,1,100,35,3500,3660,1,15-06-2023 16:47,1
7320,2,120,47,5640,3660,1,01-03-2021 16:25,1
7321,1,100,49,4900,3661,1,15-05-2020 15:42,1
7322,2,120,20,2400,3661,1,01-07-2019 14:31,1
7323,1,100,40,4000,3662,1,15-01-2022 11:00,1
7324,2,120,5,600,3662,1,21-03-2023 16:03,1
7325,1,100,27,2700,3663,1,14-07-2023 14:11,1
7326,2,120,12,1440,3663,1,14-01-2021 14:59,1
7327,1,100,37,3700,3664,1,10-03-2023 16:03,1
7328,2,120,39,4680,3664,1,05-03-2023 11:19,1
7329,1,100,38,3800,3665,1,22-11-2020 13:06,1
7330,2,120,5,600,3665,1,14-04-2019 14:09,1
7331,1,100,13,1300,3666,1,30-06-2021 10:37,1
7332,2,120,21,2520,3666,1,18-04-2020 14:04,1
7333,1,100,42,4200,3667,1,08-12-2021 11:22,1
7334,2,120,1,120,3667,1,17-06-2019 17:37,1
7335,1,100,28,2800,3668,1,30-01-2022 17:09,1
7336,2,120,21,2520,3668,1,25-07-2021 19:12,1
7337,1,100,27,2700,3669,1,08-12-2019 11:26,1
7338,2,120,13,1560,3669,1,08-11-2021 14:26,1
7339,1,100,15,1500,3670,1,27-10-2023 14:27,1
7340,2,120,41,4920,3670,1,31-03-2021 10:20,1
7341,1,100,26,2600,3671,1,17-06-2020 12:35,1
7342,2,120,17,2040,3671,1,14-09-2021 14:15,1
7343,1,100,27,2700,3672,1,03-09-2022 13:25,1
7344,2,120,45,5400,3672,1,29-09-2022 11:25,1
7345,1,100,20,2000,3673,1,25-02-2019 11:08,1
7346,2,120,11,1320,3673,1,04-09-2023 18:45,1
7347,1,100,1,100,3674,1,12-09-2022 10:20,1
7348,2,120,23,2760,3674,1,21-10-2022 10:10,1
7349,1,100,15,1500,3675,1,16-11-2019 19:27,1
7350,2,120,3,360,3675,1,10-12-2021 19:19,1
7351,1,100,10,1000,3676,1,10-08-2020 14:37,1
7352,2,120,42,5040,3676,1,28-05-2020 19:11,1
7353,1,100,1,100,3677,1,18-01-2022 10:16,1
7354,2,120,8,960,3677,1,09-09-2022 18:08,1
7355,1,100,40,4000,3678,1,11-11-2023 17:42,1
7356,2,120,29,3480,3678,1,02-05-2021 15:37,1
7357,1,100,27,2700,3679,1,11-01-2022 10:16,1
7358,2,120,1,120,3679,1,14-05-2023 16:09,1
7359,1,100,46,4600,3680,1,06-12-2023 12:29,1
7360,2,120,2,240,3680,1,13-08-2020 12:58,1
7361,1,100,41,4100,3681,1,17-03-2023 11:46,1
7362,2,120,47,5640,3681,1,31-03-2021 18:20,1
7363,1,100,20,2000,3682,1,21-09-2022 12:50,1
7364,2,120,22,2640,3682,1,20-02-2023 12:42,1
7365,1,100,48,4800,3683,1,04-01-2020 14:50,1
7366,2,120,28,3360,3683,1,29-12-2020 14:07,1
7367,1,100,39,3900,3684,1,22-11-2019 11:59,1
7368,2,120,20,2400,3684,1,12-06-2019 17:18,1
7369,1,100,37,3700,3685,1,13-06-2022 11:46,1
7370,2,120,50,6000,3685,1,18-04-2022 14:34,1
7371,1,100,26,2600,3686,1,28-06-2021 16:17,1
7372,2,120,6,720,3686,1,24-08-2022 13:20,1
7373,1,100,43,4300,3687,1,13-02-2023 10:11,1
7374,2,120,29,3480,3687,1,16-07-2022 16:11,1
7375,1,100,49,4900,3688,1,04-02-2020 17:37,1
7376,2,120,38,4560,3688,1,09-10-2020 17:48,1
7377,1,100,17,1700,3689,1,28-05-2020 19:03,1
7378,2,120,20,2400,3689,1,24-02-2022 17:46,1
7379,1,100,19,1900,3690,1,18-04-2022 14:36,1
7380,2,120,44,5280,3690,1,27-04-2023 15:28,1
7381,1,100,26,2600,3691,1,19-05-2023 12:41,1
7382,2,120,42,5040,3691,1,05-01-2019 10:09,1
7383,1,100,4,400,3692,1,06-10-2022 16:11,1
7384,2,120,22,2640,3692,1,02-03-2022 15:43,1
7385,1,100,32,3200,3693,1,08-09-2023 19:20,1
7386,2,120,29,3480,3693,1,24-03-2023 16:48,1
7387,1,100,44,4400,3694,1,03-08-2019 14:36,1
7388,2,120,24,2880,3694,1,04-04-2022 18:37,1
7389,1,100,32,3200,3695,1,19-12-2021 10:41,1
7390,2,120,38,4560,3695,1,22-03-2020 17:43,1
7391,1,100,3,300,3696,1,27-08-2023 15:25,1
7392,2,120,3,360,3696,1,15-12-2022 11:55,1
7393,1,100,41,4100,3697,1,09-12-2022 12:15,1
7394,2,120,19,2280,3697,1,26-05-2022 19:27,1
7395,1,100,25,2500,3698,1,20-03-2020 19:52,1
7396,2,120,14,1680,3698,1,27-06-2020 17:34,1
7397,1,100,20,2000,3699,1,26-04-2020 17:48,1
7398,2,120,38,4560,3699,1,19-07-2021 15:49,1
7399,1,100,28,2800,3700,1,05-03-2021 19:20,1
7400,2,120,10,1200,3700,1,15-11-2019 18:55,1
7401,1,100,40,4000,3701,1,12-10-2019 10:31,1
7402,2,120,1,120,3701,1,27-08-2019 14:02,1
7403,1,100,31,3100,3702,1,26-01-2022 18:47,1
7404,2,120,33,3960,3702,1,15-01-2023 18:47,1
7405,1,100,36,3600,3703,1,03-09-2020 12:16,1
7406,2,120,15,1800,3703,1,04-10-2021 10:32,1
7407,1,100,3,300,3704,1,18-05-2020 18:17,1
7408,2,120,46,5520,3704,1,21-08-2022 16:11,1
7409,1,100,15,1500,3705,1,07-01-2020 15:29,1
7410,2,120,39,4680,3705,1,03-01-2022 11:18,1
7411,1,100,39,3900,3706,1,11-10-2019 17:34,1
7412,2,120,7,840,3706,1,01-01-2022 13:27,1
7413,1,100,46,4600,3707,1,01-05-2020 19:27,1
7414,2,120,23,2760,3707,1,05-03-2020 14:30,1
7415,1,100,2,200,3708,1,01-03-2021 12:01,1
7416,2,120,46,5520,3708,1,20-08-2021 11:34,1
7417,1,100,48,4800,3709,1,21-12-2020 14:19,1
7418,2,120,37,4440,3709,1,19-12-2023 10:35,1
7419,1,100,35,3500,3710,1,19-10-2023 16:27,1
7420,2,120,5,600,3710,1,16-11-2022 15:59,1
7421,1,100,28,2800,3711,1,22-08-2022 13:37,1
7422,2,120,36,4320,3711,1,15-10-2020 18:50,1
7423,1,100,36,3600,3712,1,31-08-2019 13:29,1
7424,2,120,2,240,3712,1,25-05-2019 14:46,1
7425,1,100,33,3300,3713,1,05-02-2020 10:54,1
7426,2,120,2,240,3713,1,26-04-2020 12:05,1
7427,1,100,31,3100,3714,1,14-04-2023 17:31,1
7428,2,120,11,1320,3714,1,13-10-2021 15:16,1
7429,1,100,22,2200,3715,1,03-11-2023 12:04,1
7430,2,120,46,5520,3715,1,06-01-2022 10:16,1
7431,1,100,25,2500,3716,1,09-03-2021 15:22,1
7432,2,120,9,1080,3716,1,23-07-2021 16:38,1
7433,1,100,28,2800,3717,1,13-05-2019 12:46,1
7434,2,120,43,5160,3717,1,21-06-2019 10:50,1
7435,1,100,3,300,3718,1,28-12-2022 16:38,1
7436,2,120,29,3480,3718,1,18-03-2023 18:40,1
7437,1,100,12,1200,3719,1,20-06-2023 14:00,1
7438,2,120,33,3960,3719,1,23-09-2020 14:38,1
7439,1,100,47,4700,3720,1,26-05-2019 14:46,1
7440,2,120,39,4680,3720,1,14-04-2023 18:13,1
7441,1,100,49,4900,3721,1,02-07-2022 16:36,1
7442,2,120,4,480,3721,1,20-02-2020 18:30,1
7443,1,100,3,300,3722,1,24-12-2022 15:09,1
7444,2,120,5,600,3722,1,22-10-2020 16:10,1
7445,1,100,5,500,3723,1,17-09-2020 17:13,1
7446,2,120,43,5160,3723,1,09-10-2023 17:50,1
7447,1,100,39,3900,3724,1,09-01-2022 16:00,1
7448,2,120,33,3960,3724,1,17-11-2020 19:49,1
7449,1,100,46,4600,3725,1,24-09-2020 12:38,1
7450,2,120,32,3840,3725,1,25-04-2022 17:28,1
7451,1,100,48,4800,3726,1,29-05-2020 17:59,1
7452,2,120,11,1320,3726,1,01-01-2022 14:27,1
7453,1,100,45,4500,3727,1,18-11-2019 12:23,1
7454,2,120,11,1320,3727,1,30-03-2023 14:50,1
7455,1,100,22,2200,3728,1,27-09-2019 12:38,1
7456,2,120,39,4680,3728,1,15-01-2023 17:48,1
7457,1,100,37,3700,3729,1,20-06-2022 18:32,1
7458,2,120,19,2280,3729,1,12-04-2023 17:31,1
7459,1,100,32,3200,3730,1,26-08-2020 12:28,1
7460,2,120,8,960,3730,1,05-01-2023 10:05,1
7461,1,100,35,3500,3731,1,27-09-2021 15:31,1
7462,2,120,10,1200,3731,1,14-08-2020 11:37,1
7463,1,100,28,2800,3732,1,11-10-2021 11:46,1
7464,2,120,15,1800,3732,1,18-03-2022 11:29,1
7465,1,100,23,2300,3733,1,02-05-2022 13:35,1
7466,2,120,26,3120,3733,1,21-03-2021 14:34,1
7467,1,100,32,3200,3734,1,02-01-2021 19:13,1
7468,2,120,13,1560,3734,1,11-02-2020 17:49,1
7469,1,100,10,1000,3735,1,27-05-2022 19:57,1
7470,2,120,40,4800,3735,1,30-03-2019 16:24,1
7471,1,100,23,2300,3736,1,08-05-2023 14:45,1
7472,2,120,46,5520,3736,1,27-05-2021 16:52,1
7473,1,100,2,200,3737,1,11-11-2021 13:45,1
7474,2,120,39,4680,3737,1,24-01-2020 17:03,1
7475,1,100,15,1500,3738,1,10-11-2023 19:59,1
7476,2,120,35,4200,3738,1,13-10-2021 15:59,1
7477,1,100,39,3900,3739,1,23-04-2019 16:07,1
7478,2,120,29,3480,3739,1,29-04-2023 17:22,1
7479,1,100,44,4400,3740,1,28-07-2023 16:50,1
7480,2,120,13,1560,3740,1,21-12-2021 11:09,1
7481,1,100,26,2600,3741,1,03-09-2022 19:25,1
7482,2,120,13,1560,3741,1,06-04-2022 10:20,1
7483,1,100,39,3900,3742,1,08-01-2022 11:39,1
7484,2,120,23,2760,3742,1,12-05-2021 15:44,1
7485,1,100,45,4500,3743,1,31-05-2023 19:25,1
7486,2,120,42,5040,3743,1,12-10-2021 18:16,1
7487,1,100,34,3400,3744,1,10-02-2021 14:30,1
7488,2,120,21,2520,3744,1,16-09-2023 12:59,1
7489,1,100,34,3400,3745,1,16-11-2019 11:30,1
7490,2,120,12,1440,3745,1,06-02-2020 12:01,1
7491,1,100,20,2000,3746,1,12-04-2022 16:16,1
7492,2,120,39,4680,3746,1,24-11-2022 13:06,1
7493,1,100,26,2600,3747,1,25-06-2022 14:46,1
7494,2,120,25,3000,3747,1,30-11-2022 13:23,1
7495,1,100,48,4800,3748,1,06-10-2021 11:44,1
7496,2,120,27,3240,3748,1,29-09-2019 10:13,1
7497,1,100,14,1400,3749,1,10-01-2022 16:32,1
7498,2,120,7,840,3749,1,23-03-2020 13:41,1
7499,1,100,10,1000,3750,1,05-08-2020 19:45,1
7500,2,120,7,840,3750,1,31-10-2023 12:32,1
7501,1,100,27,2700,3751,1,01-10-2019 13:43,1
7502,2,120,18,2160,3751,1,10-02-2023 19:35,1
7503,1,100,12,1200,3752,1,14-06-2021 18:59,1
7504,2,120,29,3480,3752,1,21-01-2019 14:19,1
7505,1,100,33,3300,3753,1,05-11-2021 10:40,1
7506,2,120,28,3360,3753,1,09-02-2023 16:46,1
7507,1,100,31,3100,3754,1,26-10-2022 14:21,1
7508,2,120,44,5280,3754,1,09-01-2021 12:53,1
7509,1,100,31,3100,3755,1,14-12-2022 17:32,1
7510,2,120,18,2160,3755,1,31-01-2022 15:43,1
7511,1,100,12,1200,3756,1,22-07-2021 12:54,1
7512,2,120,26,3120,3756,1,25-07-2020 14:48,1
7513,1,100,7,700,3757,1,12-06-2021 16:50,1
7514,2,120,26,3120,3757,1,14-12-2019 16:18,1
7515,1,100,6,600,3758,1,30-10-2020 12:44,1
7516,2,120,15,1800,3758,1,20-09-2023 12:22,1
7517,1,100,46,4600,3759,1,28-02-2019 18:46,1
7518,2,120,47,5640,3759,1,04-09-2020 14:59,1
7519,1,100,35,3500,3760,1,19-06-2021 10:26,1
7520,2,120,2,240,3760,1,28-11-2020 11:46,1
7521,1,100,3,300,3761,1,04-07-2022 13:43,1
7522,2,120,12,1440,3761,1,18-04-2023 10:51,1
7523,1,100,39,3900,3762,1,29-07-2021 13:10,1
7524,2,120,50,6000,3762,1,04-09-2022 10:14,1
7525,1,100,47,4700,3763,1,28-12-2020 11:20,1
7526,2,120,28,3360,3763,1,30-07-2021 10:39,1
7527,1,100,2,200,3764,1,29-09-2020 16:17,1
7528,2,120,28,3360,3764,1,26-01-2020 19:17,1
7529,1,100,39,3900,3765,1,25-07-2020 19:36,1
7530,2,120,46,5520,3765,1,24-06-2023 13:24,1
7531,1,100,1,100,3766,1,19-06-2023 16:08,1
7532,2,120,39,4680,3766,1,14-12-2019 13:27,1
7533,1,100,4,400,3767,1,04-06-2021 11:03,1
7534,2,120,11,1320,3767,1,06-02-2019 13:55,1
7535,1,100,23,2300,3768,1,18-07-2022 10:13,1
7536,2,120,15,1800,3768,1,28-11-2021 11:51,1
7537,1,100,22,2200,3769,1,19-01-2020 14:05,1
7538,2,120,46,5520,3769,1,01-03-2020 15:28,1
7539,1,100,48,4800,3770,1,30-07-2020 16:28,1
7540,2,120,43,5160,3770,1,22-12-2022 18:30,1
7541,1,100,29,2900,3771,1,03-08-2020 10:28,1
7542,2,120,25,3000,3771,1,24-03-2019 13:00,1
7543,1,100,13,1300,3772,1,26-11-2021 12:26,1
7544,2,120,43,5160,3772,1,25-03-2022 14:50,1
7545,1,100,26,2600,3773,1,02-12-2019 14:56,1
7546,2,120,42,5040,3773,1,10-01-2023 19:05,1
7547,1,100,42,4200,3774,1,29-02-2020 13:53,1
7548,2,120,47,5640,3774,1,10-06-2023 17:02,1
7549,1,100,13,1300,3775,1,02-09-2020 12:09,1
7550,2,120,21,2520,3775,1,01-10-2023 14:57,1
7551,1,100,32,3200,3776,1,22-01-2023 16:21,1
7552,2,120,31,3720,3776,1,25-01-2019 17:15,1
7553,1,100,39,3900,3777,1,19-02-2020 15:36,1
7554,2,120,34,4080,3777,1,09-05-2019 11:31,1
7555,1,100,3,300,3778,1,17-12-2023 10:45,1
7556,2,120,21,2520,3778,1,21-01-2020 12:11,1
7557,1,100,8,800,3779,1,17-06-2023 11:39,1
7558,2,120,3,360,3779,1,11-05-2020 10:40,1
7559,1,100,26,2600,3780,1,15-11-2019 15:12,1
7560,2,120,2,240,3780,1,05-06-2020 18:44,1
7561,1,100,37,3700,3781,1,18-08-2022 10:48,1
7562,2,120,29,3480,3781,1,20-10-2023 15:45,1
7563,1,100,8,800,3782,1,01-02-2021 17:41,1
7564,2,120,7,840,3782,1,10-01-2023 11:34,1
7565,1,100,46,4600,3783,1,06-09-2023 14:57,1
7566,2,120,47,5640,3783,1,05-11-2023 15:10,1
7567,1,100,36,3600,3784,1,08-02-2020 14:30,1
7568,2,120,30,3600,3784,1,06-08-2023 12:34,1
7569,1,100,30,3000,3785,1,14-01-2023 15:58,1
7570,2,120,16,1920,3785,1,07-05-2020 11:05,1
7571,1,100,46,4600,3786,1,30-08-2020 12:55,1
7572,2,120,46,5520,3786,1,03-06-2020 15:11,1
7573,1,100,6,600,3787,1,24-10-2022 13:45,1
7574,2,120,28,3360,3787,1,15-03-2020 16:02,1
7575,1,100,34,3400,3788,1,09-08-2023 16:17,1
7576,2,120,40,4800,3788,1,08-02-2020 15:31,1
7577,1,100,35,3500,3789,1,13-06-2023 16:34,1
7578,2,120,24,2880,3789,1,13-06-2022 16:05,1
7579,1,100,44,4400,3790,1,04-04-2022 10:37,1
7580,2,120,28,3360,3790,1,10-08-2019 10:58,1
7581,1,100,3,300,3791,1,08-12-2020 14:17,1
7582,2,120,41,4920,3791,1,14-01-2019 16:55,1
7583,1,100,23,2300,3792,1,31-05-2019 17:48,1
7584,2,120,22,2640,3792,1,29-11-2021 13:46,1
7585,1,100,37,3700,3793,1,13-08-2021 15:51,1
7586,2,120,25,3000,3793,1,20-10-2022 11:29,1
7587,1,100,26,2600,3794,1,03-06-2023 17:39,1
7588,2,120,8,960,3794,1,25-10-2023 16:11,1
7589,1,100,50,5000,3795,1,03-07-2021 18:54,1
7590,2,120,35,4200,3795,1,02-10-2022 10:47,1
7591,1,100,47,4700,3796,1,24-10-2022 16:45,1
7592,2,120,11,1320,3796,1,21-10-2022 17:00,1
7593,1,100,50,5000,3797,1,26-03-2023 13:09,1
7594,2,120,38,4560,3797,1,06-01-2020 11:31,1
7595,1,100,24,2400,3798,1,07-08-2021 14:21,1
7596,2,120,31,3720,3798,1,09-02-2019 18:27,1
7597,1,100,40,4000,3799,1,20-01-2019 10:10,1
7598,2,120,46,5520,3799,1,05-02-2020 19:33,1
7599,1,100,50,5000,3800,1,06-03-2020 14:36,1
7600,2,120,40,4800,3800,1,12-12-2022 17:49,1
7601,1,100,6,600,3801,1,25-03-2020 17:28,1
7602,2,120,34,4080,3801,1,29-09-2021 12:20,1
7603,1,100,48,4800,3802,1,13-03-2023 15:32,1
7604,2,120,34,4080,3802,1,12-08-2022 11:48,1
7605,1,100,47,4700,3803,1,30-12-2020 12:00,1
7606,2,120,2,240,3803,1,23-04-2019 16:26,1
7607,1,100,8,800,3804,1,07-10-2019 15:29,1
7608,2,120,48,5760,3804,1,11-05-2021 16:27,1
7609,1,100,37,3700,3805,1,28-06-2023 17:59,1
7610,2,120,13,1560,3805,1,04-01-2021 18:27,1
7611,1,100,10,1000,3806,1,21-06-2022 19:58,1
7612,2,120,35,4200,3806,1,18-02-2020 17:10,1
7613,1,100,42,4200,3807,1,01-04-2020 17:50,1
7614,2,120,22,2640,3807,1,11-10-2019 14:53,1
7615,1,100,31,3100,3808,1,12-11-2020 11:14,1
7616,2,120,24,2880,3808,1,23-07-2022 16:39,1
7617,1,100,2,200,3809,1,20-03-2022 12:10,1
7618,2,120,30,3600,3809,1,01-02-2021 17:21,1
7619,1,100,34,3400,3810,1,05-05-2023 17:14,1
7620,2,120,5,600,3810,1,12-07-2023 13:24,1
7621,1,100,21,2100,3811,1,28-08-2022 14:30,1
7622,2,120,17,2040,3811,1,16-11-2021 13:55,1
7623,1,100,25,2500,3812,1,05-05-2020 13:01,1
7624,2,120,15,1800,3812,1,14-09-2023 15:41,1
7625,1,100,30,3000,3813,1,03-11-2020 12:57,1
7626,2,120,2,240,3813,1,02-05-2021 12:05,1
7627,1,100,37,3700,3814,1,25-01-2020 13:21,1
7628,2,120,39,4680,3814,1,12-08-2023 18:19,1
7629,1,100,17,1700,3815,1,05-05-2019 14:18,1
7630,2,120,10,1200,3815,1,21-07-2022 15:47,1
7631,1,100,45,4500,3816,1,27-06-2022 15:34,1
7632,2,120,27,3240,3816,1,10-10-2022 10:45,1
7633,1,100,42,4200,3817,1,11-02-2019 19:40,1
7634,2,120,44,5280,3817,1,04-05-2021 14:14,1
7635,1,100,26,2600,3818,1,08-09-2020 17:30,1
7636,2,120,25,3000,3818,1,26-06-2021 15:41,1
7637,1,100,27,2700,3819,1,16-10-2023 16:01,1
7638,2,120,3,360,3819,1,28-09-2022 18:47,1
7639,1,100,14,1400,3820,1,14-11-2021 19:31,1
7640,2,120,30,3600,3820,1,20-06-2023 18:55,1
7641,1,100,30,3000,3821,1,20-05-2020 18:49,1
7642,2,120,28,3360,3821,1,20-07-2019 12:12,1
7643,1,100,28,2800,3822,1,03-01-2023 16:58,1
7644,2,120,43,5160,3822,1,08-06-2021 13:53,1
7645,1,100,39,3900,3823,1,04-06-2019 15:19,1
7646,2,120,15,1800,3823,1,15-06-2020 17:50,1
7647,1,100,19,1900,3824,1,05-05-2019 16:08,1
7648,2,120,9,1080,3824,1,03-03-2023 18:58,1
7649,1,100,35,3500,3825,1,06-08-2020 19:04,1
7650,2,120,43,5160,3825,1,22-04-2019 14:02,1
7651,1,100,6,600,3826,1,10-12-2022 14:43,1
7652,2,120,24,2880,3826,1,19-10-2019 11:00,1
7653,1,100,13,1300,3827,1,17-04-2023 15:40,1
7654,2,120,13,1560,3827,1,19-09-2021 11:25,1
7655,1,100,43,4300,3828,1,15-02-2019 14:44,1
7656,2,120,30,3600,3828,1,15-08-2020 19:16,1
7657,1,100,20,2000,3829,1,25-07-2022 19:14,1
7658,2,120,48,5760,3829,1,01-06-2022 17:10,1
7659,1,100,14,1400,3830,1,08-09-2022 19:02,1
7660,2,120,25,3000,3830,1,03-08-2021 18:27,1
7661,1,100,14,1400,3831,1,12-06-2022 11:54,1
7662,2,120,11,1320,3831,1,08-02-2021 14:06,1
7663,1,100,5,500,3832,1,04-07-2020 10:35,1
7664,2,120,20,2400,3832,1,19-02-2019 14:57,1
7665,1,100,3,300,3833,1,19-10-2023 15:30,1
7666,2,120,6,720,3833,1,02-04-2023 15:58,1
7667,1,100,26,2600,3834,1,10-10-2023 16:19,1
7668,2,120,17,2040,3834,1,04-10-2022 18:40,1
7669,1,100,7,700,3835,1,18-09-2021 12:02,1
7670,2,120,23,2760,3835,1,15-05-2020 13:04,1
7671,1,100,44,4400,3836,1,22-03-2022 15:52,1
7672,2,120,21,2520,3836,1,28-10-2019 13:05,1
7673,1,100,24,2400,3837,1,13-08-2021 15:11,1
7674,2,120,4,480,3837,1,16-11-2022 17:55,1
7675,1,100,28,2800,3838,1,09-01-2023 10:11,1
7676,2,120,47,5640,3838,1,08-10-2023 10:08,1
7677,1,100,10,1000,3839,1,21-06-2021 13:00,1
7678,2,120,19,2280,3839,1,02-11-2023 18:09,1
7679,1,100,2,200,3840,1,13-11-2022 16:23,1
7680,2,120,37,4440,3840,1,20-05-2023 11:37,1
7681,1,100,33,3300,3841,1,13-02-2023 15:07,1
7682,2,120,44,5280,3841,1,20-11-2021 16:50,1
7683,1,100,30,3000,3842,1,08-04-2021 19:46,1
7684,2,120,41,4920,3842,1,01-07-2023 19:22,1
7685,1,100,46,4600,3843,1,19-06-2021 18:55,1
7686,2,120,9,1080,3843,1,17-09-2023 12:07,1
7687,1,100,9,900,3844,1,07-03-2019 15:41,1
7688,2,120,40,4800,3844,1,20-08-2019 18:08,1
7689,1,100,49,4900,3845,1,10-03-2023 17:43,1
7690,2,120,14,1680,3845,1,03-02-2020 19:07,1
7691,1,100,11,1100,3846,1,07-07-2019 13:42,1
7692,2,120,5,600,3846,1,29-09-2022 11:05,1
7693,1,100,18,1800,3847,1,08-10-2020 18:13,1
7694,2,120,5,600,3847,1,26-02-2020 12:01,1
7695,1,100,36,3600,3848,1,13-01-2023 16:52,1
7696,2,120,20,2400,3848,1,26-08-2020 16:19,1
7697,1,100,2,200,3849,1,22-08-2019 15:38,1
7698,2,120,2,240,3849,1,08-06-2023 10:57,1
7699,1,100,26,2600,3850,1,14-06-2020 19:42,1
7700,2,120,31,3720,3850,1,03-10-2023 17:03,1
7701,1,100,34,3400,3851,1,03-02-2022 12:38,1
7702,2,120,5,600,3851,1,02-03-2023 19:22,1
7703,1,100,3,300,3852,1,10-10-2020 19:58,1
7704,2,120,47,5640,3852,1,14-02-2022 17:08,1
7705,1,100,40,4000,3853,1,01-11-2022 16:17,1
7706,2,120,33,3960,3853,1,23-08-2020 17:25,1
7707,1,100,35,3500,3854,1,17-03-2020 17:59,1
7708,2,120,11,1320,3854,1,31-10-2022 13:55,1
7709,1,100,17,1700,3855,1,06-01-2020 16:18,1
7710,2,120,44,5280,3855,1,21-09-2023 18:37,1
7711,1,100,35,3500,3856,1,20-02-2020 16:52,1
7712,2,120,8,960,3856,1,28-04-2020 10:05,1
7713,1,100,37,3700,3857,1,07-04-2020 13:30,1
7714,2,120,6,720,3857,1,21-10-2020 16:36,1
7715,1,100,31,3100,3858,1,12-05-2019 19:34,1
7716,2,120,30,3600,3858,1,26-03-2023 11:48,1
7717,1,100,31,3100,3859,1,15-09-2023 11:05,1
7718,2,120,5,600,3859,1,08-09-2022 12:14,1
7719,1,100,29,2900,3860,1,03-12-2019 16:31,1
7720,2,120,16,1920,3860,1,24-04-2019 16:23,1
7721,1,100,45,4500,3861,1,11-07-2023 12:59,1
7722,2,120,44,5280,3861,1,29-07-2022 11:22,1
7723,1,100,2,200,3862,1,23-08-2020 14:58,1
7724,2,120,24,2880,3862,1,22-12-2021 10:36,1
7725,1,100,39,3900,3863,1,07-11-2021 10:48,1
7726,2,120,23,2760,3863,1,07-12-2020 10:25,1
7727,1,100,50,5000,3864,1,19-09-2022 14:43,1
7728,2,120,11,1320,3864,1,25-11-2021 10:18,1
7729,1,100,16,1600,3865,1,26-10-2019 19:33,1
7730,2,120,33,3960,3865,1,07-01-2022 13:00,1
7731,1,100,50,5000,3866,1,30-09-2023 13:18,1
7732,2,120,21,2520,3866,1,13-03-2019 12:46,1
7733,1,100,45,4500,3867,1,07-06-2021 12:58,1
7734,2,120,9,1080,3867,1,18-03-2021 15:58,1
7735,1,100,25,2500,3868,1,13-11-2023 12:18,1
7736,2,120,17,2040,3868,1,10-09-2023 10:07,1
7737,1,100,39,3900,3869,1,25-08-2023 14:32,1
7738,2,120,11,1320,3869,1,30-09-2020 14:18,1
7739,1,100,35,3500,3870,1,19-11-2020 15:23,1
7740,2,120,18,2160,3870,1,10-07-2022 13:21,1
7741,1,100,7,700,3871,1,19-12-2023 18:08,1
7742,2,120,38,4560,3871,1,19-01-2021 18:45,1
7743,1,100,48,4800,3872,1,24-07-2021 15:48,1
7744,2,120,47,5640,3872,1,19-06-2023 19:39,1
7745,1,100,12,1200,3873,1,29-09-2022 14:37,1
7746,2,120,31,3720,3873,1,19-10-2022 12:19,1
7747,1,100,44,4400,3874,1,09-05-2021 11:09,1
7748,2,120,38,4560,3874,1,28-03-2023 10:16,1
7749,1,100,49,4900,3875,1,12-10-2023 16:07,1
7750,2,120,12,1440,3875,1,04-03-2021 19:24,1
7751,1,100,22,2200,3876,1,25-11-2023 15:51,1
7752,2,120,48,5760,3876,1,27-03-2023 14:25,1
7753,1,100,7,700,3877,1,18-02-2019 13:42,1
7754,2,120,7,840,3877,1,06-08-2021 16:42,1
7755,1,100,16,1600,3878,1,07-11-2019 18:54,1
7756,2,120,33,3960,3878,1,11-03-2019 15:53,1
7757,1,100,5,500,3879,1,30-08-2023 12:00,1
7758,2,120,36,4320,3879,1,15-05-2020 10:23,1
7759,1,100,41,4100,3880,1,01-04-2020 13:43,1
7760,2,120,22,2640,3880,1,23-04-2020 14:08,1
7761,1,100,48,4800,3881,1,28-05-2021 12:57,1
7762,2,120,10,1200,3881,1,01-08-2023 15:32,1
7763,1,100,41,4100,3882,1,15-12-2019 11:03,1
7764,2,120,4,480,3882,1,13-09-2022 10:45,1
7765,1,100,46,4600,3883,1,29-11-2021 15:15,1
7766,2,120,4,480,3883,1,19-06-2019 19:08,1
7767,1,100,14,1400,3884,1,25-12-2023 13:49,1
7768,2,120,30,3600,3884,1,22-06-2022 17:34,1
7769,1,100,8,800,3885,1,07-07-2023 12:44,1
7770,2,120,12,1440,3885,1,19-03-2019 14:31,1
7771,1,100,3,300,3886,1,28-10-2020 16:20,1
7772,2,120,12,1440,3886,1,07-04-2019 17:20,1
7773,1,100,27,2700,3887,1,25-12-2023 14:55,1
7774,2,120,31,3720,3887,1,25-08-2021 13:52,1
7775,1,100,14,1400,3888,1,18-02-2020 13:10,1
7776,2,120,3,360,3888,1,10-10-2021 14:25,1
7777,1,100,28,2800,3889,1,01-07-2020 16:04,1
7778,2,120,12,1440,3889,1,03-05-2022 15:55,1
7779,1,100,25,2500,3890,1,23-08-2021 18:03,1
7780,2,120,13,1560,3890,1,27-11-2023 18:41,1
7781,1,100,12,1200,3891,1,11-04-2019 19:27,1
7782,2,120,13,1560,3891,1,06-11-2019 13:39,1
7783,1,100,29,2900,3892,1,18-05-2019 10:33,1
7784,2,120,19,2280,3892,1,05-10-2022 17:22,1
7785,1,100,35,3500,3893,1,05-10-2021 12:44,1
7786,2,120,45,5400,3893,1,21-03-2023 19:10,1
7787,1,100,40,4000,3894,1,23-04-2019 18:28,1
7788,2,120,47,5640,3894,1,18-09-2019 17:46,1
7789,1,100,41,4100,3895,1,04-01-2021 17:53,1
7790,2,120,7,840,3895,1,11-09-2020 15:36,1
7791,1,100,22,2200,3896,1,26-02-2019 15:30,1
7792,2,120,44,5280,3896,1,18-08-2020 14:22,1
7793,1,100,25,2500,3897,1,20-03-2021 12:53,1
7794,2,120,38,4560,3897,1,04-12-2019 19:19,1
7795,1,100,6,600,3898,1,03-01-2020 11:27,1
7796,2,120,43,5160,3898,1,24-11-2020 17:26,1
7797,1,100,37,3700,3899,1,18-09-2019 13:36,1
7798,2,120,5,600,3899,1,12-03-2019 16:28,1
7799,1,100,44,4400,3900,1,04-03-2020 17:37,1
7800,2,120,42,5040,3900,1,03-04-2023 19:18,1
7801,1,100,16,1600,3901,1,20-02-2019 15:40,1
7802,2,120,43,5160,3901,1,11-05-2019 19:36,1
7803,1,100,48,4800,3902,1,05-02-2020 11:51,1
7804,2,120,29,3480,3902,1,01-12-2019 18:28,1
7805,1,100,12,1200,3903,1,03-08-2023 11:10,1
7806,2,120,6,720,3903,1,22-06-2022 11:24,1
7807,1,100,49,4900,3904,1,24-11-2022 11:34,1
7808,2,120,49,5880,3904,1,08-11-2020 17:16,1
7809,1,100,7,700,3905,1,22-07-2022 17:17,1
7810,2,120,27,3240,3905,1,02-11-2020 15:15,1
7811,1,100,32,3200,3906,1,30-05-2022 13:10,1
7812,2,120,11,1320,3906,1,15-10-2020 19:53,1
7813,1,100,26,2600,3907,1,26-07-2019 15:55,1
7814,2,120,43,5160,3907,1,26-02-2020 16:16,1
7815,1,100,17,1700,3908,1,05-07-2022 15:47,1
7816,2,120,12,1440,3908,1,19-10-2022 19:53,1
7817,1,100,9,900,3909,1,06-10-2022 10:34,1
7818,2,120,30,3600,3909,1,28-09-2020 12:38,1
7819,1,100,46,4600,3910,1,23-11-2021 13:52,1
7820,2,120,39,4680,3910,1,26-04-2021 11:29,1
7821,1,100,13,1300,3911,1,28-03-2021 16:20,1
7822,2,120,42,5040,3911,1,21-08-2022 14:17,1
7823,1,100,43,4300,3912,1,23-09-2020 15:02,1
7824,2,120,21,2520,3912,1,21-12-2020 15:11,1
7825,1,100,13,1300,3913,1,28-06-2021 18:47,1
7826,2,120,23,2760,3913,1,02-04-2021 10:03,1
7827,1,100,22,2200,3914,1,25-10-2023 16:36,1
7828,2,120,44,5280,3914,1,29-12-2022 19:34,1
7829,1,100,37,3700,3915,1,24-01-2022 19:49,1
7830,2,120,39,4680,3915,1,15-04-2021 11:42,1
7831,1,100,43,4300,3916,1,04-02-2023 11:38,1
7832,2,120,12,1440,3916,1,31-10-2023 14:06,1
7833,1,100,32,3200,3917,1,29-11-2019 12:24,1
7834,2,120,9,1080,3917,1,02-06-2019 15:36,1
7835,1,100,39,3900,3918,1,04-11-2020 17:15,1
7836,2,120,13,1560,3918,1,02-10-2021 13:58,1
7837,1,100,25,2500,3919,1,29-04-2023 19:16,1
7838,2,120,1,120,3919,1,10-12-2019 12:42,1
7839,1,100,18,1800,3920,1,25-07-2020 15:19,1
7840,2,120,50,6000,3920,1,13-05-2021 11:08,1
7841,1,100,40,4000,3921,1,20-10-2023 14:05,1
7842,2,120,30,3600,3921,1,19-06-2022 19:00,1
7843,1,100,7,700,3922,1,03-03-2023 13:28,1
7844,2,120,26,3120,3922,1,27-10-2022 11:03,1
7845,1,100,42,4200,3923,1,06-11-2019 10:20,1
7846,2,120,3,360,3923,1,13-07-2019 14:30,1
7847,1,100,40,4000,3924,1,04-03-2021 18:43,1
7848,2,120,21,2520,3924,1,26-10-2019 11:24,1
7849,1,100,28,2800,3925,1,11-12-2021 18:38,1
7850,2,120,5,600,3925,1,20-08-2022 16:36,1
7851,1,100,34,3400,3926,1,16-01-2019 19:52,1
7852,2,120,3,360,3926,1,14-01-2023 19:50,1
7853,1,100,13,1300,3927,1,21-12-2022 14:26,1
7854,2,120,47,5640,3927,1,25-10-2020 16:53,1
7855,1,100,48,4800,3928,1,25-02-2021 11:03,1
7856,2,120,17,2040,3928,1,25-03-2023 14:25,1
7857,1,100,49,4900,3929,1,03-09-2022 10:50,1
7858,2,120,2,240,3929,1,02-11-2022 17:18,1
7859,1,100,7,700,3930,1,31-03-2023 14:29,1
7860,2,120,21,2520,3930,1,23-10-2023 18:45,1
7861,1,100,38,3800,3931,1,09-10-2021 15:26,1
7862,2,120,39,4680,3931,1,01-04-2023 11:49,1
7863,1,100,33,3300,3932,1,23-02-2019 14:23,1
7864,2,120,45,5400,3932,1,29-09-2022 19:59,1
7865,1,100,19,1900,3933,1,28-11-2021 14:45,1
7866,2,120,8,960,3933,1,06-07-2023 18:47,1
7867,1,100,46,4600,3934,1,20-06-2019 10:58,1
7868,2,120,30,3600,3934,1,21-02-2021 19:31,1
7869,1,100,47,4700,3935,1,11-09-2022 11:58,1
7870,2,120,44,5280,3935,1,28-06-2020 14:07,1
7871,1,100,15,1500,3936,1,08-07-2019 12:33,1
7872,2,120,22,2640,3936,1,25-05-2022 13:49,1
7873,1,100,25,2500,3937,1,13-06-2022 16:06,1
7874,2,120,25,3000,3937,1,09-02-2019 18:09,1
7875,1,100,33,3300,3938,1,23-04-2023 13:08,1
7876,2,120,25,3000,3938,1,24-11-2020 10:46,1
7877,1,100,40,4000,3939,1,14-09-2021 11:00,1
7878,2,120,3,360,3939,1,05-08-2021 18:32,1
7879,1,100,18,1800,3940,1,15-04-2019 10:53,1
7880,2,120,45,5400,3940,1,14-10-2023 15:03,1
7881,1,100,1,100,3941,1,10-08-2021 15:51,1
7882,2,120,29,3480,3941,1,03-10-2023 17:42,1
7883,1,100,43,4300,3942,1,02-05-2019 14:23,1
7884,2,120,39,4680,3942,1,08-09-2022 11:42,1
7885,1,100,21,2100,3943,1,14-05-2023 19:05,1
7886,2,120,44,5280,3943,1,04-01-2022 14:46,1
7887,1,100,46,4600,3944,1,11-09-2022 18:04,1
7888,2,120,45,5400,3944,1,30-06-2019 12:34,1
7889,1,100,38,3800,3945,1,12-01-2020 17:31,1
7890,2,120,33,3960,3945,1,04-10-2019 10:31,1
7891,1,100,33,3300,3946,1,02-06-2022 19:09,1
7892,2,120,30,3600,3946,1,16-07-2023 12:12,1
7893,1,100,25,2500,3947,1,17-08-2022 17:29,1
7894,2,120,26,3120,3947,1,28-07-2019 12:15,1
7895,1,100,50,5000,3948,1,16-03-2020 11:02,1
7896,2,120,13,1560,3948,1,15-10-2021 16:47,1
7897,1,100,36,3600,3949,1,15-10-2021 10:22,1
7898,2,120,4,480,3949,1,15-12-2023 12:16,1
7899,1,100,6,600,3950,1,08-07-2021 14:03,1
7900,2,120,6,720,3950,1,30-06-2021 10:36,1
7901,1,100,31,3100,3951,1,29-04-2022 15:11,1
7902,2,120,20,2400,3951,1,02-07-2022 18:37,1
7903,1,100,38,3800,3952,1,27-12-2020 11:05,1
7904,2,120,16,1920,3952,1,19-02-2021 13:13,1
7905,1,100,41,4100,3953,1,28-06-2019 12:15,1
7906,2,120,24,2880,3953,1,06-08-2023 16:16,1
7907,1,100,10,1000,3954,1,09-08-2021 12:00,1
7908,2,120,11,1320,3954,1,25-10-2022 19:27,1
7909,1,100,39,3900,3955,1,22-05-2022 19:28,1
7910,2,120,5,600,3955,1,18-09-2019 16:04,1
7911,1,100,5,500,3956,1,30-06-2023 17:17,1
7912,2,120,12,1440,3956,1,15-08-2020 16:36,1
7913,1,100,18,1800,3957,1,28-04-2021 11:14,1
7914,2,120,16,1920,3957,1,24-08-2023 13:10,1
7915,1,100,37,3700,3958,1,25-04-2020 12:26,1
7916,2,120,28,3360,3958,1,10-07-2021 17:01,1
7917,1,100,50,5000,3959,1,30-09-2023 17:26,1
7918,2,120,4,480,3959,1,15-03-2023 11:57,1
7919,1,100,37,3700,3960,1,04-09-2023 15:32,1
7920,2,120,14,1680,3960,1,12-05-2020 14:27,1
7921,1,100,48,4800,3961,1,24-02-2022 13:15,1
7922,2,120,42,5040,3961,1,24-07-2021 19:09,1
7923,1,100,8,800,3962,1,05-01-2023 12:29,1
7924,2,120,33,3960,3962,1,04-09-2019 10:59,1
7925,1,100,44,4400,3963,1,15-02-2022 17:04,1
7926,2,120,33,3960,3963,1,05-05-2021 15:11,1
7927,1,100,7,700,3964,1,25-02-2020 11:41,1
7928,2,120,50,6000,3964,1,25-05-2022 10:33,1
7929,1,100,11,1100,3965,1,17-12-2019 14:58,1
7930,2,120,28,3360,3965,1,11-07-2019 15:08,1
7931,1,100,25,2500,3966,1,28-02-2019 15:05,1
7932,2,120,38,4560,3966,1,07-09-2019 16:08,1
7933,1,100,1,100,3967,1,15-01-2022 13:11,1
7934,2,120,2,240,3967,1,01-10-2020 15:51,1
7935,1,100,10,1000,3968,1,09-09-2021 12:58,1
7936,2,120,32,3840,3968,1,03-03-2022 16:20,1
7937,1,100,27,2700,3969,1,07-10-2023 14:52,1
7938,2,120,11,1320,3969,1,22-04-2019 18:36,1
7939,1,100,37,3700,3970,1,09-10-2020 12:55,1
7940,2,120,36,4320,3970,1,28-07-2022 12:18,1
7941,1,100,37,3700,3971,1,19-03-2021 18:05,1
7942,2,120,34,4080,3971,1,07-03-2020 18:58,1
7943,1,100,10,1000,3972,1,15-04-2019 15:55,1
7944,2,120,36,4320,3972,1,03-10-2022 14:39,1
7945,1,100,7,700,3973,1,30-10-2020 18:41,1
7946,2,120,45,5400,3973,1,16-02-2022 15:49,1
7947,1,100,7,700,3974,1,05-05-2020 18:35,1
7948,2,120,37,4440,3974,1,27-02-2019 15:36,1
7949,1,100,26,2600,3975,1,18-10-2019 17:37,1
7950,2,120,10,1200,3975,1,26-04-2019 15:21,1
7951,1,100,34,3400,3976,1,07-06-2020 11:49,1
7952,2,120,23,2760,3976,1,20-12-2020 17:40,1
7953,1,100,24,2400,3977,1,11-06-2022 17:29,1
7954,2,120,39,4680,3977,1,28-05-2020 16:42,1
7955,1,100,11,1100,3978,1,02-03-2023 13:35,1
7956,2,120,49,5880,3978,1,27-03-2021 12:30,1
7957,1,100,26,2600,3979,1,20-12-2020 13:24,1
7958,2,120,17,2040,3979,1,03-04-2020 15:38,1
7959,1,100,12,1200,3980,1,08-10-2021 10:17,1
7960,2,120,22,2640,3980,1,29-01-2020 14:33,1
7961,1,100,19,1900,3981,1,01-04-2023 16:32,1
7962,2,120,12,1440,3981,1,14-01-2019 14:15,1
7963,1,100,33,3300,3982,1,18-06-2019 13:50,1
7964,2,120,12,1440,3982,1,30-07-2023 10:43,1
7965,1,100,26,2600,3983,1,13-09-2020 13:06,1
7966,2,120,22,2640,3983,1,25-08-2022 18:39,1
7967,1,100,42,4200,3984,1,16-10-2023 14:21,1
7968,2,120,38,4560,3984,1,28-03-2019 17:42,1
7969,1,100,44,4400,3985,1,16-12-2023 18:52,1
7970,2,120,42,5040,3985,1,04-05-2019 15:25,1
7971,1,100,17,1700,3986,1,29-12-2020 17:26,1
7972,2,120,39,4680,3986,1,30-10-2021 18:01,1
7973,1,100,40,4000,3987,1,20-09-2023 11:36,1
7974,2,120,40,4800,3987,1,24-07-2020 15:19,1
7975,1,100,25,2500,3988,1,01-08-2019 15:33,1
7976,2,120,49,5880,3988,1,12-12-2021 15:50,1
7977,1,100,26,2600,3989,1,11-12-2019 12:55,1
7978,2,120,10,1200,3989,1,14-03-2022 13:55,1
7979,1,100,50,5000,3990,1,23-02-2020 19:00,1
7980,2,120,13,1560,3990,1,05-01-2022 16:28,1
7981,1,100,11,1100,3991,1,09-02-2022 19:18,1
7982,2,120,3,360,3991,1,24-07-2021 11:44,1
7983,1,100,10,1000,3992,1,25-03-2022 14:56,1
7984,2,120,12,1440,3992,1,30-12-2019 11:06,1
7985,1,100,2,200,3993,1,13-02-2022 15:47,1
7986,2,120,24,2880,3993,1,30-06-2022 12:41,1
7987,1,100,39,3900,3994,1,22-08-2020 14:34,1
7988,2,120,46,5520,3994,1,07-11-2019 15:22,1
7989,1,100,9,900,3995,1,13-06-2022 13:56,1
7990,2,120,24,2880,3995,1,31-12-2022 11:27,1
7991,1,100,23,2300,3996,1,26-01-2022 13:29,1
7992,2,120,16,1920,3996,1,13-08-2022 18:21,1
7993,1,100,5,500,3997,1,27-05-2020 13:27,1
7994,2,120,29,3480,3997,1,03-04-2022 11:51,1
7995,1,100,15,1500,3998,1,17-03-2023 19:47,1
7996,2,120,6,720,3998,1,29-03-2023 16:54,1
7997,1,100,8,800,3999,1,07-08-2022 12:30,1
7998,2,120,21,2520,3999,1,16-02-2020 15:45,1
7999,1,100,45,4500,4000,1,17-11-2022 19:10,1
8000,2,120,20,2400,4000,1,11-05-2023 18:13,1
